fecha,A,AA,AAC,AACG,AACI,AACQ,AACT,AADI,AAGR,AAIC,AAL,AAM,AAMC,AAME,AAN,AAOI,AAON,AAP,AAPL,AAQC,GME,AMC,TSLA,NOK,NVDA,TWTR,SNDL,PLTR,BBBY,HOOD,BB,MSFT,NAKD,AMD,CLOV,SPCE,NIO,TLRY,WISH
2020-01-01,0,0,0,0,0,0,0,0,0,0,1,0,0,0,0,0,0,0,111,0,8,0,86,16,11,15,0,0,1,0,0,49,0,48,0,7,26,1,0
2020-01-02,0,0,0,1,0,0,0,0,0,0,1,0,0,0,0,0,0,0,410,0,27,1,251,24,34,45,0,0,8,0,0,137,0,549,0,9,62,1,0
2020-01-03,0,0,0,1,0,0,0,0,0,0,9,0,0,0,0,0,0,0,387,0,5,0,444,5,12,125,0,0,4,0,1,104,0,456,0,6,28,5,0
2020-01-04,0,0,0,1,0,0,0,0,0,0,3,0,0,0,0,0,0,0,125,0,3,0,224,1,20,47,0,0,2,0,3,34,0,106,0,5,4,1,0
2020-01-05,0,0,0,1,0,0,0,0,0,0,2,0,0,0,0,0,0,0,102,0,4,0,94,3,14,56,0,0,3,0,5,31,0,141,0,4,6,0,0
2020-01-06,1,0,0,0,0,0,0,0,0,0,0,0,0,0,0,0,0,0,259,0,4,3,185,7,29,42,0,0,9,0,2,87,0,542,0,10,18,4,0
2020-01-07,0,0,0,0,0,0,0,0,0,0,2,0,0,0,0,0,0,1,306,0,1,2,610,17,55,143,0,0,11,0,2,112,0,556,0,12,23,4,0
2020-01-08,0,1,0,1,0,0,0,0,0,0,2,0,0,0,0,0,0,1,304,0,15,1,1124,15,15,277,0,0,103,0,1,101,0,442,0,6,18,2,0
2020-01-09,0,1,0,1,0,0,0,0,0,0,1,0,0,0,0,0,0,0,416,0,11,7,1255,28,28,75,0,0,56,0,3,122,0,439,0,20,8,3,0
2020-01-10,0,0,0,0,0,0,0,0,0,0,3,0,0,0,0,0,0,0,326,0,7,2,591,6,36,63,0,0,23,0,2,114,0,326,0,38,5,2,0
2020-01-11,0,0,0,0,0,0,0,0,0,0,0,0,0,0,0,0,0,0,157,0,1,6,242,3,6,21,0,0,4,0,1,50,0,77,0,20,4,6,0
2020-01-12,0,1,0,0,0,0,0,0,0,0,0,0,0,0,0,1,0,0,102,0,4,0,172,3,11,25,0,0,3,0,0,33,0,78,0,11,2,1,0
2020-01-13,0,0,0,0,0,0,0,0,0,0,1,0,0,0,0,0,0,1,368,0,16,1,1184,7,38,63,0,0,1,0,1,85,0,255,0,77,23,11,0
2020-01-14,0,2,0,2,0,0,0,0,0,0,1,0,0,0,0,0,0,0,496,0,22,3,1218,11,24,55,0,0,3,0,1,115,0,214,0,84,7,42,0
2020-01-15,0,2,0,1,0,0,0,0,0,0,4,0,0,0,0,1,0,0,478,0,16,3,717,10,25,46,0,0,5,0,4,88,0,194,0,246,99,44,0
2020-01-16,0,3,0,1,0,0,0,0,0,0,0,0,0,0,0,0,0,0,387,0,3,4,978,14,25,71,0,0,1,0,5,142,1,247,0,239,48,23,0
2020-01-17,0,1,0,0,0,0,0,0,0,0,6,0,0,0,0,0,0,0,309,0,6,1,591,16,24,68,0,0,6,0,4,248,0,227,0,136,33,7,0
2020-01-18,0,0,0,1,0,0,0,0,0,0,3,0,0,0,0,0,0,0,108,0,4,0,194,5,9,21,1,0,1,0,1,104,0,81,0,47,17,2,0
2020-01-19,0,0,0,1,0,0,0,0,0,0,0,0,0,0,0,0,0,0,125,0,4,1,138,6,14,22,0,0,1,0,0,50,1,99,0,41,10,3,0
2020-01-20,2,0,0,1,0,0,0,0,0,0,0,0,0,0,0,0,0,0,117,0,3,1,232,4,8,28,0,0,0,0,1,106,0,99,0,46,23,2,0
2020-01-21,0,0,0,2,0,0,0,0,0,0,4,0,0,0,0,0,0,0,191,0,8,2,685,3,17,37,2,0,3,0,1,177,0,159,0,302,58,11,0
2020-01-22,0,0,0,0,0,0,0,0,0,0,4,0,0,0,0,0,0,0,219,0,3,2,1424,2,26,54,0,0,0,0,1,273,1,140,0,788,114,10,0
2020-01-23,0,0,0,1,0,0,0,0,0,0,16,0,0,0,0,0,0,0,180,0,7,7,813,7,24,69,0,0,2,0,3,210,0,179,0,764,66,6,0
2020-01-24,0,1,0,1,0,0,0,0,0,0,10,0,0,0,0,0,0,0,256,0,33,0,642,2,29,108,0,0,2,0,1,244,0,216,0,615,34,5,0
2020-01-25,0,0,0,0,0,0,0,0,0,0,3,0,0,0,0,0,0,0,172,0,8,0,249,4,5,63,0,0,1,0,0,82,0,66,0,138,6,6,0
2020-01-26,0,1,0,2,0,0,0,0,0,0,6,0,0,0,0,0,0,0,136,0,2,0,254,4,3,94,0,0,3,0,1,105,0,38,0,70,32,1,0
2020-01-27,0,0,0,0,0,0,0,0,0,0,15,0,0,0,0,0,0,0,345,0,6,3,375,7,18,88,0,0,0,0,0,257,0,137,0,368,32,4,0
2020-01-28,0,0,0,2,0,0,0,0,0,0,12,0,0,0,0,0,0,0,1217,0,22,3,396,12,28,125,0,0,1,0,1,292,0,563,0,269,33,3,0
2020-01-29,0,0,0,0,0,0,0,0,0,0,6,0,0,0,0,0,0,0,629,0,5,5,1394,16,26,91,1,0,0,0,0,801,0,536,0,203,15,6,0
2020-01-30,0,1,0,0,0,0,0,0,0,0,5,0,0,0,0,0,0,1,381,0,0,1,1552,9,20,101,1,0,0,0,9,601,0,279,0,196,16,3,0
2020-01-31,0,0,0,0,0,0,0,0,0,0,13,0,0,0,0,1,0,0,320,0,8,0,701,7,29,109,0,0,1,0,4,191,0,134,0,138,18,5,0
2020-02-01,0,1,0,2,0,0,0,0,0,0,1,0,0,0,0,0,0,0,230,0,14,1,292,8,9,104,0,0,0,0,6,93,0,53,0,38,2,0,0
2020-02-02,0,1,0,0,0,0,0,0,0,0,3,0,0,0,0,0,0,0,142,0,1,0,248,12,8,99,0,0,0,0,2,61,0,39,0,32,4,5,0
2020-02-03,0,1,0,0,0,0,0,0,0,0,7,0,0,0,0,0,0,0,430,0,5,2,2808,13,18,85,0,0,1,0,4,161,0,100,0,174,17,15,0
2020-02-04,0,0,0,1,0,0,0,0,0,0,6,0,0,0,0,2,0,0,347,0,4,3,5906,16,35,109,0,0,1,0,6,433,0,118,0,291,29,35,0
2020-02-05,0,0,0,3,0,0,0,0,0,0,3,0,0,0,0,0,0,0,197,0,15,3,4375,19,42,149,0,0,1,0,2,1392,0,145,0,373,24,20,0
2020-02-06,0,0,0,2,0,0,0,0,0,0,1,0,0,0,0,0,0,0,270,0,10,2,2402,53,48,370,0,0,1,0,4,1121,0,170,0,172,17,11,0
2020-02-07,0,0,0,1,0,0,0,0,0,0,1,0,0,0,0,0,0,0,301,0,7,0,1308,182,44,339,0,0,1,0,1,1089,0,140,0,131,26,2,0
2020-02-08,0,0,0,0,0,0,0,0,0,0,2,0,0,0,0,0,0,0,195,0,2,0,621,59,45,77,0,0,1,0,1,540,0,61,0,61,6,2,0
2020-02-09,0,0,0,1,0,0,0,0,0,0,2,0,0,0,0,0,0,0,186,0,6,2,530,57,23,105,0,0,0,0,1,419,0,59,0,98,8,2,0
2020-02-10,0,0,0,1,0,0,0,0,0,0,2,0,0,0,0,0,0,0,398,0,7,3,1244,132,93,194,0,0,1,0,2,1529,0,199,0,444,18,3,0
2020-02-11,1,0,0,1,0,0,0,0,0,0,11,0,0,0,0,0,0,0,310,0,3,4,891,105,150,83,0,0,29,0,4,2944,0,259,0,728,9,3,0
2020-02-12,0,0,0,0,0,0,0,0,0,0,7,0,0,0,0,0,0,0,253,0,7,4,815,45,118,110,0,0,85,0,2,2308,0,186,0,1229,12,1,0
2020-02-13,0,0,0,1,0,0,0,0,0,0,2,0,0,0,0,0,0,0,209,0,7,5,1204,40,351,133,0,0,33,0,0,1971,0,185,0,744,8,0,0
2020-02-14,1,0,0,0,0,0,0,0,0,0,5,0,0,0,0,0,0,1,153,0,8,4,836,35,231,82,0,0,25,0,0,1205,0,195,0,1690,19,11,0
2020-02-15,1,0,0,0,0,0,0,0,0,0,2,0,0,0,0,0,0,1,86,0,8,1,284,38,51,24,0,0,7,0,2,288,0,44,0,526,5,8,0
2020-02-16,1,1,0,0,0,0,0,0,0,0,1,0,0,0,0,0,0,0,93,0,1,1,296,47,34,39,0,0,4,0,0,207,0,71,0,434,3,5,0
2020-02-17,0,0,0,1,0,0,0,0,0,0,0,0,0,0,0,0,0,0,448,0,2,5,276,37,50,35,0,0,6,0,2,328,0,170,0,606,2,7,0
2020-02-18,5,0,0,0,0,0,0,0,0,0,8,0,0,0,0,0,0,0,801,0,32,7,847,38,106,78,0,0,13,0,14,773,0,636,0,2648,7,17,0
2020-02-19,0,1,0,1,0,0,0,0,0,0,4,0,0,0,0,0,0,0,414,0,5,5,1386,71,295,84,0,0,27,0,13,878,0,991,0,1768,14,21,0
2020-02-20,1,0,0,0,0,0,0,0,0,0,6,0,0,0,0,0,0,0,247,0,16,19,1057,42,247,74,0,0,24,0,4,853,0,1021,0,2066,58,36,0
2020-02-21,2,0,0,1,0,0,0,0,0,0,1,0,0,0,0,0,0,1,251,0,7,19,667,32,163,93,0,0,14,0,4,834,0,809,0,677,15,11,0
2020-02-22,0,1,0,0,0,0,0,0,0,0,2,0,0,0,0,0,0,0,142,0,23,7,330,9,64,62,0,0,1,0,3,230,0,326,0,207,5,2,0
2020-02-23,0,0,0,0,0,0,0,0,0,0,4,0,0,0,1,0,0,0,112,0,4,13,243,6,34,48,0,0,0,0,1,120,0,152,0,173,1,5,0
2020-02-24,0,0,0,0,0,0,0,0,0,0,5,0,0,0,1,0,0,0,400,0,9,10,481,16,88,114,0,0,3,0,5,645,0,535,0,629,13,4,0
2020-02-25,1,0,0,1,0,0,0,0,0,0,38,0,0,0,0,0,0,0,326,0,20,19,580,10,106,116,0,0,1,0,4,462,0,365,0,1053,114,5,0
2020-02-26,0,0,0,2,0,0,0,0,0,0,95,0,0,0,0,0,0,0,312,0,14,10,441,105,83,139,0,0,0,0,4,576,0,296,0,761,29,2,0
2020-02-27,0,0,0,2,0,0,0,0,0,0,265,0,0,0,0,0,0,1,355,0,7,35,933,28,58,191,0,0,13,0,4,598,0,320,0,738,15,2,0
2020-02-28,0,0,0,4,0,0,0,0,0,0,174,0,0,0,0,0,0,0,453,0,10,16,896,13,130,189,0,0,13,0,2,621,0,372,0,659,18,6,0
2020-02-29,0,1,0,0,0,0,0,0,0,0,72,0,0,0,0,0,0,0,248,0,15,2,256,1,32,175,0,0,1,0,1,173,0,86,0,137,5,2,0
2020-03-01,0,0,0,0,0,0,0,0,0,0,72,0,0,0,0,0,0,1,178,0,3,3,246,12,30,182,0,0,5,0,1,172,0,86,0,112,7,3,0
2020-03-02,0,0,0,2,0,0,0,0,0,0,109,0,0,0,0,0,0,0,447,0,9,4,434,11,52,349,0,0,5,0,2,295,0,165,0,195,5,16,0
2020-03-03,0,1,0,0,0,0,0,0,0,0,136,0,0,0,0,0,0,0,358,0,6,5,539,12,16,225,0,0,3,0,6,268,0,144,0,203,10,6,0
2020-03-04,0,0,0,0,0,0,0,0,0,0,109,0,0,0,0,0,0,1,254,0,9,5,838,10,41,161,0,0,3,0,8,178,0,192,0,207,10,7,0
2020-03-05,0,1,0,2,0,0,0,0,0,0,193,0,0,0,0,0,0,0,213,0,10,14,426,29,33,157,0,0,0,0,0,219,0,291,0,217,10,6,0
2020-03-06,0,0,0,1,0,0,0,0,0,0,257,0,0,0,0,0,0,0,266,0,18,16,487,17,30,117,0,0,3,0,2,295,0,450,0,181,12,4,0
2020-03-07,0,0,0,1,0,0,0,0,0,0,47,0,0,0,0,0,0,0,79,0,9,13,184,5,13,108,1,0,0,0,0,145,0,56,0,81,5,5,0
2020-03-08,0,0,0,0,0,0,0,0,0,0,85,0,0,0,0,0,0,1,122,0,3,17,263,8,24,134,0,0,2,0,2,109,0,84,0,113,2,12,0
2020-03-09,0,1,0,0,0,0,0,0,0,0,134,0,0,0,0,0,0,1,291,0,22,10,629,18,46,304,0,0,2,0,2,330,0,209,0,213,15,7,0
2020-03-10,0,0,0,0,0,0,0,0,0,0,259,0,0,0,0,0,0,0,203,0,34,11,394,18,26,278,0,0,2,0,2,212,0,129,0,114,7,3,0
2020-03-11,1,1,0,4,0,0,0,0,0,0,152,0,0,0,0,0,0,0,247,0,50,12,435,17,22,214,0,0,4,0,1,206,0,329,0,174,8,11,0
2020-03-12,0,0,0,0,0,0,0,0,0,0,337,0,0,0,0,0,0,3,366,0,33,30,638,13,51,443,0,0,3,0,1,440,0,361,0,310,16,10,0
2020-03-13,1,0,0,1,0,0,0,0,0,0,164,0,0,0,0,0,0,1,360,0,41,29,572,8,30,336,0,0,0,0,5,401,0,208,0,172,11,21,0
2020-03-14,0,0,0,1,0,0,0,0,0,0,60,0,0,0,0,0,0,0,435,0,9,8,216,5,18,205,0,0,8,0,2,192,0,67,0,70,5,5,0
2020-03-15,0,0,0,1,0,0,0,0,0,0,75,0,0,0,1,0,0,0,220,0,12,7,227,3,16,283,0,0,2,0,1,151,0,97,0,64,7,5,0
2020-03-16,0,1,0,1,0,0,0,0,0,0,755,0,0,0,0,0,0,0,420,0,42,45,652,32,24,324,0,0,2,0,3,303,0,201,0,173,3,12,0
2020-03-17,0,0,0,0,0,0,0,0,0,0,428,0,0,0,0,0,0,0,314,0,40,45,773,29,37,214,0,0,2,0,4,266,0,166,0,110,18,10,0
2020-03-18,0,2,0,1,0,0,0,0,0,0,394,0,0,0,0,0,0,1,347,0,39,42,1131,18,29,258,0,0,14,0,3,298,0,227,0,166,14,13,0
2020-03-19,0,0,0,0,0,0,0,0,0,0,197,0,0,0,0,0,0,0,316,0,62,66,1368,7,37,226,1,0,5,0,7,306,0,177,0,82,5,20,0
2020-03-20,1,0,0,0,0,0,0,0,0,0,98,0,0,0,0,0,0,0,256,0,199,33,881,8,33,287,0,0,8,0,3,308,0,134,0,178,4,17,0
2020-03-21,0,0,0,3,0,0,0,0,0,0,43,0,0,0,0,0,0,0,242,0,100,15,349,9,22,119,0,0,2,0,2,175,0,74,0,53,4,8,0
2020-03-22,0,0,0,2,0,0,0,0,0,0,37,0,0,0,0,0,0,0,189,0,118,29,399,9,8,194,0,0,0,0,1,122,0,89,0,33,1,3,0
2020-03-23,0,0,0,1,0,0,0,0,0,0,72,0,0,0,0,0,0,0,300,0,126,22,656,9,25,235,0,0,10,0,0,220,0,181,0,128,5,8,0
2020-03-24,0,0,0,0,0,0,0,0,0,0,134,0,0,0,0,0,0,1,227,0,80,18,654,11,85,281,0,0,9,0,1,198,0,186,0,217,6,4,0
2020-03-25,0,1,0,0,0,0,0,0,0,0,94,0,0,0,0,0,0,0,225,0,56,13,575,8,50,274,0,0,11,0,0,157,0,135,0,101,3,11,0
2020-03-26,0,0,0,3,0,0,0,0,0,0,52,0,0,0,0,0,0,0,199,0,165,23,553,5,22,260,0,0,6,0,0,154,0,112,0,77,3,46,0
2020-03-27,0,0,0,1,0,0,0,0,0,0,49,0,0,0,0,0,0,1,229,0,142,13,379,4,27,316,0,0,6,0,0,150,0,92,0,53,0,36,0
2020-03-28,1,0,0,1,0,0,0,0,0,0,17,0,1,0,0,0,0,0,164,0,51,8,251,11,21,168,0,0,5,0,6,157,0,81,0,22,1,7,0
2020-03-29,2,2,0,2,0,0,0,0,0,0,14,0,0,0,0,0,0,0,184,0,51,9,240,16,28,190,0,0,4,0,2,263,0,115,0,58,0,10,0
2020-03-30,0,3,0,1,0,0,0,0,0,0,38,0,0,0,0,0,0,0,175,0,39,1,265,7,22,158,0,0,3,0,4,374,1,76,0,51,0,11,0
2020-03-31,0,0,0,1,0,0,0,0,0,0,18,0,0,0,0,0,1,0,142,0,30,9,381,5,28,160,0,0,10,0,8,310,1,84,0,54,6,9,0
2020-04-01,0,2,0,2,0,0,0,0,0,0,51,0,0,0,0,0,1,0,186,0,202,19,433,5,32,138,0,0,2,0,4,292,0,225,0,52,8,9,0
2020-04-02,1,0,0,0,0,0,0,0,0,0,49,0,0,0,0,0,0,0,187,0,87,21,1003,7,60,305,0,0,1,0,1,237,0,91,0,51,13,5,0
2020-04-03,1,0,0,1,0,0,0,0,0,0,113,0,0,0,0,0,0,0,157,0,69,15,785,5,35,249,0,0,6,0,9,153,0,112,0,52,13,5,0
2020-04-04,0,0,0,3,0,0,0,0,0,0,125,0,0,0,0,0,0,0,119,0,15,26,250,5,26,102,0,0,3,0,3,105,0,62,0,32,1,5,0
2020-04-05,0,1,0,1,0,0,0,0,0,0,63,0,0,0,0,0,0,0,120,0,24,30,193,9,20,164,0,0,8,0,0,157,0,73,0,27,5,7,0
2020-04-06,0,0,0,3,0,0,0,0,0,0,69,0,0,0,0,0,0,0,197,0,69,34,330,24,27,209,0,0,2,0,0,239,0,170,0,81,4,2,0
2020-04-07,0,0,0,2,0,0,0,0,0,0,69,0,0,0,0,0,0,1,167,0,20,11,299,31,45,205,0,0,3,0,4,216,0,173,0,93,3,6,0
2020-04-08,0,0,0,2,0,0,0,0,0,0,37,0,0,0,0,0,0,0,108,0,30,7,335,6,19,145,0,0,9,0,6,189,0,88,0,65,3,7,0
2020-04-09,0,0,0,2,0,0,0,0,0,0,103,0,0,0,0,0,0,0,182,0,70,18,355,7,25,379,0,0,7,0,2,217,0,105,0,75,1,8,0
2020-04-10,0,2,0,1,0,0,0,0,0,0,36,0,0,0,0,0,0,1,173,0,16,25,199,2,46,220,0,0,11,0,0,129,0,82,0,30,2,0,0
2020-04-11,0,0,0,0,0,0,0,0,0,0,34,0,0,0,0,0,0,0,125,0,20,122,128,7,25,97,0,0,8,0,0,106,0,69,0,36,3,3,0
2020-04-12,0,1,0,0,0,0,0,0,0,0,17,0,0,0,0,0,0,0,90,0,15,55,166,1,38,221,0,0,5,0,0,116,0,77,0,32,1,1,0
2020-04-13,0,2,0,2,0,0,0,0,0,0,47,0,0,0,0,0,0,0,214,0,196,144,1476,6,35,169,0,0,24,0,2,227,0,239,0,60,2,5,0
2020-04-14,0,0,0,3,0,0,0,0,0,0,69,0,0,0,0,0,0,0,335,0,471,89,2650,10,56,143,0,0,22,0,10,466,0,487,0,747,4,10,0
2020-04-15,0,1,0,2,0,0,0,0,0,0,85,0,0,0,0,0,1,1,326,0,221,57,1913,19,70,137,0,0,108,0,0,469,0,462,0,586,7,9,0
2020-04-16,1,2,0,2,0,0,0,0,0,0,70,0,0,0,1,0,0,0,441,0,89,53,1263,49,116,178,0,0,48,0,8,709,0,720,0,310,8,2,0
2020-04-17,1,3,0,4,0,0,0,0,0,0,44,0,0,0,0,0,0,1,806,0,83,183,879,37,110,276,0,0,13,0,5,518,0,491,0,157,2,14,0
2020-04-18,0,1,0,5,0,0,0,0,0,0,21,0,0,0,0,0,0,0,296,0,29,49,659,13,87,157,0,0,7,0,1,319,0,281,0,122,4,9,0
2020-04-19,0,1,0,1,0,0,0,0,0,0,28,0,0,0,0,0,0,0,274,0,59,45,2175,15,33,129,0,0,2,0,5,266,0,212,0,79,5,23,0
2020-04-20,1,0,0,1,0,0,0,0,0,0,43,0,0,0,0,0,0,1,272,0,154,60,1142,24,69,213,0,0,5,0,2,350,0,435,0,186,4,20,0
2020-04-21,0,0,0,0,0,0,0,0,0,0,35,0,0,0,0,0,0,0,278,0,67,49,1059,18,74,336,0,0,4,0,0,499,0,727,0,121,4,2,0
2020-04-22,0,3,0,1,0,0,0,0,0,0,105,0,0,0,0,0,0,1,229,0,39,31,1149,20,44,266,0,0,6,0,1,359,0,355,0,105,5,2,0
2020-04-23,0,0,0,2,0,0,0,0,0,0,69,0,0,0,0,0,0,1,472,0,58,24,867,8,50,191,0,0,5,0,0,453,0,550,0,102,5,7,0
2020-04-24,1,1,0,3,0,0,0,0,0,0,97,0,0,0,0,0,0,0,401,0,15,35,666,9,60,207,0,0,5,0,0,504,0,355,0,97,7,19,0
2020-04-25,0,0,0,3,0,0,0,0,0,0,26,0,0,0,0,0,0,0,197,0,11,5,322,11,14,161,0,0,4,0,7,336,0,135,0,32,2,12,0
2020-04-26,0,1,0,6,0,0,0,0,0,0,27,0,0,0,0,0,0,1,233,0,16,16,375,18,16,128,0,0,3,0,2,269,0,121,0,57,2,6,0
2020-04-27,1,0,0,3,0,0,0,0,0,0,63,0,0,0,1,0,0,0,340,0,105,10,1208,21,56,237,0,0,34,0,1,583,1,366,0,117,15,32,0
2020-04-28,0,0,0,0,0,0,0,0,0,0,95,0,0,0,0,0,0,0,272,0,81,61,1218,25,52,205,0,0,16,0,3,604,0,1152,0,91,1,17,0
2020-04-29,0,0,0,1,0,0,0,0,0,0,124,0,0,0,0,0,0,1,391,0,75,219,2010,28,33,381,0,0,7,0,1,1107,0,662,0,72,22,7,0
2020-04-30,0,3,0,3,0,0,0,0,0,0,93,0,0,0,0,0,0,0,1525,0,30,66,1838,25,31,465,0,0,7,0,4,826,0,305,0,44,10,9,0
2020-05-01,0,0,0,2,0,0,0,0,0,0,48,0,0,0,0,1,0,0,561,0,59,24,3003,7,41,715,0,0,2,0,1,313,1,390,0,164,4,3,0
2020-05-02,0,0,0,3,0,0,0,0,0,0,44,0,1,0,0,0,0,0,147,0,6,13,1226,3,12,232,0,0,1,0,0,137,0,76,0,45,6,2,0
2020-05-03,0,0,0,0,0,0,0,0,0,0,159,0,0,0,0,0,0,0,206,0,52,18,742,8,25,170,0,0,2,0,3,219,0,76,0,46,1,0,0
2020-05-04,0,0,0,3,0,0,0,0,0,0,259,0,0,0,0,0,0,0,219,0,30,20,1542,6,31,184,0,0,4,0,0,383,1,232,0,98,6,1,0
2020-05-05,0,0,0,2,0,0,0,0,0,0,101,0,0,0,0,0,0,0,331,0,27,17,1123,2,40,233,0,0,1,0,1,476,0,272,0,200,1,5,0
2020-05-06,0,0,0,2,0,0,0,0,0,0,66,0,0,0,0,0,0,0,256,0,16,19,717,6,33,224,0,0,2,0,2,402,0,175,0,223,9,10,0
2020-05-07,1,0,0,2,0,0,0,0,0,0,60,0,0,0,0,0,0,0,206,0,46,19,1035,10,65,229,0,0,10,0,4,390,1,259,0,196,7,9,0
2020-05-08,0,0,0,2,0,0,0,0,0,0,49,0,0,0,1,0,0,0,335,0,15,14,791,4,96,200,0,0,9,0,6,378,1,165,0,242,4,10,0
2020-05-09,0,0,0,3,0,0,0,0,0,0,33,0,0,0,0,0,0,1,167,0,5,19,723,2,42,162,0,0,3,0,0,173,1,88,0,46,4,10,0
2020-05-10,0,0,0,1,0,0,0,0,0,0,23,0,0,0,0,0,0,0,195,0,6,10,800,3,46,169,0,0,3,0,1,154,0,85,0,31,8,9,0
2020-05-11,2,0,0,2,0,0,0,0,0,0,48,0,0,0,0,0,0,0,389,0,9,462,1151,4,154,258,0,0,0,0,2,277,2,178,0,109,5,39,0
2020-05-12,1,0,0,1,0,0,0,0,0,0,49,0,0,0,0,0,0,0,448,0,8,192,1194,7,131,279,0,0,2,0,1,294,3,160,0,117,12,10,0
2020-05-13,0,0,0,4,0,0,0,0,0,0,55,0,0,0,0,0,0,0,281,0,7,164,935,9,98,231,0,0,2,0,1,260,3,140,0,95,7,14,0
2020-05-14,0,0,0,4,0,0,0,0,0,0,151,0,0,0,0,0,0,0,236,0,11,53,881,10,89,209,0,0,2,0,3,256,0,139,0,68,2,4,0
2020-05-15,0,0,0,1,0,0,0,0,0,0,63,0,0,0,0,0,0,4,456,0,12,22,713,14,291,231,0,0,11,0,2,265,3,89,0,58,5,7,0
2020-05-16,0,2,0,1,0,0,0,0,0,0,42,0,0,0,0,0,0,1,190,0,6,7,270,5,164,103,1,0,6,0,1,120,0,55,0,37,4,0,0
2020-05-17,1,0,0,0,0,0,0,0,0,0,54,0,0,0,0,0,0,2,187,0,3,5,326,9,158,155,0,0,2,0,2,223,0,82,0,32,1,6,0
2020-05-18,0,1,0,0,0,0,0,0,0,0,62,0,0,0,1,0,0,1,230,0,14,18,579,4,345,187,0,0,5,0,2,248,0,146,0,85,4,12,0
2020-05-19,0,0,0,3,0,0,0,0,0,0,38,0,0,0,0,0,0,5,195,0,5,26,417,4,269,217,0,0,1,0,2,231,0,149,0,76,6,18,0
2020-05-20,1,0,0,2,0,0,0,0,0,0,35,0,0,0,0,0,0,2,233,0,16,24,387,13,241,257,1,0,7,0,0,186,0,120,0,95,10,3,0
2020-05-21,7,0,0,1,0,0,0,0,0,0,28,0,0,0,0,0,0,0,296,0,12,11,541,16,655,233,0,0,10,0,4,211,0,152,0,71,10,94,0
2020-05-22,3,0,0,2,0,0,0,0,0,0,38,0,0,0,0,0,0,0,163,0,21,15,529,5,223,214,3,0,2,0,2,159,0,75,0,112,5,56,0
2020-05-23,0,1,0,3,0,0,0,0,0,0,39,0,0,0,0,0,0,3,143,0,11,15,313,15,82,103,1,0,1,0,3,130,0,89,0,58,4,21,0
2020-05-24,0,1,0,1,0,0,0,0,0,0,34,0,0,0,0,0,0,0,109,0,13,12,272,5,74,89,0,0,2,0,4,139,0,68,0,42,2,6,0
2020-05-25,0,0,0,1,0,0,0,0,0,0,44,0,0,0,0,0,0,0,115,0,14,6,272,6,86,112,1,0,5,0,0,144,0,77,0,84,3,10,0
2020-05-26,0,0,0,1,0,0,0,0,0,0,88,0,0,0,0,0,0,0,282,0,19,13,484,11,144,215,2,0,5,0,2,446,0,198,0,176,8,55,0
2020-05-27,0,0,0,0,0,0,0,0,0,0,91,0,1,0,0,0,0,0,206,0,22,10,905,20,197,452,3,0,8,0,2,381,0,460,0,423,32,23,0
2020-05-28,0,1,0,0,0,0,0,0,0,0,62,0,0,0,0,0,0,2,233,0,17,13,576,14,89,915,0,0,3,0,2,260,0,280,0,143,18,19,0
2020-05-29,0,2,0,3,0,0,0,0,0,0,19,0,1,0,0,0,0,1,201,0,9,6,578,35,60,1161,0,0,3,0,5,210,0,154,0,130,6,14,0
2020-05-30,1,0,0,1,0,0,0,0,0,0,12,0,0,0,0,0,0,0,91,0,11,2,554,5,25,277,0,0,1,0,3,102,1,55,0,222,6,3,0
2020-05-31,0,0,0,1,0,0,0,0,0,0,10,0,0,0,0,0,0,0,163,0,28,4,405,6,16,533,0,0,1,0,3,100,0,65,0,162,3,6,0
2020-06-01,0,1,0,0,0,0,0,0,0,0,22,0,0,0,0,0,0,0,153,0,14,8,980,38,31,320,0,0,0,0,2,199,0,97,0,200,6,10,0
2020-06-02,1,0,0,0,0,0,0,0,0,0,17,0,0,0,0,0,0,0,166,0,6,5,831,83,44,435,0,0,2,0,7,227,1,176,0,140,7,9,0
2020-06-03,1,0,0,2,0,0,0,0,0,0,64,0,0,0,0,0,0,0,184,0,10,88,662,74,37,340,0,0,3,0,1,236,3,246,0,127,66,12,0
2020-06-04,1,0,0,3,0,0,0,0,0,0,966,0,0,0,0,0,0,0,150,0,23,67,548,32,26,370,0,0,1,0,1,257,1,133,0,53,70,3,0
2020-06-05,1,1,0,1,0,0,0,0,0,0,1122,0,0,0,0,0,0,0,239,0,26,61,432,44,36,386,0,0,6,0,1,236,2,353,0,70,24,6,0
2020-06-06,0,0,0,4,0,0,0,0,0,0,189,0,0,0,0,0,0,0,116,0,23,54,203,22,10,237,0,0,1,0,0,88,0,57,0,34,2,13,0
2020-06-07,0,1,0,0,0,0,0,0,0,0,164,0,0,0,0,1,0,0,109,0,24,48,223,32,17,144,0,0,0,0,1,138,0,71,0,41,11,6,0
2020-06-08,0,0,0,4,0,0,0,0,0,0,244,0,0,0,0,0,0,0,166,0,206,97,1247,61,56,231,1,0,7,0,3,228,0,227,0,123,31,21,0
2020-06-09,1,0,0,3,0,0,0,0,0,0,215,0,0,0,0,0,0,0,508,0,779,168,1013,42,60,278,1,0,7,0,8,399,11,490,0,101,179,25,0
2020-06-10,0,1,0,0,0,0,0,0,0,0,268,0,0,0,0,0,0,0,533,0,424,127,2197,23,87,340,0,0,0,0,2,644,3,416,0,49,61,10,0
2020-06-11,1,0,0,3,0,0,0,0,0,0,275,0,0,0,0,0,0,1,494,0,75,44,1460,42,72,375,0,0,2,0,2,545,6,212,0,53,26,7,0
2020-06-12,2,0,0,0,0,0,0,0,0,0,287,0,0,0,0,0,0,0,417,0,42,19,972,13,39,420,0,0,0,0,1,236,2,119,0,34,14,5,0
2020-06-13,1,0,0,4,0,0,0,0,0,0,76,0,0,0,0,0,0,0,196,0,21,10,392,6,34,169,0,0,1,0,3,207,1,94,0,19,10,1,0
2020-06-14,0,0,0,4,0,0,0,0,0,0,129,0,0,0,0,0,0,1,186,0,11,15,328,16,33,177,0,0,2,0,2,161,0,76,0,25,9,2,0
2020-06-15,1,1,0,3,0,0,0,0,0,0,203,0,0,0,0,0,0,0,272,0,27,17,847,26,41,249,0,0,2,0,1,283,0,143,0,63,59,4,0
2020-06-16,1,0,0,3,0,0,0,0,0,0,170,0,0,0,0,0,0,0,283,0,12,11,760,53,78,340,1,0,3,0,1,481,2,175,0,68,67,5,0
2020-06-17,1,1,0,2,0,0,0,0,0,0,106,0,0,0,0,0,0,0,354,0,46,22,720,155,46,272,0,0,5,0,8,400,0,148,0,55,25,3,0
2020-06-18,0,1,0,1,0,0,0,0,0,0,68,0,0,0,1,0,0,0,312,0,34,17,725,87,46,326,1,0,4,0,6,314,0,149,0,41,44,16,0
2020-06-19,1,0,0,2,0,0,0,0,0,0,49,0,0,0,0,0,0,0,661,0,40,101,568,64,82,281,0,0,5,0,5,745,2,265,0,27,54,3,0
2020-06-20,0,0,0,1,0,0,0,0,0,0,31,0,0,0,0,0,0,1,222,0,5,12,435,33,21,196,0,0,0,0,11,178,0,52,0,16,26,1,0
2020-06-21,0,0,0,0,0,0,0,0,0,0,68,0,0,0,0,0,0,0,195,0,2,5,331,24,13,170,0,0,1,0,0,137,0,27,0,12,9,0,0
2020-06-22,0,0,0,2,0,0,0,0,0,0,133,0,0,0,0,0,0,0,822,0,19,24,387,21,71,269,0,0,3,0,8,1420,1,180,0,179,42,5,0
2020-06-23,0,0,0,1,0,0,0,0,0,0,273,0,0,0,0,0,0,0,1467,0,17,14,377,33,104,462,0,0,9,0,12,528,0,191,0,129,30,4,0
2020-06-24,0,1,0,1,0,0,0,0,0,0,139,0,0,0,0,0,0,0,767,0,12,19,514,24,71,315,0,0,2,0,11,373,1,144,0,50,14,2,0
2020-06-25,0,1,0,1,0,0,0,0,0,0,209,0,0,1,0,0,0,0,466,0,9,19,591,190,59,337,0,0,2,0,5,283,0,240,0,83,11,5,0
2020-06-26,0,0,0,2,0,0,0,0,0,0,143,0,0,0,0,0,0,0,437,0,11,16,470,105,80,477,0,0,6,0,2,435,1,306,0,58,8,10,0
2020-06-27,0,2,0,1,0,0,0,0,0,0,67,0,0,0,0,0,0,0,228,0,7,26,251,25,21,236,0,0,3,0,2,176,1,92,0,24,3,1,0
2020-06-28,0,0,0,0,0,0,0,0,0,0,65,0,0,0,0,0,0,0,171,0,2,13,265,14,55,324,0,0,3,0,2,208,1,89,0,24,3,1,0
2020-06-29,0,1,0,2,0,0,0,0,0,0,140,0,0,0,0,0,0,0,245,0,1,18,482,34,54,338,0,0,9,0,0,240,4,540,0,38,10,1,0
2020-06-30,0,0,0,1,0,0,0,0,0,0,72,0,0,0,0,1,0,0,375,0,1,19,1556,25,47,281,0,0,6,0,0,351,0,417,0,92,25,3,0
2020-07-01,1,1,0,4,0,0,0,0,0,0,98,0,0,0,0,0,0,0,543,0,7,11,2117,22,44,286,0,0,7,0,3,306,0,250,0,44,28,6,0
2020-07-02,1,0,0,1,0,0,0,0,0,0,63,0,0,0,1,1,0,2,325,0,3,5,2848,28,64,296,0,0,1,0,5,258,0,195,0,40,144,2,0
2020-07-03,0,0,0,2,0,0,0,0,0,0,24,0,0,0,2,1,0,0,220,0,6,3,1421,12,42,129,0,0,1,0,6,177,0,74,0,17,184,3,0
2020-07-04,0,0,0,2,0,0,0,0,0,0,33,0,0,0,0,0,0,0,136,0,1,6,1007,7,36,168,0,0,10,0,3,95,0,46,0,17,142,0,0
2020-07-05,0,0,0,4,0,0,0,0,0,0,26,0,0,0,0,0,0,0,102,0,1,1,763,19,26,159,0,0,20,0,2,87,0,34,0,26,86,0,0
2020-07-06,0,0,0,0,0,0,0,0,0,0,75,0,0,0,0,0,0,0,427,0,4,6,4339,78,58,197,0,0,22,0,21,308,0,185,0,75,529,15,0
2020-07-07,0,1,0,0,0,0,0,0,0,0,44,0,0,0,0,0,0,0,417,0,3,6,4137,52,129,308,0,0,20,0,5,467,0,180,0,37,631,17,0
2020-07-08,0,0,0,5,0,0,0,0,0,0,78,0,0,0,0,0,0,0,392,0,9,28,2438,58,188,658,0,0,148,0,1,446,2,231,0,32,1107,3,0
2020-07-09,0,0,0,2,0,0,0,0,0,0,87,0,0,0,0,0,0,0,570,0,6,17,1684,123,256,341,0,0,76,0,4,611,1,611,0,217,693,3,0
2020-07-10,0,0,0,3,0,0,0,0,0,0,98,0,0,0,0,0,0,1,423,0,3,6,3379,51,189,345,0,0,29,0,3,577,1,387,0,118,836,5,0
2020-07-11,1,3,0,0,0,0,0,0,0,0,27,0,0,0,0,0,0,0,299,0,3,6,2116,22,65,183,0,0,10,0,4,266,0,96,0,25,176,3,0
2020-07-12,0,0,0,2,0,0,0,0,0,0,26,0,0,0,0,0,0,0,228,0,5,5,1593,31,72,183,0,0,12,0,1,269,0,136,0,81,155,3,0
2020-07-13,1,1,0,1,0,0,0,0,0,0,59,0,0,0,0,0,0,0,1046,0,3,8,6566,31,160,263,0,0,15,0,5,834,0,254,0,208,505,13,0
2020-07-14,0,19,0,2,0,0,0,0,0,0,105,0,0,0,0,0,0,0,559,0,6,12,3201,85,105,239,0,0,11,0,4,527,1,163,0,89,221,8,0
2020-07-15,1,12,0,2,0,0,0,0,0,0,210,0,0,0,0,0,0,0,819,0,48,27,3169,68,129,1145,1,0,4,0,17,483,1,150,0,175,369,7,0
2020-07-16,0,9,0,2,0,0,0,0,0,0,115,0,0,0,0,0,0,0,710,0,24,29,2094,22,86,803,0,0,14,0,7,673,2,152,0,418,208,7,0
2020-07-17,0,1,0,1,0,0,0,0,0,0,95,0,0,0,0,0,0,2,513,0,10,2,1700,74,76,318,0,0,2,0,6,714,0,120,0,466,400,4,0
2020-07-18,0,1,0,2,0,0,0,0,0,0,28,0,0,0,0,0,0,0,235,0,4,2,859,10,46,153,0,0,4,0,2,356,0,63,0,80,140,2,0
2020-07-19,0,0,0,0,0,0,0,0,0,0,51,0,0,0,0,0,1,1,147,0,5,2,728,17,19,156,1,0,2,0,1,238,4,36,0,74,95,5,0
2020-07-20,1,1,0,0,0,0,0,0,0,0,58,0,0,0,1,0,0,0,475,0,2,6,1984,28,50,256,1,0,1,0,2,784,0,184,0,140,208,4,0
2020-07-21,0,0,0,2,0,0,0,0,0,0,65,0,0,0,0,0,0,0,600,0,8,4,2606,42,85,317,0,0,8,0,2,1082,0,272,0,212,162,6,0
2020-07-22,0,0,0,0,0,0,0,0,0,0,59,0,0,0,0,0,0,0,470,0,6,2,5502,23,77,406,0,0,4,0,2,2131,3,814,0,120,158,5,0
2020-07-23,0,0,0,2,0,0,0,0,0,0,160,0,0,0,0,0,0,1,905,0,2,9,3251,21,85,406,1,0,5,0,6,1140,1,1037,0,219,89,6,0
2020-07-24,0,0,0,2,0,0,0,0,0,0,43,0,0,0,1,0,0,0,810,0,2,11,1974,19,200,272,0,0,4,0,7,755,0,1640,0,88,96,2,0
2020-07-25,0,0,0,0,0,0,0,0,0,0,31,0,0,0,0,0,0,0,290,0,5,5,683,23,68,148,0,0,2,0,2,239,0,579,0,25,17,1,0
2020-07-26,0,2,0,1,0,0,0,0,0,0,16,0,0,0,0,0,0,0,225,0,1,7,477,12,62,87,0,0,2,0,2,196,1,529,0,45,22,1,0
2020-07-27,0,2,0,1,0,0,0,0,0,0,42,0,0,0,0,0,0,0,513,0,1,7,1137,36,105,199,0,0,3,0,1,503,0,797,0,134,48,8,0
2020-07-28,0,1,0,1,0,0,0,0,0,0,35,0,0,0,0,0,0,0,436,0,1,53,1076,36,107,182,0,0,4,0,0,388,0,1552,0,373,59,29,0
2020-07-29,1,2,0,1,0,0,0,0,0,0,22,0,0,0,0,0,0,2,607,0,1,6,845,33,110,237,1,0,7,0,3,321,0,958,0,88,54,20,0
2020-07-30,0,1,0,0,0,0,0,0,0,0,28,0,0,0,0,0,0,2,2007,0,31,8,772,89,132,253,0,0,9,0,6,552,0,748,0,53,76,6,0
2020-07-31,1,0,0,1,0,0,0,0,0,0,34,0,0,0,2,0,0,1,2710,0,5,4,883,195,215,225,0,0,2,0,6,1237,1,392,0,54,32,0,0
2020-08-01,0,0,0,2,0,0,0,0,0,0,15,0,1,0,0,0,0,1,902,0,6,5,403,40,70,241,0,0,1,0,7,1015,0,145,0,30,13,7,0
2020-08-02,0,0,0,1,0,0,0,0,0,0,8,0,0,0,0,0,0,0,722,0,3,2,418,42,51,121,0,0,4,0,4,534,0,157,0,55,18,2,0
2020-08-03,0,0,0,4,0,0,0,0,0,0,29,0,0,0,2,0,0,0,1513,0,2,3,663,84,191,171,0,0,1,0,5,2295,0,243,0,310,163,8,0
2020-08-04,0,0,0,0,0,0,0,0,0,0,39,0,0,0,4,0,0,1,915,0,37,16,591,38,146,301,0,0,3,0,3,1140,0,736,0,137,167,25,0
2020-08-05,0,2,0,1,0,0,0,0,0,0,361,0,0,0,2,0,0,1,765,0,36,21,587,27,142,231,0,0,2,0,3,743,0,514,0,96,86,19,0
2020-08-06,0,5,0,1,0,0,0,0,0,0,302,0,0,0,1,1,0,1,1336,0,8,17,637,36,115,248,0,0,2,0,3,578,0,442,0,67,91,4,0
2020-08-07,0,4,0,5,0,0,0,0,0,0,62,0,0,0,0,1,0,2,1179,0,6,32,722,22,95,209,0,0,0,0,3,522,1,310,0,46,70,5,0
2020-08-08,0,0,0,1,0,0,0,0,0,0,23,0,0,0,1,0,0,2,521,0,4,2,314,14,69,192,0,0,3,0,4,252,0,152,0,11,67,3,0
2020-08-09,0,1,0,0,0,0,0,0,0,0,16,0,0,0,0,0,0,1,467,0,3,5,249,13,43,258,0,0,2,0,2,232,4,145,0,14,59,1,0
2020-08-10,0,5,0,0,0,0,0,0,0,0,118,0,0,0,1,0,0,2,1217,0,7,9,628,27,89,224,0,0,1,0,2,607,0,377,0,50,283,32,0
2020-08-11,1,4,0,4,0,0,0,0,0,0,161,0,0,0,0,0,0,5,1116,0,7,6,1462,29,105,188,0,0,0,0,4,548,1,322,0,35,487,8,0
2020-08-12,0,0,0,2,0,0,0,0,0,0,57,0,0,0,0,0,0,0,1040,0,16,6,2726,11,126,193,1,0,1,0,3,354,0,328,0,47,116,4,0
2020-08-13,1,0,0,2,0,0,0,0,0,0,60,0,0,0,0,0,0,1,1657,0,9,43,2819,16,153,152,15,0,5,0,1,319,1,253,0,51,51,4,0
2020-08-14,1,1,0,1,0,0,0,0,0,0,43,0,0,0,0,0,0,2,1480,0,10,42,1431,8,159,176,20,0,3,0,1,246,0,260,0,33,39,5,0
2020-08-15,0,0,0,0,0,0,0,0,0,0,22,0,0,0,0,0,0,2,477,0,8,6,525,7,124,80,8,0,3,0,4,148,0,109,0,13,18,0,0
2020-08-16,0,0,0,0,0,0,0,0,0,0,29,0,0,0,0,0,0,8,480,0,0,11,654,12,178,72,7,0,1,0,7,152,0,132,0,10,19,1,0
2020-08-17,2,0,0,2,0,0,0,0,0,0,42,0,0,0,0,0,0,12,1331,0,3,14,3141,11,566,120,21,0,2,0,5,195,0,157,0,29,46,1,0
2020-08-18,1,2,0,1,0,0,0,0,0,0,31,0,0,0,0,0,1,6,1054,0,11,6,3890,21,530,182,11,0,1,0,4,284,0,212,0,38,67,0,0
2020-08-19,0,1,0,2,0,0,0,0,0,0,29,0,0,0,0,0,0,1,1234,0,19,21,2125,13,1087,165,24,0,1,0,8,312,0,256,0,18,18,2,0
2020-08-20,0,1,0,0,0,0,0,0,0,0,16,0,0,0,0,0,0,0,1373,0,1,22,4319,38,466,174,10,0,3,0,2,339,7,267,0,37,74,8,0
2020-08-21,1,4,0,0,0,0,0,0,0,0,22,0,0,0,0,0,0,0,3569,0,25,18,4520,31,538,143,3,0,1,0,6,449,2,218,0,57,96,2,0
2020-08-22,0,0,0,0,0,0,0,0,0,0,18,0,0,0,0,0,0,0,1103,0,2,0,1541,8,154,51,7,0,2,0,1,233,1,109,0,25,19,1,0
2020-08-23,0,0,0,2,0,0,0,0,0,0,23,0,0,0,0,0,0,0,1004,0,2,1,1328,7,175,97,1,0,0,0,10,219,0,88,0,27,39,0,0
2020-08-24,0,2,0,2,0,0,0,0,0,0,110,0,0,0,0,0,0,0,3577,0,14,5,2890,14,339,115,1,0,1,0,5,302,0,153,0,53,90,6,0
2020-08-25,0,0,0,2,0,0,0,0,0,0,72,0,0,0,0,0,0,0,2873,0,13,7,2158,23,221,125,3,0,3,0,3,358,0,223,0,33,616,2,0
2020-08-26,1,0,0,2,0,0,0,0,0,0,41,0,0,0,0,0,0,1,2194,0,7,7,2027,20,364,171,6,0,3,0,14,499,0,279,0,52,755,3,0
2020-08-27,0,0,0,1,0,0,0,0,0,0,58,0,0,0,0,0,0,1,2040,0,13,37,2685,24,196,202,9,0,3,0,9,1349,0,220,0,39,394,0,0
2020-08-28,1,0,0,1,0,0,0,0,0,0,22,0,0,0,0,0,0,0,2343,0,14,14,2974,16,467,146,5,0,2,0,4,771,0,180,0,36,273,4,0
2020-08-29,0,0,0,3,0,0,0,0,0,0,9,0,0,0,1,0,0,0,1124,0,6,4,1289,20,157,63,0,0,1,0,4,314,0,88,0,17,39,2,0
2020-08-30,0,0,0,3,0,0,0,0,0,0,5,0,0,0,0,0,0,1,1021,0,13,6,1219,7,148,84,3,0,1,0,1,290,0,92,0,9,49,0,0
2020-08-31,0,0,0,1,0,0,0,0,0,0,22,0,0,0,0,0,0,0,2882,0,176,8,6882,9,618,172,2,0,2,0,2,848,0,506,0,37,231,5,0
2020-09-01,0,1,0,0,0,0,0,0,0,0,60,0,0,0,0,0,0,0,2242,0,96,34,7610,26,1215,222,2,0,5,0,15,722,0,404,0,69,181,19,0
2020-09-02,0,1,0,1,0,0,0,0,0,0,43,0,0,0,0,0,0,1,2999,0,82,37,5915,26,1186,211,1,0,5,0,11,543,0,398,0,50,129,5,0
2020-09-03,1,0,0,0,0,0,0,0,0,0,42,0,0,0,0,0,0,0,3095,0,91,17,4993,25,900,251,0,0,1,0,3,482,0,350,0,34,113,7,0
2020-09-04,1,0,0,0,0,1,0,0,0,0,53,0,0,0,0,0,0,2,2695,0,28,17,4175,10,579,175,1,0,1,0,1,497,0,298,0,23,64,4,0
2020-09-05,1,0,0,1,0,1,0,0,0,0,13,0,0,0,0,0,0,0,652,0,36,23,1765,5,181,72,1,0,1,0,1,170,0,110,0,17,32,2,0
2020-09-06,2,1,0,1,0,0,0,0,0,0,17,0,0,0,0,0,0,0,638,0,44,32,1115,9,121,72,0,0,1,0,0,157,0,107,0,18,48,2,0
2020-09-07,0,2,0,0,0,0,0,0,0,0,15,0,0,0,0,0,0,0,789,0,5,5,1146,14,196,87,0,0,0,0,6,174,0,161,0,23,45,3,0
2020-09-08,0,1,0,1,0,1,0,0,0,0,66,0,0,0,0,0,0,0,2475,0,66,3,4281,17,341,186,0,0,1,0,5,518,0,166,0,140,76,3,0
2020-09-09,0,1,0,4,0,0,0,0,0,0,30,0,0,0,0,0,0,0,1663,0,183,4,2631,21,287,153,0,0,0,0,15,515,0,335,0,74,57,2,0
2020-09-10,0,1,0,2,0,0,0,0,0,0,48,0,0,0,0,0,0,0,1675,0,81,6,2097,18,209,226,0,0,3,0,6,290,0,260,0,57,47,0,0
2020-09-11,0,0,0,2,0,0,0,0,0,0,37,0,0,0,0,0,0,0,1737,0,21,4,1600,10,160,230,0,0,0,0,8,273,0,213,0,42,48,5,0
2020-09-12,0,0,0,0,0,1,0,0,0,0,12,0,0,0,0,0,0,1,480,0,6,5,677,15,189,125,0,0,0,0,4,130,0,98,0,14,24,1,0
2020-09-13,0,1,0,1,0,0,0,0,0,0,8,0,0,0,0,0,0,0,465,0,13,6,569,8,213,100,1,0,3,0,0,283,0,84,0,17,6,1,0
2020-09-14,0,0,0,2,0,2,0,0,0,0,16,0,0,0,0,0,0,0,1370,0,59,6,2072,17,647,212,0,0,0,0,4,796,0,256,0,29,50,0,0
2020-09-15,0,0,0,2,0,1,0,0,0,0,15,0,0,0,0,0,0,0,3836,0,41,4,3260,17,270,207,1,0,1,0,10,247,0,278,0,55,88,1,0
2020-09-16,0,0,0,1,0,3,0,0,0,0,42,0,0,0,0,0,0,1,2022,0,279,13,2377,14,231,167,1,0,1,0,8,240,0,150,0,39,58,8,0
2020-09-17,1,0,0,1,0,0,0,0,0,0,13,0,0,0,0,0,0,0,1461,0,366,3,2123,9,241,140,0,0,1,0,2,323,0,160,0,26,48,5,0
2020-09-18,0,0,0,0,0,0,0,0,0,0,19,0,0,0,0,0,0,0,2123,0,249,7,2449,14,174,124,0,0,1,0,3,395,0,117,0,17,76,1,0
2020-09-19,0,0,0,1,0,1,0,0,0,0,6,0,0,0,0,0,0,0,684,0,57,2,998,4,65,96,0,0,0,0,11,133,0,33,0,22,29,2,0
2020-09-20,0,0,0,2,0,2,0,0,0,0,10,0,0,0,0,0,0,0,486,0,73,3,940,0,50,65,0,0,0,0,2,98,0,36,0,10,37,2,0
2020-09-21,0,0,0,0,0,0,0,0,0,0,26,0,0,0,0,0,0,0,1494,0,84,2,3488,9,148,329,0,0,3,0,8,620,0,160,0,16,65,4,0
2020-09-22,0,2,0,6,0,0,0,0,0,0,23,0,0,0,0,0,0,1,1111,0,387,5,4693,6,136,233,1,0,8,0,9,394,0,137,0,23,80,1,0
2020-09-23,0,0,0,0,0,1,0,0,0,0,45,0,0,0,0,0,0,1,1026,0,188,3,3940,14,93,298,0,0,5,0,17,260,0,117,0,36,87,1,0
2020-09-24,0,2,0,2,0,0,0,0,0,0,22,0,0,0,0,0,0,0,760,0,106,4,1925,7,94,152,1,0,5,0,17,189,0,104,0,25,77,2,0
2020-09-25,0,0,0,2,0,0,0,0,0,0,113,0,0,0,0,0,0,0,666,0,192,1,1079,8,104,89,2,0,12,0,2,108,2,73,0,26,53,2,0
2020-09-26,0,0,0,2,0,3,0,0,0,0,56,0,0,0,0,0,0,0,257,0,126,2,526,6,43,72,0,0,13,0,2,91,0,44,0,31,40,0,0
2020-09-27,0,0,0,1,0,0,0,0,0,0,34,0,0,0,0,0,0,0,261,0,60,0,526,2,83,49,0,0,2,0,5,63,0,64,0,19,17,1,0
2020-09-28,0,0,0,0,0,3,0,0,0,0,111,0,0,0,0,0,0,0,700,0,172,0,1058,24,108,106,1,0,8,0,3,141,5,139,0,260,89,6,0
2020-09-29,0,1,0,0,0,2,0,0,0,0,48,0,0,0,0,0,0,0,789,0,116,2,1087,21,105,148,1,0,7,0,4,156,0,160,0,197,366,5,0
2020-09-30,0,1,0,4,0,2,0,0,0,0,26,0,0,0,0,0,0,0,551,0,84,1,926,9,135,181,1,1362,16,0,0,142,1,193,0,112,325,7,0
2020-10-01,1,0,0,3,0,0,0,0,0,0,42,0,0,0,0,0,0,0,531,0,114,4,1073,12,117,157,6,395,127,0,3,119,1,254,0,53,152,3,0
2020-10-02,0,1,0,1,0,1,0,0,0,0,94,0,0,0,0,0,0,0,495,0,58,1,1183,6,90,355,4,193,86,0,1,132,1,237,0,79,164,0,0
2020-10-03,1,0,0,2,0,0,0,0,0,0,15,0,0,0,0,0,0,0,234,0,37,1,493,7,41,191,0,25,10,0,3,71,1,107,0,16,34,1,0
2020-10-04,1,0,0,1,0,4,0,0,0,0,9,0,0,0,0,0,0,0,228,0,30,14,577,9,56,131,3,25,16,0,12,53,2,139,0,29,44,6,0
2020-10-05,0,0,0,2,0,0,0,0,0,0,48,0,0,0,0,0,0,0,513,0,60,15,902,6,121,211,1,122,25,0,5,142,1,516,0,57,127,2,0
2020-10-06,0,0,0,2,0,2,0,0,0,0,55,0,0,0,0,0,0,0,1109,0,37,24,759,22,158,447,3,296,18,0,2,158,8,610,0,81,88,1,0
2020-10-07,1,0,0,1,0,0,0,0,0,0,52,0,0,0,0,0,0,0,589,0,45,6,829,4,107,522,2,247,9,0,0,136,11,495,0,52,86,3,0
2020-10-08,2,0,0,1,0,3,0,0,0,0,81,0,0,0,0,0,0,0,679,0,1676,8,905,12,186,229,9,91,19,0,0,404,7,1169,0,45,108,24,0
2020-10-09,0,2,0,2,0,1,0,0,0,0,41,0,0,0,0,0,0,0,770,0,2663,14,606,37,102,175,2,74,20,0,2,479,9,1040,0,53,62,31,0
2020-10-10,1,0,0,2,0,0,0,0,0,0,7,0,0,0,0,0,0,0,279,0,453,19,363,88,42,73,1,33,0,0,1,132,1,179,0,23,28,5,0
2020-10-11,1,1,0,0,0,0,0,0,0,0,12,0,0,0,0,0,0,0,367,0,508,12,559,15,91,81,1,25,8,0,5,205,2,195,0,36,80,0,0
2020-10-12,1,0,0,2,0,0,0,0,0,0,17,0,0,0,0,0,0,0,2445,0,486,11,727,48,94,124,4,91,6,0,2,227,19,386,0,45,129,7,0
2020-10-13,0,2,0,2,0,2,0,0,0,0,31,0,0,0,0,0,0,0,3878,0,415,54,701,25,98,139,1,77,21,0,12,223,7,303,0,76,101,3,0
2020-10-14,1,2,0,2,0,0,0,0,0,0,14,0,0,0,0,0,0,0,1123,0,417,82,1085,25,86,149,0,42,18,0,5,147,3,226,0,55,1204,10,0
2020-10-15,0,1,0,0,0,0,0,0,0,0,24,0,0,0,0,0,0,2,690,0,1295,41,859,11,55,247,0,78,12,0,2,173,5,212,0,72,1113,8,0
2020-10-16,0,0,0,6,0,1,0,0,0,0,17,0,0,0,0,0,0,0,711,0,618,96,885,9,63,126,1,64,21,0,1,187,8,181,0,180,568,3,0
2020-10-17,0,0,0,0,0,0,0,0,0,0,7,0,0,0,0,0,0,0,303,0,249,26,506,16,65,76,0,10,5,0,3,153,3,194,0,41,172,2,0
2020-10-18,0,0,0,2,0,4,0,0,0,0,11,0,0,0,1,0,0,0,296,0,183,33,542,58,37,85,2,7,8,0,1,105,1,62,0,31,194,2,0
2020-10-19,0,1,0,1,0,0,0,0,0,0,37,0,0,0,0,0,0,0,717,0,682,137,864,290,70,155,5,16,15,0,4,158,7,192,0,80,398,18,0
2020-10-20,0,0,0,4,0,1,0,0,0,0,34,0,0,0,0,0,0,0,493,0,371,75,1112,119,48,237,1,12,4,0,3,206,2,212,0,111,244,8,0
2020-10-21,0,0,0,5,0,4,0,0,0,0,36,0,0,0,0,0,0,0,415,0,274,13,2379,55,65,229,3,16,4,0,2,146,0,337,0,151,221,10,0
2020-10-22,1,0,0,1,0,5,0,0,0,0,47,0,0,0,0,0,0,0,554,0,607,27,1355,36,92,190,3,64,4,0,0,173,0,540,0,60,157,5,0
2020-10-23,0,0,0,0,0,2,0,0,0,0,14,0,0,0,1,0,0,0,637,0,338,25,1080,23,85,144,2,65,6,0,4,182,0,469,0,56,204,6,0
2020-10-24,0,0,0,0,0,0,0,0,0,0,10,0,0,0,0,0,0,0,267,0,173,40,360,28,64,73,0,17,1,0,2,98,2,263,0,21,106,2,0
2020-10-25,0,0,0,2,0,2,0,0,0,0,10,0,0,0,0,0,0,0,323,0,199,33,341,40,55,55,0,27,2,0,2,145,1,215,0,22,78,1,0
2020-10-26,0,0,0,1,0,2,0,0,0,0,14,0,0,0,0,0,0,0,558,0,461,46,487,29,39,114,2,77,4,0,1,239,3,441,0,33,105,2,0
2020-10-27,0,0,0,1,0,0,0,0,0,0,16,0,0,0,0,0,0,1,465,0,405,57,438,62,101,131,0,193,4,0,3,845,1,1604,0,24,273,2,0
2020-10-28,0,0,0,3,0,1,0,0,0,0,37,0,0,0,0,0,0,0,593,0,314,46,487,67,91,287,0,126,8,0,2,409,3,469,0,37,174,4,0
2020-10-29,0,0,0,0,0,3,0,0,0,0,14,0,0,0,1,0,0,1,1897,0,242,11,527,265,50,513,0,72,5,0,1,248,0,219,0,34,758,6,0
2020-10-30,1,0,0,1,0,0,0,0,0,0,14,0,0,0,0,0,0,0,864,0,334,14,607,32,59,357,0,21,4,0,1,240,0,154,0,27,406,3,0
2020-10-31,0,0,0,1,0,0,0,0,0,0,6,0,0,0,0,0,0,0,216,0,109,19,290,19,34,104,0,9,0,0,10,70,0,82,0,9,119,1,0
2020-11-01,0,0,0,0,0,1,0,0,0,0,2,0,0,0,0,0,0,0,168,0,65,18,177,10,19,91,3,22,1,0,0,58,0,45,0,19,99,1,0
2020-11-02,0,0,0,0,0,1,0,0,0,0,6,0,0,0,0,0,0,0,524,0,91,98,445,19,51,212,7,20,1,0,1,121,0,151,0,34,814,12,0
2020-11-03,0,0,0,2,0,0,0,0,0,0,14,0,0,0,0,0,0,0,358,0,168,100,540,14,66,197,4,43,0,0,3,85,0,176,0,25,707,14,0
2020-11-04,0,0,0,1,0,0,0,0,0,0,4,0,0,0,0,0,0,0,272,0,133,19,664,5,37,400,8,35,0,0,3,68,0,144,0,21,1185,26,0
2020-11-05,0,0,0,1,0,0,0,0,0,0,13,0,0,0,0,0,0,1,332,0,152,26,628,11,38,322,2,122,2,0,3,99,0,147,0,71,1894,33,0
2020-11-06,0,0,0,3,0,0,0,0,0,0,5,0,0,0,0,0,0,0,288,0,149,9,599,9,86,270,102,495,1,0,2,106,0,202,0,64,1761,142,0
2020-11-07,0,0,0,1,0,0,0,0,0,0,4,0,0,0,0,0,0,0,162,0,72,5,304,9,26,200,19,169,2,0,3,67,0,59,0,23,417,45,0
2020-11-08,0,0,0,0,0,0,0,0,0,0,2,0,0,0,0,0,0,0,175,0,68,16,349,8,39,138,37,153,1,0,1,100,0,66,0,65,637,44,0
2020-11-09,0,1,0,0,0,0,0,0,0,0,204,0,0,0,0,0,0,0,481,0,206,249,571,18,171,184,182,564,0,0,4,158,0,289,0,66,1618,142,0
2020-11-10,1,0,0,2,0,0,0,0,0,0,65,0,0,0,0,0,0,1,969,0,205,81,554,19,175,144,38,339,2,0,2,239,0,276,0,103,1334,30,0
2020-11-11,0,0,0,2,0,0,0,0,0,0,43,0,0,0,0,0,0,1,482,0,233,57,493,21,92,123,7,632,2,0,1,164,1,204,0,120,1463,19,0
2020-11-12,0,0,0,2,0,0,0,0,0,0,23,0,0,0,0,0,0,2,268,0,169,34,721,30,69,143,13,1465,1,0,4,99,2,139,0,75,3693,6,0
2020-11-13,0,0,0,2,0,0,0,0,0,0,31,0,0,0,0,0,0,0,307,0,123,37,1074,12,86,121,6,686,0,0,0,87,0,100,0,82,4831,8,0
2020-11-14,0,0,0,0,0,0,0,0,0,0,6,0,0,0,0,0,0,0,189,0,63,11,553,7,69,65,23,241,2,0,2,62,0,76,0,57,1093,6,0
2020-11-15,2,0,0,0,0,0,0,0,0,0,10,0,0,0,0,0,0,0,169,0,67,12,456,7,75,73,7,393,3,0,5,76,1,69,0,66,747,6,0
2020-11-16,1,0,0,1,0,0,0,0,0,0,35,0,0,0,0,0,0,0,262,0,360,62,1721,22,131,170,17,1160,1,0,6,86,2,142,0,193,2696,6,0
2020-11-17,1,0,0,1,0,0,0,0,0,0,20,0,0,0,0,0,0,1,319,0,178,19,3426,24,116,140,2,2453,1,0,9,174,1,135,0,72,3708,5,0
2020-11-18,1,0,0,1,0,3,0,0,0,0,34,0,0,0,0,0,0,0,309,0,135,33,2787,23,329,192,2,2596,3,0,4,188,7,136,0,106,1990,3,0
2020-11-19,0,1,0,3,0,0,0,0,0,0,12,0,0,0,0,0,0,1,357,0,267,21,2552,17,181,167,8,1582,0,0,4,153,37,265,0,83,992,4,0
2020-11-20,1,2,0,4,0,2,0,0,0,0,7,0,0,0,0,0,0,0,341,0,280,19,1660,10,141,140,4,1815,2,0,6,132,10,178,0,58,883,10,0
2020-11-21,0,0,0,1,0,0,0,0,0,0,4,0,0,0,0,0,0,0,161,0,119,4,707,8,62,71,0,509,6,0,2,101,6,48,0,18,321,4,0
2020-11-22,0,0,0,0,0,1,0,0,0,0,23,0,0,0,0,0,0,0,196,0,84,2,594,8,39,82,3,622,0,0,5,71,1,51,0,33,300,8,0
2020-11-23,2,0,0,1,0,2,0,0,0,0,42,0,0,0,0,1,1,0,1014,0,424,24,1713,10,119,142,4,2970,1,0,8,201,11,138,0,49,1202,18,0
2020-11-24,1,1,0,0,0,2,0,0,0,0,47,0,0,0,0,0,0,0,762,0,374,66,2567,13,128,154,36,4196,3,0,8,227,5,143,0,77,1378,25,0
2020-11-25,2,3,0,1,0,2,0,0,0,0,30,0,0,0,0,0,0,1,481,0,592,40,2348,51,104,118,10,9208,6,0,4,213,2,138,0,190,1154,27,0
2020-11-26,0,0,0,1,0,2,0,0,0,0,15,0,0,0,0,0,0,0,271,0,411,9,1158,6,33,70,5,4598,2,0,6,159,3,56,0,82,444,17,0
2020-11-27,0,0,0,2,0,1,0,0,0,0,28,0,0,0,0,0,0,0,289,0,1036,9,1762,22,137,208,22,10202,1,0,9,161,7,95,0,131,876,38,0
2020-11-28,0,0,0,1,0,0,0,0,0,0,7,0,0,0,0,0,0,0,187,0,1177,8,1004,20,73,123,16,2524,4,0,8,142,1,66,0,87,439,35,0
2020-11-29,0,1,0,1,0,3,0,0,0,0,15,0,0,0,1,0,0,0,304,0,1207,14,1288,21,44,102,23,2043,1,0,6,149,2,71,0,46,357,26,0
2020-11-30,2,0,0,2,0,13,0,0,0,1,26,0,0,0,0,0,0,0,982,0,3849,26,2780,11,98,189,69,5565,2,0,8,173,3,436,0,102,682,48,0
2020-12-01,2,3,0,1,0,5,0,0,0,0,45,0,0,0,1,0,0,0,1059,0,2108,15,2187,37,114,160,70,3845,0,0,283,244,0,269,0,195,1300,35,0
2020-12-02,1,1,0,7,0,2,0,0,0,0,43,0,0,0,2,0,0,0,756,0,1320,10,2680,19,90,218,30,4649,2,0,145,216,0,331,0,152,1362,23,0
2020-12-03,0,4,0,1,0,2,0,0,0,0,167,0,0,0,0,0,0,0,579,0,895,192,2234,13,66,182,33,2898,10,0,40,207,0,234,0,98,752,12,0
2020-12-04,0,6,0,3,0,4,0,0,0,0,112,0,0,0,0,0,0,0,470,0,1254,136,1825,12,82,167,32,1651,6,0,61,211,0,238,0,113,646,27,0
2020-12-05,0,2,0,1,0,6,0,0,0,0,15,0,0,0,0,0,0,0,207,0,442,40,1157,16,44,117,8,565,0,0,26,103,0,89,0,49,259,4,0
2020-12-06,0,0,0,2,0,3,0,0,0,0,21,0,0,0,0,0,0,1,267,0,464,28,927,15,53,88,7,559,2,0,61,77,0,115,0,64,227,7,0
2020-12-07,0,1,0,0,0,26,0,0,0,0,125,0,0,0,0,0,0,0,505,0,919,32,2740,17,59,199,6,3444,3,0,75,202,0,225,0,387,634,3,0
2020-12-08,0,0,0,1,0,42,0,0,0,5,66,0,0,0,0,0,0,0,801,0,2827,19,4228,38,103,189,10,3150,2,0,61,205,1,238,0,306,408,4,0
2020-12-09,0,0,0,3,0,25,0,0,0,1,64,0,0,0,0,0,0,1,784,0,2110,6,3652,28,120,228,5,1763,5,0,52,215,1,257,0,343,311,2,0
2020-12-10,0,0,0,1,0,18,0,0,0,3,98,0,0,0,0,0,0,0,461,0,835,22,3320,31,83,233,7,1278,0,0,28,221,1,116,0,175,389,5,0
2020-12-11,0,4,0,2,0,30,0,0,0,0,84,0,0,0,0,0,0,1,342,0,453,29,1868,18,68,215,7,1123,2,0,40,202,3,92,0,179,515,1,0
2020-12-12,1,0,0,3,0,20,0,0,0,0,43,0,0,0,0,0,0,1,230,0,246,24,1097,17,51,126,7,522,1,0,30,116,0,68,0,249,170,1,0
2020-12-13,0,0,0,1,0,10,0,0,0,0,20,0,0,0,0,0,0,0,238,0,330,9,909,14,42,123,9,486,1,0,20,84,0,46,0,166,101,8,0
2020-12-14,0,0,0,5,0,20,0,0,0,0,53,0,0,0,0,0,0,0,417,0,768,57,1660,7,60,287,6,1472,0,0,28,121,0,215,0,504,593,3,0
2020-12-15,0,1,0,0,0,9,0,0,0,0,56,0,0,0,0,0,0,1,919,0,878,66,1724,16,63,214,6,1549,4,0,32,142,0,231,0,285,447,146,0
2020-12-16,0,1,0,3,0,12,0,0,0,0,42,0,0,0,0,0,0,0,577,0,398,60,1757,6,50,237,7,1428,3,0,26,202,1,157,0,182,378,357,139
2020-12-17,0,4,0,0,0,8,0,0,0,0,56,0,0,0,0,0,0,0,629,0,574,75,1924,22,86,193,5,1427,5,0,64,210,6,180,0,194,472,95,71
2020-12-18,0,0,0,2,0,10,0,0,0,0,22,0,0,0,0,0,0,0,515,0,906,25,5001,17,70,237,9,1781,3,0,53,255,4,277,0,180,422,44,49
2020-12-19,1,0,0,1,0,4,0,0,0,0,10,0,0,0,0,0,0,0,263,0,225,11,1823,10,54,107,1,621,0,0,17,144,1,133,0,35,136,11,1
2020-12-20,0,0,0,3,0,2,0,0,0,0,11,0,0,0,0,1,0,0,281,0,277,3,1615,16,50,180,7,579,0,0,16,129,1,83,0,61,167,19,3
2020-12-21,0,0,0,3,0,7,0,0,0,0,45,0,0,0,0,0,0,0,1845,0,880,68,2459,18,77,172,15,2268,12,0,24,267,0,286,0,78,518,24,10
2020-12-22,0,0,0,2,0,44,0,0,0,0,15,0,0,0,0,0,0,1,2506,0,2870,38,2335,22,52,167,14,1901,3,0,42,207,2,303,0,61,436,28,8
2020-12-23,1,2,0,0,0,29,0,0,0,0,26,0,0,0,0,0,0,0,1032,0,3335,26,1438,20,68,277,17,1730,6,0,37,214,1,225,0,86,328,30,17
2020-12-24,0,1,0,3,0,21,0,0,0,0,11,0,0,0,0,0,0,0,602,0,1398,9,1060,10,65,199,2,1074,4,0,11,177,0,137,0,51,369,22,11
2020-12-25,1,0,0,3,0,12,0,0,0,0,6,0,0,0,0,0,0,0,230,0,576,11,648,7,36,104,13,461,2,0,1,106,0,73,0,23,146,10,0
2020-12-26,0,0,0,3,0,7,0,0,0,0,2,0,0,0,0,0,0,0,316,0,689,18,527,13,31,97,5,429,1,0,7,121,0,75,0,29,130,8,5
2020-12-27,0,0,0,2,0,16,0,0,0,0,9,0,0,0,0,0,0,0,342,0,836,21,657,12,42,143,7,421,4,0,4,97,0,59,0,17,159,6,3
2020-12-28,1,0,0,1,0,71,0,0,0,0,21,0,0,0,0,0,0,2,849,0,1989,40,1092,27,72,194,5,1967,13,0,26,175,2,153,0,72,449,18,19
2020-12-29,1,0,0,3,0,53,0,0,0,0,19,0,0,0,0,0,0,0,999,0,1870,47,889,11,75,194,11,1865,84,0,12,167,0,207,0,73,444,6,11
2020-12-30,0,0,0,0,0,35,0,0,0,0,13,0,0,0,0,0,0,0,844,0,1515,51,1602,19,77,259,11,1322,56,0,7,147,2,195,0,60,513,24,17
2020-12-31,0,0,0,2,0,32,0,0,0,0,15,0,0,0,0,0,0,1,643,0,1793,36,2640,26,52,201,10,1723,30,0,5,172,1,105,0,45,548,25,50
2021-01-01,0,0,0,1,0,8,0,0,0,0,4,0,0,0,0,0,0,0,306,0,601,20,1083,9,43,128,3,816,11,0,11,83,1,49,0,23,204,8,5
2021-01-02,0,0,0,4,0,9,0,0,0,0,0,0,0,0,0,0,0,0,378,0,820,3,1451,16,32,148,14,688,22,0,8,120,0,41,0,21,222,14,9
2021-01-03,0,1,0,3,0,8,0,0,0,0,9,0,0,0,0,0,0,0,309,0,462,5,1105,13,34,121,7,771,32,0,16,98,0,75,0,30,497,21,3
2021-01-04,0,4,0,1,0,23,0,0,0,0,11,0,0,0,0,0,0,0,782,0,1248,5,1861,39,95,198,26,1541,53,0,24,167,2,188,0,40,925,112,21
2021-01-05,1,3,0,0,0,25,0,0,0,0,21,0,0,0,0,0,0,0,554,0,1031,12,2082,28,57,236,44,1185,142,0,13,145,16,135,0,51,806,165,25
2021-01-06,0,1,0,0,0,7,0,0,0,0,14,0,0,0,0,0,0,0,1174,0,945,8,2666,33,155,546,63,1301,172,0,8,212,9,182,0,24,818,584,7
2021-01-07,2,2,0,2,0,29,0,0,0,1,6,0,0,0,0,0,0,0,899,0,802,12,4916,20,140,558,48,1183,161,0,35,133,0,210,0,58,597,293,4
2021-01-08,0,1,0,0,0,19,0,0,0,0,12,0,0,0,0,0,0,0,1208,0,857,15,8224,19,89,577,46,971,25,0,40,210,1,165,52,42,1074,100,6
2021-01-09,0,0,0,4,0,13,0,0,0,0,2,0,0,0,0,0,0,1,495,0,316,5,3780,11,240,981,19,287,7,0,20,135,2,61,15,20,1046,33,3
2021-01-10,0,0,0,6,0,5,0,0,0,0,8,0,0,0,0,0,0,0,628,0,525,5,2987,12,166,424,29,325,8,0,23,129,0,70,26,18,1313,32,0
2021-01-11,0,1,0,5,0,21,0,0,0,0,11,0,0,0,0,0,0,0,893,0,2011,10,4993,35,177,891,84,836,19,0,41,106,8,281,40,25,2115,110,1
2021-01-12,1,0,0,2,0,31,0,0,0,0,7,0,0,0,0,0,0,1,1600,0,1037,11,3879,23,120,636,45,823,18,0,27,184,9,397,35,56,970,116,3
2021-01-13,0,1,0,1,0,30,0,0,0,0,4,0,0,0,0,0,0,0,1943,0,9376,7,2936,28,75,410,46,1852,51,0,44,176,8,443,27,304,498,303,15
2021-01-14,0,0,0,5,0,29,0,0,0,0,32,0,0,0,0,0,0,1,857,0,12552,20,2583,106,114,412,28,1479,405,0,517,226,2,531,17,628,417,567,24
2021-01-15,0,0,0,4,0,41,0,0,0,0,26,0,0,0,0,0,0,0,771,0,12827,119,1967,177,105,542,46,3337,396,0,953,184,11,546,16,181,495,555,11
2021-01-16,0,1,0,2,0,9,0,0,0,0,5,0,0,0,0,0,0,0,324,0,3494,22,1023,114,37,214,14,622,51,0,238,110,0,154,8,40,186,81,4
2021-01-17,0,1,0,2,0,10,0,0,0,0,7,0,0,0,0,0,0,0,276,0,2603,24,856,85,45,190,14,582,36,0,193,131,0,94,6,87,137,150,2
2021-01-18,0,0,0,5,0,8,0,0,0,0,3,0,0,0,0,0,0,1,339,0,4393,111,942,74,29,367,17,643,53,0,310,137,0,110,9,93,191,117,1
2021-01-19,0,1,0,3,0,11,0,0,0,0,16,0,0,0,0,0,0,0,998,0,8383,217,1601,269,128,686,32,1371,96,0,625,286,1,539,16,146,368,395,2
2021-01-20,2,5,0,1,0,25,0,0,0,0,16,0,0,0,0,0,0,1,1036,0,6823,144,1590,583,88,1009,20,1041,75,0,644,320,0,553,15,58,312,209,5
2021-01-21,0,3,0,3,0,31,0,0,0,0,26,0,0,0,0,0,0,0,1727,0,8574,61,1722,519,113,1634,16,973,180,0,610,289,3,1015,15,120,288,157,6
2021-01-22,2,3,0,2,0,10,0,0,0,0,20,0,0,0,0,1,0,0,1558,0,16676,1003,1864,422,84,2538,16,3762,276,0,959,275,2,845,20,125,442,119,23
2021-01-23,2,2,0,3,0,31,0,0,0,0,14,0,0,0,0,0,0,0,684,0,9852,179,1259,298,45,496,13,1178,108,0,696,228,0,201,20,78,179,37,5
2021-01-24,0,0,0,2,0,20,0,0,0,0,5,0,0,0,0,0,0,0,626,0,7651,135,1149,431,40,307,5,823,125,0,402,158,1,147,15,57,144,44,2
2021-01-25,1,2,0,3,0,28,0,0,0,0,14,0,0,0,0,0,0,0,1449,0,27304,3275,2278,5294,39,743,37,2970,684,0,1870,249,1,427,32,249,283,98,24
2021-01-26,1,2,0,6,0,28,0,0,0,0,11,0,0,0,0,0,0,3,1276,0,38327,1074,3060,7006,41,2141,32,2688,864,0,2321,698,3,888,90,617,247,110,40
2021-01-27,5,2,0,7,0,34,0,0,0,0,234,0,13,1,0,6,0,6,1873,0,87298,87189,4309,61771,66,4033,3068,3104,1534,0,3928,532,7679,728,95,1051,464,198,81
2021-01-28,1,0,0,6,0,20,0,0,0,0,955,0,8,0,0,2,0,1,1762,0,108433,92333,2462,36320,46,6832,9183,1324,1150,0,3291,253,7015,429,46,1097,307,155,113
2021-01-29,3,2,0,12,0,21,0,0,0,0,346,0,1,0,0,0,0,2,1745,0,73123,61645,2177,15618,55,4712,5417,578,792,0,2206,284,1738,586,17,318,205,79,72
2021-01-30,1,1,0,16,0,9,0,0,0,0,213,0,1,0,0,1,0,4,1309,0,51573,32275,2177,8240,75,2212,1092,520,349,0,1586,338,1474,701,17,209,204,66,38
2021-01-31,1,0,0,11,0,12,0,0,0,0,235,0,1,0,0,0,0,0,1072,0,47235,23735,2186,5518,49,2110,768,461,338,0,1161,258,594,480,14,217,150,62,38
2021-02-01,3,2,0,5,0,24,0,0,0,0,173,0,3,0,1,0,0,3,1219,0,58985,49990,1958,8638,87,2416,3534,691,320,0,1295,313,909,663,11,619,275,150,38
2021-02-02,2,1,0,3,0,30,0,0,0,0,134,0,1,0,0,1,0,1,1242,0,54942,42066,2110,4654,151,2054,2167,963,137,0,804,357,814,727,21,514,313,360,65
2021-02-03,2,7,0,5,0,21,0,0,0,0,131,0,0,0,0,1,0,3,1535,0,28747,28183,1840,3463,89,1176,2942,757,115,0,517,425,601,497,25,425,380,822,11
2021-02-04,3,4,0,217,0,16,0,0,0,0,73,0,0,0,0,0,0,1,1354,0,32369,18606,2530,2254,103,1533,599,694,65,0,429,343,306,513,278,310,259,456,12
2021-02-05,2,3,0,635,0,15,0,0,0,0,56,0,3,618,0,2,0,4,1112,0,27596,15407,1998,1457,100,985,481,762,59,0,435,376,212,401,226,224,253,319,14
2021-02-06,2,0,0,11,0,14,0,0,0,3,14,0,0,5,0,1,0,0,523,0,10912,4835,1081,494,56,519,143,344,41,0,220,179,62,148,52,128,118,120,6
2021-02-07,0,0,0,8,0,5,0,0,0,2,19,0,0,5,0,0,0,0,432,0,6268,3120,810,237,54,360,147,301,26,0,117,157,86,145,41,103,139,66,8
2021-02-08,11,4,0,9,0,25,0,0,0,10,36,0,10,11,0,0,0,0,1101,0,9785,5668,1850,456,195,518,269,1381,19,0,189,216,116,562,69,128,401,368,5
2021-02-09,3,1,0,9,0,14,0,0,0,1,29,0,1,4,0,0,0,0,763,0,10487,5459,1507,564,110,724,1717,783,23,0,204,199,92,460,84,133,348,3058,4
2021-02-10,2,2,0,6,0,29,0,0,0,1,36,0,0,0,0,0,0,1,661,0,12672,5860,1811,302,130,888,6834,654,41,0,165,184,106,330,59,146,289,5981,12
2021-02-11,4,0,0,27,0,25,0,0,0,0,19,0,0,2,0,0,0,1,702,0,9837,4442,1857,358,226,645,8144,1000,41,0,158,196,184,311,41,484,206,4486,3
2021-02-12,1,1,0,6,0,48,0,0,0,2,28,0,0,0,0,0,0,1,798,0,6014,2183,2019,343,206,603,1903,1327,12,0,163,211,59,422,27,378,209,1290,6
2021-02-13,5,1,0,3,0,147,0,0,0,0,11,0,0,0,0,0,0,1,358,0,3138,963,1211,128,64,317,399,535,4,0,112,195,19,144,8,59,93,277,0
2021-02-14,4,1,0,3,0,50,0,0,0,0,13,0,0,0,0,0,0,1,340,0,2400,1059,820,139,68,216,199,286,5,0,65,134,18,193,9,56,79,167,2
2021-02-15,1,1,0,1,0,31,0,0,0,0,9,0,0,0,0,0,0,0,393,0,2471,1282,965,129,92,268,227,700,10,0,33,139,19,224,5,63,124,161,4
2021-02-16,2,3,0,15,0,58,0,0,0,2,21,0,0,0,1,0,0,1,837,0,3526,2100,1582,122,109,450,508,3425,13,0,120,130,33,381,29,129,194,449,3
2021-02-17,1,4,0,6,0,59,0,0,0,1,24,0,0,0,0,0,0,1,1098,0,3341,1219,1766,152,73,434,361,1923,5,0,140,149,23,273,15,85,176,479,7
2021-02-18,1,1,0,5,0,38,0,0,0,0,17,0,0,0,2,0,0,1,925,0,6941,1531,1193,259,75,590,310,2515,12,0,107,167,21,246,8,93,230,293,4
2021-02-19,3,1,0,6,0,26,0,0,0,1,367,0,0,1,0,3,1,337,1313,0,4851,1136,1211,185,419,836,659,4786,11,0,98,508,11,544,16,71,205,196,6
2021-02-20,0,3,0,8,0,19,0,0,0,0,20,0,0,1,0,0,0,2,394,0,3638,821,786,97,69,222,105,938,5,0,63,121,14,113,13,33,112,54,1
2021-02-21,2,2,0,1,0,9,0,0,0,0,31,0,0,0,0,0,0,0,474,0,2929,966,761,130,105,341,124,1025,6,0,43,129,6,94,23,46,128,62,3
2021-02-22,1,1,0,9,0,22,0,0,0,0,149,0,0,0,0,0,0,0,1076,0,5568,2472,2181,238,121,437,323,2646,8,0,82,180,22,282,19,63,394,106,6
2021-02-23,3,1,0,8,0,18,0,0,0,1,104,0,0,0,0,0,0,0,1233,0,5110,4143,4074,209,165,477,183,1707,5,0,87,244,10,320,13,68,519,138,6
2021-02-24,0,3,0,9,0,7,0,0,0,0,137,0,0,0,0,0,0,2,1029,0,14693,6327,2415,639,227,807,458,1659,45,0,141,209,65,300,14,75,286,205,14
2021-02-25,2,0,0,15,0,19,0,0,0,0,66,0,0,0,0,0,0,0,1133,0,30925,11499,1983,1617,227,988,958,1939,54,0,265,154,119,260,32,150,232,348,15
2021-02-26,0,0,0,8,0,37,0,0,0,0,47,0,0,0,0,0,0,0,1299,0,19181,6376,1777,416,132,722,291,1992,9,0,97,198,28,265,21,148,275,165,12
2021-02-27,1,1,0,4,0,10,0,0,0,0,17,0,0,0,0,0,0,0,541,0,5674,2368,832,138,53,242,85,596,4,0,61,114,13,67,11,31,110,55,2
2021-02-28,2,0,0,3,0,9,0,0,0,0,40,0,0,0,0,0,0,0,533,0,4830,2047,830,130,111,247,100,546,8,0,63,110,14,159,14,37,137,125,1
2021-03-01,7,0,0,13,0,12,0,0,0,0,42,0,0,0,0,0,0,0,866,0,9661,3824,1178,338,143,523,309,1331,7,0,89,129,44,204,40,84,683,224,8
2021-03-02,1,2,0,8,0,14,0,0,0,0,61,0,0,0,0,0,0,3,707,0,16473,3224,1099,337,120,745,364,1298,17,0,103,139,34,119,51,105,651,300,10
2021-03-03,0,11,0,8,0,25,0,0,0,0,64,0,0,0,0,0,0,1,786,0,16297,3590,1747,378,145,504,406,1676,36,0,73,144,33,253,67,141,512,275,16
2021-03-04,0,3,0,3,0,34,0,0,0,0,28,0,1,0,0,0,0,0,966,0,9505,2264,1992,142,163,478,108,1890,13,0,62,204,27,306,50,78,333,66,12
2021-03-05,3,3,0,4,0,45,0,0,0,0,33,0,0,0,0,0,0,0,947,0,8650,1796,2814,180,161,517,96,1224,11,0,70,229,25,342,27,204,421,64,11
2021-03-06,1,1,0,5,0,18,0,0,0,0,9,0,0,0,0,0,0,0,437,0,3213,1130,1715,114,68,140,41,432,6,0,52,97,10,105,24,89,141,32,3
2021-03-07,1,0,0,3,0,14,0,0,0,0,12,0,0,0,0,0,0,0,389,0,3025,1037,1052,130,84,206,63,581,5,0,35,125,5,105,22,150,127,29,3
2021-03-08,1,1,0,4,0,9,0,0,0,0,20,0,0,0,1,1,0,1,1459,0,10467,1746,2223,161,224,324,66,1153,21,0,61,167,22,316,15,107,256,49,12
2021-03-09,0,0,0,7,0,20,0,0,0,0,29,0,0,0,0,0,0,0,1024,0,11797,3184,2529,188,164,313,199,944,9,0,83,180,17,235,17,72,336,64,7
2021-03-10,1,1,0,8,0,18,0,0,0,0,23,0,0,0,0,0,0,0,920,0,17895,4909,1823,255,82,648,166,807,11,0,87,179,39,221,7,49,201,80,31
2021-03-11,0,2,0,7,0,19,0,0,0,0,23,0,0,0,0,0,0,0,814,0,9948,2299,1316,251,72,574,180,969,4,0,51,128,17,214,9,75,377,285,22
2021-03-12,2,2,0,12,0,3,0,0,0,1,27,0,0,1,0,0,0,0,773,0,8547,2127,1172,307,52,536,155,714,9,0,102,181,8,163,11,58,268,217,5
2021-03-13,0,1,0,1,0,3,0,0,0,0,10,0,0,0,0,0,0,0,417,0,2922,1050,523,106,47,146,43,290,2,0,39,75,6,79,4,26,95,50,3
2021-03-14,0,2,0,7,0,5,0,0,0,0,7,0,0,0,1,0,0,2,254,0,3387,1028,407,94,22,189,39,209,2,0,29,53,7,70,6,23,68,63,5
2021-03-15,1,2,0,3,0,14,0,0,0,0,66,0,0,0,0,0,0,0,661,0,9189,4788,877,617,41,334,271,586,8,0,83,143,19,199,10,39,252,208,6
2021-03-16,0,1,0,8,0,6,0,0,0,0,20,0,0,0,1,0,0,1,755,0,9252,3020,1112,433,70,387,229,620,7,0,76,135,11,129,3,33,190,173,5
2021-03-17,0,1,0,6,0,25,0,0,0,0,23,0,1,0,1,0,0,0,623,0,7032,1877,1144,214,47,321,251,672,2,0,23,96,13,151,15,39,181,87,3
2021-03-18,0,2,0,5,0,59,0,0,0,0,14,0,0,0,1,0,0,1,932,0,6421,1680,1046,307,65,358,225,669,8,0,31,121,22,256,5,25,135,105,10
2021-03-19,0,1,0,7,0,31,0,0,0,0,12,0,1,1,1,0,0,3,839,0,6797,1624,999,206,45,404,73,430,3,0,19,114,21,181,8,14,129,91,4
2021-03-20,0,3,0,4,0,9,0,0,0,0,10,0,0,0,0,0,0,0,309,0,2563,1546,989,62,34,151,46,198,0,0,21,73,16,63,2,12,32,34,5
2021-03-21,0,2,0,2,0,4,0,0,0,0,13,0,0,0,0,0,0,1,358,0,2203,1123,1181,71,35,160,43,250,2,0,22,118,4,79,5,11,66,50,2
2021-03-22,3,0,0,3,0,16,0,0,0,0,16,0,0,1,0,0,0,0,907,0,5130,1785,1794,166,59,244,105,611,5,0,38,127,30,169,0,20,169,92,6
2021-03-23,0,0,0,6,0,21,0,0,0,0,29,0,0,1,0,0,0,0,594,0,8772,1537,1131,147,64,395,134,761,5,0,47,557,11,361,4,33,147,134,4
2021-03-24,1,5,0,2,0,39,0,0,0,0,20,0,0,0,0,0,0,5,755,0,9930,1623,1259,144,102,413,111,894,4,0,34,323,32,406,8,42,387,104,12
2021-03-25,0,0,4,4,0,34,0,0,0,0,18,0,0,1,0,1,0,3,705,0,8528,1630,1163,84,60,536,113,781,5,0,36,182,28,220,4,25,327,103,6
2021-03-26,2,1,1,7,0,40,0,0,0,0,13,0,0,0,0,0,0,0,651,0,6524,1157,1372,102,45,371,90,604,4,0,49,164,35,173,1,49,437,56,3
2021-03-27,1,0,0,0,0,2,0,0,0,0,2,0,0,0,0,0,0,0,234,0,1787,473,533,38,41,100,27,184,1,0,50,79,17,76,5,10,84,24,1
2021-03-28,0,0,0,0,0,3,0,0,0,0,7,0,0,0,0,0,0,1,214,0,1659,422,548,22,22,143,24,188,1,0,92,61,12,47,0,15,53,23,0
2021-03-29,0,0,3,0,0,1,0,0,0,0,11,0,0,0,0,0,0,0,412,0,3898,819,1047,101,51,343,40,929,3,0,97,98,11,109,5,85,206,43,5
2021-03-30,0,0,0,8,0,7,0,0,0,0,40,0,0,0,0,0,0,0,481,0,4730,735,1376,88,31,304,46,1018,3,0,116,133,7,196,7,48,190,43,3
2021-03-31,0,3,2,5,0,10,0,0,0,0,35,0,1,0,0,0,0,0,648,0,3437,676,1148,131,49,263,89,806,2,0,150,332,26,176,6,31,218,201,1
2021-04-01,1,0,5,6,0,10,0,0,0,0,33,0,0,0,0,0,0,0,472,0,3157,1131,1516,67,30,239,41,644,1,0,41,208,15,125,7,18,241,87,3
2021-04-02,1,1,1,0,0,1,0,0,0,0,4,0,0,0,0,0,0,0,240,0,1167,604,1142,29,25,138,13,302,3,0,24,106,9,63,5,10,39,49,1
2021-04-03,0,0,1,1,0,1,0,0,0,0,2,0,0,0,0,0,0,0,168,0,879,439,614,19,15,86,20,265,1,0,18,100,5,34,4,7,45,29,0
2021-04-04,0,0,1,0,0,1,0,0,0,0,4,0,0,0,0,0,0,0,249,0,822,432,454,30,53,106,30,211,1,0,30,123,8,184,1,9,54,29,1
2021-04-05,0,2,1,9,0,4,0,0,0,0,22,0,0,1,0,0,0,0,445,0,9418,1081,1717,50,50,481,38,636,2,0,60,208,6,229,2,31,123,130,4
2021-04-06,3,0,0,10,0,8,0,0,0,0,3,0,0,0,0,0,0,1,429,0,7148,838,953,90,44,545,57,525,4,0,46,156,16,155,1,16,102,119,12
2021-04-07,1,1,0,5,0,18,0,0,0,1,10,0,0,0,0,0,0,0,705,0,6462,1143,1002,142,44,439,98,459,5,0,77,187,9,142,1,29,206,166,8
2021-04-08,0,1,1,7,0,7,0,0,0,0,9,0,0,1,0,0,0,2,728,0,8120,854,856,112,57,636,101,597,5,0,58,150,23,145,33,33,116,185,19
2021-04-09,0,0,1,9,0,21,0,0,0,0,8,0,0,0,0,0,0,0,959,0,8228,1531,812,107,32,568,66,633,5,0,53,149,35,136,8,18,106,138,9
2021-04-10,1,0,3,2,0,3,0,0,0,0,5,0,0,0,0,0,0,0,314,0,4516,525,488,58,31,286,38,202,2,0,14,114,14,68,2,25,41,39,3
2021-04-11,0,0,2,4,0,1,0,0,0,0,1,0,0,0,0,0,0,7,265,0,3518,520,470,34,16,249,34,256,6,0,16,126,3,29,1,10,38,43,2
2021-04-12,0,1,3,4,0,5,0,0,0,0,4,0,0,0,0,0,0,2,595,0,7615,933,1111,48,481,557,47,861,8,0,39,242,34,466,3,40,106,226,5
2021-04-13,0,0,0,9,0,7,0,0,0,2,15,0,2,0,1,0,0,4,842,0,8876,1516,1892,63,290,662,74,1225,6,0,28,200,31,260,1,43,122,206,5
2021-04-14,1,0,1,9,0,8,0,0,0,0,8,0,0,0,0,0,0,1,735,0,9997,872,2146,101,101,546,46,1415,13,0,24,163,9,146,5,36,106,105,4
2021-04-15,0,8,0,6,0,9,0,0,0,0,6,0,0,0,1,0,0,1,590,0,7136,1200,1373,68,196,773,87,946,6,0,31,158,7,384,9,166,226,130,9
2021-04-16,1,4,1,9,0,7,0,0,0,0,5,0,0,1,0,1,0,0,424,0,10245,1070,793,44,67,835,98,664,4,0,29,103,7,126,419,98,144,96,25
2021-04-17,1,4,1,12,0,3,0,0,0,0,6,0,0,1,0,0,0,1,363,0,5426,511,449,40,72,714,32,228,3,0,48,192,10,55,223,30,39,28,4
2021-04-18,0,1,2,2,0,2,0,0,0,0,3,0,0,0,0,0,0,1,271,0,4660,506,609,23,48,490,69,147,6,0,36,110,11,96,274,26,38,36,3
2021-04-19,0,2,3,9,0,32,0,0,0,0,7,0,0,0,0,0,0,0,505,0,8714,813,1255,54,105,479,205,550,9,0,57,95,19,142,882,36,130,110,6
2021-04-20,0,6,0,15,0,19,0,0,0,0,18,0,0,0,0,0,0,12,1085,0,7217,647,963,58,47,480,182,485,8,0,46,175,7,122,544,81,89,156,7
2021-04-21,0,4,0,7,0,3,0,0,0,0,39,0,0,0,1,0,0,3,603,0,6884,1053,771,65,44,568,49,503,3,0,94,293,12,135,263,54,101,70,5
2021-04-22,1,0,0,16,0,7,0,0,0,0,17,0,0,1,0,0,0,1,522,0,7032,910,715,44,54,519,30,426,2,0,55,233,6,178,106,30,100,32,4
2021-04-23,1,1,0,7,0,2,0,0,0,0,7,0,0,0,0,0,0,2,382,0,7217,646,593,61,96,456,15,320,6,0,60,172,16,354,124,15,89,46,2
2021-04-24,0,1,0,8,0,1,0,0,0,0,3,0,0,0,0,0,0,2,278,0,3664,397,397,22,33,263,23,122,3,0,13,116,4,167,53,7,69,23,3
2021-04-25,0,1,0,4,0,1,0,0,0,0,2,0,0,0,0,0,0,3,315,0,3186,383,394,23,30,304,20,121,3,0,14,116,3,83,41,5,65,18,4
2021-04-26,0,0,0,5,0,4,0,0,0,0,10,0,0,4,0,0,0,0,449,0,7613,1003,1395,60,52,550,45,273,5,0,36,184,20,291,113,27,125,70,5
2021-04-27,2,1,0,11,0,1,0,0,0,1,5,0,0,0,0,0,0,0,496,0,7228,978,1107,72,37,584,60,271,8,0,36,553,19,747,122,52,114,86,38
2021-04-28,0,1,0,8,0,1,0,0,0,0,3,0,0,0,1,0,0,1,1317,0,6343,1146,767,74,77,513,43,213,4,0,32,454,19,886,605,29,83,145,24
2021-04-29,1,0,0,4,0,4,0,0,0,0,4,0,0,0,0,0,0,1,1365,0,5214,743,878,841,63,552,50,368,6,0,28,333,6,349,929,26,233,113,8
2021-04-30,3,0,0,9,0,3,0,0,0,0,7,0,0,0,0,0,0,0,644,0,4800,639,1009,261,43,737,36,232,3,0,25,220,41,281,397,12,195,160,9
2021-05-01,0,0,0,7,0,0,0,0,0,0,2,0,0,0,0,0,0,0,294,0,2743,343,441,64,26,301,16,197,1,0,18,111,22,91,71,25,52,48,6
2021-05-02,1,0,0,4,0,0,0,0,0,0,3,0,0,0,0,0,0,1,312,0,2853,768,515,90,25,492,25,135,2,0,18,101,38,63,175,22,33,31,4
2021-05-03,1,2,2,8,0,13,0,0,0,0,2,0,0,0,0,0,0,1,415,0,5018,870,674,329,51,572,44,365,12,0,16,221,22,512,377,75,86,348,6
2021-05-04,0,1,2,10,0,7,0,0,0,0,8,0,0,0,0,0,0,1,683,0,5637,913,931,175,124,557,34,434,4,0,21,425,13,463,179,60,106,126,4
2021-05-05,1,2,2,5,0,0,0,0,0,0,6,0,0,0,0,0,0,0,530,0,6497,944,636,120,57,637,72,554,3,0,28,148,17,368,228,31,90,133,3
2021-05-06,0,1,0,3,0,9,0,0,0,0,8,0,0,0,1,0,0,0,466,0,7156,993,821,136,51,787,72,1217,2,0,32,153,25,321,165,66,108,215,4
2021-05-07,1,0,0,10,0,5,0,0,0,0,14,0,0,0,0,0,0,1,364,0,5451,861,718,335,66,563,74,998,5,0,32,148,9,227,127,33,78,586,5
2021-05-08,1,0,0,3,0,0,0,0,0,0,1,0,0,0,0,0,0,0,412,0,3314,598,358,65,37,317,39,441,1,0,29,144,2,88,70,21,32,78,7
2021-05-09,2,1,1,5,0,2,0,0,0,0,2,0,0,0,0,0,0,0,234,0,3198,527,593,46,16,330,41,398,2,0,15,127,23,39,87,15,24,76,8
2021-05-10,2,6,0,11,0,2,0,0,0,0,12,0,0,0,0,0,0,1,490,12,5177,1167,965,142,46,644,44,1430,4,0,23,167,6,233,104,115,114,193,11
2021-05-11,2,3,0,6,0,11,0,0,0,0,2,0,0,0,0,0,1,2,510,13,7686,2056,1189,63,51,1045,81,2217,6,0,18,143,9,255,99,173,144,80,9
2021-05-12,0,3,0,12,0,4,0,0,0,0,9,0,0,0,0,0,0,0,429,15,7857,1190,1091,57,46,1293,72,884,11,0,32,108,4,134,129,73,81,90,13
2021-05-13,0,0,1,7,0,7,0,0,0,0,8,0,0,0,0,0,0,0,430,14,8355,4359,2276,75,52,1130,68,680,3,0,50,158,11,326,84,43,170,113,48
2021-05-14,0,1,0,8,0,2,0,0,0,0,14,0,1,0,0,0,0,0,299,7,9726,6676,1411,95,45,626,70,741,13,0,42,127,15,192,159,25,139,66,55
2021-05-15,0,0,0,4,0,1,0,0,0,0,5,0,0,0,0,0,0,0,194,8,3800,1452,601,36,37,372,20,161,4,0,15,103,6,79,56,14,49,15,5
2021-05-16,0,0,0,5,0,2,0,0,0,0,1,0,0,0,0,0,0,0,169,4,3604,636,708,21,28,412,16,180,5,0,12,85,21,51,92,19,54,16,4
2021-05-17,0,0,0,8,0,1,0,0,0,0,13,0,0,0,0,0,0,0,246,10,6710,2149,2251,50,44,740,52,382,4,0,26,138,6,121,485,26,67,96,12
2021-05-18,1,4,0,7,0,3,0,0,0,0,15,0,0,0,0,0,0,0,368,6,6514,2684,1901,46,51,615,55,568,6,0,45,98,7,138,147,24,48,81,10
2021-05-19,1,4,1,7,0,5,0,0,0,0,5,0,0,0,0,0,0,0,372,5,5969,1116,1279,57,60,761,21,247,4,0,13,79,8,435,45,30,70,45,9
2021-05-20,1,4,1,6,0,0,0,0,0,0,4,0,0,0,0,0,0,0,315,14,5300,1015,1274,100,55,467,73,342,4,0,19,80,10,245,94,234,62,55,4
2021-05-21,0,2,0,8,0,2,0,0,0,0,6,0,0,0,0,0,0,1,451,11,4721,795,1244,97,262,390,52,316,3,0,17,91,5,183,68,291,38,54,6
2021-05-22,0,0,0,4,0,0,0,0,0,0,3,0,0,0,0,0,0,1,153,11,2746,399,303,41,119,237,18,63,3,0,8,58,0,49,8,273,20,15,2
2021-05-23,4,4,1,1,0,0,0,0,0,0,4,0,0,0,0,0,0,0,204,9,3258,453,524,14,76,251,5,84,1,0,4,81,1,32,34,347,25,13,2
2021-05-24,0,2,1,13,0,0,0,0,0,0,15,0,0,0,0,0,0,2,304,8,6106,1257,993,35,212,341,22,303,5,0,17,65,8,137,67,1177,121,34,6
2021-05-25,2,1,1,6,0,3,0,0,0,0,18,0,0,0,0,0,0,0,335,8,9409,2248,762,73,173,593,58,284,4,0,35,103,12,123,47,705,137,138,36
2021-05-26,1,10,0,14,0,0,0,0,0,0,26,0,0,0,0,0,0,1,352,17,11437,4394,729,115,260,712,265,276,24,0,137,183,9,98,95,431,86,225,36
2021-05-27,0,2,0,8,0,2,0,0,0,0,12,0,0,0,0,0,0,0,359,18,15134,12926,786,311,88,778,429,317,41,0,241,88,12,87,206,651,71,417,26
2021-05-28,0,1,0,7,0,0,0,0,0,0,16,0,0,0,0,0,0,0,365,12,11609,12785,554,416,128,707,854,735,51,0,437,97,46,152,173,455,50,882,48
2021-05-29,0,0,0,2,0,0,0,0,0,0,2,0,0,0,0,0,0,0,474,12,4767,2697,286,68,65,475,111,129,13,0,88,88,11,108,52,72,23,130,13
2021-05-30,0,0,0,6,0,0,0,0,0,0,2,0,0,0,0,0,0,1,255,6,4465,1769,273,88,33,405,100,139,22,0,89,74,11,58,67,58,39,118,13
2021-05-31,2,0,0,6,0,0,0,0,0,0,4,0,0,0,0,0,0,0,165,5,4303,1650,585,66,36,359,139,100,13,0,129,63,4,70,46,65,30,125,27
2021-06-01,1,2,0,10,0,1,0,0,0,0,16,0,0,0,0,0,0,5,361,6,6447,5013,484,171,119,891,298,249,17,0,384,80,8,327,60,127,176,213,22
2021-06-02,2,2,0,8,0,6,0,0,0,0,30,0,0,0,0,0,0,0,291,8,12696,14481,558,965,113,921,718,484,535,0,969,67,177,115,665,189,111,940,53
2021-06-03,1,1,1,9,0,3,0,0,0,0,15,0,0,0,1,0,0,0,449,12,11125,15661,1207,1316,167,947,1443,341,286,0,1898,119,141,138,988,216,110,1735,28
2021-06-04,1,1,1,14,0,3,0,0,0,0,7,0,1,0,0,0,0,1,500,16,8126,8006,778,558,201,731,576,310,124,0,866,92,32,121,467,94,106,706,13
2021-06-05,0,1,0,5,0,3,0,0,0,0,0,0,0,0,1,0,0,0,252,18,5384,3278,245,186,81,1048,116,83,86,0,237,76,49,61,122,38,17,94,7
2021-06-06,0,0,0,6,0,1,0,0,0,0,3,0,0,0,0,0,0,0,192,15,4944,2898,287,126,69,549,128,92,30,0,254,55,38,46,327,24,20,198,5
2021-06-07,0,0,1,4,0,1,0,0,0,0,5,0,0,0,0,1,0,0,409,12,7110,4209,605,469,92,807,431,194,60,0,634,83,46,60,2456,202,78,666,42
2021-06-08,0,2,0,8,0,3,0,0,0,0,7,0,0,0,0,2,0,2,367,7,10667,4596,631,496,55,1014,376,316,67,0,653,85,85,92,7403,221,70,858,4461
2021-06-09,2,5,1,10,0,9,0,0,0,0,12,0,0,0,0,0,0,0,391,20,14582,5626,629,294,86,1378,563,253,44,0,487,134,57,117,6789,155,70,1920,6251
2021-06-10,1,1,1,3,0,4,0,0,0,0,20,0,0,0,2,0,0,0,434,17,12460,4555,626,174,96,1062,242,218,50,0,417,178,27,149,2861,151,48,764,2499
2021-06-11,0,0,0,10,0,5,0,0,0,1,8,0,0,0,0,0,0,2,371,19,7481,3087,721,121,155,566,165,206,47,0,198,175,21,139,2156,114,325,425,1351
2021-06-12,0,2,0,4,0,4,0,0,0,0,2,0,0,0,0,0,0,0,177,8,3281,1378,275,32,42,270,81,100,21,0,73,79,18,36,505,24,69,84,406
2021-06-13,0,1,0,4,0,3,0,0,0,0,5,0,0,0,0,0,0,0,208,10,3610,1320,483,32,94,323,91,70,16,0,85,100,31,112,651,40,62,165,425
2021-06-14,1,0,0,3,0,7,0,0,0,0,15,0,0,0,0,0,0,0,496,11,5083,2460,549,81,137,565,141,404,21,0,128,98,23,160,1231,95,209,442,1914
2021-06-15,0,4,2,8,0,13,0,0,0,0,7,0,0,0,1,0,0,0,461,16,6280,2941,506,90,85,699,133,400,40,0,89,130,14,104,1005,81,115,307,1394
2021-06-16,0,1,0,10,0,6,0,0,0,0,12,0,0,0,1,0,0,0,384,14,5445,2037,637,87,79,504,97,237,25,0,110,115,16,87,888,58,64,277,849
2021-06-17,3,3,0,9,0,12,0,0,0,0,13,0,0,0,0,0,0,1,634,16,6568,2942,653,61,387,656,74,459,11,0,200,130,24,345,526,62,144,214,813
2021-06-18,0,5,0,14,0,14,0,0,0,0,9,0,0,0,0,1,0,0,334,9,6063,2549,577,50,456,466,89,362,16,0,136,130,4,186,426,49,66,184,781
2021-06-19,2,1,0,8,0,1,0,0,0,0,2,0,0,0,0,0,0,0,166,11,3335,1173,272,15,153,222,20,85,37,0,56,59,7,80,157,16,31,52,247
2021-06-20,0,2,0,4,0,3,0,0,0,0,1,0,0,0,0,0,0,0,181,12,3061,919,299,32,134,230,20,91,11,0,37,67,5,78,221,24,10,51,226
2021-06-21,0,0,1,9,0,16,0,0,0,0,10,0,1,0,0,0,0,0,312,22,4872,1204,533,64,258,591,52,216,10,0,117,91,14,150,526,28,66,300,2188
2021-06-22,0,0,0,4,0,11,0,0,0,0,12,0,0,0,0,0,0,1,391,17,6585,1367,373,55,196,381,69,150,18,0,119,184,8,210,1338,180,86,177,1951
2021-06-23,1,4,0,9,0,12,0,0,0,0,15,0,0,0,0,0,0,0,401,12,4467,1211,1039,71,146,429,192,396,19,0,95,209,29,143,1422,134,89,215,1171
2021-06-24,0,2,0,5,0,21,0,0,0,0,11,0,0,0,1,0,0,0,285,7,4334,1334,2071,39,191,543,227,408,45,0,82,124,4,220,1230,73,49,298,1129
2021-06-25,0,1,3,10,0,0,0,0,0,0,5,0,0,0,1,0,0,0,270,7,5156,1435,1126,465,121,469,44,211,26,0,107,98,10,160,732,1212,55,168,763
2021-06-26,0,2,0,6,0,0,0,0,0,0,3,0,0,0,0,0,0,0,157,14,3236,646,310,84,34,265,21,112,12,0,58,60,5,45,236,216,32,34,186
2021-06-27,0,2,0,4,0,0,0,0,0,0,8,0,0,0,0,0,0,0,230,10,3795,698,365,72,70,219,46,141,14,0,44,96,7,64,349,208,48,97,288
2021-06-28,0,0,0,5,0,0,0,0,0,0,14,0,0,0,0,0,0,0,378,23,5012,1039,805,112,311,301,73,443,50,0,105,105,3,173,720,422,296,160,895
2021-06-29,0,3,1,9,0,0,0,0,0,0,16,0,0,0,1,0,0,0,364,9,3948,838,489,119,245,368,91,281,25,0,64,119,4,388,1161,364,184,216,602
2021-06-30,0,4,0,6,0,0,0,0,0,0,21,0,0,0,0,0,0,0,374,9,4264,787,536,95,330,342,84,212,208,0,55,137,11,748,656,316,355,160,512
2021-07-01,0,1,0,15,0,0,0,0,0,0,15,0,0,0,1,0,0,0,314,10,5092,793,609,30,283,540,47,373,60,0,36,184,4,435,524,364,345,85,547
2021-07-02,1,4,0,10,0,0,0,0,0,0,9,0,0,0,0,0,0,1,390,7,4816,712,610,45,184,422,45,213,13,0,31,233,9,221,406,665,162,55,399
2021-07-03,0,1,0,6,0,0,0,0,0,0,3,0,1,0,1,0,0,0,192,7,2511,351,281,17,83,202,16,50,6,0,35,113,3,70,122,84,43,13,77
2021-07-04,0,4,1,4,0,0,0,0,0,0,3,0,0,0,0,0,0,1,238,7,2214,451,308,30,89,235,23,67,2,0,22,127,2,63,110,90,50,15,67
2021-07-05,0,1,0,8,0,0,0,0,0,0,1,0,0,0,0,0,0,0,222,6,2249,410,241,34,111,192,27,105,5,0,21,144,21,201,174,99,42,13,114
2021-07-06,0,4,0,5,0,0,0,0,0,0,5,0,0,0,0,0,0,0,430,4,3848,626,518,72,257,252,33,135,5,0,27,242,6,188,602,243,157,56,265
2021-07-07,0,2,0,8,0,0,0,0,0,0,9,0,0,0,0,0,0,0,570,8,3941,728,482,83,234,295,98,322,5,0,27,202,5,208,496,191,145,82,240
2021-07-08,0,3,1,10,0,0,0,0,0,0,17,0,0,0,0,0,0,0,502,9,3665,608,542,55,198,348,47,244,12,0,40,123,6,166,258,755,203,64,287
2021-07-09,0,0,0,3,0,0,0,0,0,1,9,0,0,0,0,0,0,0,501,14,3095,372,514,43,118,354,30,130,0,0,20,109,6,86,208,424,130,36,168
2021-07-10,0,3,0,10,0,0,0,0,0,0,7,0,0,0,0,0,0,0,331,6,1731,333,261,29,44,225,5,45,6,0,7,125,6,63,76,176,43,9,37
2021-07-11,1,4,0,8,0,0,0,0,0,0,6,0,0,0,0,0,0,0,195,11,1750,292,178,13,46,183,10,21,5,0,11,90,3,42,113,927,23,16,66
2021-07-12,5,0,1,8,0,0,0,0,0,0,10,0,0,0,0,0,0,0,346,9,2572,414,483,26,145,279,34,128,15,0,20,88,2,125,636,672,107,46,175
2021-07-13,1,4,0,6,0,0,0,0,0,2,16,0,0,0,0,0,0,2,500,6,3102,530,441,524,88,373,115,135,12,0,30,158,7,99,361,217,64,263,170
2021-07-14,0,3,3,5,0,0,0,0,0,1,37,0,0,0,0,0,0,0,961,12,4525,692,337,117,123,540,66,201,20,0,28,203,5,100,233,330,83,231,245
2021-07-15,1,15,2,16,0,0,0,0,0,0,15,0,0,0,0,0,0,0,669,9,4621,767,435,57,237,369,37,147,8,0,33,216,1,183,211,195,54,119,219
2021-07-16,0,14,1,12,0,0,0,0,0,0,10,0,0,0,0,0,0,0,419,12,3611,487,280,32,292,342,59,97,7,0,16,133,3,116,172,167,41,85,200
2021-07-17,2,4,0,5,0,0,0,0,0,0,6,0,0,0,0,0,0,0,170,3,2645,317,235,33,76,383,29,69,9,0,11,74,0,63,66,69,16,27,69
2021-07-18,2,4,1,0,0,0,0,0,0,0,1,0,0,0,0,0,0,0,197,6,3152,263,307,21,87,316,31,57,3,0,11,72,1,70,76,40,17,22,35
2021-07-19,0,1,0,5,0,0,0,0,0,1,14,0,0,0,0,0,0,0,368,9,2819,398,299,30,321,323,32,133,4,0,19,114,7,127,145,191,47,49,145
2021-07-20,1,5,0,4,0,0,0,0,0,0,23,0,0,0,0,0,0,0,309,6,3065,505,480,46,361,262,43,74,14,0,25,85,6,112,209,129,39,61,130
2021-07-21,1,7,0,2,0,0,0,0,0,0,39,0,0,0,0,0,0,0,374,5,2244,522,469,48,207,305,91,73,12,0,23,113,5,131,600,67,54,76,116
2021-07-22,1,0,1,8,0,0,0,0,0,1,12,0,0,0,0,0,0,0,442,6,2316,337,414,38,271,605,21,88,9,0,18,231,0,217,490,52,59,65,100
2021-07-23,0,4,0,8,0,0,0,0,0,1,3,0,0,0,0,0,0,1,362,4,2076,320,503,20,155,326,22,124,5,0,13,193,3,177,234,40,142,53,125
2021-07-24,0,1,0,5,0,0,0,0,0,0,4,0,0,0,0,0,0,1,270,4,1069,190,386,17,52,211,4,43,1,0,5,102,1,87,65,13,39,10,29
2021-07-25,0,0,0,1,0,0,0,0,0,0,3,0,0,0,1,0,0,0,553,5,1128,227,452,29,60,143,4,31,5,0,5,96,1,103,77,8,40,12,37
2021-07-26,1,1,1,4,0,0,0,0,0,0,9,0,0,0,0,0,0,0,442,7,1709,296,1306,82,76,282,49,64,8,0,15,179,1,202,163,17,113,52,82
2021-07-27,0,0,1,2,0,0,0,0,0,0,2,0,1,0,1,0,0,0,977,11,2175,219,1023,43,88,242,35,63,2,0,24,527,1,339,123,18,173,93,122
2021-07-28,0,0,0,4,0,0,0,0,0,0,3,0,0,0,0,1,0,1,612,12,3238,239,354,32,85,268,49,87,10,0,25,176,7,579,183,35,64,852,143
2021-07-29,0,2,1,7,0,0,0,0,0,3,1,0,0,0,0,0,0,0,351,10,2746,347,689,217,95,449,22,70,4,3311,17,111,3,532,141,21,45,399,123
2021-07-30,0,1,0,3,0,0,0,0,0,0,1,0,0,0,0,0,0,1,318,7,2580,287,634,57,77,340,15,135,6,1211,18,117,1,269,118,15,46,88,63
2021-07-31,2,3,0,1,0,0,0,0,0,0,0,0,0,0,0,0,0,0,181,3,1261,142,209,16,31,153,4,50,6,336,6,84,4,117,30,13,20,14,35
2021-08-01,2,0,0,5,0,0,0,0,0,0,3,0,0,0,0,0,0,0,149,4,1289,164,188,13,36,219,9,30,3,323,7,109,3,96,49,8,27,31,13
2021-08-02,0,0,0,6,0,0,0,0,0,0,5,0,0,0,0,0,0,0,209,12,2070,258,714,37,67,234,14,90,1,525,14,90,1,250,130,40,33,48,67
2021-08-03,0,1,0,5,0,0,0,0,0,0,4,0,0,0,0,0,0,0,283,6,3255,407,431,52,132,273,17,105,3,1734,17,126,8,407,118,17,39,37,60
2021-08-04,0,0,2,5,0,0,0,0,0,0,5,0,0,0,0,0,0,0,258,6,3198,591,366,44,134,286,13,110,1,3713,22,169,3,761,99,43,35,55,36
2021-08-05,0,0,4,4,0,0,0,0,0,0,14,0,0,0,0,0,0,0,244,5,3177,606,388,21,108,360,36,92,1,2007,26,161,7,420,84,108,25,75,38
2021-08-06,1,3,0,4,0,0,0,0,0,0,8,0,0,0,2,0,0,0,253,9,2364,372,313,24,62,383,28,132,2,1027,9,90,3,268,89,65,39,33,42
2021-08-07,0,1,1,4,0,0,0,0,0,1,4,0,0,0,0,0,0,0,119,2,1616,256,177,13,24,161,13,126,2,174,6,47,3,105,78,26,28,8,27
2021-08-08,0,2,0,3,0,0,0,0,0,0,6,0,0,0,0,0,0,0,139,2,1390,258,304,10,77,143,6,103,2,147,6,81,2,121,83,18,22,12,39
2021-08-09,1,0,0,4,0,0,0,0,0,0,4,0,0,0,3,0,0,1,286,10,2675,454,272,26,39,261,20,305,2,264,14,92,0,190,311,32,63,31,60
2021-08-10,0,6,0,1,0,0,0,0,0,0,1,0,0,0,4,0,0,0,216,8,3375,634,345,18,60,331,27,164,5,281,12,85,2,157,319,32,40,19,56
2021-08-11,0,0,4,5,0,0,0,0,0,0,4,0,0,0,0,0,0,1,191,6,2238,284,328,15,51,249,20,325,3,295,13,78,2,122,377,90,67,16,68
2021-08-12,0,0,1,5,0,0,0,0,0,0,2,0,0,0,0,0,0,1,236,11,2446,344,351,17,63,381,73,733,6,286,13,70,1,98,911,61,96,23,612
2021-08-13,1,0,0,4,0,0,0,0,0,0,9,0,0,0,0,0,0,0,403,10,2080,351,299,34,49,284,50,198,8,338,10,94,8,112,372,116,35,34,917
2021-08-14,0,0,0,2,0,0,0,0,0,0,1,0,0,0,0,0,0,0,216,1,1564,194,138,14,52,220,7,74,1,268,8,79,1,29,54,22,14,1,129
2021-08-15,1,2,0,3,0,0,0,0,0,0,2,0,0,0,0,0,0,0,139,7,1583,168,238,21,88,138,3,58,0,115,10,63,1,53,80,14,14,5,88
2021-08-16,1,1,0,0,0,0,0,0,0,0,6,0,0,0,0,0,0,0,327,6,1939,339,579,15,72,174,67,137,6,228,17,69,3,95,228,38,78,19,253
2021-08-17,4,0,0,3,0,0,0,0,0,0,1,0,0,0,0,0,0,0,311,8,2313,292,665,12,81,219,24,331,2,210,21,103,3,92,227,26,69,132,227
2021-08-18,2,1,0,6,0,0,0,0,0,0,1,0,0,2,0,0,0,1,300,2,2543,260,514,14,295,259,26,486,2,447,23,95,0,132,270,17,40,165,101
2021-08-19,2,11,0,3,0,0,0,0,0,0,7,0,0,0,0,0,0,0,259,8,2366,279,464,15,347,289,17,147,10,503,16,188,3,113,186,19,45,65,188
2021-08-20,2,2,2,5,0,0,0,0,0,0,185,0,0,0,0,0,1,1,258,7,2077,259,755,14,300,331,45,126,6,275,7,339,25,96,183,33,46,46,169
2021-08-21,0,1,0,3,0,0,0,0,0,0,8,0,0,0,0,0,0,2,128,6,1219,136,220,7,80,167,12,70,5,185,2,135,2,28,42,9,16,16,50
2021-08-22,2,1,0,3,0,0,0,0,0,0,0,0,0,0,0,0,0,0,137,7,1244,139,214,6,92,124,19,104,3,106,6,122,1,22,42,16,19,6,42
2021-08-23,1,9,1,6,0,0,0,0,0,0,6,0,0,0,1,0,0,0,204,5,1864,193,327,9,437,212,16,114,3,198,13,153,2,167,114,39,39,24,89
2021-08-24,0,1,0,10,0,0,0,0,0,0,11,0,0,0,1,0,0,0,254,8,4890,802,305,42,274,232,34,184,6,307,42,136,9,152,319,34,47,39,187
2021-08-25,1,1,0,16,0,0,0,0,0,0,9,0,0,0,0,0,0,0,359,3,4127,788,264,28,230,236,29,297,13,252,72,159,20,171,228,23,25,35,113
2021-08-26,0,0,0,4,0,0,0,0,0,0,6,0,0,0,0,0,0,0,221,5,2945,435,355,13,158,388,25,172,18,296,39,126,18,141,87,18,31,30,58
2021-08-27,0,1,0,9,0,0,0,1,0,1,8,0,0,0,0,0,0,0,309,9,2409,438,386,19,182,229,12,165,3,239,33,140,11,150,59,47,28,14,74
2021-08-28,1,0,0,2,0,0,0,0,0,0,4,0,0,0,0,0,0,0,178,7,1614,271,232,11,94,224,5,61,2,142,26,145,36,48,28,6,31,4,51
2021-08-29,0,0,0,5,0,0,0,0,0,0,3,0,0,0,0,0,0,0,185,6,1514,255,286,8,89,290,10,51,4,207,17,123,15,38,40,15,27,6,20
2021-08-30,2,2,0,1,0,0,0,0,0,0,2,0,0,0,0,0,0,0,445,2,2792,407,453,20,145,263,18,143,6,367,41,144,16,101,96,24,46,18,92
2021-08-31,1,4,1,2,0,0,0,0,0,2,1,0,0,0,0,0,0,0,357,7,2737,442,512,27,82,302,21,143,25,395,18,125,7,64,100,55,26,118,54
2021-09-01,2,4,0,2,0,0,0,1,0,0,4,0,1,0,0,0,0,0,288,12,2944,520,415,11,85,262,17,95,5,259,30,83,11,81,80,28,50,37,108
2021-09-02,0,2,0,3,0,0,0,0,0,0,6,0,1,0,0,0,0,0,475,5,2833,340,255,15,73,313,27,117,15,192,21,122,7,79,272,135,34,59,72
2021-09-03,0,1,0,3,0,0,0,0,0,0,4,0,0,0,1,0,0,0,287,10,3684,250,253,22,103,350,10,73,10,186,25,99,3,65,311,77,28,20,42
2021-09-04,0,0,0,5,0,0,0,0,0,0,0,0,0,0,0,0,0,0,165,8,1636,116,344,8,50,165,3,32,1,85,6,54,3,34,60,15,8,5,15
2021-09-05,0,1,0,3,0,0,0,0,0,0,2,0,0,0,0,0,0,0,196,4,1824,153,261,5,43,124,1,37,3,96,12,68,5,34,280,17,6,20,10
2021-09-06,2,0,0,4,0,0,0,0,0,0,3,0,0,0,0,0,0,0,143,5,1858,226,250,19,64,156,14,131,4,95,10,74,18,47,561,15,11,15,57
2021-09-07,0,3,0,5,0,0,0,0,0,0,2,0,0,0,0,0,0,1,318,11,2703,260,646,15,79,282,11,73,6,140,23,66,15,43,1084,32,52,26,54
2021-09-08,0,2,0,1,0,0,0,0,0,0,3,0,0,0,0,0,0,0,289,9,4077,275,572,17,102,295,11,79,1,185,19,66,8,72,775,33,40,23,64
2021-09-09,3,1,0,4,0,0,0,0,0,0,14,0,0,0,1,0,0,0,297,12,4854,251,359,9,128,399,10,101,9,113,31,195,1,74,422,30,30,14,71
2021-09-10,1,4,1,5,0,0,0,0,0,0,6,0,0,0,0,0,0,2,998,12,3078,387,411,14,76,311,15,68,7,167,15,166,2,87,261,24,23,40,57
2021-09-11,0,0,0,0,0,0,0,0,0,0,2,0,0,0,0,0,0,0,446,7,2096,196,249,13,31,155,5,47,4,125,9,54,7,25,50,9,16,4,25
2021-09-12,0,0,0,1,0,0,0,1,0,0,0,0,0,0,0,0,0,0,254,5,2387,234,213,9,38,347,3,33,10,96,19,52,3,56,79,18,12,26,13
2021-09-13,2,13,2,3,0,0,0,0,0,0,3,0,0,0,0,0,0,0,557,9,3334,331,262,9,58,456,9,61,7,186,11,87,4,68,161,18,27,37,34
2021-09-14,0,5,1,3,0,0,0,0,0,0,2,0,0,0,0,0,0,0,971,9,2845,325,272,10,34,330,7,74,3,223,15,118,0,58,161,21,19,48,64
2021-09-15,0,2,0,4,0,0,0,0,0,0,2,0,0,0,0,0,0,1,356,12,2854,311,348,9,34,289,9,178,9,282,21,238,1,68,121,32,22,41,78
2021-09-16,2,4,0,5,0,0,0,0,0,0,2,0,0,0,0,1,0,0,214,7,3423,286,261,18,39,300,4,495,9,320,18,108,2,83,131,26,34,32,86
2021-09-17,0,2,0,3,0,0,0,0,0,0,1,0,0,0,0,0,0,0,316,7,2811,256,259,13,36,292,5,312,4,310,11,100,0,54,115,18,19,22,84
2021-09-18,0,0,0,2,0,0,0,0,0,0,2,0,0,0,0,0,0,0,140,8,1594,201,278,13,25,234,3,99,3,162,7,48,0,23,40,4,13,10,30
2021-09-19,1,1,0,0,0,0,0,0,0,0,0,0,0,0,0,0,0,0,106,10,1356,166,178,14,13,173,5,78,1,103,6,48,1,25,27,2,16,24,22
2021-09-20,1,3,0,3,0,0,0,0,0,0,8,0,0,0,0,1,0,0,312,13,3044,250,317,20,54,299,17,201,1,170,17,110,3,88,80,15,37,34,64
2021-09-21,0,2,0,5,0,0,0,0,0,0,10,0,0,0,1,0,0,0,267,7,2355,235,287,9,41,469,22,87,3,228,18,76,4,45,108,6,25,29,116
2021-09-22,1,0,0,4,0,0,0,0,0,0,8,0,0,0,1,0,0,1,208,5,2261,263,274,17,50,522,15,92,6,219,62,73,4,39,191,8,24,54,132
2021-09-23,2,1,0,4,0,0,0,0,0,0,5,0,0,0,1,0,0,1,216,6,2577,252,239,16,54,432,28,182,5,287,91,75,8,48,100,9,19,83,147
2021-09-24,0,0,0,4,0,0,0,0,0,0,2,0,0,0,0,0,0,1,523,3,2523,206,574,22,71,412,35,95,0,404,49,110,14,38,87,5,23,46,107
2021-09-25,1,0,0,3,0,0,0,0,0,0,1,0,0,0,0,0,0,0,176,6,1704,179,365,14,28,158,8,26,3,356,9,62,6,28,71,4,13,19,63
2021-09-26,1,1,0,5,0,0,0,0,0,0,3,0,0,0,0,0,0,0,153,4,1574,165,304,10,63,221,20,47,8,231,10,81,8,52,47,7,11,22,26
2021-09-27,0,2,0,1,0,0,0,0,0,0,7,0,0,0,0,0,0,0,204,11,1704,117,898,8,84,1130,38,116,18,246,16,80,46,77,106,13,26,57,53
2021-09-28,0,3,0,4,0,0,0,0,0,0,8,0,0,0,1,0,1,1,249,8,2428,148,582,18,96,1680,16,188,14,398,15,137,63,100,68,15,24,18,50
2021-09-29,0,2,0,6,0,0,0,0,0,0,2,0,0,0,0,0,0,0,245,8,2471,188,339,12,57,986,10,141,18,321,9,100,36,79,67,52,8,27,67
2021-09-30,0,1,0,4,0,0,0,0,0,0,2,0,0,0,0,0,0,0,198,10,2762,341,436,19,42,1322,28,119,199,511,18,69,17,98,93,142,12,73,133
2021-10-01,3,1,0,8,0,0,0,0,0,0,7,0,0,0,0,0,0,0,254,8,2234,216,302,17,59,1072,14,97,73,623,20,115,10,46,79,22,35,56,82
2021-10-02,2,0,0,3,0,0,0,0,0,0,0,0,0,0,0,0,0,1,142,6,1679,188,371,9,32,270,11,47,8,199,6,45,5,27,45,8,9,47,53
2021-10-03,1,0,0,2,0,0,0,0,0,0,0,0,0,0,0,0,0,0,138,4,1525,144,959,17,20,314,9,36,3,140,9,42,4,33,23,12,17,67,90
2021-10-04,0,3,0,6,0,0,0,0,0,0,2,0,0,0,0,0,0,1,259,10,2049,212,465,13,113,777,10,146,10,197,16,113,7,107,108,12,23,215,258
2021-10-05,0,1,1,7,0,0,0,0,0,0,0,0,0,0,1,0,0,3,220,9,2021,162,362,15,87,669,19,509,11,289,11,122,11,60,85,28,41,272,206
2021-10-06,0,2,0,4,0,0,0,0,0,0,2,0,0,0,0,0,0,1,164,8,2264,305,296,11,73,607,3,328,10,170,10,104,1,63,70,16,32,236,174
2021-10-07,0,1,0,2,0,0,0,0,0,0,3,0,0,0,1,0,0,2,193,7,2107,204,532,6,92,452,51,105,15,144,32,91,1,147,68,12,43,417,136
2021-10-08,0,1,0,3,0,0,0,0,0,0,2,0,0,0,0,0,0,0,185,2,1982,185,666,11,43,481,173,107,3,196,15,95,61,74,238,12,47,158,67
2021-10-09,1,4,0,4,0,0,0,0,0,0,1,0,0,0,0,0,0,1,97,7,1337,122,131,4,19,202,15,55,3,106,2,31,2,21,51,5,12,30,87
2021-10-10,0,1,0,9,0,0,0,0,0,0,7,0,0,0,0,0,0,2,110,4,1277,156,324,8,13,203,7,53,0,75,7,50,2,26,93,2,14,31,26
2021-10-11,0,10,0,1,0,0,0,0,0,0,8,0,0,0,0,0,0,3,148,10,2098,127,538,14,28,403,24,135,3,179,18,61,3,40,392,9,25,52,49
2021-10-12,0,1,0,3,0,0,0,0,0,0,1,0,0,0,0,0,0,0,416,7,2178,203,425,15,26,587,13,55,4,184,12,69,4,40,155,7,16,33,50
2021-10-13,0,0,0,3,0,0,0,0,0,0,4,0,0,0,0,0,0,0,306,8,3097,163,339,17,36,1076,12,69,9,290,58,68,3,74,83,12,35,44,57
2021-10-14,0,9,1,4,0,0,0,1,0,0,3,0,1,0,0,0,0,1,172,7,2429,236,354,16,67,584,12,75,6,251,34,123,0,93,142,83,21,50,67
2021-10-15,0,21,0,2,0,0,0,0,0,0,6,0,0,0,0,0,0,2,238,7,2354,201,766,25,52,373,12,84,6,311,44,119,5,83,77,148,31,34,133
2021-10-16,0,1,0,2,0,0,0,0,0,0,3,0,0,0,0,0,0,0,112,4,2142,141,535,21,20,244,4,31,8,158,7,54,8,26,15,12,17,9,31
2021-10-17,0,3,0,1,0,0,0,0,0,0,1,0,0,0,0,0,0,0,111,9,1419,96,392,9,35,201,0,19,2,83,7,36,1,46,20,5,11,16,33
2021-10-18,0,3,1,4,0,0,0,0,0,0,3,0,0,0,0,0,0,0,398,6,2640,209,890,18,33,448,14,86,10,224,21,74,16,120,48,34,41,28,59
2021-10-19,0,3,0,0,0,0,0,0,0,0,7,0,0,0,0,0,0,0,239,6,4103,311,724,27,61,641,49,90,12,285,87,96,3,102,69,24,37,418,160
2021-10-20,1,2,4,2,0,0,0,0,0,0,3,0,0,0,1,0,0,0,224,8,2975,252,1134,11,38,739,27,67,6,205,51,150,7,82,58,17,18,299,383
2021-10-21,0,4,4,7,0,0,0,0,0,0,5,0,0,0,1,0,0,0,436,11,2658,157,1354,18,52,895,63,61,12,219,32,103,4,188,34,21,14,151,131
2021-10-22,1,2,2,3,0,0,0,0,0,0,5,0,0,0,0,0,0,0,435,10,2985,269,823,17,65,968,21,71,7,282,25,92,5,186,59,11,20,56,81
2021-10-23,1,1,0,8,0,0,0,0,0,0,1,0,0,0,0,0,0,0,292,4,1906,196,392,4,53,604,10,34,3,200,8,99,2,150,36,8,12,22,17
2021-10-24,0,2,0,0,0,0,0,0,0,0,0,0,1,0,0,0,0,0,192,4,1483,137,227,9,31,409,14,24,1,156,3,76,3,78,14,11,7,20,19
2021-10-25,0,3,0,0,0,0,0,0,0,0,2,0,0,0,1,0,0,0,395,3,1556,198,3298,21,81,647,11,54,5,231,14,109,2,218,40,12,49,28,45
2021-10-26,1,4,0,5,0,0,0,0,0,0,2,0,0,0,0,1,0,1,476,8,2491,187,3210,15,349,794,17,126,5,692,13,345,5,546,57,11,33,47,32
2021-10-27,1,5,0,7,0,0,0,0,0,0,7,0,0,0,0,0,0,0,412,13,2282,214,1609,26,152,604,16,83,5,720,15,433,6,340,39,21,36,54,46
2021-10-28,0,4,2,2,0,0,0,0,0,0,1,0,0,0,0,0,0,0,1155,6,2901,188,1728,21,123,566,9,96,1,290,21,284,0,209,36,17,40,29,91
2021-10-29,0,3,0,5,0,0,0,0,0,0,0,0,0,0,0,0,0,1,766,9,5780,153,1730,16,211,450,8,79,3,657,24,391,0,136,28,20,43,28,35
2021-10-30,0,2,0,2,0,0,0,0,0,0,0,0,0,0,0,0,0,1,279,5,2369,153,1252,19,106,319,7,50,4,222,11,230,1,76,16,2,14,20,18
2021-10-31,0,3,0,14,0,0,0,0,0,0,16,0,0,0,0,0,0,0,438,3,2020,160,820,9,116,282,10,27,5,96,11,279,5,69,14,9,10,11,15
2021-11-01,0,1,0,6,0,0,0,0,0,0,23,0,0,0,0,0,0,0,457,10,3570,238,2621,8,125,403,19,97,5,158,10,257,4,163,35,14,43,32,35
2021-11-02,1,4,0,4,0,0,0,0,0,0,4,0,0,0,0,0,0,0,357,12,4194,377,3211,37,156,562,21,123,845,182,30,305,4,104,48,14,33,50,29
2021-11-03,0,1,0,5,0,0,0,0,0,0,8,0,0,0,1,0,0,0,295,13,4211,417,2387,33,144,557,11,96,990,339,45,179,16,177,71,25,31,43,48
2021-11-04,0,0,0,7,0,0,0,0,0,0,5,0,0,0,1,0,0,0,316,16,3277,158,2606,17,1433,436,24,105,152,303,30,210,3,400,35,22,73,48,46
2021-11-05,1,4,0,4,0,0,0,0,0,0,5,0,0,0,0,0,0,0,323,10,3031,180,1375,16,833,465,32,101,142,255,12,149,1,379,48,23,43,63,46
2021-11-06,1,2,0,6,0,0,0,0,0,0,3,0,0,0,0,0,0,0,181,7,2479,155,1449,7,198,397,24,95,47,151,25,103,1,92,47,6,33,22,49
2021-11-07,0,0,0,1,0,0,0,0,0,0,0,0,0,0,1,0,0,0,146,8,2167,174,2652,11,105,611,25,76,34,123,7,93,1,58,36,9,47,11,41
2021-11-08,0,2,0,3,0,0,0,0,0,0,8,0,0,0,0,0,0,0,193,5,3289,346,2789,9,407,587,64,222,49,263,9,132,26,865,207,71,109,254,83
2021-11-09,0,2,1,4,0,0,0,0,0,0,6,0,0,0,1,0,0,0,213,5,4674,246,2257,11,586,706,63,718,38,450,16,123,52,552,93,62,149,135,91
2021-11-10,0,0,4,4,0,0,0,0,0,0,2,0,0,0,0,0,0,1,214,18,4100,204,2276,17,363,596,36,384,41,275,10,95,17,356,55,18,47,37,263
2021-11-11,0,3,2,3,0,0,0,0,0,0,2,0,0,0,0,0,0,0,187,10,3719,170,1439,9,339,433,105,181,88,231,11,127,3,315,45,14,26,26,319
2021-11-12,0,2,0,6,2,0,0,0,0,0,1,0,0,0,1,0,0,2,235,6,2756,180,1165,12,355,466,196,159,25,182,8,129,83,212,37,14,35,208,104
2021-11-13,0,0,0,4,0,0,0,0,0,0,1,0,0,0,1,0,0,2,188,9,2042,155,957,12,172,156,58,88,13,248,17,120,2,81,8,16,16,41,69
2021-11-14,0,0,0,9,0,0,0,0,0,0,14,0,0,0,0,0,0,3,151,8,1681,120,1130,17,178,286,57,64,9,141,14,83,4,115,17,7,18,50,48
2021-11-15,0,0,0,3,1,0,0,0,0,0,5,0,0,0,0,1,0,17,181,6,2583,136,1750,14,376,561,207,98,25,135,18,118,4,129,145,18,57,343,97
2021-11-16,0,3,2,6,0,0,0,0,0,0,8,0,0,0,0,0,0,1,252,27,2592,155,1680,12,314,575,133,105,36,190,17,137,1,161,115,20,40,168,45
2021-11-17,1,0,0,6,0,0,0,0,0,0,5,0,0,0,0,0,0,4,377,10,2811,175,1662,13,1054,401,88,142,46,215,10,132,12,187,50,13,51,70,54
2021-11-18,1,1,0,6,0,0,0,0,0,0,1,0,0,0,0,0,0,0,862,7,2751,115,1038,14,938,452,74,206,29,204,20,162,25,255,201,15,59,196,115
2021-11-19,0,1,1,4,0,0,0,0,0,0,4,0,0,0,0,1,0,2,635,18,3355,113,931,24,474,372,53,161,18,274,16,155,11,203,79,14,36,312,121
2021-11-20,0,0,0,6,0,0,0,0,0,0,1,0,0,0,0,0,0,0,258,6,2121,90,508,6,164,212,13,54,5,129,9,81,2,62,18,8,30,40,83
2021-11-21,0,0,0,3,0,0,0,0,0,0,2,0,0,0,0,0,0,0,225,10,1712,113,507,4,200,168,25,46,11,97,6,103,5,76,24,8,18,44,42
2021-11-22,1,1,0,0,0,0,0,0,0,0,5,0,0,0,0,0,0,0,550,8,4169,155,925,8,453,459,97,180,18,265,17,168,3,233,57,20,69,95,93
2021-11-23,2,2,0,0,0,0,0,1,0,0,4,0,0,0,0,0,0,0,313,10,4896,115,855,7,308,480,23,259,28,203,13,159,4,153,68,29,43,61,63
2021-11-24,1,1,1,0,0,0,0,1,0,0,1,0,0,0,0,0,0,0,253,8,2844,121,811,17,252,325,25,267,17,299,30,155,5,164,52,17,41,105,212
2021-11-25,0,0,0,5,0,0,0,0,0,0,2,0,0,0,0,0,0,0,145,5,1888,63,309,11,123,159,14,91,4,140,42,103,5,104,32,6,34,58,180
2021-11-26,0,3,0,1,0,0,0,0,0,0,30,0,0,0,0,0,0,0,201,9,2500,114,344,15,220,294,5,119,3,98,19,172,8,169,29,8,34,34,77
2021-11-27,1,0,0,2,1,0,0,0,0,0,3,0,0,0,0,0,0,0,117,3,1775,73,263,2,90,165,9,33,12,60,3,111,1,70,11,5,6,10,57
2021-11-28,0,0,0,3,0,0,0,0,0,0,5,0,0,0,1,0,0,0,150,8,1784,66,283,3,88,143,5,39,5,78,14,76,1,47,12,7,20,19,50
2021-11-29,0,0,0,2,0,0,0,0,0,0,24,0,0,0,0,0,0,0,236,9,3047,151,536,10,301,872,15,85,9,228,11,227,6,210,41,12,39,56,114
2021-11-30,0,0,0,5,0,0,0,0,0,1,6,0,0,0,0,0,0,1,911,19,3632,189,730,10,273,645,15,92,7,283,8,264,3,201,52,28,31,40,119
2021-12-01,2,1,2,6,1,0,0,0,0,0,24,0,0,0,0,0,0,1,980,11,4058,256,547,5,316,565,12,166,14,320,19,177,5,226,95,12,42,47,109
2021-12-02,0,0,1,3,0,0,0,0,0,0,13,0,0,0,0,0,0,0,731,15,4175,223,490,12,260,526,15,141,8,286,13,185,1,151,76,19,62,57,122
2021-12-03,1,0,4,4,0,0,0,0,0,0,12,0,0,0,0,0,0,0,368,8,4692,202,749,5,313,428,20,182,9,324,17,240,1,203,89,11,102,42,108
2021-12-04,0,0,3,2,2,0,0,0,0,0,1,0,0,0,0,0,0,0,204,5,3166,98,480,3,169,174,5,86,4,164,12,162,1,79,13,9,21,12,40
2021-12-05,0,0,0,2,0,0,0,0,0,0,3,0,0,0,0,0,0,0,173,7,2008,120,401,5,102,180,5,50,3,142,13,116,3,58,19,5,22,2,21
2021-12-06,1,1,0,5,0,0,0,0,0,0,28,0,0,0,0,0,0,1,318,5,3892,182,946,10,363,480,7,113,9,143,9,181,5,178,37,11,37,24,62
2021-12-07,1,0,1,4,0,0,0,0,0,0,10,0,0,0,0,0,0,0,632,3,4233,122,736,16,311,508,13,84,6,182,22,149,1,193,49,10,20,30,75
2021-12-08,1,1,0,0,0,0,0,0,0,0,5,0,0,0,0,0,0,1,900,15,6787,155,877,9,235,527,28,88,10,167,12,190,1,125,36,22,40,43,71
2021-12-09,0,1,0,2,0,0,0,0,0,0,8,0,0,0,0,0,0,0,837,21,6567,181,940,26,206,526,28,147,5,249,12,255,4,156,38,8,24,28,42
2021-12-10,0,0,0,4,0,0,0,0,0,0,3,0,0,0,0,0,0,0,975,13,5297,335,977,15,171,918,11,103,17,253,13,241,0,106,38,7,30,42,44
2021-12-11,0,0,0,4,0,0,0,0,0,0,1,0,0,0,0,0,0,0,604,5,3031,184,573,9,88,289,7,21,8,128,4,127,1,52,16,10,10,5,23
2021-12-12,0,0,0,4,0,0,0,0,0,0,2,0,0,0,0,0,0,0,492,18,2168,102,603,17,114,196,2,63,1,84,7,122,6,85,10,10,10,18,31
2021-12-13,0,3,0,3,1,0,0,0,0,0,6,0,0,0,0,0,0,0,1022,14,5232,428,822,20,341,421,6,89,7,223,6,163,3,126,35,21,15,32,43
2021-12-14,0,1,0,6,1,0,0,0,0,0,1,0,0,0,0,0,0,0,600,11,5195,476,831,11,290,396,7,164,12,300,10,265,4,118,58,20,27,41,62
2021-12-15,0,1,1,6,0,0,0,0,0,0,2,0,0,0,0,0,0,0,555,26,4046,208,757,15,310,547,10,109,13,297,26,206,6,175,44,13,63,56,82
2021-12-16,0,1,0,0,0,0,0,0,0,0,3,0,0,0,0,0,0,0,525,7,3801,144,776,8,353,530,14,136,7,246,7,166,4,120,21,13,69,15,57
2021-12-17,0,0,1,7,8,0,0,0,0,0,5,0,0,0,0,0,0,0,438,6,4133,486,611,19,223,413,14,115,4,263,13,161,6,93,26,17,33,24,52
2021-12-18,0,0,0,4,1,0,0,0,0,0,1,0,0,0,0,0,0,0,245,2,2730,211,329,13,113,394,10,84,4,188,22,116,9,66,29,20,31,30,64
2021-12-19,2,0,0,4,0,0,0,0,0,0,1,0,0,0,1,0,0,0,143,6,1974,133,298,8,92,196,10,37,3,100,25,70,1,32,9,2,19,9,24
2021-12-20,1,2,0,4,3,0,0,0,0,0,28,0,0,0,0,0,0,1,276,3,2870,271,561,10,183,361,14,109,8,157,17,135,7,56,30,7,46,51,41
2021-12-21,2,0,0,2,0,0,0,0,0,0,11,0,0,0,0,0,0,0,251,5,3116,129,545,2,207,390,13,132,12,219,36,153,7,80,24,7,31,38,74
2021-12-22,0,4,0,3,1,0,0,0,0,0,5,0,0,0,0,0,0,0,379,3,3369,131,1035,12,189,308,73,121,11,230,28,111,53,98,28,4,32,25,71
2021-12-23,0,0,0,0,0,0,0,0,0,0,6,0,0,0,0,0,0,2,340,2,3023,124,1094,29,260,235,22,103,4,152,23,202,15,132,35,8,30,22,34
2021-12-24,0,0,1,1,0,0,0,0,0,0,2,0,0,0,0,0,0,0,165,7,1906,56,424,3,75,119,4,27,3,110,11,93,2,79,5,3,12,10,19
2021-12-25,0,0,0,1,0,0,0,0,0,0,0,0,0,0,1,0,0,0,130,4,1432,69,271,2,52,90,3,38,1,87,3,59,6,50,12,4,8,4,18
2021-12-26,0,3,0,0,0,0,0,0,0,0,3,0,0,0,0,0,0,0,157,9,1416,41,318,4,49,96,3,36,2,100,4,90,1,39,9,4,11,17,14
2021-12-27,0,0,0,2,1,0,0,0,0,0,12,0,0,0,0,0,0,0,387,7,2285,74,1049,24,154,198,9,85,7,184,14,151,3,118,17,7,31,29,35
2021-12-28,0,1,0,12,2,0,0,0,0,0,3,0,0,0,0,0,0,0,359,6,3832,115,831,17,238,239,6,133,5,208,8,179,3,130,28,11,44,24,47
2021-12-29,0,3,0,14,0,0,0,0,0,0,3,0,0,0,0,0,0,0,357,7,3545,171,1152,10,209,308,14,172,12,353,8,159,8,160,22,22,89,68,56
2021-12-30,0,1,1,8,0,0,0,0,0,0,2,0,0,0,0,0,0,0,338,5,3159,148,1123,7,174,325,17,162,11,312,11,153,18,125,47,31,302,51,73
2021-12-31,0,3,0,9,2,0,0,0,0,0,6,0,0,0,0,0,0,2,258,4,2952,210,681,8,164,279,9,81,11,448,14,157,7,87,28,12,157,23,49
2022-01-01,1,0,0,5,0,0,0,0,0,0,0,0,0,0,0,0,0,0,167,3,1579,103,362,7,99,108,8,48,13,124,6,135,9,69,23,4,25,11,31
2022-01-02,1,1,0,5,0,0,0,0,0,0,3,0,0,0,0,0,0,0,303,1,1704,103,1027,16,107,162,14,50,17,140,9,183,6,104,24,4,50,13,33
2022-01-03,0,2,0,5,0,0,0,0,0,0,11,0,0,0,0,0,0,0,623,9,2585,97,2621,13,207,396,30,95,24,217,15,251,7,151,27,18,66,88,33
2022-01-04,0,5,0,7,0,0,0,0,0,0,6,0,0,0,0,0,0,1,577,6,3087,115,2083,19,390,450,29,97,20,238,14,233,9,282,10,12,51,43,55
2022-01-05,0,1,0,3,0,0,0,0,0,0,5,0,0,0,0,0,0,0,430,9,4149,291,1339,17,364,353,26,218,39,262,19,341,2,220,31,13,42,56,74
2022-01-06,1,0,0,0,1,0,0,0,0,0,4,0,0,0,0,0,0,0,426,17,7457,327,1105,15,230,451,21,156,131,362,27,252,15,133,46,22,42,49,109
2022-01-07,1,3,0,6,0,0,0,0,0,0,6,0,0,0,0,0,0,0,327,8,9400,343,843,26,198,380,24,117,56,348,18,240,13,121,52,18,27,62,73
2022-01-08,0,1,0,4,0,0,0,0,0,0,0,0,0,0,0,1,0,0,259,9,3565,233,668,12,123,171,15,88,21,250,7,239,8,85,25,11,25,94,39
2022-01-09,0,0,0,3,0,0,0,0,0,0,4,0,0,0,1,0,0,0,360,13,3222,439,899,20,102,187,11,80,7,166,13,131,9,96,22,12,39,100,69
2022-01-10,1,1,0,5,0,0,0,0,0,0,5,0,0,0,0,0,0,0,347,12,4465,400,1122,26,344,211,22,216,15,291,12,253,9,181,45,14,21,412,104
2022-01-11,1,1,0,3,0,0,0,0,0,0,4,0,0,0,0,0,0,0,548,13,4659,188,1167,22,212,442,6,129,20,509,20,282,3,129,44,9,26,111,69
2022-01-12,0,3,0,4,0,0,0,0,0,0,2,0,0,0,1,0,0,3,279,13,3842,170,1055,15,144,433,7,79,26,404,14,163,3,110,48,17,40,149,64
2022-01-13,1,2,0,2,0,0,0,0,0,0,11,0,0,0,0,0,0,0,291,10,4294,576,983,33,209,420,4,120,131,345,24,306,7,121,50,158,25,125,51
2022-01-14,1,3,0,4,1,0,0,0,0,0,6,0,0,0,0,0,0,1,367,16,4988,382,1012,31,154,406,1,175,56,320,26,298,0,99,67,81,43,68,111
2022-01-15,0,3,0,8,0,0,0,0,0,0,3,0,0,0,1,0,0,2,234,7,2873,276,449,15,73,174,19,96,14,123,15,142,0,71,36,26,8,33,86
2022-01-16,0,1,0,2,0,0,0,0,0,0,8,0,0,0,0,0,0,0,199,2,1971,313,370,30,177,160,10,34,14,108,11,182,0,76,27,9,6,31,66
2022-01-17,0,2,0,1,1,0,0,0,0,0,4,0,0,0,1,0,0,0,221,7,2499,183,367,24,101,216,0,53,28,173,14,124,0,112,21,13,11,26,76
2022-01-18,0,0,0,4,0,0,0,0,0,0,7,0,0,0,0,0,0,0,335,12,4439,462,748,15,168,395,6,181,26,206,34,1483,0,131,76,41,22,41,94
2022-01-19,0,7,0,6,0,0,0,0,0,0,10,0,0,0,0,0,0,0,360,11,5253,318,776,9,183,520,2,202,16,247,13,1137,0,121,53,38,18,60,72
2022-01-20,0,5,0,5,0,0,0,0,0,0,16,0,0,0,0,0,0,1,450,11,4782,231,882,13,197,549,10,184,3,290,15,522,0,261,39,33,25,48,71
2022-01-21,0,0,1,6,1,0,0,0,0,0,10,0,0,0,0,0,0,0,658,19,5963,381,1024,13,274,493,10,244,9,430,10,504,0,163,50,35,32,47,78
2022-01-22,0,1,0,2,0,0,0,0,0,0,2,0,0,0,0,0,0,1,497,4,2688,145,1098,7,122,162,2,98,3,263,9,444,0,78,28,18,20,11,50
2022-01-23,0,1,0,2,0,0,0,0,0,0,2,0,0,0,0,0,0,3,353,11,2492,111,736,4,128,217,1,69,5,205,11,304,0,48,14,21,15,36,38
2022-01-24,0,0,0,2,0,0,0,0,0,0,0,0,0,0,0,0,0,1,584,7,4568,289,1389,9,240,478,1,225,51,379,9,662,0,151,41,12,47,35,49
2022-01-25,0,8,1,2,1,0,0,0,0,0,5,0,0,0,0,0,0,3,599,11,4215,225,1510,10,257,514,2,153,26,270,13,2722,0,140,21,19,19,20,45
2022-01-26,2,0,0,6,0,0,0,0,0,0,4,0,0,0,0,0,0,0,642,15,5886,240,2526,28,158,534,3,138,18,324,15,1371,0,137,20,19,32,38,58
2022-01-27,0,1,0,5,1,0,0,0,0,0,1,0,0,0,0,0,0,0,2486,7,4313,201,2221,14,202,436,3,125,14,1258,9,421,0,393,23,14,44,39,51
2022-01-28,1,0,0,5,0,0,0,0,0,0,7,0,0,0,0,0,0,0,1504,9,6285,305,1476,16,189,520,3,99,30,1330,26,313,0,336,26,12,66,29,60
2022-01-29,0,1,0,3,0,0,0,0,0,0,2,0,0,0,0,0,0,0,455,10,3940,140,754,24,111,251,3,42,6,294,16,134,0,249,15,11,21,19,31
2022-01-30,1,0,0,3,0,0,0,0,0,0,2,0,0,0,0,0,0,0,380,10,2396,104,373,9,68,177,0,88,8,316,6,134,0,120,12,8,14,7,16
2022-01-31,0,0,0,5,0,0,0,0,0,0,6,0,0,0,0,0,0,0,460,6,3326,137,875,33,159,363,9,245,31,360,43,448,0,358,51,36,104,82,101
2022-02-01,0,3,0,4,0,0,0,0,0,0,1,0,0,0,0,0,0,0,355,6,4002,326,832,12,290,350,16,183,18,331,14,324,0,1312,26,28,21,57,61
2022-02-02,0,3,0,0,0,0,0,0,0,0,2,0,0,0,0,0,0,0,705,7,3342,170,710,26,333,551,9,123,13,274,11,401,0,994,18,21,24,26,45
2022-02-03,0,5,0,6,2,0,0,0,0,0,1,0,0,0,0,0,0,0,1137,3,5122,137,823,35,207,807,3,87,7,267,14,667,0,286,15,25,16,26,42
2022-02-04,0,0,0,3,0,0,0,0,0,0,3,0,0,0,0,0,0,0,642,9,3350,109,602,16,219,559,2,92,8,250,22,412,0,212,30,19,28,18,33
2022-02-05,1,1,0,4,0,0,0,0,0,0,1,0,0,0,0,0,0,0,653,9,2508,95,262,10,82,346,7,51,3,113,5,646,0,104,10,2,21,9,26
2022-02-06,0,0,1,7,0,0,0,0,0,0,2,0,0,0,0,0,0,0,379,7,2009,89,295,7,96,276,12,35,2,74,11,258,0,69,5,2,3,30,19
2022-02-07,1,0,0,4,0,0,0,0,0,0,8,0,0,0,0,0,0,1,538,5,2655,79,641,32,152,375,15,64,7,103,18,248,0,89,9,17,31,35,20
2022-02-08,0,6,0,3,0,0,0,0,0,0,0,0,0,0,0,0,0,0,812,4,3800,144,488,10,312,627,4,79,3,148,21,351,0,154,18,9,23,35,44
2022-02-09,0,0,0,5,1,0,0,0,0,0,4,0,0,0,0,0,0,0,579,8,3625,130,481,11,451,584,12,85,8,163,11,309,0,211,15,15,54,93,42
2022-02-10,0,4,0,6,0,0,0,0,0,0,1,0,0,0,0,0,0,0,266,14,3650,186,367,10,229,834,5,61,6,133,8,234,0,145,12,4,18,68,29
2022-02-11,1,5,0,2,0,0,0,0,0,0,1,0,0,0,0,0,0,0,289,14,3071,119,426,4,310,762,6,56,6,171,1,181,0,389,5,10,14,52,14
2022-02-12,1,0,0,2,1,0,0,0,0,0,0,0,0,0,0,0,0,2,198,7,1464,240,182,6,172,255,9,76,9,135,0,133,0,139,2,4,4,16,12
2022-02-13,0,0,0,0,0,0,0,0,0,0,0,0,0,0,0,0,0,0,241,4,1134,71,253,6,132,204,11,55,1,159,3,130,0,85,8,4,5,15,13
2022-02-14,0,0,0,7,0,0,0,0,0,0,0,0,0,0,0,0,0,7,186,5,1462,70,503,14,223,502,3,86,3,113,2,89,0,164,10,6,11,16,18
2022-02-15,0,0,0,6,2,0,0,0,0,0,2,0,0,0,0,0,0,2,186,7,2170,72,543,6,451,573,3,135,3,201,12,159,0,164,11,238,16,21,47
2022-02-16,0,1,2,5,2,0,0,0,0,0,3,0,0,0,0,0,0,0,380,7,2850,126,269,10,1690,563,12,156,4,210,13,184,0,231,18,66,22,30,24
2022-02-17,0,2,0,2,2,0,0,0,0,0,1,0,0,0,0,0,0,0,442,10,2651,124,479,11,895,624,8,697,6,216,14,224,0,164,26,20,16,6,27
2022-02-18,1,5,0,3,0,0,0,0,0,0,1,0,0,0,0,0,0,1,362,8,2418,103,499,4,318,570,4,385,5,190,3,226,0,156,16,46,13,11,26
2022-02-19,2,8,0,3,1,0,0,0,0,0,5,0,0,0,2,0,0,0,163,7,1882,54,277,3,79,320,1,140,5,66,2,91,0,63,17,24,2,1,9
2022-02-20,0,0,0,3,0,0,0,0,0,0,0,0,0,0,0,0,0,0,232,4,1574,46,362,9,66,324,1,97,4,68,9,96,0,39,22,12,5,5,19
2022-02-21,3,3,0,3,1,0,0,0,0,0,0,0,0,0,0,0,0,0,261,9,1756,71,468,9,92,560,5,101,11,96,4,164,0,50,17,12,8,3,22
2022-02-22,0,5,0,3,1,0,0,0,0,0,0,0,0,0,0,0,0,1,356,14,2691,69,503,6,125,678,1,158,2,96,4,224,0,126,25,64,14,8,21
2022-02-23,1,2,0,0,0,0,0,0,0,0,3,0,0,0,0,0,0,0,422,12,3015,75,1096,9,123,801,1,475,3,124,14,165,0,173,132,34,14,9,46
2022-02-24,0,5,1,2,2,0,0,0,0,0,0,0,0,0,0,0,0,0,376,13,3146,112,1032,6,153,1166,5,299,21,114,10,196,0,182,73,16,27,11,30
2022-02-25,1,1,1,5,0,0,0,0,0,0,2,0,0,0,0,0,0,0,245,8,2348,101,389,5,158,627,7,117,10,166,12,90,0,147,33,12,16,7,29
2022-02-26,0,0,0,1,2,0,0,0,0,0,0,0,0,0,0,0,0,0,134,7,2242,60,180,5,49,365,3,44,1,138,1,70,0,50,10,5,19,3,29
2022-02-27,0,1,0,4,0,0,0,0,0,0,0,0,0,0,0,0,0,0,105,6,1256,27,341,4,62,394,2,52,2,76,5,25,0,67,11,6,3,2,13
2022-02-28,0,1,0,2,2,0,0,0,0,0,5,0,0,0,0,0,0,0,148,15,1731,75,522,1,64,527,2,101,14,122,2,56,0,74,36,8,24,2,19
2022-03-01,0,4,0,1,1,0,0,0,0,0,6,0,0,0,0,0,0,0,165,10,2029,244,512,4,73,595,1,97,4,115,4,67,0,142,21,8,11,3,57
2022-03-02,0,2,0,1,0,0,0,0,0,0,4,0,0,0,0,0,0,0,1286,7,2591,216,480,7,54,621,5,72,4,149,5,146,0,127,16,23,23,7,20
2022-03-03,0,6,0,8,1,0,0,0,0,0,2,0,0,0,0,0,0,0,988,7,2501,87,509,6,61,703,6,85,1,195,14,138,0,118,23,27,19,28,25
2022-03-04,2,5,1,2,0,0,0,0,0,0,8,0,0,0,0,0,0,0,337,7,2485,94,437,17,46,748,3,75,2,423,8,92,0,127,13,12,28,9,25
2022-03-05,1,7,0,3,0,0,0,0,0,0,3,0,0,0,0,0,0,0,175,6,1776,88,288,5,22,332,4,39,3,123,5,73,0,34,7,4,8,6,19
2022-03-06,2,1,0,2,0,0,0,0,0,0,1,0,0,0,0,0,0,1,308,6,1265,94,225,8,37,437,1,30,0,74,5,73,0,48,11,4,17,8,16
2022-03-07,0,4,0,6,2,0,0,0,0,0,26,0,0,0,0,0,0,1,591,18,5080,110,624,26,105,580,3,92,2954,155,26,135,0,108,44,15,35,13,28
2022-03-08,1,2,0,2,0,0,0,0,0,0,21,0,0,0,0,0,0,1,1035,12,2800,73,575,11,70,676,4,50,569,163,4,160,0,96,61,7,20,15,27
2022-03-09,0,3,0,4,2,0,0,0,0,0,7,0,0,0,0,0,0,1,278,9,2492,69,397,7,58,587,8,49,561,114,14,109,0,61,60,10,16,6,15
2022-03-10,0,4,0,3,2,0,0,0,0,0,4,0,0,0,0,0,0,0,269,13,2202,53,449,1,54,563,5,50,246,106,4,103,0,90,38,5,52,7,16
2022-03-11,0,2,0,1,0,0,0,0,0,0,3,0,0,0,1,0,0,0,357,7,2282,53,516,3,88,471,4,64,105,120,2,84,0,76,31,8,62,6,27
2022-03-12,0,1,0,5,0,0,0,0,0,0,1,0,0,0,0,0,0,0,246,4,1662,59,183,6,48,185,2,34,85,97,4,77,0,39,5,7,27,9,11
2022-03-13,0,0,0,2,0,0,0,0,0,0,0,0,0,0,0,0,0,0,160,9,1359,79,231,2,27,203,0,35,46,51,9,67,0,42,9,4,14,6,11
2022-03-14,0,1,0,3,0,0,0,0,0,0,2,0,0,0,0,0,0,0,519,10,3625,76,589,15,58,508,6,43,113,150,14,155,0,89,42,18,89,17,33
2022-03-15,0,3,0,2,0,0,0,0,0,0,10,0,0,0,0,0,0,2,306,13,3526,318,442,4,80,575,1,56,110,131,11,143,0,93,11,8,90,6,26
2022-03-16,0,0,0,2,0,0,0,0,0,0,6,0,0,0,0,0,0,0,190,5,3155,206,399,10,74,654,13,61,104,170,14,97,0,83,17,8,95,7,46
2022-03-17,0,2,0,5,0,0,0,0,0,0,6,0,0,0,0,0,0,0,205,13,5855,127,510,9,79,677,9,58,98,124,12,121,0,132,21,29,32,10,33
2022-03-18,0,0,0,3,0,0,0,0,0,0,2,0,0,0,0,0,0,0,292,18,5161,99,549,8,175,549,7,48,124,175,5,138,0,101,14,18,43,8,26
2022-03-19,0,0,0,2,0,0,0,0,0,0,0,0,0,0,0,0,0,0,135,5,1986,65,381,2,42,155,6,22,37,97,2,71,0,12,7,4,32,3,15
2022-03-20,0,0,0,0,0,0,0,0,0,0,0,0,0,0,0,0,0,0,147,4,1687,79,276,5,44,290,4,23,19,98,3,73,0,49,13,6,28,8,16
2022-03-21,0,7,0,6,0,0,0,0,0,0,4,0,0,0,0,0,0,0,164,10,2267,67,573,6,111,419,7,18,50,195,9,76,0,66,26,2,39,7,16
2022-03-22,0,0,1,2,0,0,0,0,0,0,1,0,0,0,0,0,0,0,210,14,7284,255,1073,17,236,443,18,40,139,237,11,88,0,198,25,11,34,83,26
2022-03-23,0,1,2,6,2,0,0,0,0,0,4,0,0,0,0,0,0,1,380,6,8397,507,1276,23,151,706,25,34,163,325,37,68,0,159,65,2,37,78,19
2022-03-24,0,1,0,1,1,0,0,0,0,1,4,0,0,0,0,0,0,0,356,6,6128,273,821,27,437,594,58,38,136,342,14,93,0,199,39,14,138,646,14
2022-03-25,0,2,0,2,0,0,0,0,0,0,4,0,0,0,0,0,0,2,451,7,6328,166,810,32,249,571,87,85,395,217,13,138,0,121,19,8,113,871,23
2022-03-26,0,0,0,5,0,0,0,0,0,0,0,0,0,0,0,0,0,0,365,2,2902,96,491,10,95,362,32,40,51,162,10,175,0,64,15,8,23,101,19
2022-03-27,0,0,0,6,0,0,0,0,0,0,0,0,0,0,0,0,0,1,224,3,2297,85,250,5,55,209,73,10,41,78,11,57,0,21,8,5,15,115,7
2022-03-28,0,1,0,6,0,0,0,0,0,0,0,0,0,0,0,0,0,0,398,13,6838,766,1328,17,89,603,76,23,133,174,20,62,0,132,30,6,26,317,16
2022-03-29,0,3,1,5,0,0,0,0,0,0,3,0,0,0,0,0,0,0,405,6,8170,763,914,22,142,2008,37,50,187,963,24,96,0,118,59,46,33,301,37
2022-03-30,0,0,0,2,0,0,0,0,0,0,2,0,0,0,0,0,0,0,418,9,5240,347,683,9,135,547,33,34,63,397,15,85,0,125,32,12,46,304,18
2022-03-31,0,0,0,3,0,0,0,0,0,0,8,0,0,0,0,0,0,0,400,6,7736,352,746,25,181,750,44,38,167,184,20,120,0,552,9,8,37,136,30
2022-04-01,0,0,0,3,0,0,0,0,0,0,2,0,0,0,0,0,0,0,360,6,8289,234,815,9,124,438,24,34,51,186,13,76,0,248,10,9,29,156,15
2022-04-02,0,0,0,4,1,0,0,0,0,0,0,0,0,0,0,0,0,0,194,5,3201,84,670,9,32,153,6,12,23,109,2,63,0,29,3,6,8,43,25
2022-04-03,0,0,0,5,0,0,0,0,0,0,3,0,0,0,0,0,0,0,187,4,2709,254,473,9,58,153,12,14,19,68,4,64,0,122,14,4,15,32,37
2022-04-04,2,0,0,7,0,0,0,0,0,0,6,0,0,0,0,0,0,0,264,5,4263,348,1235,10,136,1693,23,55,53,92,7,95,0,293,7,14,40,62,27
2022-04-05,0,1,0,5,0,0,0,0,0,0,0,0,0,0,0,0,0,0,570,12,3921,140,964,2,140,2144,23,36,37,113,15,78,0,211,5,7,23,141,10
2022-04-06,1,0,0,8,0,0,0,0,0,0,0,0,0,0,0,0,0,0,264,9,3551,118,662,5,176,1016,16,45,30,119,8,140,0,238,9,14,22,270,21
2022-04-07,0,1,1,3,0,0,0,0,0,0,1,0,0,0,0,0,0,0,253,9,3438,140,734,5,182,810,7,36,48,147,7,111,0,295,23,15,7,105,28
2022-04-08,0,0,0,2,0,0,0,0,0,0,0,0,0,1,0,0,0,0,298,6,3400,105,989,10,187,561,14,54,31,195,8,72,0,324,7,6,25,51,15
2022-04-09,0,0,0,3,0,0,0,0,0,0,0,0,0,0,0,0,0,1,195,8,2312,64,295,6,209,521,6,24,35,90,6,88,0,118,1,4,6,6,5
2022-04-10,0,0,0,1,0,0,0,0,0,0,1,0,0,0,0,0,0,0,137,5,2134,85,316,4,107,895,14,32,35,65,6,37,0,104,17,7,17,15,22
2022-04-11,1,0,0,6,1,0,0,0,0,0,3,0,0,0,1,0,0,0,178,6,3202,248,599,7,234,1823,27,38,31,74,4,119,0,410,16,9,62,33,29
2022-04-12,0,1,0,2,0,0,0,0,0,0,9,0,0,0,0,0,0,0,314,8,3505,148,691,14,329,917,12,47,100,216,5,167,0,336,12,8,14,36,20
2022-04-13,0,0,0,3,0,0,0,0,0,0,13,0,0,0,0,0,0,0,180,12,3598,123,485,6,173,861,11,34,200,131,5,126,0,203,1,2,13,31,14
2022-04-14,0,0,0,3,0,0,0,0,0,0,14,0,0,0,0,0,0,0,213,5,3178,117,1031,5,187,3683,5,36,69,153,5,132,0,287,5,3,14,17,26
2022-04-15,0,1,0,4,1,0,0,0,0,0,3,0,0,0,0,0,0,1,193,3,2465,92,767,7,86,1948,1,22,18,95,7,92,0,137,5,2,10,4,16
2022-04-16,0,0,0,1,0,0,0,0,0,0,2,0,0,0,0,0,0,0,139,2,1804,100,332,6,57,1277,4,26,6,116,3,54,0,70,2,3,0,6,10
2022-04-17,0,0,0,3,1,0,0,0,0,0,0,0,0,0,0,0,0,0,214,3,1734,84,623,16,85,1386,5,36,20,279,5,81,0,98,13,4,7,8,28
2022-04-18,0,1,0,1,0,0,0,0,0,0,19,0,0,0,0,0,0,1,216,6,2417,76,845,5,132,1563,2,36,38,144,7,116,0,248,13,10,26,16,23
2022-04-19,0,0,0,1,0,0,0,0,0,0,9,0,0,0,0,0,0,0,339,7,2696,166,733,3,128,1275,12,40,23,162,4,119,0,119,20,5,10,20,32
2022-04-20,0,13,0,5,0,0,0,0,0,0,43,0,0,0,0,0,0,0,632,9,2800,141,3663,4,139,992,12,40,17,184,6,210,0,128,6,6,18,34,21
2022-04-21,1,12,0,4,0,0,0,0,0,0,44,0,0,0,0,0,0,0,529,7,2892,94,2399,16,256,967,4,39,15,144,11,199,0,252,13,9,34,12,45
2022-04-22,0,2,0,2,0,0,0,0,0,0,14,0,0,0,0,0,0,1,509,9,4273,66,1321,6,226,913,12,77,196,196,9,239,0,249,16,9,33,26,29
2022-04-23,0,0,0,3,2,0,0,0,0,0,0,0,0,0,0,0,0,0,401,17,1733,33,1946,9,93,463,11,19,27,94,6,366,0,87,3,5,14,7,11
2022-04-24,0,0,0,2,1,0,0,0,0,0,3,0,0,0,0,0,0,0,330,7,1614,74,617,13,131,496,4,24,16,80,4,240,0,68,2,8,6,5,7
2022-04-25,0,4,0,6,0,0,0,0,0,0,2,0,0,0,1,0,0,0,517,10,2638,89,1207,10,183,3577,6,34,29,161,4,362,0,187,15,7,12,7,16
2022-04-26,1,3,0,3,0,0,0,0,0,0,7,0,0,0,0,0,0,1,530,7,2531,75,2195,15,183,3071,7,56,20,317,7,1180,0,191,13,9,15,16,26
2022-04-27,1,0,0,1,0,0,0,0,0,0,1,0,0,0,0,0,0,0,646,7,2621,63,1187,15,140,1186,7,60,31,377,4,461,0,133,15,12,19,14,19
2022-04-28,0,1,0,2,0,0,0,0,0,0,2,0,0,0,0,0,0,0,3299,4,2428,59,1245,18,132,1037,15,48,73,548,6,256,0,174,6,18,15,24,14
2022-04-29,0,0,0,5,1,0,0,0,0,0,1,0,0,0,0,0,0,0,921,10,2949,69,1474,7,97,836,12,66,29,515,9,271,0,198,7,6,26,14,27
2022-04-30,0,0,0,3,3,0,0,0,0,0,2,0,0,0,0,0,0,0,303,8,1497,43,581,4,81,529,3,35,30,175,2,158,0,129,4,7,6,7,14
2022-05-01,0,0,0,8,0,0,0,0,0,0,4,0,0,0,0,0,0,0,268,3,1538,147,585,11,59,392,5,59,22,129,7,106,0,90,10,5,14,12,27
2022-05-02,2,0,0,3,0,0,0,0,0,0,2,0,0,0,0,0,0,0,302,9,2092,66,1132,11,93,539,1,79,29,248,7,103,0,322,9,5,31,16,23
2022-05-03,0,0,0,1,0,0,0,0,0,0,1,0,0,0,0,0,0,1,343,11,2002,92,1877,18,117,497,1,33,35,161,11,114,0,986,18,2,16,18,24
2022-05-04,0,0,0,6,0,0,0,0,0,0,2,0,0,0,0,0,0,0,312,6,2455,59,692,13,125,557,2,49,21,272,11,123,0,633,15,7,16,16,40
2022-05-05,0,0,0,1,0,0,0,0,0,0,3,0,0,0,0,0,0,0,313,12,2782,55,847,7,74,835,4,44,34,244,3,124,0,210,14,29,26,4,60
2022-05-06,0,0,0,3,1,0,0,0,0,0,2,0,0,0,2,0,0,0,442,10,2541,83,874,10,75,490,10,92,21,200,7,174,0,202,9,16,18,9,31
2022-05-07,0,0,0,6,0,0,0,0,0,0,0,0,0,0,0,0,0,0,277,2,1819,62,398,9,94,392,4,82,13,88,1,108,0,43,8,9,15,8,21
2022-05-08,1,2,0,1,0,0,0,0,0,0,0,0,0,0,0,0,0,0,353,2,1312,73,365,6,50,270,1,73,27,67,4,84,0,41,8,0,8,14,21
2022-05-09,0,1,0,5,0,0,0,0,0,0,1,0,0,0,1,0,0,0,397,9,2718,242,842,39,174,562,0,564,41,185,5,185,0,166,57,20,39,40,53
2022-05-10,0,0,0,5,0,0,0,0,0,0,2,0,0,0,0,0,0,0,424,9,3421,159,879,14,153,567,4,194,53,218,4,184,0,153,51,28,27,18,42
2022-05-11,0,1,0,1,0,0,0,0,0,1,2,0,0,0,1,0,0,0,702,19,3669,208,1176,17,198,728,7,152,60,245,10,214,0,235,17,13,23,35,42
2022-05-12,1,1,0,6,1,0,0,0,0,0,4,0,0,0,0,0,0,0,794,20,5045,340,1120,6,199,770,5,125,46,403,9,226,0,147,15,21,24,45,30
2022-05-13,0,1,0,3,2,0,0,0,0,0,2,0,0,0,0,0,1,0,380,7,2949,146,1034,8,132,1513,3,73,32,267,8,139,0,148,4,14,11,17,21
2022-05-14,0,0,0,1,0,0,0,0,0,0,0,0,0,0,0,0,0,0,190,4,1625,82,358,2,49,677,4,24,10,77,0,67,0,61,4,8,8,2,17
2022-05-15,0,0,0,5,0,0,0,0,0,0,1,0,0,0,0,0,0,0,145,7,1662,69,287,3,42,436,3,33,9,58,1,91,0,46,5,4,7,6,3
2022-05-16,0,1,0,2,1,0,0,0,0,0,2,0,0,0,0,0,0,0,396,5,2763,115,757,15,67,815,10,44,68,75,4,246,0,102,12,7,15,12,10
2022-05-17,0,0,0,1,0,0,0,0,0,0,1,0,0,0,0,0,0,1,355,5,2718,127,721,10,88,1741,14,48,33,114,13,115,0,196,10,20,17,19,29
2022-05-18,0,2,0,2,2,0,0,0,0,0,6,0,0,0,0,0,0,0,495,7,2995,159,1215,14,91,1036,4,39,33,122,20,120,0,165,9,3,12,11,14
2022-05-19,0,2,0,5,1,0,0,0,0,0,3,0,0,0,0,0,0,1,667,8,4209,128,1314,17,105,920,8,37,32,138,7,99,0,123,6,2,19,19,17
2022-05-20,0,0,0,2,0,0,0,0,0,0,2,0,0,0,0,0,0,11,598,7,3412,66,2443,6,174,924,2,29,15,105,5,113,0,126,12,6,32,10,15
2022-05-21,0,0,0,1,0,0,0,0,0,0,0,0,0,0,0,0,0,6,278,8,1514,59,1047,7,87,559,2,23,14,98,8,82,0,52,3,1,12,3,14
2022-05-22,3,0,0,1,0,0,0,0,0,0,1,0,0,0,0,0,0,16,265,8,1632,48,503,3,117,240,2,22,81,87,4,77,0,39,7,4,7,9,11
2022-05-23,1,0,0,1,0,0,0,0,0,0,2,0,0,0,0,0,0,85,464,8,4794,63,1075,10,183,541,2,19,42,98,3,149,0,75,6,0,10,13,12
2022-05-24,4,1,0,3,0,0,0,0,0,0,2,0,0,0,0,0,0,29,420,0,3719,80,1134,8,275,770,6,54,46,180,5,139,0,89,2,9,7,7,14
2022-05-25,0,0,0,2,0,0,0,0,0,0,0,0,0,0,1,0,0,1,342,7,5060,131,1100,6,1400,655,7,31,55,173,6,112,0,148,8,3,6,8,33
2022-05-26,0,0,0,4,0,0,0,0,0,0,1,0,0,0,2,0,0,1,410,6,5038,193,834,6,557,622,4,40,44,143,9,86,0,114,12,10,19,7,15
2022-05-27,0,0,1,1,0,0,0,0,0,0,1,0,0,0,7,0,0,0,253,7,3814,208,672,11,127,438,11,39,27,99,18,63,0,49,5,6,12,11,22
2022-05-28,0,1,2,5,0,0,0,0,0,0,0,0,0,0,0,0,0,2,170,6,1963,69,841,2,38,280,4,9,13,59,3,92,0,26,4,2,5,3,4
2022-05-29,0,0,2,4,0,0,0,0,0,0,0,0,0,0,0,0,0,0,134,3,1878,63,469,6,29,246,2,9,10,54,3,68,0,27,4,3,0,6,5
2022-05-30,0,0,2,3,0,0,0,0,0,0,0,0,0,0,1,0,0,0,115,13,2201,78,316,0,50,193,1,12,14,40,0,60,0,30,3,3,9,0,6
2022-05-31,0,0,1,9,2,0,0,0,0,0,0,0,0,0,1,0,0,0,178,8,2674,173,546,7,64,347,6,40,46,86,3,71,0,80,1,6,16,11,9
2022-06-01,0,0,1,2,0,0,0,0,0,0,3,0,0,0,1,0,0,0,208,10,6009,85,717,13,59,462,11,24,29,80,7,81,0,68,12,4,42,13,19
2022-06-02,0,0,0,4,0,0,0,0,0,0,2,0,0,0,3,0,0,1,218,6,5073,106,1095,5,95,458,2,66,43,85,3,338,0,111,3,6,19,24,20
2022-06-03,3,0,1,5,0,0,0,0,0,0,5,0,0,0,0,0,0,0,343,10,3897,70,1808,8,76,551,5,66,20,116,5,183,0,129,2,5,21,10,13
2022-06-04,0,0,0,5,0,0,0,0,0,0,0,0,0,0,2,0,0,0,143,3,2005,59,700,4,27,347,1,23,13,42,4,49,0,24,4,3,20,7,3
2022-06-05,0,1,1,2,2,0,0,0,0,0,1,0,0,0,0,0,0,0,145,5,1912,103,532,6,29,201,1,13,18,44,4,46,0,30,8,2,13,14,8
2022-06-06,0,0,0,7,0,0,0,0,0,0,3,0,0,0,1,0,0,0,539,9,3544,128,700,6,72,1011,0,13,24,90,4,241,0,41,7,4,22,23,16
2022-06-07,0,0,0,6,0,0,0,0,0,0,1,0,0,0,0,0,0,0,358,5,4325,115,531,7,61,806,0,20,34,166,3,101,0,53,3,15,22,15,9
2022-06-08,0,0,3,9,0,0,0,0,0,0,1,0,0,0,0,0,0,0,292,7,4364,134,491,5,45,536,1,26,13,211,8,73,0,114,10,5,97,23,22
2022-06-09,0,4,1,8,1,0,0,0,0,0,1,0,0,0,0,0,0,0,364,5,3135,67,903,7,56,436,0,23,21,159,3,112,0,92,6,6,53,33,8
2022-06-10,1,1,1,3,0,0,0,0,0,0,0,0,0,0,0,0,0,0,342,17,3010,71,1073,1,95,430,3,22,25,120,4,104,0,95,10,6,22,23,12
2022-06-11,0,1,1,3,0,0,0,0,0,0,1,0,0,0,0,0,0,0,120,9,1508,33,319,16,32,185,3,11,12,48,0,52,0,16,6,0,5,3,7
2022-06-12,0,2,2,3,1,0,0,0,0,0,2,0,0,0,0,0,0,0,121,13,1478,59,283,2,24,193,2,20,16,37,3,37,0,23,13,1,15,7,8
2022-06-13,0,0,1,3,0,0,0,0,0,0,11,0,0,0,0,0,0,0,339,21,3397,84,697,3,115,475,5,31,40,206,7,118,0,66,8,2,16,34,18
2022-06-14,0,0,1,4,0,0,0,0,0,0,3,0,0,0,0,0,0,1,250,16,3399,66,707,4,87,408,7,24,79,116,3,87,0,93,13,7,71,36,9
2022-06-15,0,0,0,1,1,0,0,0,0,0,3,0,0,0,0,0,0,0,600,20,3255,62,652,2,50,447,3,28,85,155,4,88,0,54,11,12,46,18,8
2022-06-16,0,2,0,2,0,0,0,0,0,0,10,0,0,0,0,0,0,0,354,10,3161,81,832,5,61,498,3,56,65,196,0,109,0,106,21,4,28,15,12
2022-06-17,0,0,0,5,1,0,0,0,0,0,8,0,0,0,1,0,0,0,280,10,3550,54,549,6,75,479,3,35,43,150,8,117,0,112,7,4,23,22,13
2022-06-18,0,0,0,3,0,0,0,0,0,0,0,0,0,0,0,0,0,0,116,13,1875,32,238,0,53,174,2,24,41,99,4,45,0,36,5,3,8,6,7
2022-06-19,0,0,1,3,0,0,0,0,0,0,1,0,0,0,0,0,0,0,164,6,1897,56,234,2,31,158,0,17,30,63,3,49,0,34,3,2,2,8,7
2022-06-20,0,0,0,6,0,0,0,0,0,0,2,0,0,0,0,0,0,0,128,6,1842,50,298,1,20,256,1,22,26,61,2,53,0,20,3,2,11,4,10
2022-06-21,0,0,0,10,0,0,0,0,0,0,3,0,0,0,0,0,0,0,172,6,2131,69,765,4,30,353,0,29,51,104,2,48,0,52,8,47,25,18,8
2022-06-22,0,0,1,3,0,0,0,0,0,0,1,0,0,0,0,0,0,1,165,18,2434,64,716,5,36,455,1,28,93,133,7,45,0,69,3,5,12,3,3
2022-06-23,0,0,2,2,3,0,0,0,0,0,2,0,0,0,1,0,0,0,201,14,2414,126,693,2,59,402,3,27,38,79,11,83,0,120,9,5,37,19,9
2022-06-24,0,0,0,2,1,0,0,0,0,0,2,0,0,0,0,0,0,0,168,7,2769,74,396,10,43,345,5,40,35,262,7,51,0,85,17,7,22,26,16
2022-06-25,1,1,0,2,0,0,0,0,0,0,3,0,0,0,6,0,0,1,95,9,1450,34,123,4,13,161,1,10,67,189,2,40,0,26,2,1,4,3,5
2022-06-26,0,0,0,7,0,0,0,0,0,0,1,0,0,0,1,0,0,0,76,8,1267,102,227,0,15,170,0,11,32,152,0,40,0,8,4,1,6,1,16
2022-06-27,0,1,0,2,0,0,0,0,0,0,2,0,0,0,2,0,0,0,146,5,1759,241,568,2,26,343,5,31,39,393,4,24,0,35,2,0,16,11,7
2022-06-28,0,4,0,2,1,0,0,0,0,0,1,0,0,0,1,0,0,0,179,14,2034,79,670,2,49,435,1,27,109,287,0,38,0,148,5,3,39,20,7
2022-06-29,0,0,0,5,0,0,0,0,0,0,4,0,0,0,3,0,0,1,313,4,2304,91,802,10,81,389,0,19,529,120,8,110,0,232,6,3,48,10,4
2022-06-30,0,1,0,1,0,0,0,0,0,0,4,0,0,0,0,0,0,0,221,8,1991,87,637,3,113,424,0,21,201,131,8,96,0,177,4,2,19,9,9
2022-07-01,0,0,0,1,0,0,0,0,0,0,2,0,0,0,0,0,0,0,196,2,1622,54,659,4,201,510,1,18,107,157,6,61,0,197,9,4,23,11,13
2022-07-02,0,0,4,2,0,0,0,0,0,0,4,0,0,0,0,0,0,1,144,2,1338,31,748,5,116,349,3,19,40,83,11,34,0,71,4,3,8,7,17
2022-07-03,0,0,0,6,0,0,0,0,0,0,0,0,0,0,1,0,0,0,201,3,927,25,569,5,109,140,0,2,73,127,4,49,0,32,1,3,5,0,3
2022-07-04,0,0,3,2,0,0,0,0,0,0,0,0,0,0,0,0,0,0,157,7,1508,43,272,4,54,156,2,19,391,63,11,61,0,18,3,2,2,4,6
2022-07-05,0,0,0,1,0,0,0,0,0,0,3,0,0,0,0,0,0,0,235,3,3079,107,578,3,57,356,2,33,1243,67,3,56,0,91,4,3,10,2,8
2022-07-06,0,1,0,1,2,0,0,0,0,0,2,0,0,0,0,0,0,0,246,7,3716,125,672,15,59,445,3,10,300,97,18,86,0,56,3,4,13,20,6
2022-07-07,0,0,0,1,1,0,0,0,0,0,1,0,0,0,0,0,0,1,259,7,6813,195,744,2,75,627,0,31,226,168,5,55,0,77,25,11,13,13,13
2022-07-08,0,2,0,3,0,0,0,0,0,0,0,0,0,0,0,0,0,0,194,9,3389,115,1076,1,49,1260,3,15,47,90,2,71,0,54,4,7,8,13,9
2022-07-09,0,0,0,3,0,0,0,0,0,0,3,0,0,0,0,0,0,1,103,2,2241,48,1047,0,18,2610,0,14,26,76,5,36,0,15,2,1,3,6,4
2022-07-10,2,0,0,1,0,0,0,0,0,0,0,0,0,0,0,0,0,0,131,2,2142,43,481,8,39,1162,2,13,26,51,2,62,0,26,5,1,8,1,7
2022-07-11,1,1,0,2,0,0,0,0,0,0,1,0,0,0,0,0,0,0,230,4,3450,54,892,9,52,1458,0,23,87,86,6,92,0,48,7,3,15,5,4
2022-07-12,1,0,0,8,1,0,0,0,0,0,18,0,0,0,0,0,0,0,428,5,5787,69,573,11,69,828,0,18,60,102,8,256,0,73,3,6,14,5,11
2022-07-13,0,0,0,7,0,0,0,0,0,0,6,0,0,0,0,0,0,1,280,4,4422,39,751,4,44,1006,0,11,37,113,4,144,0,53,4,6,15,7,7
2022-07-14,0,0,0,4,0,0,0,0,0,0,4,0,0,0,0,0,0,0,562,8,4727,41,790,5,71,877,0,21,48,105,4,96,0,82,2,4,8,82,8
2022-07-15,0,0,0,1,0,0,0,0,0,0,4,0,0,0,0,0,0,0,415,7,3153,30,474,6,93,406,6,37,34,108,1,69,0,81,4,5,2,43,3
2022-07-16,0,2,0,5,0,0,0,0,0,0,4,0,0,0,0,0,0,0,199,6,2783,14,235,7,134,422,4,4,20,128,9,47,0,39,2,3,6,3,6
2022-07-17,0,0,0,5,0,0,0,0,0,0,2,0,0,0,0,0,0,0,190,7,2127,10,206,12,157,340,1,14,34,46,6,42,0,37,2,3,4,6,4
2022-07-18,0,0,0,4,1,0,0,0,0,0,0,0,0,0,0,0,0,0,854,5,2995,62,563,11,217,493,3,24,25,69,9,93,0,69,3,5,10,20,8
2022-07-19,0,3,0,3,1,0,0,0,0,0,3,0,0,0,0,0,0,0,437,7,3200,43,584,8,224,719,2,34,51,107,14,72,0,89,6,3,12,21,8
2022-07-20,0,5,0,2,1,0,0,0,0,0,18,0,0,0,0,0,0,1,331,7,2921,49,2057,5,247,628,4,35,22,135,0,84,0,96,8,3,6,50,11
2022-07-21,1,0,0,3,0,0,0,0,0,0,13,0,0,0,0,0,0,0,366,9,3720,48,1905,16,165,708,1,56,87,168,5,117,0,70,8,4,6,50,7
2022-07-22,0,1,0,6,0,0,0,0,0,0,1,0,0,0,0,0,0,0,435,8,6249,70,1251,20,130,772,5,34,73,275,6,118,0,51,8,6,4,15,8
2022-07-23,0,0,0,5,0,0,0,0,0,0,6,0,0,0,0,0,0,0,200,4,2956,33,317,3,33,491,2,18,104,79,10,90,0,16,0,1,1,7,1
2022-07-24,0,0,0,7,1,0,0,0,0,0,0,0,0,0,0,0,0,0,347,4,2224,20,418,4,46,339,0,10,64,62,9,138,0,29,0,1,7,15,2
2022-07-25,1,0,0,7,0,0,0,1,0,0,0,0,0,0,0,0,0,1,485,7,3097,45,574,14,65,645,1,20,46,96,6,117,0,77,5,2,6,28,9
2022-07-26,0,1,0,5,0,0,0,0,0,0,0,0,0,0,2,0,0,0,425,8,2660,32,502,6,73,483,46,20,47,84,2,794,0,45,2,5,0,12,11
2022-07-27,0,1,0,2,0,0,0,0,0,0,1,0,0,0,0,0,0,0,446,9,2450,57,341,7,143,519,20,75,43,97,1,420,0,48,3,1,4,35,12
2022-07-28,0,0,0,2,0,0,0,0,0,0,0,0,0,0,0,0,0,0,1628,8,2877,46,474,8,160,491,6,26,25,71,5,267,0,170,3,5,4,51,12
2022-07-29,0,1,0,0,0,0,0,0,0,0,0,0,0,0,0,0,0,0,550,6,3530,54,651,11,126,380,7,22,44,127,6,128,0,219,5,0,3,20,11
2022-07-30,0,0,0,4,0,0,0,0,0,0,0,0,0,0,0,0,0,0,193,2,2418,48,278,8,56,179,0,22,32,106,2,69,0,137,4,1,6,8,9
2022-07-31,0,1,0,4,0,0,0,0,0,0,1,0,0,0,0,0,0,0,195,2,1748,31,217,3,60,159,1,23,27,96,0,83,0,159,1,5,8,5,12
2022-08-01,0,0,0,4,1,0,0,0,0,0,0,0,0,0,0,0,0,0,322,1,4026,54,892,9,129,331,17,17,84,132,0,91,0,281,3,2,12,21,8
2022-08-02,0,0,0,3,0,0,0,0,0,1,0,0,0,0,0,0,0,0,253,8,4525,95,548,13,248,500,16,52,164,273,8,77,0,888,12,3,6,33,5
2022-08-03,0,0,0,1,0,0,0,0,0,0,0,0,0,0,1,0,0,0,333,8,3875,148,682,10,110,418,7,39,117,413,6,44,0,375,22,3,9,17,19
2022-08-04,0,2,0,4,0,0,0,0,0,0,3,0,0,0,0,0,0,1,238,8,3271,560,997,7,85,440,15,38,255,153,5,63,0,290,22,17,18,55,23
2022-08-05,0,1,0,1,0,0,0,0,0,0,0,0,0,0,0,0,0,0,340,8,4388,1046,1045,8,51,356,9,66,1445,126,9,60,0,92,24,14,9,29,25
2022-08-06,0,0,0,1,0,0,0,0,0,0,1,0,0,0,0,0,0,0,114,3,3518,340,367,7,21,208,8,44,551,82,8,33,0,24,11,3,3,11,15
2022-08-07,0,2,0,5,0,0,0,0,0,0,0,0,0,0,0,0,0,0,168,9,2942,430,435,8,48,247,7,66,1139,103,11,57,0,53,18,1,4,33,28
2022-08-08,1,0,0,0,0,0,0,0,0,0,2,0,0,0,0,0,0,0,258,3,4755,685,516,19,441,432,14,289,3534,167,33,55,0,154,73,9,14,76,38
2022-08-09,0,1,1,3,1,0,0,0,0,0,0,0,0,0,0,0,0,0,368,2,3388,381,471,26,259,402,21,70,3298,150,13,84,0,121,36,7,10,34,46
2022-08-10,0,0,0,2,0,0,0,0,0,0,1,0,0,0,0,0,0,0,246,10,2715,236,1169,14,112,687,27,23,2073,128,12,65,0,104,19,12,12,45,21
2022-08-11,0,0,0,3,0,0,0,0,0,0,0,0,0,0,0,0,0,0,269,9,2853,231,694,10,48,450,27,29,1365,229,7,50,0,40,26,5,13,36,20
2022-08-12,1,4,0,2,1,0,0,0,0,0,1,0,0,0,0,0,0,0,469,5,2694,248,514,11,44,301,37,18,2725,240,14,70,0,49,8,7,5,33,14
2022-08-13,0,1,0,1,1,0,0,0,0,0,0,0,0,0,0,0,0,1,194,7,2169,138,228,1,36,147,1,15,1021,173,3,37,0,32,5,4,7,12,7
2022-08-14,1,0,0,5,0,0,0,0,0,0,2,0,0,0,2,0,0,0,259,2,2308,368,207,10,26,163,4,17,1086,106,5,53,0,30,10,1,6,28,5
2022-08-15,0,0,0,5,0,0,0,0,0,0,0,0,0,0,0,0,0,0,444,6,3098,396,631,15,39,270,41,24,4180,191,10,52,0,31,21,0,13,97,21
2022-08-16,1,0,0,0,0,0,0,0,0,0,1,0,0,0,1,0,0,0,454,11,5963,491,565,24,38,388,21,58,7559,372,31,60,0,45,40,14,12,122,52
2022-08-17,0,0,0,5,0,0,0,0,0,0,7,0,0,0,0,0,0,0,800,6,4865,442,411,17,42,537,20,35,7502,415,28,73,0,31,27,12,6,234,39
2022-08-18,0,0,0,3,1,0,0,0,0,0,0,0,0,0,1,0,0,0,604,12,7014,561,418,23,74,2699,11,31,9131,258,26,63,0,105,42,15,8,109,27
2022-08-19,0,0,0,4,0,0,0,1,0,0,3,0,0,0,0,0,0,0,482,8,6453,585,399,30,56,2277,28,50,7160,201,27,66,0,77,55,15,12,55,37
2022-08-20,0,0,0,2,0,0,0,0,0,0,1,0,0,0,0,0,0,3,228,4,2504,157,184,11,50,710,5,22,2374,143,13,50,0,30,17,14,3,23,18
2022-08-21,0,0,0,0,0,0,0,0,0,0,2,0,0,0,0,0,0,4,231,5,1920,178,180,4,59,506,4,22,1852,93,7,69,0,24,5,15,3,13,6
2022-08-22,0,0,0,2,0,0,0,0,0,0,2,0,0,0,0,0,0,2,352,10,2553,934,402,12,92,906,6,27,2283,141,24,63,0,85,22,9,11,27,19
2022-08-23,0,12,0,4,1,0,0,0,0,0,2,0,0,0,0,0,0,23,253,4,2491,483,418,4,113,993,2,23,1633,178,12,57,0,84,13,7,2,25,10
2022-08-24,0,0,0,4,0,0,0,0,0,0,2,0,0,0,1,0,0,7,351,10,2322,218,712,13,668,1166,4,26,2579,118,11,101,0,104,24,4,9,26,16
2022-08-25,0,0,0,3,0,0,0,0,0,0,1,0,0,0,0,0,0,3,329,4,2419,178,1016,9,585,1045,13,30,1439,240,17,102,0,128,19,4,14,162,14
2022-08-26,1,0,0,1,0,0,0,0,0,0,3,0,0,0,0,0,0,1,324,6,1734,121,448,23,217,900,7,24,1405,132,11,88,0,78,14,5,13,40,6
2022-08-27,0,1,0,2,0,0,0,0,0,0,1,0,0,0,0,0,0,0,240,4,1908,75,124,4,63,458,0,14,714,64,1,88,0,37,3,6,1,3,5
2022-08-28,0,1,0,1,0,0,0,0,0,0,0,0,0,0,0,0,0,0,192,3,1752,89,171,6,37,363,1,13,719,82,11,59,0,22,5,4,10,7,6
2022-08-29,0,2,0,2,0,0,0,0,0,0,1,0,0,0,0,0,0,0,281,6,1964,136,252,12,77,846,6,18,2476,105,4,60,0,65,4,5,8,14,6
2022-08-30,1,4,0,2,0,0,0,0,0,0,1,0,0,0,0,0,0,0,285,7,2597,144,396,6,92,1104,8,24,2396,111,6,63,0,67,9,8,7,20,11
2022-08-31,2,1,0,4,0,0,0,0,0,0,0,0,1,0,0,0,0,1,311,16,2835,256,353,39,328,1146,4,36,3193,102,11,94,0,153,22,12,8,17,22
2022-09-01,0,2,0,2,0,0,0,0,0,0,1,0,0,0,0,0,0,0,321,6,2208,187,240,19,859,820,10,30,1589,215,11,78,0,225,13,10,4,19,25
2022-09-02,1,0,0,2,0,0,0,0,0,0,1,0,0,0,0,0,0,0,280,1,1762,145,305,31,275,733,4,29,1075,183,7,74,0,83,10,6,9,13,22
2022-09-03,0,0,0,5,1,0,0,0,0,0,2,0,0,0,0,0,0,0,183,3,2086,79,154,7,98,363,1,22,580,132,2,56,0,44,4,8,17,6,15
2022-09-04,0,0,0,1,0,0,0,0,0,0,1,0,0,0,0,0,0,0,195,4,1816,105,110,10,66,557,3,14,1549,120,3,37,0,27,3,5,11,15,5
2022-09-05,0,0,0,4,0,0,0,0,0,0,0,0,0,0,0,0,0,0,176,4,1456,116,163,18,102,576,5,13,1010,163,3,46,0,40,5,3,11,12,9
2022-09-06,0,0,0,2,1,0,0,0,0,0,0,0,2,0,0,0,0,0,515,9,2016,129,402,7,120,737,6,32,1407,109,12,119,0,84,10,14,40,24,29
2022-09-07,0,0,1,2,1,0,0,0,0,0,1,0,0,0,0,0,0,0,1575,11,3262,167,353,9,64,907,5,56,964,169,9,86,0,60,15,2,41,16,17
2022-09-08,0,0,0,1,1,0,0,0,0,0,0,0,0,0,0,0,0,0,499,21,2633,66,396,6,46,638,4,55,537,195,4,83,0,49,8,2,16,6,9
2022-09-09,0,1,0,4,1,0,0,0,0,0,1,0,0,0,0,0,0,0,334,3,1786,62,335,7,37,795,11,11,461,208,11,60,0,44,7,2,13,39,31
2022-09-10,0,0,0,0,0,0,0,0,0,0,0,0,0,0,0,0,0,0,110,6,3234,39,150,1,45,310,3,23,162,164,1,31,0,49,1,0,14,5,6
2022-09-11,0,0,0,0,0,0,0,0,0,0,1,0,0,0,0,0,0,1,163,1,1607,41,324,4,31,344,4,25,236,174,2,66,0,31,5,4,5,6,13
2022-09-12,0,1,0,4,1,0,0,1,0,0,0,0,0,0,0,0,0,0,517,9,1744,78,321,4,51,537,3,16,270,177,1,67,0,67,2,1,31,20,17
2022-09-13,0,1,0,0,1,0,0,0,0,0,2,0,0,0,0,0,0,0,448,6,1670,42,471,6,91,487,0,20,236,197,5,70,0,79,7,7,33,15,9
2022-09-14,0,2,0,5,0,0,0,1,0,0,0,0,0,0,0,0,0,0,318,10,1721,37,1079,12,94,357,8,10,287,137,3,78,0,54,7,2,22,39,11
2022-09-15,0,1,0,0,0,0,0,0,0,0,4,0,0,0,0,0,0,0,295,6,1731,36,815,8,97,414,3,22,262,177,6,80,0,66,0,2,8,22,5
2022-09-16,1,2,0,6,0,0,0,0,0,0,3,0,0,0,0,1,0,0,288,11,1898,53,672,2,192,329,3,17,180,146,6,80,0,80,3,0,15,7,9
2022-09-17,0,0,0,1,1,0,0,1,0,0,0,0,0,0,0,0,0,0,166,5,2705,31,517,10,120,101,0,19,92,66,7,58,0,34,3,7,3,2,9
2022-09-18,0,2,0,2,0,0,0,0,0,0,0,0,0,0,0,0,0,0,136,6,3286,104,224,7,59,106,2,9,96,93,4,87,0,19,0,8,11,3,5
2022-09-19,0,0,0,5,1,0,0,0,0,0,1,0,0,0,0,0,0,0,274,7,1357,40,652,16,141,292,2,21,131,87,3,119,0,69,2,9,4,13,18
2022-09-20,0,0,0,3,0,0,0,0,0,0,1,0,0,0,0,0,0,0,634,8,1502,38,933,4,250,404,1,30,143,111,6,160,0,113,10,6,23,9,20
2022-09-21,1,4,0,1,0,0,0,0,0,0,2,0,0,0,0,4,0,0,290,9,1506,42,588,7,165,411,0,36,128,120,3,125,0,69,3,5,10,2,12
2022-09-22,0,0,0,4,0,0,0,0,0,0,1,0,0,0,0,0,0,0,337,9,1516,70,729,18,136,544,10,37,137,132,4,280,0,214,3,2,18,18,11
2022-09-23,0,0,0,1,0,0,0,0,0,0,3,0,0,0,0,0,0,0,577,13,1627,68,572,2,130,412,4,17,135,173,0,160,0,136,9,4,11,9,19
2022-09-24,0,1,0,1,0,0,0,0,0,0,1,0,0,0,0,0,0,1,325,3,3398,59,135,0,92,143,0,8,98,75,3,87,0,51,3,0,1,2,7
2022-09-25,0,0,0,5,0,0,0,0,0,0,3,0,0,0,0,0,0,0,163,1,3575,49,119,5,49,140,0,9,168,55,2,86,0,51,4,2,2,1,6
2022-09-26,0,0,0,4,1,0,0,0,0,0,3,0,0,0,0,0,0,0,683,0,2419,233,583,7,79,472,3,14,194,72,17,151,0,76,0,1,7,4,16
2022-09-27,0,1,0,5,1,0,0,0,0,0,1,0,0,0,0,0,0,0,472,5,1700,281,818,11,75,536,4,31,213,118,21,120,0,73,5,1,5,6,28
2022-09-28,0,0,0,6,0,0,0,0,0,0,0,0,0,0,0,0,0,1,1718,3,1628,86,789,4,94,446,2,30,154,154,7,96,0,66,5,3,7,17,14
2022-09-29,0,2,0,2,0,0,0,0,0,0,0,0,0,0,0,0,0,0,653,9,1611,66,553,9,122,483,1,88,380,95,4,84,0,222,4,3,7,6,16
2022-09-30,0,2,0,1,1,0,0,0,0,0,3,0,0,0,0,0,0,0,515,10,1802,63,513,3,72,382,5,35,166,141,8,105,0,117,8,2,5,8,7
2022-10-01,0,0,2,4,0,0,0,0,0,0,0,0,0,0,0,0,0,0,213,7,5387,55,876,6,40,214,1,20,104,68,5,86,0,61,10,10,7,14,6
2022-10-02,0,1,0,1,0,0,0,0,0,0,1,0,0,0,0,0,0,0,162,10,2955,44,838,4,46,357,0,16,74,103,3,76,0,50,2,4,6,8,6
2022-10-03,0,2,0,3,0,0,0,0,0,0,1,0,0,0,0,0,0,0,392,7,1569,80,1884,7,46,587,1,17,99,97,0,73,0,92,8,4,3,6,8
2022-10-04,0,4,0,3,0,0,0,0,0,0,1,0,0,0,0,0,0,1,301,9,1413,113,1470,7,31,1939,0,27,115,109,5,82,0,59,12,10,6,6,9
2022-10-05,0,1,1,1,0,0,0,0,0,0,2,0,0,0,0,0,0,0,217,9,1287,82,756,5,37,1367,2,8,103,108,1,60,0,75,4,9,12,11,8
2022-10-06,0,0,0,2,0,0,0,0,0,0,0,0,0,0,0,0,0,0,200,4,1396,47,457,1,91,886,43,18,74,128,2,69,0,246,2,4,9,502,7
2022-10-07,0,0,0,0,0,0,0,0,0,0,2,0,0,0,1,0,0,0,210,6,1329,63,568,2,152,650,55,18,97,120,1,60,0,542,0,3,14,513,3
2022-10-08,0,0,0,2,0,0,0,0,0,0,1,0,0,0,1,0,0,0,199,6,1331,58,286,3,129,189,3,7,70,57,2,61,0,190,4,5,3,34,8
2022-10-09,0,0,0,1,0,0,0,0,0,0,0,0,0,0,0,0,0,0,201,8,1349,36,258,4,33,401,3,8,56,68,0,41,0,68,2,2,5,22,4
2022-10-10,0,0,0,2,0,0,0,0,0,0,1,0,0,0,0,0,0,0,292,3,2340,31,516,7,97,455,6,15,53,92,5,97,0,157,7,2,7,28,4
2022-10-11,1,0,0,0,0,0,0,0,0,0,5,0,0,0,0,0,0,0,277,11,1468,68,806,2,125,560,2,25,188,106,11,122,0,178,5,8,3,11,15
2022-10-12,0,4,0,1,1,0,0,0,0,1,5,0,0,0,0,0,0,0,245,8,1420,133,443,1,108,594,1,16,155,103,4,76,0,105,0,3,5,22,4
2022-10-13,0,3,0,1,0,0,0,0,0,0,0,0,0,0,0,0,0,0,232,7,1436,75,426,6,91,511,0,16,109,136,7,74,0,79,1,9,10,12,5
2022-10-14,0,0,0,2,0,0,0,0,0,0,2,0,0,0,0,0,0,0,171,8,1395,45,838,1,67,371,1,15,93,119,3,44,0,73,3,2,9,10,19
2022-10-15,0,1,0,2,0,0,0,0,0,0,1,0,0,0,0,0,0,0,138,9,3466,33,557,4,58,144,1,21,42,76,6,70,0,65,3,5,4,7,4
2022-10-16,0,0,1,3,1,0,0,0,0,0,1,0,0,0,1,0,0,0,204,11,1887,25,390,4,67,267,1,42,64,68,1,71,0,63,4,0,7,8,4
2022-10-17,0,3,0,2,0,0,0,0,0,0,0,0,0,0,0,0,0,1,182,8,1638,30,674,4,44,327,0,10,63,72,9,63,0,33,1,0,11,23,6
2022-10-18,0,3,0,2,0,0,0,0,0,0,6,0,0,0,0,0,0,0,562,6,1765,26,723,16,42,464,0,11,191,92,2,95,0,63,0,1,9,13,4
2022-10-19,0,4,0,0,0,0,0,0,0,0,14,0,0,0,0,0,0,0,330,10,1320,34,2525,12,73,498,1,22,132,103,2,60,0,62,2,5,72,17,4
2022-10-20,0,4,0,4,0,0,0,0,0,0,36,0,0,0,0,0,0,0,386,6,1473,38,1905,18,103,565,1,24,69,80,7,72,0,75,4,4,32,14,7
2022-10-21,0,1,0,0,0,0,0,0,0,0,2,0,0,0,0,0,0,0,268,5,2378,28,823,7,35,1502,1,42,58,93,3,69,0,82,7,5,13,8,6
2022-10-22,0,2,0,3,0,0,0,0,0,0,1,0,0,0,0,0,0,0,276,7,4496,20,420,4,28,217,0,27,32,71,0,71,0,78,0,1,4,2,2
2022-10-23,0,1,0,3,1,0,0,0,0,0,2,0,0,0,0,0,0,0,210,5,3377,20,250,3,33,259,0,5,36,74,2,64,0,23,7,0,5,2,2
2022-10-24,0,0,0,3,0,0,0,0,0,0,1,0,0,0,4,0,0,0,449,5,2583,30,678,3,26,402,2,11,48,78,11,120,0,41,2,1,60,10,8
2022-10-25,0,1,0,2,0,0,0,0,0,0,0,0,0,0,0,0,0,1,633,5,1490,32,426,7,54,422,1,4,139,83,4,666,0,78,4,6,38,30,8
2022-10-26,0,1,0,5,0,0,0,0,0,0,0,0,0,0,0,0,0,0,1175,11,1287,44,643,8,118,662,5,14,50,94,8,538,0,102,4,4,15,21,5
2022-10-27,0,0,0,1,0,0,0,0,0,0,0,0,0,0,2,0,0,0,3875,4,1730,35,638,9,85,1614,2,21,29,120,11,322,0,100,0,5,7,5,5
2022-10-28,1,0,0,3,0,0,0,0,0,0,3,0,0,0,0,0,0,0,1928,5,2963,51,519,11,54,0,0,9,26,113,7,214,0,108,2,4,13,2,9
2022-10-29,0,0,0,5,0,0,0,0,0,0,0,0,0,0,0,0,0,0,351,5,2943,26,208,3,21,0,0,6,18,85,5,70,0,44,0,3,4,1,3
2022-10-30,0,0,0,2,0,0,0,0,0,0,1,0,0,0,0,0,0,0,340,8,2095,17,138,9,21,0,0,8,25,64,6,78,0,39,1,1,4,1,1
2022-10-31,0,0,0,5,0,0,0,0,0,0,0,0,0,0,0,0,0,1,334,13,3518,40,240,4,33,0,7,22,35,107,1,90,0,98,0,2,13,28,10
2022-11-01,0,0,0,2,0,0,0,0,0,0,3,0,0,0,0,0,0,0,290,9,1874,63,389,6,74,0,10,13,18,84,5,108,0,464,0,1,9,24,7
2022-11-02,0,0,0,1,0,0,0,0,0,0,2,0,0,0,0,0,0,0,397,4,1560,83,204,5,61,0,2,9,40,163,2,91,0,131,0,7,9,34,7
2022-11-03,0,0,0,2,0,0,0,0,0,0,0,0,0,0,1,0,0,1,537,7,1454,76,359,5,64,0,2,22,21,146,2,158,0,108,5,6,12,14,10
2022-11-04,0,2,0,3,0,0,0,0,0,0,2,0,0,0,0,0,0,0,645,8,1501,32,482,12,85,0,9,36,51,179,6,106,0,83,3,5,33,25,5
2022-11-05,0,0,0,5,0,0,0,0,0,0,1,0,0,0,0,0,0,0,226,4,1639,33,306,2,25,0,0,33,9,81,3,57,0,22,3,0,19,6,6
2022-11-06,0,0,0,2,0,0,0,0,0,0,2,0,0,0,0,0,0,0,444,5,2051,47,411,5,19,0,0,29,27,65,11,65,0,29,8,9,32,9,3
2022-11-07,0,1,0,1,0,0,0,0,0,0,1,0,0,0,0,0,0,0,564,6,1588,68,1227,8,48,0,2,114,24,73,4,89,0,35,19,6,31,36,5
2022-11-08,1,1,1,0,1,0,0,0,0,0,0,0,0,0,0,0,0,0,233,9,1474,250,1483,5,69,0,2,44,25,112,5,74,0,66,9,2,9,33,10
2022-11-09,0,0,0,2,0,0,0,0,0,0,1,0,0,0,0,0,0,1,234,10,1499,150,1648,3,72,0,1,32,28,199,6,64,0,45,6,4,23,21,11
2022-11-10,0,1,0,1,0,0,0,0,0,0,1,0,0,0,0,0,0,2,278,4,1615,106,956,0,98,0,7,47,24,154,6,112,0,82,4,1,27,19,12
2022-11-11,0,3,0,5,0,0,0,0,0,0,3,0,0,0,0,0,0,2,170,9,1648,62,875,2,136,0,4,16,36,165,0,52,0,90,7,0,11,18,7
2022-11-12,0,0,0,3,0,0,0,0,0,0,0,0,0,0,0,0,0,4,149,6,2091,43,304,4,64,0,5,9,18,109,2,36,0,26,1,4,5,6,1
2022-11-13,0,0,0,2,0,0,0,0,0,0,0,0,0,0,0,0,0,0,102,11,1671,36,323,4,58,0,4,31,15,150,3,27,0,7,2,0,4,15,1
2022-11-14,1,0,0,2,0,0,0,0,0,0,2,0,0,0,0,0,0,1,193,7,1877,110,359,5,130,0,14,33,24,194,5,58,0,85,14,4,13,25,4
2022-11-15,0,0,1,1,1,0,0,0,0,0,0,0,0,0,0,0,0,20,196,14,1831,106,287,1,171,0,3,23,28,156,3,34,0,70,12,9,6,14,7
2022-11-16,0,1,0,1,0,0,0,0,0,0,0,0,0,0,1,0,0,18,269,5,1616,74,269,3,1034,0,0,67,24,112,1,58,0,89,1,2,8,5,3
2022-11-17,3,2,0,1,1,0,0,0,0,0,4,0,0,0,0,0,0,2,320,8,1842,34,307,5,447,0,3,24,20,131,3,67,0,78,1,2,6,12,0
2022-11-18,0,0,0,4,0,0,0,0,0,0,0,0,0,0,0,0,0,1,279,1,1922,42,979,8,99,0,13,25,29,100,1,57,0,27,2,2,7,19,3
2022-11-19,1,0,0,5,0,0,0,0,0,0,1,0,0,0,0,0,0,1,175,2,2210,21,409,2,35,0,3,17,63,77,0,72,0,26,2,0,6,2,2
2022-11-20,0,1,0,1,0,0,0,0,0,0,0,0,0,0,0,0,0,1,187,2,1624,16,971,4,18,0,1,16,46,49,3,50,0,11,4,0,8,3,3
2022-11-21,4,0,0,5,0,0,0,0,0,0,0,0,0,0,0,0,0,1,321,7,1955,29,1336,6,53,0,1,15,100,68,5,55,0,27,3,2,9,6,7
2022-11-22,2,0,0,5,0,0,0,0,0,0,0,0,0,0,0,0,0,0,408,6,3219,22,918,3,91,0,1,22,104,64,4,64,0,20,0,2,2,3,3
2022-11-23,1,0,0,3,0,0,0,0,0,0,3,0,0,0,0,0,0,1,463,2,1814,51,587,1,52,0,2,9,43,76,3,77,0,32,2,2,7,4,3
2022-11-24,0,0,0,0,0,0,0,0,0,0,0,0,0,0,0,0,0,0,204,6,1073,35,389,1,16,0,0,11,23,37,4,104,0,8,2,0,10,0,3
2022-11-25,0,0,0,1,0,0,0,0,0,0,0,0,0,0,0,0,0,1,367,4,2166,30,341,2,19,0,1,12,8,52,6,48,0,3,1,4,6,5,7
2022-11-26,0,0,0,4,0,0,0,0,0,0,0,0,0,0,0,0,0,0,195,3,2432,15,246,6,8,0,2,8,12,38,4,33,0,7,1,0,2,4,4
2022-11-27,0,0,0,4,0,0,0,0,0,0,0,0,0,0,0,0,0,0,228,2,3227,23,507,1,12,0,0,8,24,30,5,43,0,11,0,0,8,4,4
2022-11-28,0,0,0,4,0,0,0,0,0,0,1,0,0,0,0,0,0,0,866,3,1531,14,841,8,28,0,0,10,19,34,11,49,0,17,0,0,27,2,5
2022-11-29,0,0,0,3,0,0,0,0,0,0,0,0,0,0,0,0,0,1,1981,9,1301,36,1122,18,34,0,0,9,26,114,34,98,0,23,0,0,10,1,1
2022-11-30,0,0,0,3,0,0,0,0,0,0,1,0,0,0,0,0,0,0,702,12,1288,19,655,9,52,0,3,11,33,104,15,107,0,18,0,2,37,8,7
2022-12-01,0,0,0,1,0,0,0,0,0,0,0,0,0,0,0,0,0,0,547,15,1216,132,655,4,91,0,2,19,52,134,19,57,0,26,0,1,19,23,2
2022-12-02,0,0,0,4,0,0,0,0,0,0,1,0,0,0,0,0,0,1,460,11,1568,78,1030,4,41,0,8,28,39,126,21,44,0,29,0,0,14,56,5
2022-12-03,0,0,0,2,0,0,0,0,0,0,0,0,0,0,0,0,0,0,201,6,3553,31,289,0,15,0,5,11,17,70,1,27,0,11,0,1,12,25,22
2022-12-04,0,0,0,1,0,0,0,0,0,0,1,0,0,0,0,0,0,0,305,1,2780,19,157,3,13,0,6,5,18,32,6,29,0,8,5,1,3,47,3
2022-12-05,0,0,0,2,0,0,0,0,0,0,0,0,0,0,0,0,0,3,414,8,1509,28,369,3,44,0,13,14,67,67,8,31,0,23,3,3,24,133,1
2022-12-06,0,1,3,1,0,0,0,0,0,0,1,0,0,0,0,0,0,0,200,13,1193,16,705,4,29,0,4,9,39,208,4,42,0,19,2,3,6,63,2
2022-12-07,0,0,0,4,0,0,0,0,0,0,5,0,0,0,0,0,0,0,259,10,2105,16,419,2,58,0,0,24,41,208,3,46,0,40,4,5,13,12,10
2022-12-08,0,0,1,6,0,0,0,0,0,0,0,0,0,0,0,0,0,0,179,2,2665,36,591,2,169,0,2,19,67,73,3,136,0,57,2,5,15,9,5
2022-12-09,0,0,1,0,0,0,0,0,0,0,1,0,0,0,0,0,0,0,199,10,2477,19,473,5,119,0,1,13,26,130,2,67,0,29,4,3,5,6,8
2022-12-10,0,0,0,2,1,0,0,0,0,0,0,0,0,0,0,0,0,0,84,7,4203,22,233,0,28,0,0,5,30,66,0,24,0,5,0,2,0,4,3
2022-12-11,0,0,0,3,0,0,0,0,0,0,0,0,0,0,0,0,0,0,133,3,2820,15,269,1,19,0,0,11,24,43,8,22,0,9,2,2,5,8,6
2022-12-12,1,1,0,3,0,0,0,0,0,0,1,0,0,0,0,0,0,0,159,5,1630,15,750,3,94,0,2,36,38,58,4,86,0,17,5,2,5,10,3
2022-12-13,0,0,0,1,0,0,0,0,0,0,1,0,0,0,0,0,0,0,146,9,1664,22,1490,6,93,0,1,14,36,117,5,58,0,30,3,6,1,2,6
2022-12-14,0,0,0,0,0,0,0,0,0,0,0,0,0,0,0,0,0,0,167,7,1466,35,1688,0,76,0,2,15,25,140,4,36,0,30,6,1,7,5,25
2022-12-15,0,1,0,4,0,0,0,0,0,0,0,0,0,0,0,0,0,0,257,10,1369,28,2839,1,95,0,2,7,30,69,7,52,0,24,7,2,14,7,13
2022-12-16,0,3,0,2,0,0,0,0,0,0,1,0,0,0,0,0,0,0,227,0,1136,37,1779,3,67,0,0,11,29,155,3,54,0,14,3,2,5,5,15
2022-12-17,0,1,1,0,0,0,0,0,0,0,1,0,0,0,0,0,0,0,150,0,1563,34,1083,1,18,0,2,7,25,76,5,41,0,5,4,1,8,1,3
2022-12-18,0,0,0,1,0,0,0,0,0,0,1,0,0,0,0,0,0,0,116,0,1448,26,610,4,13,0,0,11,48,55,2,25,0,10,3,0,0,1,2
2022-12-19,0,0,0,2,0,0,0,0,0,0,1,0,0,0,0,0,0,0,238,0,1099,32,1453,5,42,0,0,45,87,79,8,37,0,10,8,0,8,9,14
2022-12-20,0,0,0,1,0,0,0,0,0,0,1,0,0,0,1,0,0,0,270,0,1087,35,2343,2,73,0,3,53,49,414,10,41,0,17,11,6,9,12,6
2022-12-21,0,0,0,0,0,0,0,0,0,0,1,0,0,0,0,0,0,0,228,0,1085,27,1981,5,63,0,0,56,30,129,18,80,0,62,6,3,12,6,6
2022-12-22,0,0,0,1,0,0,0,0,0,0,0,0,0,0,0,0,0,0,281,0,1344,339,2798,2,131,0,1,46,26,150,2,90,0,37,5,5,6,8,13
2022-12-23,0,0,0,1,0,0,0,1,0,0,0,0,0,0,0,0,0,0,324,0,1065,114,2526,5,39,0,2,15,23,135,5,78,0,19,2,2,8,5,7
2022-12-24,0,2,0,1,0,0,0,0,0,0,0,0,0,0,0,0,0,0,148,0,1479,57,1453,3,21,0,0,10,23,39,2,23,0,7,0,0,8,2,8
2022-12-25,0,0,0,1,0,0,0,0,0,0,0,0,0,0,0,0,0,0,72,0,924,27,773,1,46,0,0,13,13,46,1,6,0,21,0,0,3,1,7
2022-12-26,0,1,0,2,0,0,0,0,0,0,0,0,0,0,0,0,0,0,197,0,1404,50,1610,6,35,0,0,13,11,99,4,46,0,25,0,0,5,2,5
2022-12-27,0,0,1,0,0,0,0,0,0,0,1,0,0,0,0,0,0,0,312,0,1181,97,3360,5,120,0,0,17,45,117,2,47,0,27,4,7,19,8,9
2022-12-28,0,0,0,2,0,0,0,0,0,0,0,0,0,0,0,0,0,0,557,0,1386,37,3532,3,148,0,1,32,43,128,17,91,0,39,2,1,16,5,6
2022-12-29,0,0,0,0,3,0,0,0,0,0,3,0,0,0,0,0,0,1,340,0,970,51,2210,9,69,0,1,31,30,126,7,107,0,21,1,0,12,12,6
2022-12-30,0,0,1,0,0,0,0,0,0,0,1,0,0,0,0,0,0,0,291,0,1060,23,1104,2,44,0,1,17,36,166,4,78,0,15,0,0,21,5,4
2022-12-31,0,0,0,2,0,0,0,0,0,0,0,0,0,0,0,0,0,0,101,0,1024,10,438,0,27,0,0,15,25,69,2,51,0,17,1,1,13,5,2
2023-01-01,0,0,0,3,0,0,0,0,0,0,0,0,0,0,0,0,0,0,110,0,837,13,646,2,25,0,2,14,12,76,3,33,0,24,1,2,8,4,2
2023-01-02,0,0,0,1,0,0,0,0,0,0,1,0,0,0,0,0,1,0,118,0,702,17,918,2,23,0,2,12,54,60,2,39,0,12,2,0,4,4,3
2023-01-03,1,1,1,0,1,0,0,0,0,0,0,0,0,0,0,0,0,1,604,0,1037,29,2478,2,64,0,2,37,74,142,2,60,0,15,2,8,8,13,6
2023-01-04,0,0,1,3,0,0,0,0,0,0,2,0,0,0,0,0,0,0,452,0,1098,32,2111,7,49,0,0,19,69,145,12,232,0,10,2,6,18,17,1
2023-01-05,0,0,0,1,0,0,0,0,0,0,0,0,0,0,0,0,0,0,276,0,2075,27,1149,3,53,0,3,18,265,134,8,112,0,17,5,0,9,4,2
2023-01-06,0,0,0,1,0,0,0,0,0,0,2,0,0,0,0,0,0,0,198,0,1626,35,1738,6,44,0,0,13,161,127,5,97,0,29,1,2,19,6,2
2023-01-07,0,1,1,2,0,0,0,0,0,0,0,0,0,0,0,0,0,0,114,0,763,15,540,5,11,0,1,13,101,78,5,54,0,6,1,3,6,12,2
2023-01-08,0,0,1,4,0,0,0,0,0,0,2,0,0,0,0,0,0,0,136,0,1463,16,565,4,23,0,0,10,57,50,3,40,0,5,0,2,1,11,1
2023-01-09,0,0,1,1,0,0,0,0,0,0,0,0,0,0,0,0,0,0,146,0,1287,41,961,3,86,0,1,10,109,101,2,34,0,46,0,11,4,20,2
2023-01-10,0,0,0,2,0,0,0,0,0,0,2,0,0,0,0,0,0,0,141,0,1213,19,604,2,91,0,3,18,118,103,3,114,0,36,2,5,6,10,4
2023-01-11,0,0,0,2,0,0,0,0,0,0,8,0,0,0,0,1,0,0,172,0,1354,59,620,2,45,0,1,8,331,73,5,85,0,21,6,2,5,13,6
2023-01-12,0,0,0,2,0,0,0,0,0,0,10,0,0,0,0,0,0,0,272,0,1407,63,410,4,63,0,0,13,633,141,1,164,0,38,3,18,7,17,8
2023-01-13,0,0,0,1,1,0,0,0,0,0,4,0,0,0,0,1,0,0,226,0,1276,53,1186,3,78,0,0,16,1205,118,11,92,0,27,2,56,9,12,9
2023-01-14,0,6,0,2,0,0,0,0,0,0,4,0,0,0,0,0,0,0,104,0,1350,33,396,1,35,0,0,9,294,79,2,60,0,4,1,2,2,12,2
2023-01-15,0,0,0,4,0,0,0,0,0,0,0,0,0,0,0,0,0,0,93,0,1942,16,448,1,7,0,0,4,188,50,11,23,0,6,0,3,4,4,2
2023-01-16,0,1,0,3,0,0,0,0,0,0,0,0,0,0,0,0,0,0,384,0,956,22,376,0,11,0,0,1,315,44,8,47,0,2,3,2,1,1,3
2023-01-17,0,0,0,2,0,0,0,0,0,0,6,0,0,0,1,0,0,0,212,0,1322,81,690,1,93,0,6,14,607,105,5,211,0,20,2,15,5,8,11
2023-01-18,3,4,0,1,0,0,0,0,0,0,1,0,0,0,0,0,0,0,146,0,1125,101,778,0,93,0,1,9,408,65,12,226,0,22,5,8,4,5,4
2023-01-19,4,1,0,1,0,0,0,0,0,0,0,0,0,0,0,0,0,0,190,0,1330,32,529,5,69,0,0,23,190,106,8,117,0,29,4,8,3,7,6
2023-01-20,3,0,0,2,0,0,0,0,0,0,3,0,0,0,0,0,0,0,196,0,1431,31,419,5,124,0,1,16,115,111,4,115,0,17,1,15,3,6,4
2023-01-21,0,0,0,1,1,0,0,0,0,1,3,0,0,0,0,0,0,0,143,0,1161,27,260,8,27,0,0,5,82,168,4,91,0,13,1,0,1,0,1
2023-01-22,3,0,0,3,0,0,0,0,0,0,2,0,0,0,0,0,0,0,193,0,1533,27,341,3,27,0,0,5,49,64,3,174,0,10,0,6,2,0,5
2023-01-23,0,0,0,0,0,0,0,0,0,0,3,0,0,0,0,0,0,0,207,0,1582,20,970,7,199,0,0,9,90,95,3,238,0,53,0,4,11,3,0
2023-01-24,0,0,0,1,0,0,0,0,0,0,3,0,0,0,0,0,0,0,159,0,1231,43,621,3,116,0,1,74,125,129,1,1235,0,73,1,3,21,5,4
2023-01-25,0,0,0,2,0,0,0,0,0,0,5,0,0,0,0,0,0,0,423,0,1209,40,2210,6,124,0,4,34,108,108,4,840,0,25,6,14,6,4,5
2023-01-26,0,1,0,4,0,0,0,0,0,0,10,0,0,0,0,0,0,1,267,0,1155,60,1667,8,204,0,0,21,220,100,11,216,0,109,4,15,24,2,4
2023-01-27,1,0,0,2,0,0,0,0,0,0,3,0,0,0,1,0,0,0,237,0,1556,52,1916,5,258,0,0,28,210,144,6,130,0,164,15,15,38,8,4
2023-01-28,0,0,1,1,0,0,0,0,0,0,4,0,0,0,0,0,0,0,187,0,1598,49,621,6,112,0,1,17,68,57,2,125,0,77,7,8,7,7,8
2023-01-29,0,0,0,2,0,0,0,0,0,0,0,0,0,0,0,0,0,0,159,0,1573,26,450,2,65,0,0,17,65,85,1,61,0,45,2,6,10,0,2
2023-01-30,0,1,0,0,0,0,0,0,0,0,1,0,0,0,0,0,0,0,165,0,1003,42,978,1,97,0,1,21,99,82,5,78,0,76,4,6,27,5,3
2023-01-31,2,0,0,2,0,0,0,0,0,0,2,0,0,0,1,0,0,0,273,0,927,39,664,10,117,0,0,16,94,116,2,91,0,496,7,3,3,5,7
2023-02-01,2,0,2,3,0,0,0,0,0,0,1,0,0,0,0,0,0,0,322,0,1057,28,608,3,153,0,0,18,70,107,1,86,0,349,0,4,9,12,5
2023-02-02,0,0,0,1,0,0,0,0,0,0,3,0,0,0,0,0,0,0,1738,0,1177,53,664,5,137,0,0,40,137,162,7,144,0,147,2,21,13,12,6
2023-02-03,0,1,0,1,0,0,0,0,0,0,1,0,0,0,1,0,0,1,1171,0,1134,59,812,2,66,0,1,14,101,120,4,149,0,60,2,5,11,3,5
2023-02-04,0,1,0,1,0,0,0,0,0,0,0,0,0,0,0,0,0,0,238,0,1201,18,290,3,29,0,1,7,50,71,2,74,0,11,2,1,3,0,5
2023-02-05,1,0,0,2,0,0,0,0,0,0,0,0,0,0,0,0,0,0,128,0,925,36,474,2,20,0,0,8,63,75,5,60,0,10,1,7,4,4,3
2023-02-06,0,5,1,2,0,0,0,0,0,0,0,0,0,0,0,0,0,0,177,0,937,67,926,3,104,0,1,31,333,105,3,89,0,34,1,6,20,6,9
2023-02-07,0,0,0,1,0,0,0,0,0,0,0,0,0,0,0,0,0,0,186,0,1039,51,518,5,224,0,0,21,455,121,4,287,0,36,0,9,11,2,7
2023-02-08,0,0,0,6,0,0,0,0,0,0,2,0,0,0,0,0,0,0,149,0,803,44,776,1,345,0,1,17,197,204,3,346,0,32,1,8,1,10,7
2023-02-09,0,0,0,4,0,0,0,0,0,0,1,0,0,0,0,0,0,0,192,0,1036,34,1124,2,340,0,1,34,173,187,4,231,0,33,1,4,4,9,6
2023-02-10,0,0,0,0,0,0,0,0,0,0,1,0,0,0,0,0,0,0,271,0,916,37,824,7,177,0,0,34,129,104,6,339,0,31,0,10,4,1,2
2023-02-11,0,0,0,1,0,0,0,0,0,0,0,0,0,0,0,0,0,0,90,0,1551,34,220,4,30,0,0,44,118,45,5,105,0,22,3,3,1,2,5
2023-02-12,0,0,0,3,0,0,0,0,0,0,0,0,0,0,1,0,0,0,92,0,1097,16,406,7,50,0,0,26,64,25,2,81,0,13,0,3,3,0,0
2023-02-13,0,0,0,2,0,0,0,0,0,0,0,0,0,0,0,0,0,1,171,0,1002,24,862,3,82,0,2,363,97,65,5,107,0,17,1,2,4,0,73
2023-02-14,0,0,0,2,0,0,0,0,0,0,0,0,0,0,0,0,0,0,126,0,778,27,1013,3,236,0,2,223,55,70,6,95,0,31,0,2,3,1,63
2023-02-15,0,0,0,1,0,0,0,0,0,0,1,0,0,0,0,0,0,0,166,0,723,49,870,1,129,0,1,107,66,60,11,89,0,21,0,7,9,8,34
2023-02-16,0,0,0,2,0,0,0,0,0,0,0,0,0,0,0,0,0,0,186,0,810,46,1619,2,130,0,9,68,65,87,6,89,0,38,3,24,9,5,24
2023-02-17,1,0,0,1,0,0,0,0,0,0,2,0,0,0,0,0,0,0,104,0,736,44,1038,1,125,0,4,38,60,122,2,68,0,28,5,12,6,5,7
2023-02-18,1,0,0,3,0,0,0,0,0,0,1,0,0,0,2,0,0,0,99,0,726,25,226,1,48,0,1,34,42,73,2,115,0,29,1,4,1,4,4
2023-02-19,1,0,0,5,0,0,0,0,0,0,2,0,0,0,0,0,0,0,89,0,353,15,255,1,36,0,0,32,31,52,1,46,0,24,0,6,2,2,2
2023-02-20,0,0,0,1,0,0,0,0,0,0,2,0,0,0,0,0,0,0,115,0,888,13,318,7,62,0,0,21,59,58,3,103,0,18,0,5,3,1,6
2023-02-21,0,0,0,2,1,0,0,0,0,0,2,0,0,0,1,0,0,0,111,0,769,59,520,2,132,0,2,33,48,57,4,107,0,15,0,7,4,1,11
2023-02-22,1,2,0,4,0,0,0,0,0,0,0,0,0,0,0,0,0,0,311,0,682,63,548,8,973,0,2,25,61,67,5,106,0,91,0,2,4,3,12
2023-02-23,0,0,0,1,1,0,0,0,0,0,2,0,0,0,0,3,0,1,160,0,836,29,685,7,1252,0,3,27,66,84,4,73,0,139,3,7,20,2,20
2023-02-24,3,0,0,3,0,0,0,0,0,0,0,0,0,0,0,0,0,0,130,0,664,26,417,5,404,0,2,19,41,84,0,80,0,36,3,3,23,1,6
2023-02-25,1,0,0,0,0,0,0,0,0,0,0,0,0,0,0,0,0,0,53,0,674,22,119,0,62,0,0,4,21,30,0,28,0,5,2,1,5,1,2
2023-02-26,1,0,0,6,0,0,0,0,0,0,0,0,0,0,0,0,0,1,38,0,574,18,126,3,89,0,0,6,47,29,2,30,0,4,3,1,5,0,0
2023-02-27,0,1,0,1,0,0,0,0,0,0,0,0,0,0,0,0,0,1,100,0,645,139,571,7,184,0,0,13,89,54,10,96,0,16,7,2,25,3,12
2023-02-28,7,1,0,0,0,0,0,0,0,0,0,0,0,0,0,0,0,3,142,0,743,306,988,2,436,0,0,13,98,64,5,87,0,22,12,10,33,2,5
2023-03-01,0,1,0,0,0,0,0,0,0,0,0,0,0,0,0,0,0,0,140,0,657,108,1129,7,384,0,0,25,108,99,2,67,0,30,1,9,64,4,8
2023-03-02,0,0,0,1,0,0,0,0,0,0,0,0,0,0,1,0,0,0,156,0,702,38,1546,5,262,0,3,22,88,56,1,98,0,44,1,11,13,2,4
2023-03-03,0,0,0,1,0,0,0,0,0,0,0,0,0,0,0,0,0,0,130,0,588,41,649,6,208,0,1,16,101,66,6,36,0,20,1,6,3,4,2
2023-03-04,0,0,0,3,1,0,0,0,0,0,0,0,0,0,1,0,0,1,98,0,419,18,214,3,35,0,0,14,41,53,3,33,0,4,1,1,7,8,2
2023-03-05,0,0,0,1,0,0,0,0,0,0,0,0,0,0,1,0,0,0,60,0,459,23,288,2,65,0,0,6,52,45,1,47,0,18,0,2,5,3,1
2023-03-06,0,0,0,0,0,0,0,0,0,0,0,0,0,0,0,0,0,0,309,0,624,26,335,5,165,0,0,5,74,79,1,59,0,14,1,2,5,9,0
2023-03-07,0,0,0,0,0,0,0,0,0,0,0,0,0,0,0,0,0,0,170,0,684,41,330,3,336,0,0,5,67,79,6,51,0,75,5,4,1,1,1
2023-03-08,0,1,0,2,0,0,0,0,0,0,1,0,0,0,0,0,0,0,161,0,900,59,532,11,472,0,3,20,112,66,1,47,0,78,3,1,2,3,1
2023-03-09,0,1,0,1,0,0,0,0,0,0,2,0,0,0,0,0,0,0,165,0,853,51,610,2,503,0,0,18,105,55,2,56,0,85,0,0,7,1,1
2023-03-10,0,0,0,3,0,0,0,0,0,0,1,0,0,0,0,0,0,0,155,0,1213,35,618,2,251,0,0,8,127,110,1,51,0,39,2,2,22,4,3
2023-03-11,0,0,0,1,0,0,0,0,0,0,0,0,0,0,0,0,0,0,100,0,1059,20,181,2,56,0,0,7,86,55,2,34,0,22,1,1,0,0,0
2023-03-12,0,0,0,1,0,0,0,0,0,0,0,0,0,0,0,0,0,0,76,0,813,12,102,1,89,0,0,5,83,54,2,28,0,11,1,0,2,2,1
2023-03-13,0,0,0,5,0,0,0,0,0,0,0,0,0,0,0,0,0,0,217,0,1306,23,297,2,139,0,0,29,142,110,1,28,0,36,0,1,10,1,1
2023-03-14,0,0,0,2,0,0,0,0,0,0,0,0,0,0,0,0,0,0,92,0,804,72,202,1,165,0,0,8,82,66,4,41,0,57,1,2,21,4,1
2023-03-15,0,4,0,1,0,0,0,0,0,0,1,0,0,0,0,0,0,0,188,0,1647,65,268,6,266,0,0,18,86,148,3,110,0,75,0,10,2,11,2
2023-03-16,0,0,0,2,1,0,0,0,0,0,1,0,0,0,0,0,0,0,133,0,1214,36,254,2,559,0,0,16,111,204,3,117,0,216,0,6,3,14,4
2023-03-17,0,0,0,1,0,0,0,0,0,0,0,0,0,0,0,0,0,0,131,0,1084,33,172,0,597,0,1,14,99,69,0,125,0,136,0,4,5,4,3
2023-03-18,0,0,0,2,0,0,0,0,0,0,0,0,0,0,0,0,0,0,90,0,783,19,63,1,71,0,1,7,87,50,0,30,0,25,1,0,4,1,1
2023-03-19,0,0,0,3,0,0,0,0,0,0,0,0,0,0,0,0,0,0,85,0,932,17,80,4,65,0,2,10,67,42,1,21,0,25,1,1,2,0,2
2023-03-20,0,0,0,3,0,0,0,0,0,0,1,0,0,0,0,0,0,0,203,0,2177,25,199,2,312,0,0,16,123,63,3,138,0,94,0,1,3,2,3
2023-03-21,0,0,0,3,0,0,0,0,0,0,0,0,0,0,0,0,0,0,182,0,3526,23,395,1,481,0,0,3,92,81,3,100,0,62,0,0,5,3,5
2023-03-22,0,0,0,2,0,0,0,0,0,0,1,0,0,0,0,0,0,0,169,0,4078,64,333,5,927,0,0,12,65,89,7,88,0,119,1,1,5,11,4
2023-03-23,0,1,0,4,0,0,0,0,0,0,1,0,0,0,0,0,0,0,167,0,1920,26,352,2,786,0,0,9,104,83,6,76,0,81,4,8,5,6,3
2023-03-24,0,0,0,1,0,0,0,0,0,0,0,0,0,0,0,0,0,1,169,0,1679,32,245,1,481,0,1,14,63,93,9,105,0,57,0,2,4,5,4
2023-03-25,0,0,0,2,0,0,0,0,0,0,0,0,0,0,0,0,0,0,83,0,1213,10,180,0,111,0,1,10,31,57,6,79,0,17,1,0,0,6,0
2023-03-26,0,0,0,5,0,0,0,0,0,0,3,0,0,0,0,0,0,0,69,0,1075,12,149,3,75,0,1,25,41,65,10,58,0,12,2,2,16,9,6
2023-03-27,0,0,0,3,0,0,0,0,0,0,0,0,0,0,0,0,0,0,158,0,1534,9,229,0,226,0,0,11,49,50,3,74,0,35,0,2,1,1,2
2023-03-28,0,1,1,1,0,0,0,0,0,0,0,0,0,0,0,0,0,0,326,0,2003,175,179,3,222,0,0,9,40,73,3,75,0,40,0,1,7,3,1
2023-03-29,0,0,0,8,0,0,0,0,0,0,0,0,0,0,0,0,0,0,274,0,2686,83,169,2,158,0,3,4,44,85,5,94,0,30,1,3,4,1,3
2023-03-30,0,0,0,3,2,0,0,0,0,0,0,0,0,0,0,0,0,2,187,0,1453,29,247,6,238,0,2,13,58,72,11,97,0,24,1,8,16,3,4
2023-03-31,0,0,0,1,0,0,0,0,0,0,0,0,0,0,0,0,0,0,184,0,1159,29,405,1,335,0,0,15,60,52,26,103,0,57,1,10,3,3,2
2023-04-01,0,0,0,2,0,0,0,0,0,0,0,0,0,0,0,0,0,0,91,0,774,23,196,5,254,0,0,6,31,65,4,77,0,18,0,5,2,1,3
2023-04-02,0,0,0,0,0,0,0,0,0,0,0,0,0,0,0,0,0,0,60,0,570,7,508,2,104,0,0,7,24,57,7,31,0,21,0,6,2,0,1
2023-04-03,0,0,0,2,0,0,0,0,0,0,1,0,0,0,0,0,0,0,215,0,841,75,676,1,312,0,0,7,42,48,9,54,0,30,2,8,6,5,2
2023-04-04,0,0,1,3,0,0,0,0,0,0,0,0,0,0,0,0,0,0,203,0,944,134,402,0,368,0,0,16,53,57,3,71,0,26,0,15,1,6,0
2023-04-05,0,0,0,1,1,0,0,0,0,0,0,0,0,0,0,0,0,0,258,0,1242,108,346,1,459,0,1,26,44,53,4,47,0,40,0,17,2,6,2
2023-04-06,0,0,0,1,0,0,0,0,0,0,1,0,0,0,1,0,0,1,210,0,889,95,333,2,170,0,1,17,37,138,4,134,0,36,3,7,6,22,0
2023-04-07,0,0,0,2,0,0,0,0,0,0,2,0,0,0,0,0,0,0,106,0,651,33,356,1,105,0,0,10,29,49,5,57,0,22,0,3,3,14,0
2023-04-08,0,0,0,1,0,0,0,0,0,0,0,0,0,0,0,0,0,0,95,0,442,18,241,2,121,0,0,20,19,57,1,29,0,15,2,4,4,8,2
2023-04-09,0,0,0,3,0,0,0,0,0,0,1,0,0,0,0,0,0,0,75,0,449,9,256,2,91,0,0,9,27,41,2,21,0,12,1,8,1,9,2
2023-04-10,0,0,0,2,0,0,0,0,0,0,0,0,0,0,0,0,0,0,266,0,577,28,376,0,326,0,1,6,19,41,0,70,0,52,0,14,11,63,3
2023-04-11,0,0,0,1,0,0,0,0,0,0,1,0,0,0,0,0,0,0,240,0,833,56,227,2,176,0,0,19,28,58,1,106,0,23,1,4,4,20,7
2023-04-12,0,2,0,1,0,0,0,0,0,0,4,0,0,0,0,0,0,0,302,0,809,117,206,4,176,0,0,26,36,35,0,53,0,19,0,8,2,8,28
2023-04-13,0,0,0,1,2,0,0,0,0,0,5,0,0,0,0,0,0,0,334,0,831,57,341,3,236,0,0,33,56,58,1,43,0,51,0,3,1,7,14
2023-04-14,0,0,0,0,0,0,0,0,0,0,1,0,0,0,0,0,0,0,183,0,920,35,275,2,224,0,1,34,27,89,0,60,0,32,1,6,2,5,3
2023-04-15,0,2,0,1,0,0,0,0,0,0,0,0,0,0,0,0,0,0,58,0,478,15,184,8,82,0,0,4,25,39,3,28,0,17,0,5,0,2,3
2023-04-16,0,0,0,0,0,0,0,0,0,0,2,0,0,0,0,0,0,0,141,0,473,19,129,4,74,0,1,10,23,59,1,76,0,31,1,1,3,3,5
2023-04-17,0,0,0,4,0,0,0,0,0,0,1,0,0,0,0,0,0,1,302,0,868,30,240,4,162,0,1,10,52,51,3,128,0,58,1,3,3,5,2
2023-04-18,0,0,0,0,0,0,0,0,0,0,6,0,0,0,0,0,0,0,371,0,1335,22,302,10,434,0,0,7,77,69,3,107,0,24,0,3,4,0,1
2023-04-19,0,1,0,0,0,0,0,0,0,0,1,0,0,0,0,0,0,0,317,0,1049,20,1857,7,337,0,0,6,100,43,7,90,0,34,1,2,3,5,1
2023-04-20,0,1,0,3,0,0,0,0,0,0,2,0,0,0,0,0,0,0,226,0,708,10,1734,12,274,0,1,5,49,48,6,215,0,40,0,5,4,7,14
2023-04-21,0,0,0,1,0,0,0,0,0,0,2,0,0,0,0,0,0,0,192,0,836,7,723,4,135,0,1,4,36,34,4,57,0,20,0,1,5,1,28
2023-04-22,0,0,0,2,0,0,0,0,0,0,0,0,0,0,0,0,0,0,88,0,525,12,278,1,25,0,0,0,15,24,0,37,0,3,0,2,2,1,3
2023-04-23,0,0,0,2,0,0,0,0,0,0,0,0,0,0,0,0,0,0,90,0,658,36,205,3,10,0,0,4,368,42,2,28,0,9,0,0,0,2,1
2023-04-24,0,0,0,0,0,0,0,0,0,0,1,0,0,0,0,0,0,0,129,0,733,39,405,9,79,0,2,2,401,58,5,73,0,41,2,1,0,0,2
2023-04-25,0,0,0,1,0,0,0,0,0,0,2,0,0,0,1,0,0,0,228,0,789,46,298,4,194,0,1,7,222,59,1,705,0,48,0,4,19,3,1
2023-04-26,0,0,0,1,1,0,0,0,0,0,3,0,0,0,1,0,0,0,200,0,891,40,353,4,190,0,1,17,348,61,1,816,0,83,3,18,22,11,6
2023-04-27,0,0,0,2,0,0,0,0,0,0,3,0,0,0,0,0,0,1,237,0,850,27,204,9,157,0,2,12,160,64,2,324,0,60,1,14,1,22,2
2023-04-28,0,0,0,2,1,0,0,0,0,0,2,0,0,0,1,0,0,0,289,0,1068,21,196,7,125,0,0,24,114,92,12,183,0,105,0,4,10,10,13
2023-04-29,0,0,0,0,0,0,0,0,0,0,2,0,0,0,0,0,0,1,203,0,638,11,68,0,44,0,0,3,64,49,2,51,0,29,1,0,2,3,1
2023-04-30,0,0,0,1,0,0,0,0,0,0,0,0,0,0,0,0,0,0,163,0,801,15,107,1,65,0,0,2,65,45,3,49,0,21,0,0,2,1,7
2023-05-01,0,0,0,2,0,0,0,0,0,0,1,0,0,0,0,0,0,0,244,0,919,25,148,2,523,0,0,13,47,412,5,97,0,109,0,4,4,4,2
2023-05-02,0,0,0,4,0,0,0,0,0,0,0,0,0,0,0,0,0,0,244,0,914,39,134,1,264,0,0,11,46,792,6,65,0,567,1,4,4,1,4
2023-05-03,0,0,0,3,0,0,0,0,0,0,0,0,0,0,0,0,0,0,463,0,808,34,199,0,201,0,1,1,0,401,1,46,0,256,1,0,4,5,4
2023-05-04,0,0,0,0,0,0,0,0,0,0,0,0,0,0,0,0,0,0,1835,0,961,46,134,1,197,0,2,5,0,147,4,177,0,386,0,1,3,18,6
2023-05-05,0,0,0,1,0,0,0,0,0,0,0,0,0,0,0,0,0,0,1020,0,812,44,154,2,160,0,0,17,0,100,4,90,0,153,0,1,1,18,7
2023-05-06,0,0,0,1,0,0,0,0,0,0,0,0,0,0,0,0,0,0,335,0,622,14,73,3,34,0,1,9,0,56,2,57,0,13,1,4,1,10,1
2023-05-07,0,0,0,1,0,0,0,0,0,0,0,0,0,0,0,0,0,0,154,0,616,7,111,2,47,0,0,15,0,40,4,62,0,30,0,0,1,6,2
2023-05-08,0,1,0,1,0,0,0,0,0,0,1,0,0,0,0,0,0,0,300,0,849,6,218,4,194,0,1,218,0,37,4,75,0,200,1,18,5,4,0
2023-05-09,0,0,0,1,0,0,0,0,0,0,1,0,0,0,0,0,0,0,192,0,696,10,168,0,125,0,0,159,0,65,5,62,0,96,8,11,3,9,5
2023-05-10,0,0,0,3,0,0,0,0,0,0,0,0,0,0,0,0,0,0,161,0,627,16,141,1,119,0,1,44,0,174,10,160,0,144,1,6,7,10,0
2023-05-11,0,0,0,3,0,0,0,0,0,0,0,0,1,0,0,0,0,0,214,0,751,4,319,2,112,0,1,54,0,173,3,148,0,55,0,6,4,5,2
2023-05-12,0,0,0,1,0,0,0,0,0,0,0,0,0,0,0,0,0,0,191,0,831,12,602,1,117,0,1,19,0,58,4,94,0,63,0,2,2,3,1
2023-05-13,0,0,0,3,0,0,0,0,0,0,0,0,0,0,0,0,0,0,119,0,593,7,109,2,51,0,0,42,0,33,0,63,0,30,2,5,9,5,3
2023-05-14,0,0,0,0,0,0,0,0,0,0,0,0,0,0,0,0,0,0,52,0,641,4,92,3,35,0,0,33,0,38,3,30,0,17,1,8,7,4,1
2023-05-15,1,1,0,2,0,0,0,0,0,0,1,0,0,0,0,0,0,0,149,0,743,5,209,1,133,0,1,25,0,77,3,133,0,43,1,8,4,1,2
2023-05-16,0,0,0,3,2,0,0,0,0,0,0,0,0,0,0,0,0,0,210,0,874,12,341,2,410,0,0,22,0,169,1,115,0,285,1,11,3,1,0
2023-05-17,0,0,0,1,0,0,0,0,0,0,0,0,0,0,0,0,0,0,199,0,824,10,299,0,489,0,0,25,0,68,4,76,0,99,2,11,0,1,2
2023-05-18,0,0,0,2,0,0,0,0,0,0,0,0,0,0,0,0,0,0,232,0,736,11,302,1,1145,0,0,89,0,80,2,113,0,167,2,8,3,5,7
2023-05-19,0,0,0,2,0,0,0,0,0,0,1,0,0,0,1,0,0,0,192,0,585,8,236,2,701,0,1,71,0,72,4,126,0,111,0,22,1,4,0
2023-05-20,4,0,0,2,1,0,0,0,0,0,0,0,0,0,0,0,0,0,103,0,366,6,87,2,138,0,0,18,0,23,1,54,0,22,0,6,0,1,1
2023-05-21,0,0,0,2,0,0,0,0,0,0,0,0,0,0,0,0,0,0,132,0,658,7,63,3,119,0,1,10,0,34,4,61,0,27,1,7,5,0,0
2023-05-22,0,0,0,4,0,0,0,0,0,0,0,0,0,0,0,0,0,0,154,0,806,6,245,0,344,0,1,62,0,53,10,64,0,77,1,46,7,1,4
2023-05-23,3,0,0,2,0,0,0,0,0,0,0,0,0,0,0,0,0,0,174,0,823,7,230,2,288,0,0,173,0,48,0,59,0,92,1,44,1,2,1
2023-05-24,0,0,0,2,0,0,0,0,0,0,0,0,0,0,0,0,1,0,225,0,829,5,236,0,2661,0,0,117,0,36,2,98,0,248,1,14,8,3,1
2023-05-25,0,0,0,2,0,0,0,0,0,0,0,0,0,0,0,0,0,1,173,0,610,11,463,1,2910,0,0,153,0,85,9,185,0,398,2,17,7,19,2
2023-05-26,0,0,0,0,0,0,0,0,0,0,0,0,0,0,0,0,0,1,161,0,637,10,550,1,1081,0,0,94,0,52,1,113,0,266,0,22,4,23,3
2023-05-27,0,0,0,4,0,0,0,0,0,0,0,0,0,0,0,0,0,4,136,0,326,7,217,0,584,0,0,29,0,36,4,108,0,134,2,4,4,10,0
2023-05-28,0,0,0,1,0,0,0,0,0,0,1,0,0,0,0,0,0,3,102,0,232,11,136,3,495,0,0,37,0,40,1,87,0,122,1,3,2,3,0
2023-05-29,0,0,0,4,0,0,0,0,0,0,0,0,0,0,0,0,0,0,174,0,329,4,146,6,390,0,0,29,0,56,2,69,0,62,1,10,4,3,2
2023-05-30,0,1,0,4,0,0,0,0,0,0,0,0,0,0,0,0,0,14,249,0,649,18,297,10,1184,0,1,151,0,43,9,160,0,167,0,12,6,6,2
2023-05-31,1,0,0,2,0,0,0,0,0,0,0,0,0,0,0,0,0,81,352,0,671,5,325,3,916,0,0,133,0,55,1,122,0,135,3,1,3,6,1
2023-06-01,0,0,0,1,0,0,0,0,0,0,0,0,0,0,0,0,0,29,481,0,944,9,247,4,647,0,0,109,0,52,4,110,0,95,2,3,11,7,1
2023-06-02,0,0,2,2,0,0,0,0,0,0,0,0,0,0,0,0,0,5,427,0,898,13,403,4,401,0,2,77,0,76,5,111,0,80,0,1,29,17,1
2023-06-03,0,0,0,2,0,0,0,0,0,0,1,0,0,0,0,0,0,1,142,0,577,11,117,4,154,0,0,14,0,30,3,37,0,31,0,4,6,1,0
2023-06-04,0,0,0,5,0,0,0,0,0,0,2,0,0,0,0,0,0,1,156,0,503,6,136,6,143,0,0,13,0,20,7,45,0,44,0,2,5,1,1
2023-06-05,0,1,0,5,0,0,0,0,0,0,2,0,0,0,0,0,0,4,2646,0,1068,5,291,16,258,0,0,101,0,52,19,125,0,66,3,5,11,2,2
2023-06-06,0,1,0,3,0,0,0,0,0,0,1,0,0,0,1,0,0,1,1572,0,1095,10,361,4,232,0,0,137,0,91,17,125,0,117,3,8,27,3,1
2023-06-07,0,0,1,4,1,0,0,0,0,0,0,0,0,0,2,0,0,1,507,0,2677,17,459,4,290,0,0,251,0,87,3,151,0,89,0,10,16,4,1
2023-06-08,1,0,0,2,0,0,0,0,0,0,0,0,0,0,0,0,0,7,368,0,2031,16,1101,6,263,0,0,100,0,75,3,84,0,62,1,6,22,0,3
2023-06-09,0,0,0,1,0,0,0,0,0,0,0,0,0,0,0,0,0,2,240,0,1192,14,1046,6,211,0,1,93,0,78,2,54,0,83,0,10,65,7,4
2023-06-10,1,0,0,5,0,0,0,0,0,0,0,0,0,0,0,0,0,0,112,0,530,4,228,1,109,0,0,16,0,40,4,33,0,46,1,3,13,4,2
2023-06-11,0,0,0,0,0,0,0,0,0,0,0,0,0,0,0,0,0,3,113,0,475,1,259,0,115,0,1,53,0,67,4,36,0,25,0,1,4,5,2
2023-06-12,0,0,1,3,0,0,0,0,0,0,2,0,0,0,0,0,0,2,287,0,698,15,398,2,205,0,0,90,0,90,1,101,0,129,1,6,29,4,2
2023-06-13,0,1,0,5,0,0,0,0,0,0,2,0,0,0,0,0,0,7,391,0,1258,22,667,2,390,0,0,91,0,119,4,127,0,455,1,7,28,7,4
2023-06-14,0,0,0,3,0,0,0,0,0,0,9,0,0,0,0,0,0,2,239,0,694,15,809,2,1075,0,0,86,0,83,2,110,0,209,0,5,11,8,4
2023-06-15,0,0,0,2,0,0,0,0,0,0,1,0,0,0,0,0,0,7,241,0,919,6,956,2,738,0,0,129,0,117,4,176,0,185,0,74,39,6,3
2023-06-16,0,0,0,3,0,0,0,0,0,0,1,0,0,0,0,0,0,1,264,0,816,12,501,5,528,0,0,204,0,131,4,156,0,149,0,144,22,0,3
2023-06-17,0,1,0,1,0,0,0,0,0,0,0,0,0,0,0,0,0,3,113,0,491,8,206,1,156,0,0,12,0,145,0,40,0,61,0,9,1,9,0
2023-06-18,0,0,0,4,0,0,0,0,0,0,0,0,0,0,0,0,0,0,209,0,415,10,193,10,126,0,0,23,0,49,3,77,0,62,1,9,3,4,5
2023-06-19,0,0,0,2,0,0,0,0,0,0,0,0,0,0,0,0,0,3,109,0,411,6,164,7,170,0,0,30,0,51,1,39,0,79,1,20,1,7,0
2023-06-20,0,0,0,1,1,0,0,0,0,0,2,0,0,0,0,0,0,3,247,0,677,23,969,2,492,0,0,65,0,111,0,63,0,94,2,159,6,4,2
2023-06-21,0,2,0,4,0,0,0,0,0,0,3,0,0,0,0,0,0,0,155,0,621,15,956,0,409,0,0,44,0,62,0,86,0,150,0,113,8,5,1
2023-06-22,0,2,0,1,0,0,0,0,0,0,3,0,0,0,0,0,0,1,247,0,507,23,791,3,281,0,0,34,0,59,2,77,0,125,0,72,3,2,0
2023-06-23,0,0,0,2,0,0,0,0,0,0,2,0,0,0,0,0,0,3,276,0,530,17,537,6,204,0,0,29,0,72,6,75,0,99,1,62,5,3,2
2023-06-24,0,0,0,0,0,0,0,0,0,0,0,0,0,0,0,0,0,2,111,0,348,8,205,9,82,0,0,15,0,47,2,43,0,35,1,6,2,6,1
2023-06-25,0,0,0,0,0,0,0,0,0,0,6,0,0,0,0,0,0,2,110,0,243,3,105,1,81,0,2,12,0,42,1,44,0,23,1,13,0,2,0
2023-06-26,0,0,0,4,0,0,0,0,0,0,0,0,0,0,0,0,0,11,218,0,286,15,494,0,380,0,2,14,0,75,12,88,0,84,0,22,3,2,0
2023-06-27,0,0,0,0,0,0,0,0,0,0,0,0,0,0,0,0,0,3,319,0,377,7,365,0,428,0,3,20,0,62,0,109,0,114,0,51,7,5,2
2023-06-28,0,0,0,4,0,0,0,0,0,0,1,0,0,0,0,1,0,1,434,0,688,42,343,3,725,0,0,32,0,64,23,71,0,102,0,126,11,1,3
2023-06-29,0,0,0,1,0,0,0,0,0,0,1,0,0,0,1,0,0,0,519,0,584,27,429,1,350,0,2,24,0,91,27,64,0,55,0,389,5,7,1
2023-06-30,0,0,0,1,0,0,0,0,0,0,3,0,0,0,0,0,0,8,680,0,498,22,348,2,240,0,0,19,0,81,6,58,0,40,2,66,2,7,1
2023-07-01,0,0,0,5,0,0,0,0,0,0,1,0,0,0,0,0,0,2,452,0,288,4,193,11,90,0,0,9,0,38,1,67,0,15,0,24,1,1,1
2023-07-02,0,1,0,1,0,0,0,0,0,0,1,0,0,0,0,0,0,0,254,0,264,2,542,5,205,0,0,6,0,31,4,33,0,41,0,21,1,2,2
2023-07-03,0,0,0,0,1,0,0,0,0,0,1,0,0,0,0,0,0,1,484,0,335,3,1190,16,158,0,2,11,0,69,4,38,0,56,3,8,5,5,1
2023-07-04,0,0,0,2,0,0,0,0,0,0,0,0,0,0,0,0,0,0,233,0,334,8,339,6,165,0,0,9,0,44,7,44,0,48,1,7,1,7,2
2023-07-05,0,0,0,3,0,0,0,0,0,0,3,0,0,0,0,0,0,1,294,0,397,4,395,3,183,0,0,14,0,72,2,61,0,31,1,19,7,4,2
2023-07-06,0,0,0,4,0,0,0,0,0,0,1,0,0,0,0,0,0,1,290,0,614,3,521,0,167,0,0,16,0,47,2,117,0,38,0,3,5,3,2
2023-07-07,0,0,0,3,0,0,0,0,0,0,0,0,0,0,1,0,0,0,197,0,685,5,490,3,153,0,0,15,0,66,5,56,0,31,0,12,10,3,3
2023-07-08,0,0,0,2,0,0,0,0,0,0,0,0,0,0,0,0,0,0,55,0,626,2,105,0,67,0,0,7,0,45,11,17,0,31,0,5,0,2,0
2023-07-09,0,0,0,0,0,0,0,0,0,0,0,0,0,0,0,0,0,0,98,0,340,3,139,0,42,0,1,3,0,35,6,45,0,8,0,5,0,14,1
2023-07-10,0,0,0,1,0,0,0,0,0,0,2,0,0,0,0,0,0,2,220,0,479,17,534,6,138,0,0,25,0,100,2,62,0,21,0,9,21,2,2
2023-07-11,0,1,0,4,0,0,0,0,0,0,3,0,0,0,0,0,1,0,235,0,492,16,470,4,96,0,0,33,0,189,6,149,0,69,1,10,19,14,6
2023-07-12,0,0,0,3,0,0,0,0,0,0,6,0,0,0,0,0,0,1,212,0,469,12,314,3,189,0,0,30,0,127,2,92,0,45,0,5,14,11,1
2023-07-13,0,0,0,2,0,0,0,0,0,0,7,0,0,0,0,0,0,0,193,0,384,22,488,3,758,0,1,32,0,186,1,93,0,79,1,19,10,29,3
2023-07-14,0,4,0,3,0,0,0,0,0,0,4,0,0,1,0,0,0,0,195,0,489,22,439,8,1058,0,0,17,0,131,3,144,0,95,3,6,6,7,1
2023-07-15,0,0,0,2,0,0,0,0,0,0,1,0,0,0,0,0,0,0,92,0,366,6,305,2,207,0,0,6,0,55,0,74,0,17,2,1,5,1,2
2023-07-16,0,5,0,4,0,0,0,0,0,0,4,0,0,0,0,0,0,0,53,0,314,8,389,2,139,0,0,4,0,56,0,46,0,12,0,2,1,5,0
2023-07-17,0,0,0,1,0,0,0,0,0,0,1,0,0,0,0,0,0,0,200,0,462,8,862,4,419,0,2,52,0,138,2,129,0,64,0,5,4,12,0
2023-07-18,0,0,0,3,0,0,0,0,0,0,7,0,0,0,0,0,0,1,271,0,416,13,814,8,551,0,0,72,0,107,1,605,0,57,1,10,5,1,0
2023-07-19,0,1,0,1,0,0,0,0,0,0,15,0,0,0,0,0,0,4,573,0,458,20,2087,8,453,0,0,77,0,174,3,264,0,103,6,3,4,6,2
2023-07-20,0,0,0,3,0,0,0,0,0,0,18,0,0,0,0,0,0,10,312,0,466,30,1567,8,365,0,0,29,0,144,2,111,0,96,7,6,5,4,2
2023-07-21,1,0,0,2,0,0,0,0,0,0,7,0,0,0,0,0,0,1,190,0,426,254,838,5,312,0,0,30,0,100,1,156,0,47,2,11,28,2,4
2023-07-22,1,0,0,3,0,0,0,0,0,0,0,0,0,0,0,0,0,1,102,0,268,148,208,2,170,0,0,39,0,49,3,75,0,58,0,2,5,2,1
2023-07-23,0,0,0,6,0,0,0,0,0,0,1,0,0,0,0,0,0,0,93,0,327,99,268,1,113,0,0,19,0,43,2,64,0,37,0,3,1,3,2
2023-07-24,0,0,0,8,0,0,0,0,0,0,1,0,0,0,0,0,0,3,142,0,376,553,438,1,221,0,0,19,0,92,5,155,0,36,0,3,29,7,2
2023-07-25,0,2,1,0,0,0,0,0,0,0,1,0,0,0,0,0,0,3,179,0,475,163,388,4,222,0,0,9,0,121,2,946,0,23,1,6,24,6,3
2023-07-26,0,0,3,1,0,0,0,0,0,0,2,0,0,0,0,0,0,2,270,0,417,53,232,4,163,0,0,12,0,85,4,562,0,33,2,2,44,104,7
2023-07-27,0,0,0,1,0,0,0,0,0,0,1,0,0,0,0,0,0,5,197,0,484,67,399,9,272,0,0,8,0,118,5,266,0,63,3,4,48,118,6
2023-07-28,0,0,0,1,0,0,0,0,0,0,0,0,0,0,0,0,0,0,241,0,392,40,320,2,180,0,1,130,0,76,5,139,0,73,1,3,44,37,9
2023-07-29,0,0,0,0,0,0,0,0,0,0,0,0,0,0,0,0,0,1,164,0,330,6,143,3,69,0,0,50,0,79,1,48,0,44,1,0,6,6,0
2023-07-30,0,0,0,0,0,0,0,0,0,0,1,0,0,0,0,0,0,0,156,0,221,7,135,1,75,0,0,42,0,53,0,42,0,38,0,6,6,7,3
2023-07-31,0,0,0,0,0,0,0,0,0,0,0,0,0,0,0,0,0,0,234,0,570,49,261,6,114,0,1,335,0,120,7,92,0,125,16,18,62,77,6
2023-08-01,0,0,1,0,0,0,0,0,0,0,0,0,0,0,0,0,0,1,206,0,468,34,238,2,161,0,0,175,0,79,2,67,0,677,16,18,34,44,7
2023-08-02,0,0,0,2,0,0,0,0,0,0,1,0,0,0,0,0,0,1,488,0,282,36,292,2,236,0,0,82,0,237,5,85,0,625,4,3,8,27,5
2023-08-03,0,0,0,2,0,0,0,0,0,0,2,0,0,0,0,0,0,1,1839,0,430,29,267,4,173,0,1,45,0,162,17,93,0,405,4,1,16,5,5
2023-08-04,0,2,0,2,0,0,0,0,0,0,0,0,0,0,0,0,0,2,910,0,353,26,256,6,160,0,0,47,0,98,15,76,0,89,4,3,7,1,5
2023-08-05,0,0,0,3,0,0,0,0,0,0,0,0,0,0,0,1,0,0,242,0,224,14,102,2,37,0,0,38,0,56,7,28,0,24,2,2,12,2,2
2023-08-06,0,0,0,1,0,0,0,0,0,0,0,0,0,0,0,0,0,0,193,0,196,19,91,21,31,0,0,37,0,48,1,35,0,13,1,1,2,2,0
2023-08-07,0,0,0,1,0,0,0,0,0,0,0,0,0,0,0,0,1,1,698,0,381,36,386,1,169,0,0,442,0,56,2,56,0,49,5,0,9,14,4
2023-08-08,0,0,0,4,0,0,0,1,0,0,1,0,0,0,0,0,0,0,332,0,405,84,190,0,228,0,2,198,0,120,2,40,0,41,6,0,6,151,4
2023-08-09,0,0,0,7,0,0,0,0,0,0,2,0,0,0,0,1,0,1,295,0,325,18,145,2,399,0,0,110,0,73,4,41,0,33,10,6,4,57,1
2023-08-10,0,0,0,4,0,0,0,3,0,0,0,0,0,0,0,0,0,0,265,0,414,20,158,1,463,0,0,53,0,74,0,53,0,36,3,12,6,15,1
2023-08-11,0,0,0,2,0,0,0,0,0,0,2,0,0,0,0,1,0,0,192,0,288,159,203,4,387,0,2,27,0,63,2,53,0,51,3,0,4,17,0
2023-08-12,1,2,0,5,0,0,0,0,0,0,0,0,0,0,0,0,0,0,99,0,267,98,66,0,83,0,0,10,0,46,0,21,0,11,1,0,0,8,1
2023-08-13,0,1,0,1,0,0,0,0,0,0,0,0,0,0,0,0,0,0,73,0,149,38,64,1,125,0,0,13,0,55,1,44,0,15,0,3,1,4,0
2023-08-14,1,1,2,0,0,0,0,0,0,0,0,0,0,0,0,0,0,1,125,0,370,71,327,0,781,0,1,19,0,80,1,67,0,53,7,0,4,14,1
2023-08-15,0,0,0,1,0,0,0,0,0,0,0,0,0,0,0,0,0,0,165,0,399,62,280,2,626,0,1,29,0,100,0,42,0,49,1,2,5,4,1
2023-08-16,3,0,0,0,0,0,0,0,0,0,0,0,0,0,0,0,0,3,195,0,337,69,409,1,404,0,0,28,0,64,4,48,0,66,1,3,3,13,2
2023-08-17,0,0,0,1,0,0,0,0,0,0,0,0,0,0,0,0,0,0,273,0,389,66,413,1,413,0,1,38,0,82,2,44,0,63,1,6,9,14,1
2023-08-18,0,0,0,0,1,0,0,0,0,0,0,0,0,0,0,0,0,1,220,0,261,42,398,6,479,0,1,25,0,65,4,54,0,30,0,2,5,8,2
2023-08-19,0,0,0,8,0,0,0,0,0,0,0,0,0,0,0,0,0,4,82,0,184,18,93,1,147,0,1,6,0,34,0,34,0,6,0,1,5,5,2
2023-08-20,0,0,0,0,0,0,0,0,0,0,0,0,0,0,0,0,0,3,40,0,185,14,94,4,136,0,0,8,0,33,1,28,0,6,0,0,16,2,1
2023-08-21,0,0,0,3,0,0,0,0,0,0,1,0,0,0,0,0,0,0,158,0,230,44,455,1,1294,0,0,10,0,58,1,37,0,47,1,5,1,4,1
2023-08-22,0,1,0,0,0,0,0,0,0,0,1,0,0,0,0,0,0,6,137,0,429,103,397,4,1392,0,0,8,0,63,3,34,0,52,0,3,0,2,0
2023-08-23,0,0,0,1,0,0,0,0,0,0,2,0,0,0,0,0,0,6,234,0,477,204,362,4,3210,0,1,40,0,69,4,101,0,188,0,1,2,4,2
2023-08-24,0,0,0,1,0,0,0,0,0,0,0,0,0,0,0,0,0,0,213,0,510,238,239,3,2133,0,0,37,0,99,2,97,0,344,0,3,2,6,3
2023-08-25,0,3,0,6,0,0,0,0,0,0,0,0,0,0,0,0,0,0,115,0,423,135,231,1,872,0,0,11,0,65,22,37,0,68,2,0,5,3,0
2023-08-26,0,0,0,1,0,0,0,0,0,0,0,0,0,0,0,0,0,1,72,0,232,43,68,1,160,0,0,6,0,111,4,18,0,37,0,0,7,2,2
2023-08-27,0,1,0,0,0,0,0,0,0,0,0,0,0,0,0,0,0,0,70,0,168,16,58,2,142,0,0,11,0,47,7,25,0,59,0,0,5,0,0
2023-08-28,1,0,0,0,0,0,0,0,0,0,0,0,0,0,0,0,0,0,78,0,357,157,223,1,479,0,0,19,0,71,4,38,0,55,1,0,17,7,1
2023-08-29,0,0,0,1,0,0,0,0,0,0,0,0,0,0,0,0,0,2,143,0,394,107,445,1,474,0,0,18,0,73,1,44,0,49,5,1,28,3,1
2023-08-30,0,0,0,1,0,0,0,0,0,0,1,0,0,0,0,0,0,1,239,0,310,172,407,2,449,0,0,42,0,136,5,51,0,37,0,5,9,83,1
2023-08-31,0,0,0,1,0,0,0,0,0,0,0,0,0,0,0,0,0,0,147,0,321,82,194,2,320,0,0,33,0,86,8,45,0,27,0,0,5,72,1
2023-09-01,0,0,0,1,0,0,0,0,0,0,0,0,0,0,0,0,0,0,153,0,320,62,524,0,270,0,2,11,0,66,4,23,0,55,1,2,5,31,0
2023-09-02,0,0,0,5,0,0,0,0,0,0,0,0,0,0,0,0,0,0,88,0,158,10,323,3,130,0,0,12,0,34,1,44,0,25,0,1,1,12,0
2023-09-03,0,1,0,1,0,0,0,0,0,0,1,0,0,0,0,0,0,0,74,0,143,18,230,1,85,0,0,10,0,37,8,31,0,22,0,2,1,10,0
2023-09-04,0,0,0,1,0,0,0,0,0,0,0,0,0,0,0,0,0,0,93,0,255,24,158,2,104,0,0,4,0,23,3,26,0,60,0,0,0,6,2
2023-09-05,0,0,0,0,0,0,0,0,0,0,0,0,0,0,0,0,0,0,151,0,383,45,396,5,151,0,2,5,0,50,2,37,0,44,0,0,5,56,0
2023-09-06,0,0,0,7,0,0,0,0,0,0,0,0,0,0,0,1,0,0,408,0,835,280,589,4,234,0,0,37,0,45,5,103,0,38,1,0,1,31,1
2023-09-07,0,1,0,3,0,0,0,0,0,0,0,0,0,0,0,0,0,0,627,0,835,140,359,6,251,0,1,17,0,110,3,66,0,28,1,1,3,26,1
2023-09-08,0,1,0,1,0,0,0,0,0,0,1,0,1,0,0,0,0,0,638,0,742,156,287,1,321,0,0,8,0,61,3,57,0,26,0,0,29,14,1
2023-09-09,0,0,0,0,0,0,0,0,0,0,0,0,0,0,0,0,0,0,163,0,438,69,74,3,130,0,3,4,0,42,1,35,0,15,0,0,5,16,2
2023-09-10,0,0,0,0,0,0,0,0,0,0,0,0,0,0,0,0,0,0,144,0,350,76,123,2,89,0,7,1,0,28,1,27,0,4,0,1,7,48,1
2023-09-11,0,0,0,0,0,0,0,0,0,0,2,0,0,0,0,0,0,1,338,0,707,90,1172,2,254,0,8,13,0,65,2,55,0,32,0,7,5,96,1
2023-09-12,0,0,0,3,0,0,0,0,0,0,2,0,0,0,0,0,0,5,1383,0,501,39,524,6,169,0,3,9,0,83,10,51,0,23,2,0,5,64,3
2023-09-13,1,0,0,1,0,0,0,0,0,0,2,0,0,0,0,0,0,0,622,0,297,30,336,4,150,0,0,10,0,113,4,45,0,25,2,10,4,30,3
2023-09-14,1,1,0,2,1,0,0,0,0,0,1,0,0,0,0,0,0,0,811,0,511,70,346,7,230,0,9,16,0,101,3,69,0,40,0,5,5,41,2
2023-09-15,0,0,0,9,0,0,0,0,0,0,0,0,0,0,0,0,0,1,326,0,488,59,445,3,258,0,6,14,0,103,4,47,0,46,0,3,9,39,2
2023-09-16,0,0,0,3,0,0,0,0,0,0,0,0,0,0,0,0,0,0,201,0,409,18,204,2,88,0,1,10,0,50,2,52,0,16,1,1,1,14,3
2023-09-17,0,0,0,4,0,0,0,0,0,0,0,0,0,0,0,0,0,0,130,0,248,8,209,1,63,0,4,7,0,65,2,48,0,34,0,6,2,8,1
2023-09-18,0,0,0,3,0,0,0,0,0,0,0,0,0,0,0,0,0,1,263,0,392,27,465,8,280,0,1,17,0,42,2,43,0,56,0,4,13,48,2
2023-09-19,0,0,0,2,0,0,0,0,0,0,3,0,1,0,0,0,0,1,246,0,450,36,338,1,160,0,0,5,0,71,1,111,0,50,2,4,48,48,0
2023-09-20,0,1,0,1,0,0,0,0,0,0,1,0,0,0,0,0,0,0,217,0,461,40,395,1,218,0,4,10,0,87,1,96,0,32,1,2,18,41,2
2023-09-21,0,0,0,0,0,0,0,0,0,0,2,0,0,0,0,0,0,0,241,0,364,21,282,0,319,0,10,12,0,82,1,121,0,42,0,3,9,18,0
2023-09-22,0,0,0,3,0,0,0,0,0,0,1,0,0,0,0,0,0,1,194,0,398,29,297,0,225,0,2,18,0,62,4,66,0,39,1,3,1,20,0
2023-09-23,0,0,0,0,0,0,0,0,0,0,0,0,0,0,0,0,0,0,82,0,246,13,118,1,58,0,7,3,0,19,1,37,0,14,0,1,2,8,1
2023-09-24,0,0,0,0,0,0,0,0,0,0,0,0,0,0,0,0,0,0,80,0,237,7,107,2,41,0,5,2,0,67,0,38,0,14,0,0,1,12,0
2023-09-25,0,1,0,1,0,0,0,0,0,0,0,0,0,0,0,0,0,1,84,0,334,33,178,3,166,0,34,8,0,55,3,63,0,14,0,0,7,75,2
2023-09-26,0,3,0,3,0,0,0,0,0,0,1,0,0,0,0,0,0,1,167,0,370,17,291,3,222,0,11,13,0,59,4,83,0,14,0,8,2,48,1
2023-09-27,0,0,0,1,0,0,0,0,0,0,0,0,0,0,0,0,0,0,306,0,296,28,305,4,260,0,9,40,0,59,4,95,0,32,1,8,7,25,0
2023-09-28,0,2,0,3,0,0,0,0,0,0,3,0,0,0,0,0,0,0,213,0,846,20,290,2,244,0,4,76,0,57,2,63,0,69,1,6,5,17,1
2023-09-29,0,0,0,1,1,0,0,0,0,0,3,0,0,0,0,0,0,0,106,0,975,28,232,3,178,0,1,58,0,93,4,59,0,35,1,1,7,13,1
2023-09-30,0,0,0,0,0,0,0,0,0,0,2,0,0,0,0,0,0,1,57,0,324,20,193,4,40,0,1,10,0,48,0,21,0,10,0,0,1,1,0
2023-10-01,0,1,0,1,0,0,0,0,0,0,0,0,0,0,0,0,0,0,85,0,274,18,251,4,23,0,1,4,0,42,2,13,0,10,0,0,1,17,0
2023-10-02,0,0,0,2,0,0,0,0,0,0,1,0,0,0,0,0,0,1,170,0,566,21,512,4,176,0,2,17,0,56,2,44,0,21,0,1,3,26,0
2023-10-03,0,0,0,0,0,0,0,0,0,0,0,0,0,0,0,0,0,1,124,0,664,12,286,1,186,0,0,9,0,46,1,82,0,25,0,0,1,19,0
2023-10-04,0,0,1,2,0,0,0,0,0,0,0,0,0,0,0,0,0,1,156,0,494,12,545,4,133,0,0,7,0,51,2,67,0,18,0,3,5,30,2
2023-10-05,0,0,0,3,0,0,0,0,0,0,0,0,0,0,0,0,0,0,130,0,342,44,425,3,280,0,0,9,0,112,7,30,0,28,0,0,3,15,0
2023-10-06,0,0,0,2,0,0,0,0,0,0,0,0,0,0,0,0,0,1,89,0,313,47,520,0,222,0,1,9,0,64,2,39,0,39,0,1,4,5,1
2023-10-07,0,0,0,0,1,0,0,0,0,0,0,0,0,0,0,0,0,0,41,0,279,19,159,4,56,0,1,16,0,22,1,14,0,3,0,1,2,5,1
2023-10-08,0,0,0,1,0,0,0,0,0,0,0,0,0,0,0,0,0,0,50,0,282,18,60,3,84,0,0,7,0,38,1,31,0,20,0,0,2,8,0
2023-10-09,0,0,0,0,0,0,0,0,0,0,0,0,0,0,0,0,0,1,86,0,478,19,211,0,140,0,1,82,0,67,2,45,0,13,1,1,6,15,0
2023-10-10,0,0,0,3,0,0,0,0,0,0,0,0,0,0,0,0,0,0,107,0,496,43,380,2,104,0,2,97,0,96,5,54,0,24,0,12,9,3,1
2023-10-11,0,0,0,0,0,0,0,0,0,0,5,0,0,0,0,0,0,0,105,0,311,37,195,0,161,0,0,46,0,54,0,111,0,22,0,2,3,0,0
2023-10-12,0,0,0,1,0,0,0,0,0,0,3,0,0,0,0,0,0,2,189,0,351,56,246,0,230,0,0,32,0,42,1,125,0,31,0,6,2,19,1
2023-10-13,0,0,1,2,0,0,0,1,0,0,5,0,0,0,0,0,0,0,88,0,285,91,199,0,165,0,1,9,0,55,1,96,0,9,0,4,2,8,2
2023-10-14,0,1,0,0,0,0,0,0,0,0,3,0,0,0,0,0,0,0,69,0,348,61,95,3,58,0,0,17,0,39,6,80,0,10,1,7,16,14,8
2023-10-15,0,1,0,0,0,0,0,0,0,0,1,0,0,0,0,1,0,0,218,0,273,38,316,6,87,0,1,12,0,36,8,54,0,28,1,6,12,9,4
2023-10-16,0,0,0,4,0,0,0,0,0,0,1,0,0,0,0,0,0,1,435,0,412,28,300,1,140,0,1,44,0,48,11,74,0,24,0,1,5,9,0
2023-10-17,0,1,0,0,0,0,0,0,0,0,2,0,0,0,0,0,0,5,133,0,474,23,301,1,441,0,3,34,0,47,3,40,0,21,0,2,2,7,0
2023-10-18,0,0,0,2,0,0,0,0,0,0,2,0,0,0,0,0,0,1,165,0,465,16,1238,1,311,0,1,12,0,56,2,42,0,21,0,4,2,4,2
2023-10-19,0,0,0,1,0,0,0,0,0,0,8,0,0,0,0,0,0,0,121,0,621,22,1076,9,186,0,0,6,0,90,0,46,0,17,2,2,2,2,3
2023-10-20,0,0,0,2,0,0,0,0,0,0,0,0,0,0,0,0,0,0,102,0,602,11,698,4,173,0,1,18,0,41,2,68,0,21,0,2,4,3,1
2023-10-21,0,0,0,1,0,0,0,0,0,0,0,0,0,0,0,0,0,1,63,0,238,6,239,1,88,0,2,6,0,36,3,50,0,13,0,1,3,3,0
2023-10-22,0,0,0,0,1,0,0,0,0,0,1,0,0,0,0,0,0,0,104,0,225,11,169,2,68,0,1,13,0,37,0,49,0,8,0,2,9,1,1
2023-10-23,0,0,0,0,0,0,0,0,0,0,1,0,0,0,0,0,0,3,112,0,386,10,403,1,227,0,1,13,0,42,3,148,0,43,1,2,7,9,1
2023-10-24,0,0,0,0,0,0,0,0,0,0,0,0,0,0,0,0,0,1,125,0,383,11,307,1,234,0,1,12,0,87,3,493,0,28,0,0,8,16,3
2023-10-25,0,0,0,1,1,0,0,0,0,0,0,0,0,0,0,0,0,0,154,0,405,8,350,3,212,0,0,13,0,113,33,361,0,36,0,2,2,5,0
2023-10-26,0,0,3,1,0,0,0,0,0,0,0,0,0,0,0,0,0,0,179,0,312,6,507,3,265,0,0,13,0,40,12,175,0,24,0,4,1,3,1
2023-10-27,0,0,0,2,0,0,0,0,0,0,0,0,0,0,0,0,0,3,144,0,350,26,514,0,176,0,0,27,0,26,3,71,0,26,0,1,3,1,1
2023-10-28,0,0,0,1,0,0,0,0,0,0,0,0,0,0,0,0,0,2,82,0,231,13,122,0,29,0,0,11,0,21,2,36,0,8,1,1,2,3,0
2023-10-29,0,0,0,2,0,0,0,0,0,0,1,0,0,0,0,0,0,1,133,0,188,10,199,0,47,0,0,20,0,23,2,37,0,20,0,0,0,2,1
2023-10-30,0,1,0,0,0,0,0,0,0,0,0,0,0,0,0,1,0,1,184,0,439,31,615,5,89,0,0,25,0,48,6,44,0,52,0,0,1,2,1
2023-10-31,0,1,3,1,0,0,1,0,0,0,0,0,1,0,0,0,0,0,225,0,474,21,453,1,222,0,0,11,0,45,3,47,0,342,2,4,1,2,1
2023-11-01,0,0,2,0,0,0,0,0,0,0,0,0,0,0,0,0,0,0,194,0,366,11,309,3,146,0,0,22,0,34,4,47,0,194,2,2,3,1,0
2023-11-02,1,0,0,2,0,0,0,0,0,0,0,0,0,0,0,0,0,0,1352,0,458,4,234,6,199,0,1,138,0,55,3,72,0,76,0,4,0,1,1
2023-11-03,0,0,0,2,0,0,0,0,0,0,1,0,0,0,0,1,0,0,471,0,345,19,349,3,186,0,0,41,0,51,1,69,0,63,0,6,2,5,3
2023-11-04,0,0,0,2,0,0,0,0,0,0,1,0,0,0,0,0,0,0,74,0,267,27,118,1,44,0,0,20,0,42,2,31,0,29,0,0,0,0,1
2023-11-05,0,0,0,0,0,0,0,0,0,0,0,0,0,0,0,0,0,0,62,0,275,14,151,1,28,0,1,37,0,34,11,22,0,12,5,3,5,1,2
2023-11-06,0,0,0,0,0,0,0,0,0,0,3,0,0,0,0,0,0,0,307,0,288,21,193,0,196,0,0,41,0,76,3,70,0,28,4,12,10,4,3
2023-11-07,0,1,0,2,0,0,0,0,0,0,1,0,0,0,0,0,1,0,262,0,355,13,341,2,142,0,0,20,0,77,7,82,0,32,0,5,12,3,7
2023-11-08,0,0,0,0,1,0,0,0,0,0,0,0,0,0,0,0,0,0,176,0,371,37,206,7,240,0,0,37,0,73,1,115,0,33,0,11,2,0,6
2023-11-09,0,0,0,2,0,0,0,0,0,0,2,0,0,0,0,0,0,0,192,0,528,171,481,5,396,0,0,16,0,67,4,75,0,22,1,21,7,8,7
2023-11-10,0,0,0,1,0,0,0,0,0,0,0,0,0,0,0,0,0,2,187,0,497,47,277,1,235,0,2,30,0,84,4,87,0,77,5,6,3,3,3
2023-11-11,0,0,0,1,0,0,0,0,0,0,0,0,0,0,0,0,0,0,73,0,316,20,371,0,42,0,0,10,0,35,5,71,0,8,0,0,1,4,0
2023-11-12,0,0,0,1,0,0,0,0,0,0,0,0,0,0,0,0,0,0,110,0,249,34,195,1,55,0,2,12,0,84,1,52,0,10,0,1,0,7,0
2023-11-13,0,0,0,0,0,0,0,0,0,0,1,0,0,0,0,0,0,1,122,0,536,19,220,1,288,0,3,22,0,58,2,39,0,34,0,5,0,7,0
2023-11-14,0,0,0,0,0,0,0,0,0,0,0,0,0,0,0,0,0,0,151,0,425,11,269,0,297,0,0,41,0,57,4,74,0,37,0,6,5,4,0
2023-11-15,0,0,0,1,0,0,0,0,0,0,0,0,0,0,0,0,0,1,151,0,383,14,331,1,338,0,0,29,0,79,0,82,0,33,0,7,7,6,2
2023-11-16,0,0,0,0,0,0,0,0,0,0,0,0,0,0,0,0,0,1,205,0,364,36,428,2,236,0,0,16,0,89,3,131,0,41,0,0,14,17,1
2023-11-17,2,0,0,1,0,0,0,0,0,0,0,0,0,0,0,0,0,2,168,0,343,26,390,2,307,0,2,48,0,82,6,260,0,44,1,6,20,14,3
2023-11-18,1,0,0,1,0,0,0,0,0,0,1,0,0,0,0,0,0,1,57,0,201,8,103,1,108,0,0,7,0,17,0,227,0,12,0,0,5,7,2
2023-11-19,0,0,0,1,0,0,0,0,0,0,2,0,0,0,0,0,0,0,53,0,202,4,96,0,81,0,1,12,0,30,1,190,0,8,0,2,2,7,0
2023-11-20,2,0,0,2,0,0,0,0,0,0,0,0,0,0,0,0,0,0,136,0,246,12,221,9,601,0,1,51,0,59,1,1247,0,25,0,2,4,7,0
2023-11-21,0,0,0,1,0,0,0,0,0,0,0,0,0,0,0,0,0,1,143,0,351,30,332,7,1457,0,0,50,0,61,3,475,0,49,1,1,9,0,1
2023-11-22,0,0,0,1,0,0,0,0,0,0,2,0,0,0,0,0,0,0,165,0,395,43,307,3,986,0,1,38,0,61,5,197,0,94,0,1,4,1,1
2023-11-23,0,0,0,4,0,0,0,0,0,0,0,0,0,0,0,0,0,0,72,0,204,7,45,0,164,0,0,10,0,16,0,94,0,14,0,0,5,1,1
2023-11-24,0,0,0,1,0,0,0,0,0,0,4,0,0,0,0,0,0,0,109,0,310,2,95,0,241,0,0,15,0,20,1,80,0,24,0,4,0,0,0
2023-11-25,0,0,0,0,0,0,0,0,0,0,3,0,0,0,0,0,0,0,78,0,165,5,39,1,85,0,0,19,0,22,0,43,0,14,4,4,0,0,0
2023-11-26,0,0,0,3,0,0,0,0,0,0,1,0,0,0,0,0,0,0,79,0,189,5,109,1,170,0,0,25,0,35,7,100,0,48,2,4,0,1,0
2023-11-27,0,0,0,1,0,0,0,0,0,0,0,0,0,0,0,0,0,0,132,0,393,15,264,2,227,0,0,20,0,49,6,91,0,17,0,3,0,6,1
2023-11-28,0,0,0,1,0,0,0,0,0,0,0,0,0,0,0,0,0,0,125,0,603,10,236,0,239,0,0,17,0,53,4,89,0,23,1,0,2,6,10
2023-11-29,0,2,0,1,0,0,0,0,0,0,1,0,0,0,0,0,0,0,150,0,1028,27,349,1,122,0,0,12,0,155,3,106,0,12,1,3,3,2,2
2023-11-30,0,0,0,6,0,0,0,0,0,0,0,0,0,0,0,0,0,0,143,0,548,18,681,0,210,0,0,10,0,85,0,69,0,11,0,1,4,10,1
2023-12-01,0,0,0,5,0,0,0,0,0,0,1,0,0,0,0,0,0,1,144,0,507,13,428,0,225,0,1,16,0,79,4,116,0,28,1,2,7,5,3
2023-12-02,0,0,0,2,0,0,0,0,0,0,1,0,0,0,0,1,0,0,122,0,248,13,116,0,84,0,0,16,0,60,10,49,0,44,0,2,8,2,2
2023-12-03,0,0,0,0,0,0,0,0,0,0,0,0,0,0,0,0,0,0,89,0,244,7,98,1,36,0,0,6,0,21,5,46,0,21,0,1,5,1,5
2023-12-04,0,0,0,4,0,0,0,0,0,0,2,0,0,0,0,0,0,0,98,0,542,21,120,2,237,0,2,23,0,69,2,50,0,27,0,9,9,2,2
2023-12-05,0,1,0,3,0,0,0,0,0,0,1,0,0,0,0,0,0,2,156,0,471,15,194,9,166,0,0,21,0,84,1,42,0,21,0,6,27,3,4
2023-12-06,0,0,0,3,0,0,0,0,0,0,2,0,0,0,0,0,0,0,167,0,862,15,266,0,161,0,0,32,0,143,3,49,0,49,0,9,15,2,2
2023-12-07,0,0,0,3,0,0,0,0,1,0,2,0,0,0,0,0,0,1,285,0,1296,12,283,2,156,0,3,28,0,89,3,111,0,221,1,0,7,1,1
2023-12-08,0,0,0,0,0,0,0,0,4,0,1,0,0,0,0,0,0,0,220,0,798,9,253,0,120,0,1,30,0,72,2,95,0,122,1,5,14,11,0
2023-12-09,0,0,0,1,0,0,0,0,1,0,1,0,1,0,0,0,0,0,82,0,325,6,68,1,42,0,1,7,0,88,3,50,0,24,0,0,1,1,2
2023-12-10,0,0,0,1,0,0,0,0,0,0,1,0,0,0,0,0,0,1,108,0,256,26,144,2,49,0,0,12,0,37,2,40,0,35,0,0,2,1,3
2023-12-11,0,0,0,0,0,0,0,0,1,0,2,0,0,0,0,0,0,0,207,0,334,18,223,5,116,0,0,24,0,86,6,140,0,78,0,0,2,0,0
2023-12-12,0,0,0,1,0,0,0,0,0,0,1,0,0,0,0,0,0,0,156,0,408,21,176,4,84,0,0,10,0,108,3,50,0,120,0,1,6,3,1
2023-12-13,0,0,0,0,0,0,0,0,1,0,1,0,0,0,0,26,0,3,166,0,452,22,528,0,111,0,0,6,0,77,3,81,0,38,1,4,10,2,4
2023-12-14,0,1,0,2,0,0,0,0,0,0,0,0,0,0,0,0,0,0,281,0,461,12,378,1,145,0,1,22,0,95,4,193,0,40,0,9,3,3,0
2023-12-15,0,0,0,0,0,0,0,0,1,0,1,0,0,0,0,1,0,0,309,0,298,9,439,2,191,0,0,46,0,100,9,128,0,55,1,4,14,3,1
2023-12-16,0,1,0,0,0,0,0,0,1,0,1,0,0,0,0,0,0,0,105,0,215,13,89,2,61,0,3,39,0,65,3,37,0,29,1,2,8,1,1
2023-12-17,0,4,0,2,0,0,0,0,0,0,2,0,0,0,0,0,0,0,73,0,260,6,196,1,55,0,1,36,0,59,4,41,0,30,0,0,19,7,2
2023-12-18,0,3,0,0,0,0,0,0,0,0,0,0,0,0,0,0,0,1,186,0,376,20,356,0,206,0,2,32,0,64,2,84,0,40,0,4,47,8,0
2023-12-19,0,1,0,2,0,0,0,0,0,0,1,0,0,0,0,0,0,0,184,0,313,12,441,5,347,0,0,11,0,112,4,131,0,110,0,5,35,1,4
2023-12-20,0,0,0,3,0,0,0,0,0,0,0,0,0,0,0,0,0,1,141,0,457,32,320,2,235,0,0,12,0,132,8,68,0,155,0,1,40,7,0
2023-12-21,0,1,0,2,0,0,0,0,0,0,1,0,0,0,0,0,0,0,239,0,304,19,314,1,95,0,0,18,0,69,3,54,0,86,1,2,4,0,2
2023-12-22,0,1,0,2,0,0,0,0,0,0,1,0,0,0,1,0,0,0,199,0,221,18,226,1,171,0,1,21,0,87,6,74,0,49,0,3,24,10,1
2023-12-23,0,1,0,0,0,0,0,0,0,0,0,0,0,0,0,0,0,0,98,0,205,46,64,0,60,0,0,7,0,43,1,99,0,13,1,0,6,5,2
2023-12-24,0,1,0,2,0,0,0,0,0,0,0,0,0,0,0,0,0,0,99,0,167,40,126,2,82,0,0,17,0,74,2,76,0,23,0,0,3,3,0
2023-12-25,0,0,0,0,0,0,0,0,0,0,0,0,0,0,0,0,0,0,80,0,156,15,79,1,63,0,1,8,0,54,2,55,0,19,0,0,5,1,0
2023-12-26,0,0,0,0,0,0,0,0,0,0,3,0,0,0,0,0,0,0,161,0,276,16,294,4,107,0,0,7,0,91,4,82,0,73,0,0,37,4,0
2023-12-27,0,0,0,2,1,0,0,0,0,0,0,0,0,0,0,0,0,1,206,0,334,22,346,0,122,0,1,28,0,102,2,51,0,97,1,2,49,11,1
2023-12-28,0,0,0,1,0,0,0,0,1,0,2,0,0,0,0,3,0,0,136,0,284,47,593,2,112,0,0,17,0,92,2,72,0,139,2,0,49,22,2
2023-12-29,0,0,0,0,0,0,0,0,0,0,0,0,0,0,0,0,0,0,163,0,317,66,519,0,249,0,1,8,0,101,2,79,0,121,2,4,48,16,4
2023-12-30,0,0,0,2,0,0,0,0,0,0,2,0,0,0,0,0,0,1,87,0,210,15,225,1,120,0,0,12,0,44,4,73,0,85,2,2,19,5,1
2023-12-31,0,0,0,1,0,0,0,0,0,0,2,0,0,0,0,0,0,4,67,0,127,13,134,2,58,0,0,3,0,38,0,36,0,30,1,1,8,3,0
2024-01-01,0,0,0,0,0,0,0,0,0,0,0,0,0,0,0,0,0,1,48,0,141,10,171,4,74,0,0,3,0,40,4,42,0,32,0,1,13,1,0
2024-01-02,0,1,0,2,0,0,0,0,0,0,2,0,0,0,0,0,0,0,420,0,240,17,463,2,119,0,0,10,0,111,2,60,0,107,0,0,24,1,2
2024-01-03,0,0,0,0,0,0,0,0,0,0,0,0,0,0,0,0,1,0,238,0,272,24,251,2,89,0,0,6,0,54,1,48,0,49,0,0,16,14,0
2024-01-04,0,0,0,2,0,0,0,0,1,0,5,0,0,0,0,0,0,0,339,0,234,24,177,3,94,0,1,10,0,80,6,58,0,41,1,0,14,9,2
2024-01-05,1,0,0,2,1,0,0,0,0,0,5,0,0,0,1,0,0,0,313,0,358,41,249,7,255,0,0,40,0,79,2,46,0,53,0,3,16,23,1
2024-01-06,0,0,0,0,0,0,0,0,0,0,1,0,0,0,0,0,0,0,125,0,211,21,86,3,40,0,0,0,0,47,3,37,0,23,0,0,5,6,0
2024-01-07,0,0,0,1,0,0,0,0,0,0,4,0,0,0,0,0,0,1,152,0,156,16,111,1,45,0,0,3,0,32,0,51,0,6,1,0,2,5,0
2024-01-08,1,0,0,4,0,0,0,0,0,0,6,0,0,0,0,1,0,0,268,0,207,28,205,10,579,0,0,3,0,67,6,84,0,86,0,3,9,14,0
2024-01-09,0,0,0,0,0,0,0,0,0,0,8,0,0,0,0,1,0,0,178,0,307,18,241,8,972,0,0,6,0,131,5,47,0,102,1,2,8,29,0
2024-01-10,0,0,0,0,0,0,0,0,0,0,1,0,0,0,0,2,0,0,215,0,254,55,220,5,529,0,0,11,0,123,1,98,0,96,1,4,4,10,0
2024-01-11,0,1,0,2,1,0,0,0,0,0,1,0,0,0,0,0,0,0,209,0,324,70,479,2,626,0,0,11,0,96,3,149,0,65,2,2,9,10,1
2024-01-12,0,2,0,1,0,0,0,0,0,0,0,0,0,0,0,0,0,0,159,0,609,30,613,1,346,0,1,10,0,59,4,97,0,50,0,2,4,22,3
2024-01-13,0,1,0,2,0,0,0,0,0,0,0,0,0,0,0,1,0,0,162,0,434,11,182,2,66,0,0,10,0,62,4,50,0,29,1,1,2,55,0
2024-01-14,0,0,0,2,0,0,0,0,0,0,5,0,0,0,0,1,0,0,107,0,229,7,215,2,95,0,0,3,0,42,3,57,0,26,0,2,4,4,2
2024-01-15,0,1,0,0,0,0,0,0,0,0,3,0,0,0,0,0,0,0,114,0,220,9,306,2,123,0,2,3,0,49,1,45,0,19,1,0,1,4,0
2024-01-16,0,1,0,2,0,0,0,0,0,0,1,0,0,0,0,0,0,0,295,0,310,26,951,4,550,0,2,19,0,78,8,184,0,362,1,2,12,12,0
2024-01-17,0,2,0,1,0,0,0,0,0,0,1,0,0,0,0,0,0,0,259,0,311,33,602,4,575,0,1,6,0,56,9,113,0,238,0,0,13,9,0
2024-01-18,0,1,0,2,1,0,0,0,0,0,3,0,0,0,0,0,0,0,464,0,282,41,610,3,922,0,1,17,0,75,6,126,0,526,0,0,6,3,0
2024-01-19,0,0,0,1,0,0,0,0,0,0,4,0,0,0,0,1,0,0,267,0,245,30,616,1,1109,0,1,11,0,110,1,135,0,511,0,2,28,8,1
2024-01-20,0,0,0,0,0,0,0,0,0,0,1,0,0,0,0,0,0,0,100,0,176,13,268,1,248,0,0,10,0,67,1,75,0,160,0,0,13,3,0
2024-01-21,0,0,0,0,0,0,0,0,0,0,1,0,0,0,0,0,0,0,234,0,205,15,377,2,327,0,0,12,0,51,3,102,0,137,0,0,22,1,1
2024-01-22,1,0,0,4,2,0,0,0,0,0,3,0,0,0,0,0,0,0,414,0,281,14,631,0,818,0,0,25,0,115,5,130,0,530,1,6,35,7,1
2024-01-23,0,1,0,1,0,0,0,0,0,0,2,0,0,0,0,3,0,1,174,0,316,16,604,3,476,0,1,16,0,67,1,102,0,256,1,2,35,1,2
2024-01-24,1,0,0,3,0,0,0,0,0,0,6,0,0,0,0,1,0,0,209,0,329,25,2325,5,1004,0,0,19,0,81,31,138,0,510,1,2,24,2,0
2024-01-25,0,0,0,3,0,0,0,0,0,0,9,0,0,0,0,0,0,1,265,0,356,33,2403,23,956,0,0,16,0,76,11,254,0,562,2,2,12,2,0
2024-01-26,1,0,0,3,0,0,0,0,0,0,3,0,0,0,0,0,0,0,237,0,377,19,1115,4,779,0,0,6,0,79,1,182,0,463,0,1,14,5,3
2024-01-27,0,1,0,0,0,0,0,0,0,0,1,0,0,0,0,0,0,2,119,0,232,7,388,4,207,0,0,1,0,60,2,81,0,138,0,1,1,1,0
2024-01-28,0,1,0,0,0,0,0,0,0,0,1,0,0,0,0,0,0,1,94,0,236,10,311,1,219,0,0,9,0,66,2,65,0,148,0,1,27,0,1
2024-01-29,0,0,0,1,0,0,0,0,0,0,0,0,0,0,0,0,0,1,179,0,255,25,544,0,540,0,0,36,0,80,1,174,0,487,1,1,19,5,2
2024-01-30,0,0,0,0,0,0,0,0,0,0,7,0,0,0,0,0,0,1,594,0,341,19,743,1,653,0,0,12,0,104,9,981,0,1250,0,2,12,4,0
2024-01-31,0,0,0,4,0,0,0,0,0,0,0,0,0,0,0,0,1,1,417,0,340,30,855,5,473,0,1,10,0,88,5,436,0,684,0,1,7,1,0
2024-02-01,0,0,0,2,0,0,0,0,0,0,1,0,0,0,0,2,0,0,1165,0,380,26,394,1,483,0,0,20,0,148,7,180,0,288,1,7,17,1,0
2024-02-02,0,0,0,1,1,0,0,0,0,0,1,0,0,0,0,0,0,0,726,0,262,24,674,1,1004,0,0,78,0,114,4,141,0,222,0,4,4,2,0
2024-02-03,0,1,0,0,1,0,0,0,0,0,2,0,0,0,0,4,0,2,167,0,274,13,149,0,258,0,0,41,0,56,5,78,0,53,0,2,2,0,0
2024-02-04,0,0,0,0,1,0,0,0,0,0,1,0,0,0,0,0,0,0,260,0,204,13,223,4,421,0,0,88,0,32,7,102,0,86,0,2,5,1,0
2024-02-05,0,0,0,3,0,0,0,0,0,0,0,0,0,0,0,1,0,0,328,0,339,40,821,6,2067,0,0,505,0,72,45,124,0,201,1,1,11,4,2
2024-02-06,0,1,0,3,0,0,0,0,0,0,2,0,0,0,0,0,0,1,234,0,394,31,722,1,2870,0,1,536,0,122,6,140,0,231,0,1,8,12,2
2024-02-07,0,0,0,1,0,0,0,0,0,0,1,0,0,0,0,0,0,0,289,0,449,29,545,3,1683,0,0,287,0,168,4,121,0,116,0,1,11,0,4
2024-02-08,0,0,0,1,0,0,0,0,0,0,3,0,0,0,0,0,0,1,404,0,389,26,332,10,1406,0,1,366,0,237,9,149,0,140,0,2,4,0,2
2024-02-09,0,0,0,2,0,0,0,0,0,0,0,0,0,0,0,0,0,0,292,0,351,30,386,2,1711,0,0,214,0,129,6,177,0,145,0,5,12,3,3
2024-02-10,0,0,0,0,1,0,0,0,0,0,0,0,0,0,0,0,0,0,142,0,300,25,172,2,641,0,0,56,0,102,3,107,0,59,2,5,13,4,0
2024-02-11,0,0,0,4,0,0,0,0,0,0,1,0,0,0,0,0,0,0,200,0,254,13,233,3,512,0,0,36,0,58,1,133,0,82,2,2,5,2,3
2024-02-12,0,0,0,0,0,0,0,0,0,0,0,0,0,0,0,0,0,0,181,0,255,19,434,0,1587,0,0,57,0,153,0,119,0,105,0,2,4,5,17
2024-02-13,0,0,0,0,0,0,0,0,0,0,1,0,0,0,1,0,0,0,143,0,183,27,338,2,1743,0,0,59,0,439,7,143,0,115,1,5,4,4,7
2024-02-14,0,0,0,1,0,0,0,0,0,0,0,0,0,0,0,0,0,1,418,0,274,28,449,5,1505,0,3,55,0,306,2,150,0,139,2,4,12,9,2
2024-02-15,0,0,0,2,1,0,0,0,0,0,0,0,0,0,0,0,0,2,551,0,260,37,660,3,1752,0,0,44,0,121,5,177,0,170,0,8,7,3,3
2024-02-16,0,0,0,8,0,0,0,0,0,0,1,0,0,0,0,2,0,0,334,0,383,29,527,22,1852,0,0,46,0,189,6,141,0,119,2,2,4,4,4
2024-02-17,0,0,0,0,0,0,0,0,0,0,0,0,0,0,0,1,0,0,150,0,241,10,166,11,761,0,0,16,0,172,0,72,0,90,0,8,3,0,0
2024-02-18,0,0,0,1,0,0,0,0,0,0,1,0,0,0,0,3,0,0,169,0,186,13,260,6,662,0,1,13,0,98,2,67,0,64,0,2,0,0,2
2024-02-19,0,0,0,1,0,0,0,0,0,0,1,0,0,0,0,2,0,0,263,0,234,23,326,6,1112,0,0,30,0,78,6,214,0,118,0,2,1,5,1
2024-02-20,0,0,0,3,0,0,0,0,0,0,0,0,0,0,0,0,0,1,295,0,302,11,326,6,2152,0,0,45,0,150,2,134,0,141,0,10,2,4,1
2024-02-21,0,0,0,1,0,0,0,0,0,0,0,0,0,0,0,0,0,0,213,0,341,23,448,23,4921,0,0,53,0,116,4,143,0,202,4,4,8,0,4
2024-02-22,0,0,0,0,0,0,0,0,0,0,4,0,0,0,0,1,0,0,323,0,274,37,653,18,3892,0,0,32,0,118,7,212,0,358,1,6,11,2,3
2024-02-23,3,1,0,4,0,0,0,0,0,0,0,0,0,0,0,1,0,3,244,0,340,27,441,11,2574,0,0,20,0,188,9,197,0,219,0,26,12,7,3
2024-02-24,0,0,0,5,0,0,0,0,0,0,3,0,0,0,0,0,0,0,102,0,239,21,162,11,750,0,0,13,0,95,3,92,0,97,0,14,5,2,3
2024-02-25,0,0,0,1,0,0,0,0,0,0,0,0,0,0,0,0,0,1,113,0,180,18,276,3,595,0,0,32,0,86,4,112,0,91,0,8,8,1,0
2024-02-26,0,4,0,3,0,0,0,0,0,0,1,0,0,0,0,0,0,5,346,0,300,35,510,105,1177,0,0,34,0,176,6,177,0,130,0,29,10,13,2
2024-02-27,6,1,0,3,0,0,0,0,0,0,0,0,0,0,0,0,0,37,709,0,269,58,559,13,1149,0,0,55,0,161,7,198,0,161,0,65,6,10,1
2024-02-28,0,0,0,1,0,0,0,0,0,0,0,0,0,0,0,0,0,16,515,0,364,177,364,11,844,0,0,57,0,180,11,109,0,113,1,10,17,7,2
2024-02-29,0,0,0,2,0,0,0,0,0,0,0,0,0,0,0,1,0,3,389,0,283,60,235,5,727,0,1,33,0,154,4,121,0,487,2,6,11,12,1
2024-03-01,0,2,0,5,0,0,0,0,0,0,2,0,0,0,0,1,0,2,657,0,333,24,394,11,1315,0,0,58,0,126,9,163,0,516,0,2,41,6,6
2024-03-02,0,0,0,4,0,0,0,1,0,0,0,0,0,0,0,0,0,1,147,0,189,3,146,5,585,0,0,34,0,85,3,96,0,209,0,2,21,1,0
2024-03-03,0,0,0,1,0,0,0,0,0,0,1,0,0,0,0,0,0,0,229,0,172,11,159,5,509,0,0,46,0,83,4,94,0,201,0,1,25,2,5
2024-03-04,0,0,0,1,0,0,0,2,0,0,2,0,0,0,0,0,0,0,966,0,378,26,689,5,1852,0,2,38,0,165,4,145,0,303,0,3,96,4,9
2024-03-05,0,0,0,3,0,0,0,0,0,0,3,0,0,0,2,0,0,2,1095,0,368,39,646,11,1458,0,1,31,0,145,9,177,0,285,0,1,97,7,2
2024-03-06,0,0,0,1,0,0,0,0,0,0,0,0,0,0,0,0,0,2,788,0,348,34,519,7,1509,0,0,151,0,123,2,138,0,222,0,3,21,3,3
2024-03-07,0,0,0,1,0,0,0,0,0,0,0,0,0,0,0,0,0,1,765,0,343,25,822,5,2566,0,0,131,0,123,11,123,0,226,0,3,14,3,2
2024-03-08,0,0,0,0,0,0,0,0,0,0,0,0,0,0,0,0,0,0,890,0,345,21,650,7,5071,0,0,84,0,199,7,156,0,444,1,0,7,1,1
2024-03-09,0,0,0,1,0,0,0,0,0,0,1,0,0,0,0,0,0,0,188,0,167,30,234,6,1228,0,0,48,0,106,4,86,0,103,0,0,2,2,1
2024-03-10,0,0,0,1,0,0,0,0,0,0,0,0,0,0,0,0,0,0,179,0,178,15,297,3,944,0,0,47,0,120,4,79,0,93,0,0,4,2,3
2024-03-11,0,0,0,0,0,0,0,0,0,0,1,0,0,0,0,0,0,2,462,0,370,9,558,3,2345,0,0,60,0,281,18,102,0,169,0,4,20,0,2
2024-03-12,0,0,0,1,0,0,0,0,0,0,1,0,0,0,0,0,0,4,296,0,331,17,636,2,2197,0,0,61,0,180,7,117,0,220,0,0,2,5,0
2024-03-13,0,0,0,2,0,0,0,0,0,0,0,0,0,0,0,0,0,3,309,0,307,28,816,7,2103,0,0,112,0,309,10,129,0,240,0,4,3,2,2
2024-03-14,0,0,0,0,0,0,0,0,0,0,0,0,0,0,0,0,0,0,396,0,258,9,1278,1,1949,0,0,100,0,254,3,275,0,343,4,2,8,0,0
2024-03-15,0,0,0,0,0,0,0,0,0,0,2,0,0,0,0,0,0,0,278,0,316,8,771,1,1570,0,0,38,0,136,4,169,0,175,6,2,3,4,0
2024-03-16,0,0,0,3,0,0,0,0,0,0,0,0,0,0,0,0,0,0,135,0,173,7,179,3,318,0,0,14,0,55,0,40,0,24,1,0,1,8,0
2024-03-17,0,0,0,1,0,0,0,0,0,0,0,0,0,0,0,0,0,0,102,0,191,8,151,0,381,0,2,10,0,86,5,50,0,86,0,0,1,34,0
2024-03-18,0,0,0,1,0,0,0,0,0,0,1,0,0,0,0,0,0,1,666,0,259,5,801,3,2159,0,2,16,0,154,5,155,0,232,2,2,6,44,1
2024-03-19,0,2,0,0,0,0,0,0,0,0,0,0,0,0,0,0,0,0,279,0,296,7,406,8,1847,0,1,19,0,106,15,157,0,421,0,2,7,26,0
2024-03-20,0,0,0,0,0,0,0,0,0,0,1,0,0,0,0,0,0,0,320,0,381,17,282,7,1186,0,0,25,0,164,10,95,0,509,4,1,9,14,1
2024-03-21,0,0,0,3,1,0,0,0,0,0,1,0,0,0,0,1,0,0,1640,0,336,14,302,8,979,0,4,28,0,320,5,190,0,329,1,2,7,21,3
2024-03-22,0,0,0,3,0,0,0,0,0,0,0,0,0,0,0,0,0,0,661,0,305,5,590,4,1332,0,2,24,0,169,3,101,0,276,0,3,4,43,2
2024-03-23,0,0,0,1,0,0,0,0,3,0,0,0,0,0,0,0,0,1,297,0,252,11,227,5,436,0,3,18,0,64,7,107,0,85,1,5,4,8,2
2024-03-24,0,0,0,5,0,0,0,0,1,0,2,0,0,0,0,0,0,2,437,0,211,16,233,5,563,0,9,57,0,58,9,146,0,272,2,2,13,26,1
2024-03-25,0,0,0,0,0,0,0,0,0,0,0,0,0,0,0,0,0,0,363,0,512,18,310,1,816,0,1,17,0,152,5,112,0,351,0,1,2,36,2
2024-03-26,0,0,0,0,0,0,0,0,0,0,2,0,0,0,0,0,0,0,362,0,1319,31,522,4,790,0,4,22,0,331,5,85,0,221,1,0,4,18,1
2024-03-27,0,0,0,5,1,0,0,0,0,0,0,0,0,0,0,0,0,0,430,0,1183,23,351,3,1058,0,6,21,0,703,6,77,0,121,0,3,8,62,1
2024-03-28,0,0,0,2,0,0,0,0,0,0,0,0,0,0,0,0,0,0,288,0,867,110,489,5,728,0,6,51,0,346,11,65,0,110,0,2,22,59,3
2024-03-29,0,0,0,0,1,0,0,0,0,0,0,0,0,0,0,0,0,0,149,0,388,52,263,1,306,0,2,25,0,176,6,101,0,43,0,2,10,10,0
2024-03-30,0,0,0,1,0,0,0,0,0,0,0,0,0,0,0,0,0,1,104,0,394,8,173,2,247,0,1,9,0,129,2,116,0,32,0,1,7,7,0
2024-03-31,0,0,0,0,0,0,0,0,0,0,0,0,0,0,0,0,0,0,89,0,261,14,118,4,225,0,3,14,0,66,4,56,0,40,0,0,4,10,0
2024-04-01,0,0,0,0,0,0,0,0,0,0,0,0,0,0,0,0,0,0,217,0,557,36,309,4,568,0,7,25,0,126,15,87,0,142,0,7,10,23,0
2024-04-02,0,1,0,0,0,0,0,0,0,0,3,0,0,0,0,0,0,0,254,0,609,29,1295,3,548,0,10,26,0,97,20,64,0,104,0,0,5,12,1
2024-04-03,1,0,0,1,0,0,0,0,0,0,1,0,0,0,0,0,0,0,358,0,698,17,643,4,647,0,70,8,0,115,43,72,0,169,0,1,8,112,1
2024-04-04,0,0,0,0,0,0,0,0,0,0,1,0,0,0,0,0,0,0,307,0,555,39,754,3,686,0,102,50,0,151,21,55,0,394,0,4,7,129,2
2024-04-05,0,0,0,3,0,0,0,0,0,0,3,0,0,0,0,0,0,0,174,0,570,10,1156,0,478,0,12,20,0,102,1,49,0,147,0,1,1,41,0
2024-04-06,1,0,0,0,0,0,0,0,0,0,0,0,0,0,0,0,0,0,76,0,307,6,790,2,126,0,5,6,0,68,5,28,0,59,0,2,1,23,1
2024-04-07,0,0,0,0,0,0,0,0,0,0,0,0,0,0,0,0,0,0,83,0,272,7,284,2,153,0,8,6,0,51,0,25,0,16,0,1,1,64,0
2024-04-08,1,0,0,1,0,0,0,0,0,0,0,0,0,0,0,0,0,1,156,0,418,6,655,2,369,0,36,8,0,85,1,42,0,86,1,0,6,221,3
2024-04-09,0,0,0,2,0,0,0,0,0,0,1,0,0,0,0,0,0,0,165,0,413,6,643,1,769,0,12,18,0,105,27,89,0,117,0,1,10,283,2
2024-04-10,0,2,0,0,0,0,0,0,0,0,4,0,0,0,0,0,0,0,184,0,446,19,452,1,790,0,9,15,0,101,27,50,0,120,1,11,3,57,3
2024-04-11,0,0,0,1,0,0,0,0,0,0,1,0,0,0,0,0,0,1,690,0,509,20,396,1,821,0,10,21,0,125,16,76,0,89,0,6,4,23,2
2024-04-12,0,0,0,4,0,0,0,0,0,0,2,0,0,0,0,0,0,2,945,0,322,14,332,4,548,0,10,16,0,112,3,54,0,197,0,3,9,32,2
2024-04-13,0,1,0,0,0,0,0,0,0,0,1,0,0,0,0,0,0,0,81,0,254,8,116,1,139,0,1,14,0,30,6,28,0,30,1,0,2,8,4
2024-04-14,0,0,0,0,0,0,0,0,0,0,0,0,0,0,0,0,0,0,107,0,228,14,186,6,185,0,5,36,0,33,38,51,0,51,0,1,1,17,4
2024-04-15,0,3,0,0,0,0,0,0,0,0,0,0,0,0,0,0,0,0,428,0,474,24,1078,4,403,0,28,22,0,114,36,74,0,159,0,2,21,74,0
2024-04-16,0,0,0,0,0,0,0,0,0,0,0,0,0,0,0,0,0,0,313,0,495,29,782,4,268,0,3,10,0,95,25,46,0,73,0,1,30,17,2
2024-04-17,0,2,0,2,0,0,0,0,0,0,2,0,0,0,0,0,0,0,193,0,389,55,942,1,514,0,3,13,0,110,15,51,0,190,0,2,8,11,1
2024-04-18,0,2,0,1,0,0,0,0,0,0,7,0,0,0,0,0,0,0,203,0,419,31,992,3,448,0,3,13,0,118,9,90,0,71,1,2,3,8,4
2024-04-19,0,0,0,1,0,0,0,0,0,0,5,0,0,0,0,0,0,0,188,0,367,39,735,2,1292,0,2,12,0,359,6,91,0,120,0,1,2,5,2
2024-04-20,0,0,0,3,0,0,0,0,0,0,5,0,0,0,0,0,0,1,91,0,318,16,486,1,494,0,2,3,0,73,26,57,0,56,0,2,1,4,0
2024-04-21,0,0,0,2,0,0,0,0,0,0,8,0,0,0,0,0,0,0,132,0,275,12,652,4,256,0,1,12,0,99,14,86,0,24,1,0,6,0,1
2024-04-22,0,0,0,1,0,0,0,0,0,0,3,0,0,0,0,0,0,0,168,0,382,27,2045,2,553,0,0,9,0,163,12,84,0,59,0,3,2,3,1
2024-04-23,0,0,0,2,0,0,0,0,0,0,0,0,0,0,0,0,0,1,222,0,329,49,3606,6,471,0,5,25,0,107,14,92,0,43,0,4,13,8,2
2024-04-24,0,0,0,2,0,0,0,0,0,0,4,0,0,0,0,0,0,0,333,0,365,14,3015,4,723,0,5,18,0,88,6,358,0,59,0,2,4,7,1
2024-04-25,0,0,0,3,0,0,0,0,0,0,8,0,0,0,0,0,0,0,241,0,342,12,1125,5,707,0,0,26,0,99,10,1305,0,77,0,0,1,4,1
2024-04-26,1,0,0,1,0,0,0,0,0,0,3,0,0,0,0,0,0,0,203,0,349,17,752,2,792,0,1,21,0,126,1,380,0,93,1,1,2,3,5
2024-04-27,0,0,0,0,0,0,0,0,0,0,0,0,0,0,0,0,0,0,211,0,216,14,258,2,218,0,0,17,0,91,7,88,0,86,0,3,4,2,1
2024-04-28,0,0,0,0,1,0,0,0,0,0,0,0,0,0,0,0,0,0,137,0,149,18,530,1,174,0,1,16,0,110,4,74,0,86,1,1,7,0,0
2024-04-29,0,0,0,2,0,0,0,0,0,0,1,0,0,0,0,0,0,0,393,0,202,21,2274,0,482,0,1,32,0,90,8,144,0,176,0,1,4,1,0
2024-04-30,0,1,0,2,0,0,0,0,0,0,0,0,0,0,0,0,0,0,311,0,334,18,962,1,431,0,23,26,0,82,4,131,0,569,0,0,1,210,0
2024-05-01,0,0,0,0,0,0,0,0,0,0,0,0,0,0,0,0,0,1,277,0,381,13,400,2,568,0,18,22,0,83,5,70,0,269,0,1,15,126,0
2024-05-02,0,0,0,1,0,0,0,0,0,0,2,0,0,0,0,0,0,0,2333,0,674,15,388,4,439,0,29,31,0,86,4,106,0,94,2,0,16,36,4
2024-05-03,0,0,0,0,0,0,0,0,0,0,3,0,0,0,0,0,2,0,1330,0,710,18,241,7,424,0,10,97,0,96,10,77,0,51,0,1,0,15,0
2024-05-04,0,0,0,2,0,0,0,0,0,0,0,0,0,0,0,0,0,0,332,0,339,21,89,1,149,0,1,50,0,74,1,31,0,62,2,2,0,5,2
2024-05-05,1,0,0,1,0,0,0,0,0,0,0,0,0,0,0,0,0,1,191,0,244,10,164,1,109,0,11,109,0,70,0,43,0,29,0,0,2,10,0
2024-05-06,0,0,0,1,0,0,0,0,0,0,2,0,0,0,0,0,0,0,398,0,556,46,338,0,490,0,53,787,0,158,6,70,0,49,0,2,17,25,2
2024-05-07,0,0,0,1,1,0,0,0,0,0,2,0,0,0,0,0,0,0,539,0,458,30,379,0,484,0,6,286,0,121,1,62,0,40,6,1,6,12,0
2024-05-08,1,0,0,2,0,0,0,0,0,0,0,0,0,0,0,0,0,0,334,0,419,84,506,4,436,0,7,71,0,357,3,112,0,46,5,0,2,9,2
2024-05-09,0,0,0,0,1,0,0,0,0,0,0,0,0,0,0,0,2,0,203,0,563,23,364,4,514,0,5,39,0,270,1,117,0,43,0,0,2,6,1
2024-05-10,0,0,0,2,0,0,0,0,0,0,0,0,0,0,0,0,0,0,138,0,689,13,259,2,381,0,8,32,0,119,3,63,0,36,0,1,3,9,1
2024-05-11,0,0,0,5,0,0,0,0,0,0,0,0,0,0,0,0,0,0,237,0,291,3,292,1,144,0,4,23,0,80,1,127,0,36,0,0,7,5,0
2024-05-12,0,0,0,3,0,0,0,0,0,0,1,0,0,0,0,0,0,0,163,0,268,18,351,2,82,0,2,12,0,35,1,55,0,8,2,1,6,1,0
2024-05-13,0,0,0,4,0,0,0,0,0,0,1,0,0,0,0,0,0,0,222,0,3457,877,260,21,219,0,42,17,0,377,58,103,0,29,5,2,2,32,0
2024-05-14,0,0,0,3,0,0,0,0,0,0,3,0,0,0,0,0,0,0,145,0,4300,2464,417,110,241,0,298,38,0,578,259,85,0,56,14,24,22,181,0
2024-05-15,0,1,0,1,0,0,0,0,0,0,6,0,0,0,0,0,0,0,194,0,3104,1132,476,17,583,0,66,30,0,315,141,66,0,47,4,17,20,49,0
2024-05-16,0,0,0,4,0,0,0,0,0,0,2,0,0,0,0,0,0,1,122,0,2171,452,327,1,645,0,82,26,0,220,46,53,0,137,3,8,2,134,0
2024-05-17,0,0,0,1,0,0,0,0,0,0,0,0,0,0,0,0,0,0,166,0,3283,239,425,8,481,0,70,27,0,253,9,63,0,136,2,3,1,91,0
2024-05-18,0,0,0,5,0,0,0,0,0,0,1,0,0,0,0,0,0,1,60,0,1303,56,109,3,254,0,4,36,0,61,6,39,0,32,0,1,0,18,0
2024-05-19,0,0,0,1,0,0,0,0,0,0,0,0,0,0,0,0,0,0,56,0,945,56,172,2,281,0,5,18,0,87,12,42,0,44,1,2,3,14,0
2024-05-20,0,0,0,1,0,0,0,0,0,0,2,0,0,0,0,0,0,0,136,0,1541,94,188,6,706,0,12,29,0,293,7,86,0,125,0,7,13,19,0
2024-05-21,0,2,0,2,0,0,0,0,0,0,0,0,0,0,0,0,0,0,180,0,1505,73,728,2,1148,0,4,25,0,112,9,118,0,111,0,6,4,13,0
2024-05-22,0,0,0,1,0,0,0,0,0,0,0,0,0,0,0,0,0,0,222,0,1223,92,532,5,3481,0,3,19,0,158,3,99,0,186,2,0,0,4,0
2024-05-23,0,0,0,0,0,0,0,0,0,0,0,0,0,0,0,0,0,0,322,0,1169,42,606,2,2923,0,2,17,0,169,6,188,0,356,1,5,5,6,0
2024-05-24,0,0,0,1,0,0,0,0,0,0,1,0,0,0,0,0,0,1,248,0,1517,37,364,0,1196,0,0,9,0,159,4,93,0,212,0,3,1,5,0
2024-05-25,0,0,0,3,0,0,0,0,0,0,1,0,0,0,0,0,5,12,166,0,1589,14,230,1,485,0,0,18,0,79,6,105,0,93,1,0,2,3,0
2024-05-26,0,0,0,5,0,0,0,0,0,0,0,0,0,0,0,0,0,8,144,0,949,39,157,1,574,0,0,7,0,35,3,77,0,78,0,1,1,0,0
2024-05-27,0,0,0,5,1,0,0,0,0,0,0,0,0,0,0,0,0,1,131,0,900,24,209,1,638,0,0,7,0,78,1,78,0,56,1,2,2,3,0
2024-05-28,0,0,0,4,0,0,0,0,0,0,4,0,0,0,0,0,0,3,301,0,1154,45,248,0,2245,0,0,7,0,263,2,101,0,153,0,7,0,4,0
2024-05-29,1,0,0,0,0,0,0,0,0,0,7,0,0,0,0,0,0,9,327,0,1304,44,250,3,2048,0,2,26,0,200,3,128,0,115,1,2,3,10,0
2024-05-30,0,0,0,1,0,0,0,0,0,0,2,0,0,0,0,0,0,1,282,0,1268,18,294,7,1384,0,2,59,0,204,11,156,0,126,4,1,15,1,0
2024-05-31,1,0,0,1,0,0,0,0,0,0,1,0,0,0,0,0,0,0,172,0,1171,16,171,6,883,0,1,17,0,185,5,130,0,51,1,2,10,4,0
2024-06-01,0,0,0,1,0,0,0,0,0,0,1,0,0,0,0,0,0,0,108,0,758,8,97,2,285,0,0,12,0,100,6,48,0,29,0,0,3,2,0
2024-06-02,0,0,0,1,0,0,0,0,0,0,0,0,0,0,0,0,0,0,149,0,665,16,125,2,482,0,1,12,0,78,3,73,0,50,0,3,7,1,0
2024-06-03,0,0,0,1,0,0,0,0,0,0,5,0,0,0,0,0,0,0,168,0,7945,152,170,3,1030,0,2,19,0,499,11,115,0,159,2,1,4,2,0
2024-06-04,0,0,0,0,0,0,0,0,0,0,1,0,0,0,0,0,0,1,159,0,4546,48,485,0,968,0,1,67,0,212,6,79,0,114,2,1,8,0,0
2024-06-05,0,0,0,1,0,0,0,0,0,0,0,0,0,0,0,0,0,1,416,0,3671,45,268,3,2405,0,2,61,0,184,16,152,0,145,0,9,21,2,0
2024-06-06,0,1,0,0,0,0,0,0,0,0,1,0,0,0,0,0,0,0,275,0,5121,98,340,3,2369,0,2,96,0,334,8,172,0,146,0,3,24,4,0
2024-06-07,0,0,0,6,1,0,0,0,0,0,6,0,0,0,0,0,0,0,258,0,8676,105,414,0,1249,0,4,38,0,309,10,80,0,67,1,3,0,2,0
2024-06-08,0,1,0,0,1,0,0,0,0,0,1,0,0,0,0,0,0,0,140,0,4245,32,282,5,538,0,2,10,0,107,5,56,0,32,0,7,1,7,0
2024-06-09,0,0,0,0,0,0,0,0,0,0,2,0,0,0,0,0,1,0,160,0,2583,12,193,3,419,0,1,13,0,67,2,75,0,30,0,2,1,2,0
2024-06-10,0,0,0,2,0,0,0,0,0,0,4,0,0,0,0,0,0,0,1257,0,4567,134,437,4,1574,0,5,14,0,307,6,118,0,244,1,1,8,3,0
2024-06-11,0,0,0,0,0,0,0,0,0,0,2,0,0,0,0,0,0,3,2068,0,4880,31,541,2,933,0,1,22,0,253,4,130,0,113,1,0,5,4,0
2024-06-12,0,0,0,2,0,0,0,0,0,0,2,0,0,0,0,0,0,0,1900,0,4405,21,492,2,1071,0,6,25,0,202,3,191,0,144,1,2,2,1,0
2024-06-13,0,0,0,4,0,0,0,0,0,0,4,0,0,0,0,0,0,0,832,0,3053,23,1735,4,1383,0,1,17,0,168,2,178,0,144,0,3,4,4,0
2024-06-14,0,0,0,4,0,0,0,0,0,0,4,0,0,0,0,0,0,0,546,0,2532,25,908,5,2318,0,3,20,0,183,3,144,0,160,1,0,8,4,0
2024-06-15,1,0,0,2,0,0,0,0,0,0,1,0,0,0,0,0,0,1,220,0,1458,4,154,3,654,0,2,6,0,97,8,107,0,68,3,3,2,3,0
2024-06-16,0,0,0,3,0,0,0,0,0,0,0,0,0,0,0,0,0,0,193,0,1554,10,182,6,632,0,0,17,0,76,12,54,0,40,0,0,1,2,0
2024-06-17,0,0,0,3,0,0,0,0,0,0,2,0,0,0,1,0,1,2,603,0,2421,18,565,9,2031,0,0,40,0,323,9,179,0,181,3,12,5,0,0
2024-06-18,0,0,0,3,0,0,0,0,0,0,4,0,0,0,0,0,0,0,525,0,2357,19,361,2,2671,0,1,40,0,175,11,213,0,243,0,6,0,4,0
2024-06-19,0,0,0,1,0,0,0,0,0,0,2,0,0,0,0,0,0,1,228,0,1563,8,199,4,1500,0,0,21,0,100,4,141,0,168,0,6,4,0,0
2024-06-20,0,0,0,0,0,0,0,0,0,0,3,0,0,0,0,0,0,0,432,0,1445,15,238,7,3872,0,0,37,0,219,8,163,0,450,0,2,11,3,0
2024-06-21,0,0,0,9,0,0,0,0,0,0,0,0,0,0,0,0,1,0,413,0,1263,10,224,4,2612,0,1,44,0,145,6,112,0,159,9,2,5,1,0
2024-06-22,0,2,0,3,0,0,0,0,0,0,0,0,0,0,0,0,0,0,119,0,657,6,126,0,606,0,0,18,0,67,1,65,0,42,2,3,2,0,0
2024-06-23,0,0,0,4,0,0,0,0,0,0,0,0,0,0,0,0,0,1,177,0,657,16,180,4,648,0,1,11,0,41,3,49,0,34,0,0,3,0,0
2024-06-24,0,0,0,2,0,0,0,0,0,0,4,0,0,0,0,0,0,0,381,0,952,5,272,5,2688,0,0,17,0,84,1,85,0,55,2,5,3,8,0
2024-06-25,0,0,0,3,0,0,0,0,0,0,1,0,0,0,0,0,0,0,215,0,1197,28,370,1,2377,0,0,21,0,104,3,85,0,77,1,0,3,4,0
2024-06-26,0,0,0,3,0,0,1,0,0,0,0,0,0,0,0,0,0,0,275,0,1038,9,682,2,2151,0,1,15,0,207,38,83,0,124,0,0,2,7,0
2024-06-27,0,0,0,0,0,0,0,0,0,0,0,0,0,0,0,0,0,0,185,0,1241,8,329,5,1311,0,0,29,0,119,17,118,0,93,0,5,2,0,0
2024-06-28,0,0,0,2,0,0,0,0,0,0,2,0,0,0,0,0,0,0,202,0,953,5,414,5,972,0,0,14,0,127,2,59,0,73,1,1,0,1,0
2024-06-29,0,0,0,3,0,0,0,0,0,0,0,0,0,0,0,0,2,0,109,0,659,10,259,4,404,0,0,13,0,79,3,62,0,29,0,2,1,1,0
2024-06-30,0,0,0,0,0,0,0,0,0,0,1,0,0,0,0,0,0,0,103,0,678,23,214,2,257,0,8,17,0,43,0,48,0,13,0,2,1,21,0
2024-07-01,1,0,0,0,0,0,0,0,0,0,1,0,0,0,0,1,0,0,275,0,2185,5,1105,11,1091,0,1,16,0,318,8,96,0,99,0,0,6,2,0
2024-07-02,0,0,0,1,0,0,0,0,0,0,2,0,0,0,0,0,0,0,269,0,1109,21,1712,8,1017,0,0,57,0,108,6,130,0,133,1,1,7,2,0
2024-07-03,0,0,0,1,0,0,0,0,0,0,1,0,0,0,0,0,0,2,199,0,1681,8,1812,8,1361,0,0,69,0,112,12,120,0,78,4,1,10,123,0
2024-07-04,0,0,0,0,0,0,0,0,0,0,0,0,0,0,0,0,0,0,74,0,717,11,546,6,499,0,0,12,0,61,3,74,0,20,2,1,2,1,0
2024-07-05,0,0,0,1,0,0,0,0,0,0,0,0,0,0,0,0,0,0,218,0,807,5,956,3,1194,0,4,50,0,100,8,99,0,175,1,4,1,17,0
2024-07-06,0,0,0,0,0,0,0,0,0,0,1,0,0,0,0,0,0,0,101,0,472,3,256,1,280,0,1,32,0,89,2,40,0,26,0,1,0,0,0
2024-07-07,2,0,0,2,0,0,0,0,0,0,2,0,0,0,0,0,0,0,107,0,466,4,356,1,305,0,1,23,0,64,1,48,0,36,2,0,0,0,0
2024-07-08,1,0,0,1,1,0,0,0,0,0,2,0,0,0,0,0,0,1,361,0,702,18,758,4,964,0,1,73,0,119,8,98,0,191,0,1,4,17,0
2024-07-09,0,0,0,3,0,0,0,0,0,0,2,0,0,0,0,0,0,1,313,0,729,11,889,5,981,0,0,39,0,111,6,180,0,126,0,6,2,4,0
2024-07-10,0,0,0,0,1,0,0,0,0,0,3,0,0,0,0,0,1,0,513,0,896,8,971,2,1083,0,1,49,0,96,8,144,0,231,0,3,4,26,0
2024-07-11,0,1,0,4,0,0,0,0,0,0,7,0,0,0,0,0,0,1,259,0,789,16,1567,11,1217,0,2,34,0,115,1,117,0,119,0,1,5,22,0
2024-07-12,0,0,0,2,0,0,0,0,0,0,9,0,0,0,0,0,0,0,207,0,635,4,955,5,704,0,4,15,0,96,4,108,0,46,2,3,0,24,0
2024-07-13,1,0,0,1,0,0,0,0,0,0,1,0,0,0,0,0,0,0,133,0,462,6,166,4,304,0,5,15,0,76,4,54,0,66,2,0,2,12,0
2024-07-14,0,0,0,0,0,0,0,0,0,0,3,0,0,0,0,0,0,0,69,0,1455,5,250,0,209,0,1,7,0,42,2,36,0,23,1,0,3,1,0
2024-07-15,0,0,0,2,0,0,0,0,0,0,4,0,0,0,0,0,0,0,251,0,698,5,599,4,771,0,1,44,0,153,0,82,0,49,0,2,5,16,0
2024-07-16,0,0,0,0,0,0,0,0,0,0,2,0,0,0,0,0,1,0,227,0,892,8,446,2,826,0,1,34,0,125,1,96,0,44,2,3,2,20,0
2024-07-17,0,0,0,0,0,0,0,0,0,0,0,0,0,0,0,0,0,0,211,0,1091,5,393,5,1321,0,1,34,0,88,4,87,0,147,4,4,6,3,0
2024-07-18,0,1,0,0,0,0,0,0,0,0,1,0,0,0,0,1,0,0,218,0,984,5,352,7,1108,0,1,49,0,68,4,91,0,152,1,0,2,4,0
2024-07-19,0,0,0,1,0,0,0,1,0,0,2,0,0,0,0,0,0,1,208,0,856,2,504,4,712,0,0,48,0,113,30,534,0,123,0,3,2,1,0
2024-07-20,0,0,0,0,0,0,0,0,0,0,2,0,0,0,0,0,0,0,67,0,544,2,124,3,271,0,1,12,0,70,11,157,0,55,1,0,0,0,0
2024-07-21,0,0,0,1,0,0,0,0,0,0,0,0,0,0,0,0,0,0,68,0,443,2,222,5,274,0,1,9,0,51,5,127,0,40,0,1,1,9,0
2024-07-22,0,0,0,2,0,0,0,0,0,0,1,0,0,0,0,1,0,0,180,0,556,68,525,1,724,0,1,22,0,89,4,115,0,74,1,0,9,13,0
2024-07-23,0,0,0,0,0,0,0,1,0,0,2,0,0,0,0,0,0,0,268,0,608,18,1929,3,643,0,0,25,0,54,11,160,0,53,0,1,0,8,0
2024-07-24,0,0,0,2,0,0,0,0,0,0,0,0,0,0,0,0,0,0,236,0,632,28,1898,2,879,0,3,38,0,71,5,177,0,107,0,1,0,4,0
2024-07-25,2,0,0,4,0,0,0,0,1,0,7,0,0,0,0,0,0,0,164,0,879,7,956,6,1282,0,0,17,0,71,5,167,0,177,1,0,1,2,0
2024-07-26,0,0,0,1,0,0,0,0,0,0,12,0,0,0,0,1,0,0,228,0,703,7,613,1,854,0,1,15,0,71,3,190,0,157,1,1,1,3,0
2024-07-27,0,0,0,2,0,0,0,0,0,0,1,0,0,0,0,0,0,0,77,0,454,2,157,0,268,0,0,11,0,43,0,86,0,64,1,3,3,3,0
2024-07-28,0,0,0,1,0,0,0,0,0,0,0,0,0,0,0,0,0,0,106,0,655,4,175,0,261,0,1,7,0,41,0,77,0,78,1,1,0,2,0
2024-07-29,0,0,0,0,0,0,0,0,0,0,2,0,0,0,0,0,0,0,214,0,612,4,490,0,761,0,0,12,0,70,3,203,0,181,0,2,0,113,0
2024-07-30,0,0,0,1,0,0,0,0,0,0,2,0,0,0,0,0,0,0,348,0,582,6,482,1,2339,0,0,23,0,93,2,1196,0,930,5,0,1,50,0
2024-07-31,0,0,0,1,0,0,0,0,0,0,1,0,0,0,0,0,0,4,260,0,472,2,260,3,2119,0,1,11,0,60,3,709,0,878,17,1,3,6,0
2024-08-01,0,0,0,1,0,0,0,1,0,0,2,0,0,0,0,0,0,0,1470,0,459,6,330,2,1601,0,2,17,0,95,7,251,0,646,4,0,3,5,0
2024-08-02,0,0,0,0,0,0,0,0,0,0,4,0,0,0,0,0,0,0,810,0,804,20,342,11,1589,0,0,47,0,115,11,207,0,537,6,1,7,2,0
2024-08-03,0,0,0,1,0,0,0,0,0,0,0,0,0,0,0,0,0,0,664,0,374,7,138,16,848,0,3,24,0,91,12,166,0,317,1,0,2,3,0
2024-08-04,0,0,0,5,0,0,0,0,0,0,1,0,0,0,0,0,0,0,412,0,440,4,121,23,528,0,1,26,0,57,3,103,0,158,1,0,4,1,0
2024-08-05,0,0,0,0,0,0,0,0,0,0,1,0,0,0,0,0,0,0,790,0,1184,33,385,3,2014,0,2,306,0,712,4,189,0,392,14,1,2,6,0
2024-08-06,0,0,0,1,0,0,0,0,0,0,2,0,0,0,0,0,0,0,488,0,388,17,288,3,1053,0,0,119,0,288,4,129,0,268,17,1,0,2,0
2024-08-07,0,0,0,3,0,0,0,0,0,0,1,0,0,0,0,0,0,0,341,0,492,8,333,5,1449,0,1,87,0,435,5,198,0,286,6,3,6,3,0
2024-08-08,0,0,0,0,0,0,0,0,0,0,2,0,0,0,0,0,0,0,160,0,519,9,175,6,1128,0,1,92,0,255,8,100,0,135,5,0,3,11,0
2024-08-09,0,0,0,0,0,0,0,0,0,0,1,0,0,0,0,0,0,0,187,0,381,7,205,1,804,0,0,144,0,114,4,92,0,157,1,1,4,4,0
2024-08-10,0,0,0,0,0,0,0,0,0,0,0,0,0,0,0,0,0,0,68,0,420,1,102,0,235,0,0,30,0,67,1,40,0,45,0,0,1,1,0
2024-08-11,0,0,0,2,0,0,0,0,0,0,0,0,0,0,0,0,0,0,50,0,409,1,105,0,323,0,0,13,0,45,9,51,0,47,1,0,0,3,0
2024-08-12,0,0,0,3,0,0,0,0,0,0,0,0,0,0,0,0,0,0,121,0,401,4,300,4,716,0,2,80,0,69,2,53,0,84,0,1,0,10,0
2024-08-13,0,0,0,0,0,0,0,0,0,0,1,0,0,0,0,0,0,1,123,0,433,12,279,3,898,0,0,38,0,103,3,70,0,141,4,0,0,6,0
2024-08-14,0,0,0,1,0,0,0,0,0,0,2,0,0,0,0,0,0,0,236,0,540,4,189,6,974,0,2,25,0,80,4,164,0,114,75,1,0,6,0
2024-08-15,0,0,0,2,0,0,0,0,0,0,0,0,0,0,0,0,0,1,131,0,599,8,243,5,1236,0,1,44,0,144,3,80,0,122,101,6,2,11,0
2024-08-16,0,1,0,0,0,0,0,0,0,0,1,0,0,0,0,0,0,0,104,0,409,14,176,4,904,0,0,86,0,96,6,71,0,78,130,15,1,4,0
2024-08-17,0,0,0,2,0,0,0,0,0,0,0,0,0,0,0,0,0,1,52,0,270,8,77,1,297,0,0,20,0,97,2,30,0,28,39,2,0,5,0
2024-08-18,0,0,0,3,0,0,0,0,0,0,1,0,0,0,0,0,0,1,42,0,254,3,62,2,315,0,1,38,0,59,0,33,0,16,110,1,3,5,0
2024-08-19,0,0,0,2,0,0,0,0,0,0,1,0,0,0,0,1,0,0,142,0,360,10,134,1,1192,0,0,62,0,106,1,57,0,146,370,3,5,5,0
2024-08-20,1,0,0,3,0,0,0,0,0,0,0,0,0,0,0,0,0,0,123,0,365,5,144,5,1140,0,2,32,0,101,2,75,0,114,168,13,4,10,0
2024-08-21,4,0,0,2,0,0,0,0,0,0,1,0,0,0,0,0,0,1,118,0,355,19,117,2,932,0,0,37,0,93,5,69,0,54,183,7,1,3,0
2024-08-22,0,1,0,0,0,0,0,0,0,0,3,0,0,0,0,0,0,17,85,0,383,7,240,4,1346,0,0,41,0,106,1,76,0,72,145,9,4,23,0
2024-08-23,0,0,0,1,0,0,1,0,0,0,1,0,0,0,0,0,0,1,115,0,316,3,233,3,1000,0,0,22,0,179,0,62,0,64,70,4,0,127,0
2024-08-24,0,0,0,2,0,0,0,0,0,0,0,0,0,0,0,0,0,0,82,0,212,5,71,4,386,0,0,20,0,51,1,89,0,27,9,0,0,9,0
2024-08-25,1,0,0,0,0,0,0,0,0,0,1,0,0,0,0,0,1,5,76,0,170,7,95,7,560,0,0,37,0,39,2,45,0,105,15,4,8,8,0
2024-08-26,0,1,0,0,0,0,0,0,0,0,4,0,0,0,0,0,0,3,138,0,428,7,142,2,1352,0,0,29,0,71,7,79,0,80,46,3,16,8,0
2024-08-27,0,0,0,3,0,0,0,0,0,0,3,0,0,0,0,0,0,0,122,0,537,6,437,1,1684,0,1,25,0,71,0,88,0,126,19,1,8,5,0
2024-08-28,0,0,0,0,0,0,0,0,0,0,1,0,0,0,0,0,0,2,188,0,529,8,149,2,4275,0,2,31,0,85,1,72,0,142,15,0,11,0,0
2024-08-29,0,0,0,0,0,0,0,0,0,0,1,0,0,0,0,0,0,6,336,0,607,2,142,5,2751,0,0,21,0,98,6,93,0,81,15,2,10,2,0
2024-08-30,0,0,0,1,0,0,0,0,0,0,6,0,0,0,0,1,0,1,214,0,611,7,106,5,999,0,0,19,0,70,6,64,0,67,20,0,2,2,0
2024-08-31,1,1,0,4,0,0,0,0,0,0,0,0,0,0,0,0,0,0,180,0,292,2,59,1,349,0,0,5,0,45,1,75,0,34,3,2,2,4,0
2024-09-01,0,1,0,3,0,0,0,0,0,0,0,0,0,0,0,0,0,0,74,0,227,3,87,5,222,0,0,7,0,28,3,56,0,25,3,0,6,2,0
2024-09-02,0,0,0,0,0,0,0,0,0,0,0,0,0,0,0,0,0,0,73,0,268,5,72,0,355,0,0,7,0,28,1,44,0,46,3,4,6,4,0
2024-09-03,0,0,0,2,0,0,0,0,0,0,0,0,0,0,1,0,0,1,131,0,439,3,193,5,1671,0,0,11,0,96,3,70,0,151,40,0,6,6,0
2024-09-04,0,0,0,4,0,0,0,0,0,0,3,0,0,0,0,0,0,0,157,0,528,4,287,1,1438,0,0,18,0,70,3,69,0,122,48,1,29,4,0
2024-09-05,1,1,0,3,0,0,0,0,0,0,1,0,0,0,0,0,0,5,111,0,312,2,441,1,814,0,0,14,0,72,2,47,0,46,6,2,39,1,0
2024-09-06,0,0,0,3,0,0,0,0,0,0,2,0,0,0,0,0,0,1,165,0,711,3,422,2,1077,0,0,106,0,86,2,76,0,77,5,0,14,0,0
2024-09-07,0,0,0,3,0,0,0,0,0,0,1,0,0,0,0,1,0,0,42,0,321,0,131,8,295,0,1,91,0,55,3,26,0,21,2,0,6,1,0
2024-09-08,0,1,0,4,0,0,0,0,0,0,1,0,0,0,0,0,0,0,76,0,271,3,154,0,308,0,0,40,0,46,0,24,0,39,1,0,19,2,0
2024-09-09,0,0,0,2,0,0,0,0,0,0,0,0,0,0,0,0,0,1,1021,0,659,1,190,8,482,0,1,142,0,48,3,57,0,49,4,2,16,3,0
2024-09-10,0,1,0,1,0,0,0,0,0,0,1,0,0,0,1,0,0,4,809,0,1495,8,188,4,515,0,0,55,0,64,25,69,0,53,3,0,7,3,0
2024-09-11,0,0,0,4,0,0,0,0,0,0,1,0,0,0,0,0,0,0,164,0,1982,7,173,2,974,0,0,45,0,60,2,63,0,42,4,3,5,2,0
2024-09-12,0,0,0,2,0,0,0,0,0,0,7,0,0,0,0,0,0,1,149,0,1014,4,148,0,874,0,0,32,0,64,1,106,0,36,8,3,2,2,0
2024-09-13,0,0,0,2,0,0,0,0,0,0,5,0,0,0,0,0,0,1,187,0,761,2,145,0,656,0,0,36,0,94,1,60,0,35,6,2,4,0,0
2024-09-14,0,0,0,13,0,0,0,0,0,0,2,0,0,0,0,0,0,0,78,0,530,2,85,0,164,0,0,13,0,40,1,43,0,21,12,0,0,0,0
2024-09-15,0,0,0,3,0,0,0,0,0,0,1,0,0,0,0,0,0,0,85,0,535,9,67,0,175,0,0,29,0,34,1,34,0,24,4,0,2,1,0
2024-09-16,0,0,0,6,0,0,0,0,0,0,4,3,0,0,0,0,1,0,441,0,453,7,107,7,407,0,1,86,0,49,2,53,0,53,7,0,9,6,0
2024-09-17,0,0,0,2,0,0,0,0,0,0,5,10,0,0,0,0,0,1,215,0,357,3,103,4,359,0,0,40,0,52,4,130,0,56,2,0,7,2,0
2024-09-18,0,0,0,4,0,0,0,0,0,0,4,37,0,0,0,0,0,0,192,0,461,5,112,3,441,0,0,31,0,66,3,55,0,19,8,1,7,3,0
2024-09-19,0,0,0,2,0,0,0,0,0,0,1,18,0,0,0,0,1,0,197,0,384,3,266,1,473,0,0,38,0,65,0,46,0,19,9,1,4,4,0
2024-09-20,0,0,0,1,0,0,0,0,0,0,0,15,0,0,1,0,0,0,411,0,566,3,245,0,375,0,0,46,0,69,3,62,0,34,4,0,3,0,0
2024-09-21,0,0,0,0,0,0,0,0,0,0,1,3,0,0,0,0,0,0,232,0,322,2,50,2,144,0,2,18,0,47,7,39,0,31,4,2,4,1,0
2024-09-22,0,0,0,3,0,0,0,0,0,0,2,3,0,0,0,0,0,0,84,0,276,2,41,2,133,0,0,19,0,32,6,39,0,42,2,0,1,1,0
2024-09-23,0,0,0,1,0,0,0,0,0,0,1,10,0,0,0,0,0,1,100,0,455,5,253,3,339,0,2,47,0,57,8,45,0,30,8,0,7,6,0
2024-09-24,0,0,0,0,0,0,0,0,0,0,1,5,0,0,0,0,0,0,98,0,561,4,509,1,743,0,0,51,0,77,4,111,0,32,0,0,20,4,0
2024-09-25,0,0,0,3,0,0,0,0,0,0,0,7,0,0,0,0,1,1,160,0,490,5,230,2,654,0,0,44,0,69,2,57,0,74,5,2,9,2,0
2024-09-26,0,0,0,2,0,0,0,0,0,0,0,9,0,0,0,0,0,0,101,0,412,3,218,6,582,0,0,25,0,82,51,80,0,92,0,1,7,3,0
2024-09-27,0,0,0,1,0,0,0,0,0,0,0,6,0,0,0,0,0,1,77,0,449,4,364,2,545,0,0,17,0,66,6,45,0,31,1,1,83,0,0
2024-09-28,0,0,0,2,0,0,0,0,0,0,0,2,0,0,0,0,0,0,65,0,195,13,108,0,148,0,1,32,0,36,1,28,0,35,0,0,11,1,0
2024-09-29,0,1,0,1,0,0,0,0,0,0,2,9,0,0,0,0,0,1,45,0,244,4,81,1,128,0,0,25,0,18,1,21,0,39,4,0,14,2,0
2024-09-30,0,0,0,2,0,0,0,0,0,0,1,10,0,0,0,0,0,1,123,0,316,4,193,3,327,0,1,37,0,79,6,34,0,20,0,0,180,6,0
2024-10-01,0,1,0,0,0,0,0,0,0,0,0,7,0,0,0,0,0,1,226,0,287,1,178,3,346,0,2,23,0,61,3,53,0,9,2,0,60,1,0
2024-10-02,0,0,0,1,0,0,0,0,0,0,4,7,0,0,0,0,0,2,96,0,191,3,617,1,474,0,0,20,0,78,1,74,0,14,114,1,82,4,0
2024-10-03,0,0,0,3,0,0,0,0,0,0,3,7,0,0,0,0,0,2,102,0,316,1,418,1,690,0,0,115,0,61,1,102,0,39,166,0,44,2,0
2024-10-04,0,0,0,4,0,0,0,0,0,0,8,5,0,0,0,0,0,1,90,0,285,2,269,0,367,0,2,104,0,50,1,89,0,46,66,1,39,3,0
2024-10-05,0,0,0,1,0,0,0,0,0,0,1,2,0,0,0,0,0,0,46,0,198,4,270,5,126,0,0,62,0,49,1,44,0,25,19,1,9,5,0
2024-10-06,0,0,0,4,0,0,0,0,0,0,0,6,0,0,0,0,0,0,51,0,115,5,454,1,129,0,0,34,0,34,1,50,0,25,10,0,24,3,0
2024-10-07,0,0,0,1,0,0,0,0,0,0,6,7,0,0,0,0,0,3,70,0,210,9,346,1,744,0,0,41,0,40,2,112,0,52,21,0,62,2,0
2024-10-08,0,0,0,2,0,0,0,0,0,0,3,6,0,0,0,0,0,0,98,0,293,5,163,0,656,0,0,101,0,86,3,88,0,43,7,0,56,3,0
2024-10-09,0,0,0,0,0,0,0,0,0,0,5,3,0,0,0,0,0,0,126,0,231,10,181,2,565,0,0,135,0,140,2,115,0,41,5,0,22,16,0
2024-10-10,0,0,0,1,0,0,0,0,0,0,0,9,0,0,0,0,0,0,114,0,280,10,662,1,587,0,0,99,0,55,1,126,0,263,17,0,8,17,0
2024-10-11,0,0,0,3,0,0,0,0,0,0,0,8,0,0,0,0,0,0,123,0,264,5,2678,2,381,0,0,99,0,139,2,79,0,89,20,0,25,6,0
2024-10-12,0,1,0,0,0,0,0,0,0,0,1,7,0,0,0,0,0,0,68,0,172,5,579,0,143,0,0,22,0,63,1,26,0,43,2,0,8,0,0
2024-10-13,0,1,0,0,0,0,0,0,0,0,1,8,0,0,0,0,0,2,44,0,140,0,527,2,143,0,0,27,0,56,0,17,0,21,4,0,10,2,0
2024-10-14,0,0,0,0,0,0,0,0,0,0,1,4,0,0,0,0,0,0,91,0,172,3,579,3,461,0,0,86,0,93,3,71,0,42,13,1,23,0,0
2024-10-15,0,1,0,1,0,0,0,0,0,0,2,8,0,0,0,0,0,0,176,0,448,6,353,3,862,0,1,57,0,97,2,53,0,84,12,1,3,2,0
2024-10-16,1,3,0,2,0,0,0,0,0,0,2,10,0,0,0,0,0,1,108,0,330,2,184,7,699,0,0,43,0,286,5,112,0,70,13,1,3,5,0
2024-10-17,0,0,0,2,0,0,0,0,0,0,0,8,0,0,0,0,0,0,110,0,308,3,160,2,953,0,0,31,0,181,1,93,0,70,75,0,13,1,0
2024-10-18,0,0,0,1,0,0,0,0,0,0,0,5,0,0,0,0,0,3,156,0,258,7,302,15,472,0,0,25,0,119,0,80,0,44,15,0,8,2,0
2024-10-19,0,0,0,2,0,0,0,0,0,0,1,8,0,0,0,0,0,0,84,0,152,3,247,2,169,0,1,49,0,84,3,40,0,25,14,2,3,1,0
2024-10-20,1,0,0,2,0,0,0,0,0,0,2,7,0,0,0,0,0,0,76,0,199,5,305,4,192,0,0,54,0,49,3,82,0,45,38,1,9,7,0
2024-10-21,0,0,0,1,0,0,0,0,0,0,2,5,0,0,0,0,0,1,121,0,227,3,261,2,966,0,1,42,0,65,2,99,0,77,29,1,7,3,0
2024-10-22,0,0,0,3,0,0,0,0,0,0,2,5,0,0,0,0,0,0,93,0,221,1,424,1,642,0,3,28,0,63,2,177,0,93,8,1,5,15,0
2024-10-23,0,0,0,2,0,0,1,0,0,0,7,4,0,0,0,0,0,1,198,0,193,2,1627,2,508,0,1,66,0,62,4,74,0,62,10,0,16,11,0
2024-10-24,0,0,0,2,0,0,0,0,0,0,5,4,0,0,0,0,0,0,123,0,203,4,2012,3,405,0,0,35,0,107,2,112,0,56,4,3,6,0,0
2024-10-25,0,0,0,0,0,0,0,0,0,0,1,7,0,0,0,0,0,1,120,0,199,1,1168,2,391,0,1,51,0,66,1,61,0,68,2,1,6,6,0
2024-10-26,0,0,0,0,0,0,0,0,0,0,0,2,0,0,0,0,0,1,140,0,268,4,377,4,181,0,2,40,0,56,5,63,0,40,6,0,2,7,0
2024-10-27,0,0,0,0,0,0,0,0,0,0,1,4,0,0,0,0,0,0,169,0,203,3,431,0,183,0,2,67,0,43,2,62,0,44,1,1,3,7,0
2024-10-28,0,0,0,2,0,0,0,0,0,0,1,5,0,0,0,1,2,0,141,0,365,5,452,2,275,0,3,51,0,200,0,81,0,163,4,1,12,15,0
2024-10-29,0,0,0,1,0,0,0,0,0,0,0,10,0,0,0,0,0,0,202,0,446,12,357,2,418,0,0,48,0,279,1,122,0,920,0,0,4,4,0
2024-10-30,0,0,0,0,0,0,0,0,0,0,1,5,0,0,0,0,0,0,250,0,470,10,229,2,420,0,0,59,0,774,2,650,0,415,6,0,6,7,0
2024-10-31,0,0,0,1,0,0,0,0,0,0,0,7,0,0,0,0,0,1,847,0,334,5,189,1,488,0,0,52,0,272,2,461,0,168,7,0,2,1,0
2024-11-01,0,0,0,1,0,0,0,0,0,0,0,4,0,0,0,0,0,0,253,0,236,1,114,1,463,0,0,46,0,128,2,124,0,142,7,0,2,1,0
2024-11-02,0,0,0,0,0,0,0,0,0,0,0,5,0,0,0,0,1,0,120,0,145,7,70,1,234,0,1,44,0,88,2,39,0,150,2,0,5,2,0
2024-11-03,0,0,0,0,0,0,0,0,0,0,0,7,0,0,0,0,0,0,104,0,163,4,74,2,253,0,0,44,0,60,1,50,0,78,5,0,1,6,0
2024-11-04,0,0,0,0,0,0,0,0,0,0,0,6,0,0,0,0,0,1,136,0,230,5,160,2,487,0,3,323,0,108,1,97,0,144,22,0,1,20,0
2024-11-05,0,0,0,1,0,0,0,0,0,0,0,3,0,0,0,0,0,0,87,0,296,2,269,1,306,0,5,410,0,100,4,66,0,85,25,0,14,9,0
2024-11-06,0,0,0,0,0,0,0,0,0,0,1,12,0,0,0,0,0,0,140,0,657,23,886,2,393,0,0,193,0,278,1,65,0,120,72,1,11,4,0
2024-11-07,0,0,0,4,0,0,0,0,0,0,0,15,0,0,0,0,1,1,118,0,601,8,604,0,308,0,2,165,0,96,0,60,0,79,24,2,5,2,0
2024-11-08,0,0,0,1,0,0,0,0,0,0,0,8,0,0,0,0,4,2,95,0,540,6,1433,3,379,0,4,128,0,88,0,66,0,69,11,0,13,4,0
2024-11-09,0,0,0,0,0,0,0,0,0,0,0,7,0,0,0,1,0,0,83,0,298,6,665,4,170,0,0,105,0,43,1,44,0,15,12,0,2,2,0
2024-11-10,0,0,0,0,0,0,0,0,0,0,0,6,0,0,0,0,0,1,62,0,281,3,339,8,188,0,0,81,0,77,1,24,0,41,5,2,2,1,0
2024-11-11,0,0,0,0,0,0,0,0,0,0,4,8,0,0,0,2,0,0,144,0,595,22,1856,6,402,0,0,191,0,266,2,68,0,88,5,4,8,5,0
2024-11-12,1,0,0,3,0,0,0,0,0,0,1,10,0,0,0,0,0,0,165,0,641,13,1573,1,446,0,3,89,0,149,7,73,0,65,10,2,4,7,0
2024-11-13,1,1,0,1,0,0,1,0,0,0,2,17,0,0,0,0,0,5,98,0,443,26,902,2,369,0,0,116,0,195,2,77,0,135,10,2,0,6,0
2024-11-14,0,0,0,0,0,0,0,0,0,0,0,27,0,0,0,2,0,2,139,0,529,5,1391,1,434,0,0,137,0,105,4,91,0,113,5,4,6,6,0
2024-11-15,0,1,0,2,0,0,0,0,0,0,1,17,0,0,0,0,0,1,71,0,497,7,983,1,491,0,0,321,0,102,4,67,0,102,3,1,6,1,0
2024-11-16,0,0,0,1,0,0,1,0,0,0,0,6,0,0,0,0,0,0,47,0,232,8,185,1,183,0,0,91,0,39,1,28,0,22,2,1,2,0,0
2024-11-17,0,0,0,1,0,0,2,0,0,0,3,3,0,0,0,0,0,0,31,0,294,4,207,2,229,0,0,101,0,31,0,26,0,20,2,0,5,1,0
2024-11-18,0,0,0,1,0,0,0,0,0,0,0,11,0,0,0,0,0,0,68,0,433,5,914,1,720,0,1,299,0,152,0,49,0,78,3,3,3,3,0
2024-11-19,0,1,0,2,0,0,0,0,0,0,0,9,0,0,0,0,1,1,98,0,378,5,269,4,896,0,0,150,0,98,12,105,0,89,6,0,10,0,0
2024-11-20,0,0,0,0,0,0,1,0,0,0,1,5,0,0,0,0,0,0,74,0,501,10,229,1,1785,0,1,124,0,120,4,61,0,71,2,2,22,2,0
2024-11-21,0,0,0,0,0,0,0,0,0,0,0,15,0,0,0,0,0,0,148,0,581,6,277,1,1452,0,1,80,0,196,1,97,0,99,4,0,18,3,0
2024-11-22,0,0,0,1,0,0,0,0,0,0,0,12,0,0,0,0,0,0,148,0,401,10,429,2,683,0,0,80,0,157,0,107,0,88,1,2,4,1,0
2024-11-23,0,0,0,0,0,0,0,0,0,0,0,6,0,0,0,0,0,0,61,0,217,4,125,0,244,0,0,46,0,76,0,59,0,63,4,2,3,0,0
2024-11-24,0,0,0,0,0,0,0,0,0,0,0,9,0,0,0,0,0,0,107,0,199,3,95,1,135,0,2,24,0,57,1,38,0,37,2,0,1,1,0
2024-11-25,3,0,0,0,0,0,0,0,0,0,0,16,0,0,0,0,0,1,151,0,387,16,419,0,771,0,1,125,0,128,2,75,0,120,4,1,5,3,0
2024-11-26,0,1,0,1,0,0,0,0,0,0,0,8,0,0,0,0,0,0,96,0,575,15,415,1,569,0,2,55,0,104,6,71,0,142,3,2,9,0,0
2024-11-27,0,0,0,2,0,0,0,0,0,0,0,14,0,0,0,0,0,0,77,0,483,15,273,0,753,0,0,56,0,102,1,61,0,150,4,1,7,5,0
2024-11-28,0,0,0,0,0,0,0,0,0,0,0,4,0,0,0,0,0,0,70,0,349,5,121,3,264,0,0,64,0,59,0,68,0,44,2,0,7,6,0
2024-11-29,0,0,0,1,0,0,0,0,0,0,1,4,0,0,0,1,0,1,88,0,419,11,200,4,601,0,0,49,0,146,2,63,0,90,3,0,2,1,0
2024-11-30,0,0,0,3,0,0,0,0,0,0,0,1,0,0,0,0,0,0,79,0,252,3,197,3,221,0,0,44,0,72,4,28,0,26,1,2,1,3,0
2024-12-01,0,0,0,0,0,0,0,0,0,0,0,8,0,0,0,0,0,0,56,0,209,5,134,0,141,0,0,41,0,81,0,26,0,19,2,1,3,0,0
2024-12-02,0,1,0,0,0,0,0,0,0,0,0,10,0,0,0,0,0,0,125,0,251,9,424,4,316,0,1,31,0,75,3,67,0,96,5,1,1,1,0
2024-12-03,0,0,0,1,0,0,0,0,0,0,1,12,0,0,0,0,0,0,281,0,316,12,436,1,332,0,1,222,0,114,2,78,0,74,5,4,6,2,0
2024-12-04,0,0,0,1,0,0,0,0,0,0,0,29,0,0,0,0,0,0,208,0,262,8,314,2,502,0,0,208,0,218,1,56,0,91,5,1,8,2,0
2024-12-05,0,0,0,0,0,0,0,0,0,0,7,17,0,0,0,0,0,0,107,0,609,29,431,4,354,0,1,175,0,324,4,82,0,84,2,1,6,1,0
2024-12-06,0,0,0,1,0,0,0,0,0,0,2,13,0,0,0,0,0,0,115,0,576,39,517,3,495,0,0,427,0,274,3,62,0,157,1,3,3,9,0
2024-12-07,0,0,0,2,0,0,0,0,0,0,0,7,0,0,0,0,0,2,60,0,269,8,290,1,183,0,5,263,0,249,1,46,0,108,3,3,2,13,0
2024-12-08,0,0,0,2,0,0,0,0,0,0,0,4,0,0,0,0,0,6,89,0,256,4,452,3,181,0,0,157,0,122,5,92,0,58,0,0,14,11,0
2024-12-09,1,0,0,1,0,0,0,0,0,0,0,12,0,0,0,0,0,5,148,0,405,4,773,2,516,0,1,404,0,184,8,74,0,339,5,0,17,6,0
2024-12-10,0,0,0,1,0,0,0,0,0,0,1,10,0,0,0,0,0,2,157,0,748,9,677,3,611,0,1,134,0,129,6,135,0,341,1,1,17,4,0
2024-12-11,0,0,0,0,0,0,0,0,0,0,4,9,0,0,0,0,0,1,243,0,740,7,1246,2,453,0,2,182,0,132,4,67,0,334,3,0,4,5,0
2024-12-12,0,0,0,1,0,0,0,0,0,0,1,7,0,0,0,0,0,1,175,0,462,2,1290,5,475,0,3,151,0,238,4,73,0,300,2,1,2,8,0
2024-12-13,0,0,0,2,0,0,0,0,0,0,1,8,0,0,0,1,0,0,135,0,446,2,949,6,745,0,1,198,0,168,11,42,0,479,2,0,1,0,0
2024-12-14,0,0,0,1,0,0,0,0,0,0,1,8,0,0,0,1,0,0,76,0,214,7,348,1,284,0,1,116,0,73,6,70,0,255,1,0,0,9,0
2024-12-15,0,0,0,0,0,0,0,0,0,0,1,4,0,0,0,1,0,0,121,0,251,1,234,2,206,0,0,129,0,87,3,113,0,93,2,0,3,6,0
2024-12-16,0,0,0,1,0,0,0,0,0,0,0,7,0,0,0,0,0,0,99,0,316,5,1359,1,843,0,0,311,0,196,18,67,0,346,4,1,5,13,0
2024-12-17,0,0,0,1,0,0,0,0,0,0,0,11,0,0,0,0,0,0,169,0,407,8,1685,6,984,0,3,121,0,136,12,76,0,328,7,0,5,20,0
2024-12-18,0,0,0,1,0,0,0,0,0,0,0,24,0,0,0,0,0,0,143,0,477,9,1541,4,818,0,1,123,0,195,10,79,0,417,4,2,5,12,0
2024-12-19,0,0,0,2,0,0,0,0,0,0,0,9,0,0,0,0,0,0,133,0,332,4,769,1,435,0,1,140,0,130,10,52,0,374,4,0,3,5,0
2024-12-20,1,0,0,2,0,0,0,2,0,0,0,15,0,0,0,0,0,0,175,0,378,9,774,3,397,0,0,169,0,174,9,56,0,381,1,1,14,31,0
2024-12-21,0,0,0,1,0,0,0,0,0,0,0,10,0,0,0,0,0,4,107,0,177,11,534,2,178,0,1,100,0,118,3,42,0,69,3,0,2,27,0
2024-12-22,0,0,0,1,0,0,0,0,0,0,2,6,0,0,0,0,0,0,80,0,201,4,328,3,144,0,1,84,0,77,5,24,0,128,1,1,2,42,0
2024-12-23,0,0,0,2,0,0,0,0,0,0,1,9,0,0,0,0,0,0,91,0,273,6,475,2,414,0,2,148,0,128,3,80,0,346,4,2,6,247,0
2024-12-24,0,0,0,0,0,0,0,0,0,0,11,2,0,0,0,0,0,0,116,0,273,5,475,2,338,0,0,136,0,111,3,42,0,161,1,1,0,235,0
2024-12-25,0,0,0,1,0,0,0,0,0,0,0,18,0,0,0,0,0,0,67,0,213,6,252,3,196,0,0,59,0,89,3,41,0,64,2,0,6,34,0
2024-12-26,0,0,0,0,0,0,0,0,0,0,0,13,0,0,0,0,0,0,123,0,330,5,627,2,308,0,0,115,0,165,3,34,0,162,2,0,3,80,0
2024-12-27,0,0,0,1,0,0,0,0,0,0,1,10,0,0,0,0,0,0,131,0,366,6,561,2,308,0,1,92,0,126,4,78,0,255,4,1,2,76,0
2024-12-28,0,0,0,1,0,0,0,0,0,0,0,4,0,0,0,0,0,0,116,0,190,4,267,2,191,0,2,60,0,119,2,41,0,108,3,1,3,22,0
2024-12-29,0,0,0,1,0,0,0,0,0,0,2,13,0,0,0,0,0,1,78,0,211,4,222,3,179,0,2,76,0,76,3,35,0,81,5,1,5,10,0
2024-12-30,1,0,0,2,0,0,0,0,0,0,3,10,0,0,0,0,0,0,147,0,342,9,442,2,463,0,0,87,0,141,5,67,0,185,0,0,4,13,0
2024-12-31,1,0,0,2,0,0,0,0,0,0,0,9,0,0,0,0,0,0,117,0,380,9,473,1,325,0,3,105,0,261,6,50,0,158,4,3,5,21,0
2025-01-01,0,0,0,0,0,0,0,0,0,0,0,0,0,0,0,0,0,4,91,0,258,5,336,2,206,0,0,85,1,252,2,49,0,95,2,2,4,20,0
2025-01-02,0,0,0,1,0,0,0,0,0,0,1,0,0,0,0,0,0,1,216,0,521,7,1726,1,436,0,1,113,3,212,3,118,0,190,4,1,9,32,0
2025-01-03,0,0,0,3,0,0,0,0,0,0,3,0,0,0,0,0,0,0,302,0,470,3,962,1,525,0,5,109,2,202,2,192,0,118,3,3,4,43,0
2025-01-04,0,0,0,2,0,0,0,0,0,0,0,0,0,0,0,0,0,0,169,0,291,17,299,3,327,0,1,90,2,98,3,166,0,79,3,1,6,20,0
2025-01-05,0,0,0,1,0,0,0,0,0,0,0,0,0,0,0,1,0,0,93,0,279,5,241,0,310,0,2,76,4,100,2,77,0,105,3,4,6,21,0
2025-01-06,1,0,0,0,0,0,0,0,0,0,0,0,0,0,0,1,2,0,143,0,411,8,595,2,810,0,2,128,2,137,5,100,0,464,6,1,7,40,0
2025-01-07,0,0,0,2,0,0,0,0,0,0,1,0,0,0,0,0,0,0,151,0,320,8,611,11,1731,0,1,153,0,149,6,73,0,324,8,2,3,27,0
2025-01-08,0,0,0,0,0,0,0,0,0,0,0,0,0,0,0,0,0,0,98,0,484,14,345,4,1001,0,0,108,3,156,5,65,0,385,4,1,4,23,0
2025-01-09,0,0,0,1,0,0,0,0,0,0,0,0,0,0,0,0,0,0,63,0,376,5,159,0,372,0,4,43,1,73,6,75,0,127,9,0,5,30,0
2025-01-10,0,0,0,0,0,0,0,0,0,0,1,0,0,0,0,0,0,0,108,0,419,10,467,3,588,0,0,52,1,106,5,57,0,539,2,0,14,48,0
2025-01-11,0,0,0,4,0,0,0,0,0,0,0,0,0,0,0,0,0,0,191,0,212,2,109,5,181,0,2,26,2,77,12,30,0,126,5,0,6,10,0
2025-01-12,0,0,0,3,0,0,0,0,0,0,0,0,0,0,0,0,0,0,133,0,268,6,140,4,170,0,0,24,1,116,7,54,0,93,5,1,2,7,0
2025-01-13,0,0,0,4,0,0,0,0,0,0,0,0,0,0,0,0,0,0,101,0,441,13,539,1,481,0,0,54,4,94,1,69,0,300,18,0,8,7,0
2025-01-14,0,1,0,1,0,0,0,0,0,0,0,0,0,0,0,0,1,0,101,0,609,4,427,2,460,0,0,36,3,182,5,79,0,262,4,1,2,7,0
2025-01-15,0,0,0,1,0,0,0,0,0,0,1,0,0,0,0,0,0,0,105,0,543,9,440,10,500,0,0,44,5,167,3,91,0,145,24,0,1,5,0
2025-01-16,0,1,0,2,0,0,0,0,0,0,1,0,0,0,0,0,0,0,538,0,512,5,445,4,598,0,0,51,4,105,3,55,0,146,26,3,9,5,0
2025-01-17,0,0,0,2,0,0,0,0,0,0,2,0,0,0,0,0,0,1,287,0,424,5,544,0,524,0,0,58,2,180,1,84,0,145,14,2,0,4,0
2025-01-18,0,1,0,0,0,0,0,0,0,0,1,0,0,0,0,0,0,0,87,0,290,5,205,4,258,0,0,59,1,80,3,55,0,101,3,0,1,2,0
2025-01-19,0,0,0,0,0,0,0,0,0,0,0,0,0,0,0,0,0,0,61,0,217,4,150,0,152,0,3,32,2,87,0,27,0,38,4,0,1,3,0
2025-01-20,0,1,0,1,0,0,0,0,0,0,0,0,0,0,0,0,0,0,158,0,173,3,374,0,165,0,0,30,0,131,1,24,0,64,5,0,1,3,0
2025-01-21,0,0,0,1,0,0,0,0,0,0,3,0,0,0,0,0,0,1,676,0,331,7,956,2,590,0,0,89,1,170,1,104,0,119,4,8,2,15,0
2025-01-22,0,12,0,3,0,0,0,0,0,0,31,0,0,0,0,0,0,0,418,0,298,4,636,10,912,0,0,105,2,175,3,208,0,257,10,3,8,4,0
2025-01-23,0,1,0,2,0,0,0,0,0,0,62,0,0,0,0,0,0,0,299,0,514,4,575,4,475,0,0,72,3,135,4,89,0,91,62,1,2,5,0
2025-01-24,0,0,0,0,0,0,0,0,0,0,7,0,0,0,0,0,0,0,264,0,356,5,525,1,898,0,0,109,2,134,1,101,0,175,43,0,0,7,0
2025-01-25,0,0,0,0,0,0,0,0,0,0,1,0,0,0,0,0,0,0,100,0,233,3,189,8,333,0,0,32,2,50,2,80,0,136,5,1,2,1,0
2025-01-26,0,0,0,1,0,0,0,0,0,0,1,0,0,0,0,0,0,0,149,0,148,7,304,5,546,0,0,41,2,61,3,146,0,93,3,1,2,0,0
2025-01-27,0,1,0,12,0,0,0,0,0,0,7,0,0,0,0,0,0,0,731,0,331,1,508,13,6020,0,2,104,3,169,7,336,0,487,8,1,2,3,0
2025-01-28,0,0,0,2,0,0,0,0,0,0,2,0,0,0,0,0,0,0,464,0,337,5,418,6,3604,0,0,81,1,112,3,209,0,457,12,1,6,13,0
2025-01-29,0,0,0,1,0,0,0,0,0,0,1,0,0,0,0,0,0,0,312,0,346,10,2324,7,2565,0,6,74,3,122,5,713,0,350,9,0,5,2,0
2025-01-30,0,1,0,1,0,0,0,0,0,0,58,0,0,0,0,0,0,0,1105,0,487,6,1744,28,2044,0,2,57,8,106,0,629,0,180,13,1,2,6,0
2025-01-31,0,0,0,2,0,0,0,0,0,0,5,0,0,0,0,0,0,0,583,0,299,3,1004,8,1776,0,0,130,5,118,3,206,0,254,14,1,6,1,0
2025-02-01,0,0,0,3,0,0,0,0,0,0,2,0,0,0,0,0,0,0,136,0,229,5,511,3,611,0,0,62,0,51,2,101,0,119,2,0,2,0,0
2025-02-02,0,1,0,0,0,0,0,0,0,0,1,0,0,0,0,0,0,0,165,0,231,10,584,1,563,0,0,77,1,60,4,71,0,102,1,0,6,7,0
2025-02-03,0,3,0,4,0,0,0,0,0,0,2,0,0,0,0,0,0,0,213,0,322,5,870,7,1497,0,0,1060,6,221,6,140,0,297,12,0,3,7,0
2025-02-04,0,0,0,0,0,0,0,0,0,0,0,0,0,0,0,0,0,0,188,0,301,16,959,5,1162,0,0,1234,3,96,13,156,0,2043,14,0,6,5,0
2025-02-05,0,0,0,1,0,0,0,0,0,0,1,0,0,0,0,0,0,0,201,0,341,27,945,7,1245,0,0,528,4,133,31,155,0,1345,16,3,3,14,0
2025-02-06,0,0,0,0,0,0,0,0,0,0,1,0,0,0,0,0,0,0,165,0,339,18,1098,2,1191,0,0,772,4,139,19,205,0,449,3,1,3,11,0
2025-02-07,0,0,0,0,0,0,0,0,0,0,0,0,0,0,0,0,0,0,122,0,283,4,935,3,983,0,0,1021,6,176,19,148,0,369,0,1,7,13,0
2025-02-08,0,0,0,0,0,0,0,0,0,0,1,0,0,0,0,0,0,0,69,0,320,8,616,1,312,0,0,300,0,135,32,86,0,352,0,0,14,2,0
2025-02-09,0,3,0,2,0,0,0,0,0,0,0,0,0,0,0,0,0,0,100,0,216,11,624,4,328,0,0,194,6,95,17,90,0,174,3,0,5,3,0
2025-02-10,0,1,0,0,0,0,0,0,0,0,2,0,0,0,0,0,1,0,117,0,325,5,1030,52,710,0,1,353,4,186,12,112,0,201,1,1,1,13,0
2025-02-11,1,2,0,0,0,0,0,0,0,0,2,0,0,0,0,0,0,1,302,0,333,10,1744,9,626,0,0,334,7,205,8,98,0,161,2,8,20,17,0
2025-02-12,0,0,0,1,0,0,0,0,0,0,2,0,0,0,0,0,0,0,204,0,445,21,1924,18,469,0,0,408,1,649,10,105,0,112,3,6,8,16,0
2025-02-13,0,0,0,1,0,0,0,0,0,0,2,0,0,0,0,0,0,0,193,0,597,10,1158,2,579,0,0,229,4,407,21,124,0,267,1,0,1,7,0
2025-02-14,0,0,0,3,0,0,0,0,0,0,1,0,0,0,0,0,0,0,186,0,590,13,585,4,744,0,1,217,4,206,6,177,0,124,0,0,5,8,0
2025-02-15,0,1,0,2,0,0,0,0,0,0,5,0,0,0,0,0,0,0,78,0,211,11,284,7,217,0,2,143,0,108,4,67,0,42,4,2,4,2,0
2025-02-16,0,2,0,2,0,0,0,0,0,0,0,0,0,0,0,0,0,0,170,0,188,4,376,4,214,0,0,161,4,66,7,48,0,51,1,1,1,4,0
2025-02-17,0,0,0,1,0,0,0,0,0,0,0,0,0,0,0,0,0,0,116,0,454,7,674,9,265,0,0,157,2,83,44,49,0,78,1,0,4,3,0
2025-02-18,0,0,0,1,0,0,0,0,0,0,0,0,0,0,0,0,0,0,111,0,848,15,752,11,716,0,3,298,4,169,27,98,0,116,5,1,12,13,0
2025-02-19,0,0,0,2,0,0,0,0,0,0,0,0,0,0,0,0,1,0,180,0,836,8,582,8,623,0,1,998,7,111,59,216,0,153,4,0,11,7,0
2025-02-20,0,0,0,2,0,0,0,0,0,0,1,0,0,0,0,0,0,0,145,0,641,6,338,3,508,0,1,959,4,170,14,148,0,87,4,0,4,6,0
2025-02-21,0,0,0,1,0,0,0,0,0,0,0,0,0,0,0,0,0,1,264,0,331,7,593,4,585,0,0,369,2,161,4,103,0,78,7,0,8,14,0
2025-02-22,0,0,0,0,0,0,0,0,0,0,0,0,0,0,0,0,0,1,69,0,183,6,269,1,211,0,0,140,0,70,5,49,0,54,0,1,0,5,0
2025-02-23,0,0,0,3,0,0,0,0,0,0,0,0,0,0,0,0,0,1,51,0,116,5,282,10,265,0,0,81,0,62,1,42,0,46,2,1,2,3,0
2025-02-24,0,0,0,2,0,0,0,0,0,0,1,0,0,0,0,0,0,2,279,0,230,10,749,9,883,0,0,440,2,181,8,178,0,104,4,0,3,11,0
2025-02-25,0,3,0,2,0,0,0,0,0,0,0,0,0,0,0,0,1,2,245,0,564,34,1399,3,1279,0,0,332,1,165,5,142,0,148,3,1,2,1,0
2025-02-26,0,3,0,2,0,0,0,0,0,0,0,0,0,0,0,0,0,0,179,0,366,15,2226,0,3072,0,1,160,2,143,7,157,0,181,2,1,18,8,0
2025-02-27,1,0,0,2,0,0,0,0,0,0,0,0,0,0,0,0,1,2,148,0,357,4,1562,5,1683,0,0,124,4,142,6,132,0,365,7,1,20,3,0
2025-02-28,1,1,0,0,0,0,0,0,0,0,0,0,0,0,0,0,0,0,125,0,263,14,1160,5,880,0,0,160,3,131,3,135,0,304,8,1,3,7,0
2025-03-01,0,0,0,0,0,0,0,0,0,0,0,0,0,0,0,0,0,0,70,0,143,13,652,9,217,0,0,51,2,41,3,92,0,90,0,2,4,1,0
2025-03-02,0,0,0,2,0,0,0,0,0,0,0,0,0,0,0,0,0,1,77,0,146,7,1038,0,184,0,0,94,2,87,4,62,0,52,1,0,7,3,0
2025-03-03,0,1,0,1,0,0,0,0,0,0,0,0,0,0,0,0,1,0,103,0,224,4,1117,5,1368,0,0,107,0,190,3,78,0,193,1,0,1,3,0
2025-03-04,0,0,0,3,0,0,0,0,0,0,0,0,0,0,0,0,0,0,220,0,236,6,1453,4,1044,0,0,110,3,178,4,118,0,193,1,0,3,4,0
2025-03-05,0,0,0,3,0,0,0,0,0,0,0,0,0,0,0,0,1,1,166,0,192,4,992,14,503,0,0,72,4,251,3,60,0,122,2,0,4,4,0
2025-03-06,0,1,0,2,0,0,0,0,0,0,0,0,0,0,0,0,0,2,128,0,275,14,1121,8,645,0,1,102,3,219,1,71,0,107,2,2,1,2,0
2025-03-07,0,0,0,3,0,0,0,0,0,0,1,0,0,0,0,0,0,2,208,0,245,6,1174,2,581,0,0,97,2,198,2,83,0,72,0,5,6,4,0
2025-03-08,0,0,0,1,0,0,0,0,0,0,0,0,0,0,0,0,0,0,57,0,125,0,516,2,219,0,0,47,2,84,0,46,0,45,0,0,2,0,0
2025-03-09,0,0,0,1,0,0,0,0,0,0,0,0,0,0,0,0,0,0,100,0,117,3,751,2,196,0,0,42,0,53,3,55,0,25,0,1,2,3,0
2025-03-10,0,0,0,1,0,0,0,0,0,0,2,0,0,0,0,0,0,1,235,0,269,7,3523,3,728,0,0,106,1,260,2,83,0,128,0,1,3,2,0
2025-03-11,0,2,0,0,0,0,0,0,0,0,5,0,0,0,0,0,0,2,256,0,218,15,5724,2,614,0,0,99,6,154,3,89,0,88,2,0,10,3,0
2025-03-12,0,2,0,1,0,0,0,0,0,0,2,0,0,0,0,0,0,1,295,0,264,7,3581,5,491,0,0,63,4,116,4,75,0,111,1,0,7,1,0
2025-03-13,0,1,0,2,0,0,0,0,0,0,2,0,0,0,0,3,0,0,299,0,272,2,2959,1,592,0,1,68,1,169,6,85,0,143,1,3,2,11,0
2025-03-14,0,1,0,5,0,0,0,0,0,0,5,0,0,0,0,0,0,0,188,0,282,7,1741,0,436,0,0,71,2,129,4,46,0,56,0,3,12,0,0
2025-03-15,0,0,0,1,0,0,0,0,0,0,0,0,0,0,0,0,0,0,82,0,123,0,1189,1,145,0,0,35,2,56,2,39,0,16,0,0,1,1,0
2025-03-16,0,0,0,2,0,0,0,0,0,0,0,0,0,0,0,2,0,0,149,0,100,5,817,4,115,0,0,26,0,62,0,45,0,18,0,0,2,1,0
2025-03-17,0,0,0,1,0,0,0,0,0,0,0,0,0,0,0,0,0,0,138,0,164,5,1969,4,482,0,0,65,1,156,4,39,0,152,2,0,8,3,0
2025-03-18,1,0,0,1,0,0,0,0,0,0,0,0,0,0,0,0,0,0,133,0,303,7,3012,3,636,0,0,62,7,144,4,42,0,48,2,0,38,2,0
2025-03-19,0,0,0,1,0,0,0,0,0,0,1,0,0,0,0,0,0,0,119,0,246,2,2743,5,345,0,2,35,3,113,3,35,0,46,0,1,10,1,0
2025-03-20,0,0,0,3,0,0,0,0,0,0,1,0,0,0,0,0,0,0,155,0,448,3,3723,2,339,0,0,45,2,108,6,51,0,52,0,1,10,0,0
2025-03-21,0,0,0,2,0,0,0,0,0,0,0,0,0,0,0,0,0,0,158,0,448,8,4421,3,300,0,0,49,6,170,4,67,0,44,1,2,15,5,0
2025-03-22,0,0,0,0,0,0,0,0,0,0,4,0,0,0,0,0,0,0,82,0,176,9,2111,2,142,0,0,38,3,71,6,33,0,26,0,0,0,2,0
2025-03-23,0,0,0,2,0,0,0,0,0,0,0,0,0,0,0,0,0,1,50,0,158,6,1142,0,99,0,0,30,2,104,2,27,0,14,0,5,5,2,0
2025-03-24,0,0,0,0,0,0,0,0,0,0,0,0,0,0,0,0,0,0,96,0,245,5,3225,0,276,0,0,65,0,157,4,92,0,162,0,1,8,2,0
2025-03-25,0,0,0,2,0,0,0,0,0,0,2,0,0,0,0,0,0,0,108,0,822,7,2698,4,275,0,0,40,4,76,2,44,0,96,3,0,5,7,0
2025-03-26,0,1,0,2,0,0,0,0,0,0,0,0,0,0,0,0,0,0,98,0,1394,13,2709,3,713,0,1,38,7,112,2,53,0,78,0,0,2,0,0
2025-03-27,0,1,0,0,0,0,0,0,0,0,1,0,0,0,0,0,0,6,130,0,1359,8,2341,1,568,0,0,35,12,280,1,51,0,98,1,0,5,2,0
2025-03-28,0,0,0,0,0,0,0,0,0,0,0,0,0,0,0,0,0,1,142,0,707,1,1493,6,445,0,0,44,4,153,7,104,0,77,0,0,3,5,0
2025-03-29,0,0,0,4,0,0,0,0,0,0,0,0,0,0,0,0,0,0,95,0,330,1,684,0,166,0,0,17,1,52,0,43,0,42,0,0,2,0,0
2025-03-30,0,0,0,1,0,0,0,0,0,0,0,0,0,0,0,0,0,1,60,0,253,4,639,2,108,0,0,25,6,68,1,31,0,15,0,0,2,2,0
2025-03-31,0,0,0,0,0,0,0,0,0,0,0,0,0,0,0,0,0,0,218,0,410,7,1648,2,498,0,0,51,1,111,8,57,0,52,0,2,2,1,0
2025-04-01,0,0,0,2,0,0,0,0,0,0,2,0,0,0,0,0,1,0,88,0,449,7,1393,1,317,0,0,25,7,112,8,40,0,37,0,0,5,2,0
2025-04-02,0,0,0,1,0,0,0,0,0,0,0,0,0,0,0,0,0,0,286,0,645,2,3008,1,459,0,1,47,4,139,5,70,0,41,0,0,1,1,0
2025-04-03,0,1,0,4,0,0,0,0,0,0,0,0,0,0,0,0,0,1,655,0,552,3,1538,7,593,0,0,93,4,194,2,164,0,63,0,0,1,1,0
2025-04-04,1,0,0,3,0,0,0,0,0,0,1,0,0,0,0,0,0,0,490,0,1021,6,1378,5,787,0,0,78,1,202,2,151,0,105,0,1,1,0,0
2025-04-05,0,0,0,1,0,0,0,0,0,0,1,0,0,0,0,0,0,0,208,0,552,4,495,5,259,0,0,35,4,87,0,69,0,34,0,0,1,2,0
2025-04-06,0,0,0,4,0,0,0,0,0,0,0,0,0,0,0,0,0,0,202,0,596,9,692,2,266,0,0,31,10,102,3,68,0,41,0,2,2,5,0
2025-04-07,0,0,0,4,0,0,0,0,0,0,5,0,0,0,0,0,0,0,494,0,762,12,1549,5,890,0,0,87,6,317,3,103,0,90,1,0,4,5,0
2025-04-08,0,0,0,2,0,0,0,0,0,0,9,0,0,0,0,0,0,2,772,0,495,6,1167,3,698,0,0,76,4,165,4,111,0,89,1,0,9,10,0
2025-04-09,0,0,0,5,0,0,0,0,0,0,5,0,0,0,0,0,0,0,1354,0,654,15,1715,9,846,0,0,63,4,263,3,98,0,147,0,0,7,1,0
2025-04-10,0,2,0,4,0,0,0,0,0,0,3,0,0,0,0,0,0,1,567,0,595,6,990,5,406,0,0,35,5,179,2,51,0,60,1,2,15,1,0
2025-04-11,0,1,0,4,0,0,0,0,0,0,1,0,0,0,0,0,0,0,601,0,470,8,1024,5,314,0,0,29,2,181,7,42,0,75,1,1,9,0,0
2025-04-12,0,0,0,1,0,0,0,0,0,0,1,0,0,0,0,0,0,1,940,0,246,5,417,2,408,0,0,28,1,107,1,43,0,73,0,0,9,1,0
2025-04-13,0,1,0,2,0,0,0,0,0,0,0,0,0,0,0,0,0,0,612,0,233,2,359,2,310,0,0,25,0,100,2,44,0,49,1,1,4,0,0
2025-04-14,0,2,0,0,0,0,0,0,0,0,4,0,0,0,0,0,0,0,663,0,427,3,625,1,647,0,0,93,1,197,1,42,0,47,0,2,1,0,0
2025-04-15,0,1,0,2,0,0,0,0,0,0,3,0,0,0,0,0,0,0,262,0,404,9,704,4,1378,0,0,125,1,152,0,49,0,181,0,1,1,7,0
2025-04-16,0,2,0,2,0,0,0,0,0,0,1,0,0,0,0,0,0,1,216,0,323,4,992,9,1448,0,0,65,1,142,5,41,0,163,0,0,1,2,0
2025-04-17,0,1,0,1,0,0,0,0,0,0,5,0,0,0,0,0,0,0,208,0,384,8,828,4,780,0,0,40,3,134,1,60,0,49,0,1,1,5,0
2025-04-18,0,0,0,5,0,0,0,0,0,0,8,0,0,0,0,0,0,0,94,0,338,5,584,3,148,0,0,88,1,91,1,45,0,7,0,0,1,2,0
2025-04-19,0,0,0,1,0,0,0,0,0,0,3,0,0,0,0,0,0,0,58,0,199,4,377,4,110,0,0,31,2,55,4,16,0,10,1,0,0,3,0
2025-04-20,0,0,0,1,0,0,0,0,0,0,2,0,0,0,0,0,0,0,58,0,182,1,439,1,104,0,0,26,2,48,0,11,0,58,0,1,0,2,0
2025-04-21,0,0,0,5,0,0,0,0,0,0,3,0,0,0,0,0,0,0,148,0,268,5,1808,10,605,0,1,65,7,114,1,43,0,39,2,0,1,2,0
2025-04-22,0,1,0,1,0,0,0,0,0,0,4,0,0,0,0,0,0,0,138,0,324,7,5596,3,480,0,0,40,2,141,4,44,0,66,1,1,0,1,0
2025-04-23,0,0,0,0,0,0,0,0,0,0,4,0,0,0,0,0,0,0,155,0,395,10,3329,14,388,0,0,72,6,157,6,40,0,47,2,0,4,4,0
2025-04-24,0,0,0,1,0,0,0,0,0,0,9,0,0,1,0,0,0,0,145,0,450,2,1332,4,306,0,0,114,7,133,1,57,0,34,1,0,5,2,0
2025-04-25,0,0,0,1,0,0,0,0,0,0,4,0,0,0,0,0,0,0,202,0,445,6,3217,1,508,0,0,116,3,166,2,70,0,57,1,2,0,0,0
2025-04-26,0,0,0,2,0,0,0,0,0,0,0,0,0,0,0,0,0,0,97,0,144,3,1130,0,152,0,0,47,3,98,3,70,0,17,0,0,1,1,0
2025-04-27,0,0,0,1,0,0,0,0,0,0,2,0,0,0,0,0,0,0,116,0,156,3,565,2,219,0,0,42,7,99,2,42,0,24,0,0,1,0,0
2025-04-28,0,0,0,2,0,0,0,0,0,0,1,0,0,0,0,0,0,0,122,0,247,10,1275,1,392,0,0,110,2,139,1,48,0,35,3,0,2,0,0
2025-04-29,0,2,0,2,0,0,0,0,0,0,0,0,0,0,0,0,0,1,123,0,225,16,1047,2,419,0,0,110,4,127,1,40,0,33,0,0,0,0,0
2025-04-30,0,0,0,1,0,0,0,0,0,0,6,0,0,0,0,0,0,0,261,0,285,42,867,1,372,0,0,165,0,404,0,627,0,52,0,1,0,7,0
2025-05-01,0,0,0,3,0,0,0,0,0,0,2,0,0,0,0,2,1,0,1589,0,411,13,1184,3,396,0,1,145,4,311,6,542,0,48,0,0,0,1,0
2025-05-02,0,1,0,1,0,0,0,0,0,0,1,0,0,0,0,0,0,0,591,0,344,20,723,2,278,0,0,242,4,128,3,148,0,48,0,1,3,1,0
2025-05-03,1,1,0,1,0,0,0,0,0,0,0,0,0,0,0,0,0,0,113,0,148,7,231,1,78,0,0,116,2,47,0,54,0,29,1,0,1,0,0
2025-05-04,0,0,0,0,0,0,0,0,0,0,0,0,0,0,0,0,0,0,136,0,154,18,399,1,73,0,0,144,3,55,2,47,0,59,0,0,0,3,0
2025-05-05,0,0,0,6,0,0,0,0,0,0,4,0,0,0,0,0,0,0,252,0,218,71,593,8,216,0,0,1084,4,91,1,54,0,182,0,0,3,4,0
2025-05-06,0,0,0,2,0,0,0,0,0,0,1,0,0,0,0,0,0,0,206,0,276,28,482,2,216,0,0,556,3,105,1,60,0,761,0,0,1,3,0
2025-05-07,0,0,0,0,0,0,0,0,0,0,1,0,0,0,0,0,0,1,908,0,256,7,468,8,552,0,0,156,4,98,3,92,0,318,9,0,3,3,0
2025-05-08,0,0,0,1,0,0,0,0,0,0,2,0,0,0,0,1,0,0,330,0,267,4,583,1,487,0,0,252,1,153,5,73,0,82,3,0,1,3,0
2025-05-09,0,0,0,1,0,0,0,0,0,0,1,0,0,0,0,0,0,0,127,0,226,4,1490,1,289,0,0,178,1,102,6,61,0,64,1,0,0,1,0
2025-05-10,0,0,0,0,0,0,0,0,0,0,0,0,0,0,0,0,0,0,69,0,165,4,260,0,87,0,0,58,1,56,4,35,0,18,0,0,0,1,0
2025-05-11,0,0,0,1,0,0,0,0,0,0,0,0,0,0,0,0,0,0,83,0,166,4,211,1,114,0,0,53,3,69,11,26,0,28,1,2,0,0,0
2025-05-12,0,0,0,1,0,0,0,0,0,0,0,0,0,0,0,0,0,0,225,0,276,6,1137,3,354,0,0,109,6,138,3,73,0,43,2,0,2,7,0
2025-05-13,0,1,0,1,0,0,0,0,0,0,2,0,0,0,0,0,0,0,199,0,285,6,845,4,741,0,0,314,2,184,3,155,0,94,8,1,1,0,0
2025-05-14,0,0,0,2,0,0,0,0,0,0,1,0,0,0,0,0,0,0,197,0,281,17,1434,2,739,0,0,206,0,115,7,106,0,271,5,1,1,1,0
2025-05-15,0,0,0,2,0,0,0,0,0,0,0,0,0,0,0,0,0,0,152,0,282,5,768,3,550,0,0,114,9,108,4,58,0,111,2,2,0,0,0
2025-05-16,0,0,0,0,0,0,0,0,0,0,1,0,0,0,0,0,0,2,141,0,209,26,619,1,539,0,0,74,5,93,1,69,0,63,8,17,5,4,0
2025-05-17,3,3,0,2,0,0,0,0,0,0,0,0,0,0,0,0,0,1,86,0,84,7,237,0,130,0,0,56,1,56,0,24,0,18,2,3,0,1,0
2025-05-18,0,0,0,0,0,0,0,0,0,0,0,0,0,0,0,0,0,0,70,0,122,5,303,2,163,0,0,44,0,46,2,54,0,23,1,6,0,2,0
2025-05-19,0,0,0,1,0,0,0,0,0,0,0,0,0,0,0,0,0,2,128,0,197,3,500,1,421,0,0,98,1,124,0,64,0,68,1,2,1,2,0
2025-05-20,0,0,0,0,0,0,0,0,0,0,0,0,0,0,0,0,0,1,140,0,233,6,1024,6,375,0,0,95,6,93,4,36,0,79,1,0,3,1,0
2025-05-21,0,0,0,1,0,0,0,0,0,0,0,0,0,0,0,0,0,1,210,0,285,6,689,3,476,0,0,104,15,107,1,60,0,73,1,1,0,6,0
2025-05-22,1,0,0,2,0,0,0,0,0,0,0,0,0,0,0,0,0,33,189,0,583,10,473,0,310,0,0,127,14,126,3,82,0,46,2,1,0,1,0
2025-05-23,0,1,0,1,0,0,0,0,0,0,1,0,0,0,0,0,0,9,1471,0,596,11,492,13,334,0,0,73,6,100,12,52,0,47,3,1,0,0,0
2025-05-24,0,2,0,0,0,0,0,0,0,0,0,0,0,0,0,0,0,1,285,0,339,9,343,3,136,0,0,45,1,34,5,18,0,11,0,0,4,0,0
2025-05-25,1,0,0,1,0,0,0,0,0,0,0,0,0,0,0,0,0,1,151,0,176,3,272,0,164,0,0,28,3,41,0,15,0,7,1,0,0,0,0
2025-05-26,0,1,0,3,0,0,0,0,0,0,2,0,0,0,0,0,0,1,115,0,310,5,232,1,258,0,0,38,5,54,1,14,0,18,2,0,1,1,0
2025-05-27,0,0,0,1,0,0,0,0,0,0,0,0,0,0,0,0,1,1,189,0,447,74,1379,2,633,0,0,86,2,108,4,52,0,52,0,0,2,0,0
2025-05-28,0,0,0,1,0,0,0,0,0,0,0,0,0,0,0,0,0,1,154,0,1273,27,980,1,2684,0,0,69,4,103,4,69,0,72,2,1,0,2,0
2025-05-29,1,0,0,1,0,0,0,0,0,0,2,0,0,0,0,0,0,6,236,0,583,5,588,0,1017,0,0,81,1,94,3,39,0,103,0,2,0,1,0
2025-05-30,0,0,0,3,0,0,0,0,0,0,0,0,0,0,0,0,0,2,181,0,344,7,667,3,628,0,0,315,3,107,2,71,0,47,2,1,1,1,0
2025-05-31,0,0,0,1,0,0,0,0,0,0,0,0,0,0,0,0,0,1,60,0,139,1,269,1,183,0,0,122,1,52,3,27,0,79,0,0,1,0,0
2025-06-01,0,0,0,2,0,0,0,0,0,0,0,0,0,0,0,0,0,0,42,0,215,5,189,0,138,0,0,60,2,56,0,32,0,36,2,2,9,0,0
2025-06-02,2,0,0,1,0,0,0,0,0,0,0,0,0,0,0,0,0,0,77,0,253,2,494,1,244,0,0,88,1,109,0,35,0,53,0,1,10,2,0
2025-06-03,0,0,0,1,0,0,0,0,0,0,0,0,0,0,0,0,0,1,105,0,307,5,453,1,353,0,0,92,5,209,6,59,0,48,0,2,15,5,0
2025-06-04,0,0,0,3,0,0,0,0,0,0,0,0,0,0,0,0,0,0,166,0,356,4,685,1,324,0,0,127,4,200,5,51,0,59,1,4,13,2,0
2025-06-05,1,0,0,1,0,0,0,0,0,0,0,0,0,0,0,0,0,1,83,0,419,11,3710,1,293,0,0,218,2,241,3,69,0,56,1,2,4,2,0
2025-06-06,0,0,0,2,0,0,0,0,0,0,0,0,0,0,0,0,0,1,128,0,235,5,2437,3,145,0,1,120,1,469,2,72,0,55,1,6,8,3,0
2025-06-07,0,0,0,1,0,0,0,0,0,0,0,0,0,0,0,0,0,0,62,0,155,3,481,1,95,0,1,86,2,151,3,32,0,12,0,0,4,4,0
2025-06-08,0,0,0,0,0,0,0,0,0,0,1,0,0,0,0,0,0,0,53,0,128,4,319,2,81,0,0,45,1,84,0,36,0,23,1,0,1,0,0
2025-06-09,0,0,0,2,0,0,0,0,0,0,0,0,0,0,0,0,0,0,767,0,362,2,1413,11,246,0,0,165,0,212,10,84,0,88,0,1,1,3,0
2025-06-10,0,0,0,2,0,0,0,0,0,0,0,0,0,0,0,0,0,0,513,0,670,5,1066,19,305,0,0,75,10,176,7,92,0,63,4,2,17,4,0
2025-06-11,0,0,0,1,0,0,0,0,0,0,2,0,0,0,0,0,0,0,303,0,1035,5,987,1,268,0,0,158,5,115,9,68,0,48,1,4,4,2,0
2025-06-12,0,0,0,1,0,0,0,0,0,0,0,0,0,0,0,0,0,1,200,0,1608,8,736,2,266,0,0,91,8,170,6,93,0,179,1,0,2,1,0
2025-06-13,0,0,0,0,0,0,0,0,0,0,2,0,0,0,0,0,0,0,187,0,747,2,916,1,186,0,0,218,2,232,1,43,0,58,0,0,0,0,0
2025-06-14,0,0,0,0,0,0,0,0,0,0,0,0,0,0,0,0,0,1,77,0,263,3,166,3,65,0,0,54,0,52,1,22,0,28,0,1,0,1,0
2025-06-15,0,0,0,0,0,0,0,0,0,0,0,0,0,0,0,0,0,0,49,0,365,10,163,0,78,0,0,95,3,43,1,13,0,18,0,0,3,0,0
2025-06-16,0,0,0,1,0,0,0,0,0,0,0,0,0,0,0,0,0,2,148,0,471,2,345,1,199,0,0,301,3,94,2,64,0,363,1,0,2,2,0
2025-06-17,0,0,0,1,0,0,0,0,0,0,1,0,0,0,0,0,0,0,221,0,316,3,319,0,160,0,0,171,5,82,3,74,0,249,0,1,1,4,0
2025-06-18,0,0,0,2,0,0,0,0,0,0,1,0,0,0,0,0,0,0,198,0,360,2,369,1,181,0,0,114,4,96,2,57,0,135,1,3,1,3,0
2025-06-19,0,0,0,1,0,0,0,0,0,0,0,0,0,0,0,0,0,0,121,0,219,3,329,1,128,0,0,71,3,87,3,49,0,82,1,2,1,1,0
2025-06-20,0,0,0,1,0,0,0,0,0,0,0,0,0,0,0,0,0,0,112,0,279,3,475,0,116,0,0,51,2,102,5,83,0,113,1,0,0,2,0
2025-06-21,0,0,0,1,0,0,0,0,0,0,0,0,0,0,0,0,0,0,40,0,134,1,131,0,52,0,0,41,0,63,3,21,0,23,2,0,0,1,0
2025-06-22,0,0,0,0,0,0,0,0,0,0,0,0,0,0,0,0,0,0,39,0,141,1,364,1,52,0,0,79,0,36,0,12,0,17,2,0,0,0,0
2025-06-23,0,0,0,3,0,0,0,0,0,0,0,0,0,0,0,0,1,0,101,0,174,2,1374,1,100,0,0,84,1,93,1,61,0,140,0,0,0,2,0
2025-06-24,0,0,0,0,0,0,0,0,0,0,1,0,0,0,0,0,0,0,160,0,248,1,986,5,169,0,0,73,2,195,13,78,0,228,1,1,2,0,0
2025-06-25,0,0,0,1,0,0,0,0,0,0,4,0,0,0,0,0,0,1,108,0,259,5,723,0,716,0,0,146,3,200,4,87,0,289,0,1,0,4,0
2025-06-26,0,1,0,1,0,0,0,0,0,0,4,0,0,0,0,0,0,0,248,0,251,7,601,0,526,0,0,137,3,114,4,101,0,203,0,2,2,0,0
2025-06-27,0,1,0,0,0,0,0,0,0,0,0,0,0,0,0,0,0,0,176,0,194,3,460,2,337,0,1,326,1,131,3,77,0,145,3,2,0,3,0
2025-06-28,0,0,0,1,0,0,0,0,0,0,0,0,0,0,0,0,0,0,68,0,88,3,231,2,139,0,0,114,0,69,4,32,0,41,1,0,3,1,0
2025-06-29,0,0,0,4,0,0,0,0,0,0,1,0,0,0,0,0,1,1,99,0,96,2,209,0,189,0,0,91,1,68,6,65,0,44,1,1,2,5,0
2025-06-30,0,0,0,1,0,0,0,0,0,0,0,0,0,0,0,0,0,1,409,0,241,4,532,0,243,0,0,175,3,500,5,87,0,75,3,0,0,5,0
2025-07-01,0,1,0,2,0,0,0,0,0,0,1,0,0,0,0,0,0,0,248,0,218,5,1366,2,308,0,0,164,2,381,3,47,0,119,1,1,3,1,0
2025-07-02,0,0,0,2,0,0,0,0,0,0,0,0,0,0,0,0,0,0,190,0,305,10,1306,1,220,0,0,138,6,430,3,75,0,98,2,2,0,9,0
2025-07-03,0,0,0,3,0,0,0,0,0,0,0,0,0,0,0,0,0,0,97,0,270,1,610,0,296,0,0,81,2,348,0,73,0,81,1,2,0,8,0
2025-07-04,0,2,0,0,0,0,0,0,0,0,1,0,0,0,0,0,0,0,100,0,175,1,163,2,114,0,0,42,2,106,2,33,0,18,1,1,0,1,0
2025-07-05,0,0,0,2,0,0,0,0,0,0,0,0,0,0,0,0,0,0,53,0,125,3,212,2,85,0,0,54,2,95,0,25,0,24,2,0,0,1,0
2025-07-06,0,0,0,0,0,0,0,0,0,0,0,0,0,0,0,0,0,0,91,0,152,4,419,1,190,0,0,63,3,113,2,72,0,49,3,0,1,1,0
2025-07-07,1,0,0,3,0,0,0,0,0,0,2,0,0,0,0,0,0,1,189,0,170,5,1198,2,192,0,0,117,2,132,1,74,0,64,4,0,13,0,0
2025-07-08,0,0,0,2,0,0,0,0,0,0,1,0,0,0,0,0,1,1,189,0,193,7,657,2,195,0,0,81,4,163,2,56,0,71,10,1,2,18,0
2025-07-09,0,0,0,0,0,0,0,0,0,0,0,0,0,0,0,0,0,0,180,0,301,5,403,2,596,0,1,103,2,167,3,124,0,100,6,1,0,30,0
2025-07-10,0,0,0,0,0,0,0,0,0,0,5,0,0,0,0,1,0,0,170,0,365,3,614,7,528,0,0,97,4,197,4,102,0,191,7,3,11,12,0
2025-07-11,0,0,0,1,0,0,0,0,0,0,3,0,0,0,0,1,0,1,95,0,232,17,344,1,552,0,0,57,9,316,1,57,0,110,2,0,8,3,0
2025-07-12,0,1,0,2,0,0,0,0,0,0,2,0,0,0,0,0,0,0,53,0,106,4,113,1,177,0,0,29,2,52,1,27,0,45,2,1,1,9,0
2025-07-13,0,1,0,0,0,0,0,0,0,0,1,0,0,0,0,0,0,0,37,0,117,7,95,2,161,0,0,49,1,63,1,32,0,66,3,0,6,5,0
2025-07-14,0,2,0,3,0,0,0,0,0,0,0,0,0,0,0,0,0,0,134,0,260,9,323,7,340,0,0,209,2,156,4,38,0,92,1,3,22,15,0
2025-07-15,0,1,0,3,0,0,0,0,0,0,0,0,0,0,0,0,0,0,185,0,390,2,246,0,1321,0,3,130,4,204,1,50,0,266,4,0,3,11,0
2025-07-16,0,3,0,0,0,0,0,0,0,0,1,0,0,0,0,0,0,0,110,0,326,6,299,3,466,0,0,110,0,179,1,58,0,210,5,2,8,3,0
2025-07-17,0,1,0,3,0,0,0,0,0,0,0,0,0,0,0,0,0,1,102,0,239,21,291,3,439,0,0,147,9,209,2,73,0,135,3,9,7,5,0
2025-07-18,0,0,0,1,0,0,0,0,0,0,2,0,0,0,0,0,0,0,178,0,227,22,360,0,287,0,1,111,3,308,2,82,0,98,3,7,5,4,0
2025-07-19,0,0,0,1,0,0,0,0,0,0,3,0,0,0,0,0,0,0,54,0,227,20,162,3,156,0,0,48,5,84,3,38,0,68,2,2,0,4,0
2025-07-20,0,1,0,0,0,0,0,0,0,0,1,0,0,0,0,0,0,0,43,0,134,13,138,0,152,0,0,92,9,94,1,53,0,38,1,1,1,0,0
2025-07-21,0,0,0,0,0,0,0,0,0,0,1,0,0,0,0,0,0,0,107,0,405,54,324,5,203,0,1,136,16,305,1,52,0,55,28,5,3,14,0
2025-07-22,0,0,0,0,0,0,0,0,0,0,3,0,0,0,0,0,0,0,90,0,324,39,416,12,309,0,0,57,31,182,16,39,0,89,43,1,64,144,0
2025-07-23,0,0,0,1,0,0,0,0,0,0,13,0,0,0,0,0,0,0,159,0,416,57,1674,15,311,0,1,47,12,128,71,86,0,115,764,9,32,327,0
2025-07-24,0,0,0,0,0,0,0,0,0,0,23,0,0,0,0,0,0,1,127,0,212,13,1175,17,334,0,1,79,13,155,45,93,0,151,187,3,10,52,0
2025-07-25,0,0,0,0,0,0,0,0,0,0,5,0,0,0,0,0,0,0,132,0,164,6,1019,5,344,0,0,150,6,156,7,95,0,215,21,0,11,10,0
2025-07-26,0,0,0,0,0,0,0,0,0,0,1,0,0,0,0,0,0,1,67,0,111,7,192,2,142,0,1,89,3,102,4,42,0,42,1,1,2,2,0
2025-07-27,0,0,0,1,0,0,0,0,0,0,3,0,0,0,0,0,0,0,84,0,104,4,149,1,128,0,1,65,1,60,2,38,0,32,1,0,3,7,0
2025-07-28,0,0,0,1,0,0,0,0,0,0,4,0,0,0,0,0,0,0,104,0,271,5,559,3,322,0,0,228,1,157,5,68,0,250,4,0,3,50,0
2025-07-29,0,0,0,0,0,0,0,0,0,0,2,0,0,0,0,0,0,0,166,0,614,12,329,3,547,0,5,134,1,148,3,118,0,505,2,0,5,15,0
2025-07-30,0,0,0,2,0,0,0,0,0,0,2,0,0,0,0,0,0,1,389,0,615,7,317,9,719,0,0,89,2,326,4,616,0,274,4,0,7,4,0
2025-07-31,0,0,0,1,0,0,0,0,0,0,0,0,0,0,0,0,0,0,1034,0,467,5,322,7,629,0,3,81,0,450,2,587,0,253,6,0,16,4,0
2025-08-01,0,0,0,2,0,0,0,0,0,0,1,0,0,0,0,0,0,0,403,0,266,6,408,5,415,0,0,171,1,269,5,252,0,240,4,1,4,5,0
2025-08-02,1,0,0,2,0,0,0,0,0,0,0,0,0,0,0,0,0,0,217,0,189,7,158,1,267,0,1,212,1,71,3,111,0,131,0,2,1,1,0
2025-08-03,0,1,0,1,0,0,0,0,0,0,1,0,0,0,0,0,0,0,159,0,146,4,120,4,187,0,1,107,0,59,3,59,0,109,0,0,2,1,0
2025-08-04,0,1,0,2,0,0,0,0,0,0,3,0,0,0,0,0,0,0,221,0,219,10,400,1,299,0,0,881,1,152,2,97,0,244,3,0,3,3,0
2025-08-05,0,0,0,0,0,0,0,0,0,0,0,0,0,0,0,0,1,0,207,0,161,5,338,4,407,0,0,629,8,118,6,122,0,1185,13,1,2,5,0
2025-08-06,0,0,0,2,0,0,0,0,0,0,0,0,0,0,0,0,0,0,1089,0,313,2,386,5,579,0,1,308,4,95,9,126,0,725,13,0,1,0,0
2025-08-07,0,0,0,2,0,0,0,0,0,0,0,0,0,0,0,0,0,0,823,0,219,6,251,3,497,0,0,335,8,129,2,120,0,401,2,0,3,4,0
2025-08-08,0,0,0,1,0,0,0,0,0,0,0,0,0,0,0,0,0,4,648,0,169,9,472,1,309,0,1,298,4,152,3,114,0,207,4,0,5,4,0
2025-08-09,0,0,0,0,0,0,0,0,0,0,0,0,0,0,0,0,0,0,120,0,167,3,124,0,183,0,0,86,1,67,0,42,0,95,0,1,0,16,0
2025-08-10,0,0,0,0,0,0,0,0,0,0,0,0,0,0,0,0,0,0,141,0,91,9,67,1,335,0,1,98,1,77,0,47,0,134,0,1,3,4,0
2025-08-11,0,0,0,1,0,0,0,0,0,0,0,0,0,0,0,0,2,4,174,0,194,37,401,1,471,0,5,213,4,173,5,69,0,284,4,0,2,146,0
2025-08-12,0,0,0,0,0,0,0,0,0,0,3,0,0,0,0,0,0,1,161,0,209,5,273,2,358,0,5,234,1,128,3,66,0,109,7,4,6,130,0
2025-08-13,0,0,0,1,0,0,0,0,0,0,0,0,0,0,0,0,3,4,244,0,193,6,219,0,434,0,2,185,4,327,3,100,0,284,3,4,1,142,0
2025-08-14,0,0,0,1,0,0,0,0,0,0,0,0,0,0,0,0,1,6,139,0,228,12,194,3,339,0,5,131,1,198,1,116,0,189,1,0,3,95,0
2025-08-15,0,0,0,1,0,0,0,0,0,0,1,0,0,0,0,0,0,0,147,0,278,1,155,2,369,0,2,139,2,183,1,70,0,145,9,0,5,31,0
2025-08-16,0,0,0,4,0,0,0,0,0,0,0,0,0,0,0,1,0,1,53,0,234,5,60,1,132,0,0,51,3,61,0,20,0,57,1,0,0,11,0
2025-08-17,0,0,0,0,0,0,0,0,0,0,1,0,0,0,0,0,0,0,125,0,146,1,63,2,147,0,0,44,1,63,4,20,0,85,3,2,5,16,0
2025-08-18,0,0,0,0,0,0,0,0,0,0,0,0,0,0,0,0,0,0,71,0,162,11,198,0,250,0,0,167,5,105,3,104,0,100,2,1,5,12,0
2025-08-19,0,0,0,0,0,0,0,0,0,0,1,0,0,0,0,0,1,0,110,0,161,20,211,3,418,0,1,663,2,146,3,87,0,180,2,4,10,16,0
2025-08-20,0,0,0,0,0,0,0,0,0,0,0,0,0,0,0,0,0,0,89,0,207,1,212,1,441,0,1,791,1,158,0,69,0,103,3,1,3,14,0
2025-08-21,0,0,0,2,0,0,0,0,0,0,3,0,0,0,0,0,0,0,85,0,236,2,150,4,229,0,3,362,4,138,0,46,0,68,3,0,18,9,0
2025-08-22,0,0,0,2,0,0,0,0,0,0,1,0,0,0,0,0,0,0,152,0,177,2,206,0,584,0,1,161,1,107,1,59,0,98,0,0,40,6,0
2025-08-23,1,0,0,1,0,0,0,0,0,0,1,0,0,0,0,0,0,0,67,0,88,5,53,1,219,0,0,47,0,35,2,34,0,44,0,0,4,1,0
2025-08-24,0,0,0,0,0,0,0,0,0,0,1,0,0,0,0,0,0,0,57,0,69,3,41,0,173,0,0,85,3,41,0,23,0,35,1,1,7,9,0
2025-08-25,0,0,0,1,0,0,0,0,0,0,2,0,0,0,0,0,0,0,74,0,154,6,299,4,558,0,7,188,2,109,3,52,0,111,1,0,24,129,0
2025-08-26,0,0,0,1,0,0,0,0,0,0,0,0,0,0,0,0,0,0,93,0,163,8,325,2,862,0,6,161,7,86,2,189,0,133,1,2,12,246,0
2025-08-27,1,0,0,0,0,0,0,0,0,0,0,0,0,0,0,0,0,0,82,0,200,4,229,2,2871,0,1,162,3,148,2,90,0,86,1,0,15,71,0
2025-08-28,0,1,0,0,0,0,0,0,0,0,1,0,0,0,0,0,0,0,82,0,232,4,320,0,1266,0,6,138,4,147,1,106,0,87,0,0,4,67,0
2025-08-29,0,1,0,0,0,0,0,0,0,0,3,0,0,0,0,0,0,0,80,0,267,5,292,1,737,0,1,126,13,102,0,56,0,75,0,0,22,31,0
2025-08-30,0,0,0,1,0,0,0,0,0,0,1,0,0,0,0,0,0,0,33,0,89,2,92,0,173,0,1,71,4,46,2,29,0,28,0,0,2,10,0
2025-08-31,0,0,0,0,0,0,0,0,0,0,0,0,0,0,0,0,0,0,52,0,110,2,58,2,199,0,1,45,2,48,1,69,0,30,0,1,2,15,0
2025-09-01,0,0,0,2,0,0,0,0,0,0,0,0,0,0,0,0,0,0,23,0,117,17,115,0,94,0,1,50,5,33,0,27,0,22,0,6,10,22,0
2025-09-02,0,0,0,2,0,0,0,0,0,0,1,0,0,0,0,0,0,1,216,0,243,6,226,2,438,0,0,189,1,94,1,69,0,65,0,0,23,14,0
2025-09-03,0,0,0,0,0,0,0,0,0,0,0,0,0,0,0,0,0,0,231,0,217,3,275,2,334,0,4,103,0,116,2,96,0,43,0,0,5,14,0
2025-09-04,0,0,0,1,0,0,0,0,0,0,0,0,0,0,0,0,0,1,159,0,322,3,168,5,404,0,1,99,3,115,4,63,0,66,0,1,5,7,0
2025-09-05,1,0,0,0,0,0,0,0,0,0,0,0,0,0,0,0,0,0,124,0,232,7,843,3,611,0,0,88,5,329,1,128,0,226,0,1,3,5,0
2025-09-06,0,0,0,0,0,0,0,0,0,0,0,0,0,0,0,0,0,1,70,0,166,3,205,3,118,0,0,36,1,129,1,49,0,35,3,0,5,0,0
2025-09-07,0,0,0,1,0,0,0,0,0,0,0,0,0,0,0,0,1,0,52,0,120,3,124,2,161,0,0,26,3,147,2,38,0,31,0,0,2,4,0
2025-09-08,0,0,0,0,0,0,0,0,0,0,7,0,0,0,0,0,0,0,193,0,227,8,259,3,282,0,0,45,6,308,3,128,0,74,3,0,1,5,0
2025-09-09,0,0,0,4,0,0,0,0,0,0,1,0,0,0,0,0,0,0,729,0,1042,10,154,4,402,0,0,86,10,213,4,152,0,115,1,0,9,5,0
2025-09-10,0,0,0,0,0,0,0,0,0,0,2,0,0,0,0,0,4,0,395,0,1584,3,223,3,363,0,0,126,1,648,1,158,0,81,3,0,4,6,0
2025-09-11,0,0,0,1,0,0,0,0,0,0,3,0,0,0,0,0,0,0,206,0,819,8,335,5,284,0,1,104,2,327,5,145,0,100,3,1,4,7,0
2025-09-12,0,0,0,1,0,0,0,0,0,0,0,0,0,0,0,0,0,0,166,0,576,9,957,5,171,0,1,99,2,229,8,96,0,39,0,1,0,16,0
2025-09-13,0,0,0,0,0,0,0,0,0,0,0,0,0,0,0,0,0,1,76,0,422,3,147,2,73,0,0,95,1,119,4,25,0,17,1,0,0,1,0
2025-09-14,0,0,0,1,0,0,0,0,0,0,0,0,0,0,0,0,0,0,50,0,438,10,137,1,63,0,0,69,0,70,1,29,0,5,0,0,2,1,0
2025-09-15,0,0,0,0,0,0,0,0,0,0,1,0,0,0,0,0,0,0,115,0,383,9,1300,2,359,0,0,68,4,140,9,56,0,34,1,2,5,22,0
2025-09-16,0,0,0,0,0,0,0,0,0,0,2,0,0,0,0,0,0,0,95,0,432,3,429,4,219,0,2,39,7,115,3,90,0,27,1,0,13,16,0
2025-09-17,0,0,0,0,0,0,0,0,0,0,0,0,0,0,0,0,0,0,85,0,425,5,410,2,504,0,2,73,1,145,4,52,0,46,0,1,15,13,0
2025-09-18,0,0,0,1,0,0,0,0,0,0,0,0,0,0,0,0,0,0,113,0,416,8,416,3,759,0,0,90,3,127,9,96,0,362,0,0,5,33,0
2025-09-19,0,0,0,2,0,0,0,0,0,0,0,0,0,0,0,0,0,0,196,0,395,12,345,3,401,0,0,132,2,151,6,110,0,90,0,0,11,15,0
2025-09-20,0,0,0,1,0,0,0,0,0,0,1,0,0,0,0,0,0,0,83,0,232,2,94,1,110,0,1,49,0,66,2,83,0,22,1,0,1,2,0
2025-09-21,0,0,0,2,0,0,0,0,0,0,1,0,0,0,0,0,0,0,69,0,178,5,167,0,75,0,0,37,0,65,2,40,0,28,0,0,7,2,0
2025-09-22,0,0,0,2,0,0,0,0,0,0,0,0,0,0,0,0,0,0,241,0,341,13,574,1,755,0,0,54,10,100,5,126,0,78,0,0,2,6,0
2025-09-23,0,1,0,2,0,0,0,0,0,0,0,0,0,0,0,0,0,2,88,0,289,10,235,9,404,0,1,90,2,108,6,85,0,61,8,1,2,22,0
2025-09-24,0,0,0,0,0,0,0,0,0,0,1,0,0,0,0,0,0,0,153,0,299,7,467,0,301,0,0,72,2,92,10,111,0,42,0,0,0,17,0
2025-09-25,0,1,0,3,0,0,0,0,0,0,2,0,0,0,0,0,0,0,224,0,309,5,413,2,367,0,0,107,2,98,14,80,0,78,1,0,13,2,0
2025-09-26,0,0,0,2,0,0,0,0,0,0,3,0,0,0,0,0,0,0,170,0,311,5,414,7,273,0,0,60,4,84,3,94,0,45,0,1,3,6,0
2025-09-27,0,0,0,2,0,0,0,0,0,0,0,0,0,0,0,0,0,0,57,0,219,3,123,5,140,0,0,37,1,58,3,57,0,18,0,0,0,2,0
2025-09-28,0,0,0,1,0,0,0,0,0,0,0,0,0,0,0,0,0,0,62,0,218,3,113,0,113,0,2,68,3,52,4,79,0,13,1,1,1,12,0
2025-09-29,0,0,0,0,0,0,0,0,0,0,2,0,0,0,0,0,0,0,82,0,388,6,261,0,220,0,6,67,9,305,3,92,0,33,1,0,8,290,0
2025-09-30,0,0,0,1,0,0,0,0,0,0,2,0,0,0,0,0,0,0,54,0,289,14,311,3,364,0,3,67,10,254,9,62,0,32,3,3,14,103,0
2025-10-01,0,0,0,0,0,0,0,0,0,0,1,0,0,0,0,0,1,0,103,0,470,3,531,1,220,0,0,75,2,140,1,65,0,75,4,0,2,15,0
2025-10-02,0,0,0,0,0,0,0,0,0,0,1,0,0,0,0,0,2,0,108,0,490,15,994,2,322,0,0,81,22,173,3,127,0,90,4,0,4,39,0
2025-10-03,0,0,0,0,0,0,0,0,0,0,1,0,0,0,0,0,0,0,114,0,699,9,504,3,227,0,0,207,3,221,2,114,0,61,4,1,4,23,0
2025-10-04,0,0,0,0,0,0,0,0,0,0,0,0,0,0,0,0,0,0,52,0,302,6,157,0,167,0,0,84,4,61,3,86,0,16,1,0,2,10,0
2025-10-05,0,3,0,1,0,0,0,0,0,0,3,0,0,0,0,0,0,0,104,0,223,2,149,3,182,0,0,118,1,90,1,87,0,33,0,1,2,6,0
2025-10-06,1,0,0,0,0,0,0,0,0,0,1,0,0,0,0,0,0,0,110,0,512,8,571,7,537,0,0,127,2,504,1,126,0,1690,6,1,0,20,0
2025-10-07,1,0,0,1,0,0,0,0,0,0,2,0,0,0,0,0,0,0,93,0,927,3,606,14,358,0,0,106,3,175,7,79,0,412,6,1,4,49,0
2025-10-08,0,1,0,2,0,0,0,0,0,0,0,0,0,0,0,0,0,0,99,0,1198,4,257,10,544,0,1,88,2,180,2,92,0,737,1,0,7,53,0
2025-10-09,0,0,0,3,0,0,0,0,0,0,10,0,0,0,0,1,0,0,115,0,710,6,338,4,685,0,2,127,4,140,5,120,0,419,5,0,5,191,0
2025-10-10,0,0,0,2,0,0,0,0,0,0,2,0,0,0,0,0,0,0,126,0,535,4,230,12,472,0,1,107,5,238,4,59,0,399,2,1,3,19,0
2025-10-11,0,0,0,0,0,0,0,0,0,0,0,0,0,0,0,0,0,0,51,0,208,1,93,3,175,0,0,32,1,106,0,29,0,59,0,0,4,2,0
2025-10-12,0,0,0,0,0,0,0,0,0,0,0,0,0,0,0,0,0,0,45,0,176,2,80,1,153,0,0,25,0,60,2,29,0,98,0,0,1,7,0
2025-10-13,0,0,0,1,0,0,0,0,0,0,0,0,0,0,0,0,0,0,102,0,300,5,198,4,263,0,0,105,3,141,2,81,0,201,2,0,0,5,0
2025-10-14,1,0,0,0,0,0,0,0,0,0,1,0,0,0,0,0,0,0,93,0,296,9,159,12,402,0,0,81,8,171,5,71,0,232,4,1,1,12,0
2025-10-15,0,2,0,1,0,0,0,0,0,0,3,0,0,0,0,0,0,0,170,0,440,8,170,21,555,0,0,59,1,145,4,92,0,367,2,4,2,18,0
2025-10-16,0,0,0,0,0,0,0,0,0,0,0,0,0,0,0,0,0,0,89,0,443,9,123,11,325,0,0,66,0,166,6,41,0,173,0,1,2,16,0
2025-10-17,0,0,0,0,0,0,0,0,0,0,1,0,0,0,0,0,0,0,98,0,257,4,207,18,260,0,0,56,1,143,0,45,0,146,1,0,0,10,0
2025-10-18,0,1,0,0,0,0,0,0,0,0,1,0,0,0,0,0,0,1,53,0,164,3,56,5,170,0,0,33,0,55,2,37,0,40,0,0,1,4,0
2025-10-19,0,0,0,0,0,0,0,0,0,0,0,0,0,0,0,0,0,0,64,0,185,12,101,11,171,0,0,18,0,48,0,46,0,46,0,0,0,1,0
2025-10-20,0,3,0,0,0,0,0,0,0,0,0,0,0,0,0,0,0,0,124,0,325,9,112,6,199,0,0,25,5,564,1,44,0,61,1,0,2,2,0
2025-10-21,0,5,0,1,0,0,0,0,0,0,1,0,0,0,0,0,0,0,152,0,813,18,184,17,214,0,0,33,12,158,12,57,0,89,3,1,3,5,0
2025-10-22,0,0,0,3,0,0,0,0,0,0,5,0,0,0,0,1,0,0,94,0,975,74,1070,16,270,0,2,70,41,240,14,113,0,78,8,0,0,32,0
2025-10-23,0,1,0,1,0,0,0,0,0,0,3,0,0,0,0,0,0,0,77,0,652,64,909,35,241,0,0,54,37,137,6,67,0,73,5,4,4,43,0
2025-10-24,0,1,0,3,0,0,0,0,0,0,3,0,0,0,0,0,0,1,241,0,429,38,350,21,220,0,2,67,45,209,19,72,0,226,34,2,4,15,0
2025-10-25,0,0,0,2,0,0,0,0,0,0,0,0,0,0,0,0,0,0,89,0,198,11,164,7,96,0,1,41,11,75,4,46,0,38,8,0,2,1,0
2025-10-26,0,0,0,1,0,0,0,0,0,0,0,0,0,0,0,0,0,0,74,0,157,9,251,2,141,0,0,29,7,59,1,71,0,42,3,1,2,3,0
2025-10-27,0,0,0,1,0,0,0,0,0,0,1,0,0,0,0,0,0,1,119,0,596,18,511,9,329,0,0,87,28,145,3,108,0,218,8,0,0,9,0
2025-10-28,0,0,0,1,0,0,0,0,0,0,1,0,0,0,0,0,0,0,165,0,340,36,345,554,1506,0,0,89,12,91,24,295,0,143,2,1,1,9,0
2025-10-29,0,0,0,4,0,0,0,0,0,0,1,0,0,0,0,0,0,0,185,0,286,6,265,145,1602,0,0,174,5,109,7,670,0,141,2,6,0,10,0
2025-10-30,0,0,0,2,0,0,0,0,0,0,0,0,0,0,0,0,0,2,1050,0,284,9,445,27,669,0,0,105,3,105,12,469,0,87,1,2,6,2,0
2025-10-31,0,0,0,1,0,0,0,0,0,0,0,0,0,0,0,0,0,0,297,0,319,14,320,23,429,0,0,223,1,172,10,181,0,79,0,0,1,4,0
2025-11-01,0,0,0,3,0,0,0,0,0,0,0,0,0,0,0,0,0,0,68,0,125,3,114,10,265,0,0,103,1,84,1,51,0,41,0,0,0,1,0
2025-11-02,0,0,0,2,0,0,0,0,0,0,0,0,0,0,0,0,0,0,88,0,117,5,126,11,213,0,0,69,2,55,2,54,0,47,0,0,2,1,0
2025-11-03,0,0,0,3,0,0,0,0,0,0,1,0,0,0,0,0,0,0,118,0,215,23,418,9,583,0,0,915,2,133,3,171,0,143,2,0,0,5,0
2025-11-04,0,0,0,1,0,0,0,0,0,0,0,0,0,0,0,0,0,0,179,0,281,9,363,10,658,0,4,929,3,116,1,98,0,709,5,0,1,2,0
2025-11-05,2,0,0,2,0,0,0,0,0,0,1,0,0,0,0,0,0,0,131,0,165,13,318,14,610,0,0,262,3,367,4,208,0,277,6,0,2,0,0
2025-11-06,0,0,0,2,0,0,0,0,0,0,4,0,0,0,0,1,1,0,261,0,347,13,1004,11,628,0,0,199,0,314,0,241,0,118,1,0,4,2,0
2025-11-07,0,0,0,1,0,0,0,0,0,0,7,0,0,0,0,0,0,0,190,0,256,5,714,8,708,0,1,216,0,230,2,176,0,71,2,2,3,1,0
2025-11-08,0,0,0,3,0,0,0,0,0,0,1,0,0,0,0,0,0,0,51,0,140,8,213,3,194,0,0,52,2,46,3,41,0,27,0,0,1,0,0
2025-11-09,0,0,0,0,0,0,0,0,0,0,0,0,0,0,0,0,0,0,39,0,130,8,88,3,178,0,0,42,3,50,0,39,0,15,0,0,0,1,0
2025-11-10,0,0,0,1,0,0,0,0,0,0,0,0,0,0,0,0,0,0,84,0,205,4,192,6,511,0,0,175,3,152,0,85,0,32,1,0,1,8,0
2025-11-11,0,0,0,1,0,0,0,0,0,0,0,0,0,0,0,0,0,0,138,0,244,5,177,5,768,0,0,103,1,92,1,40,0,202,0,1,0,4,0
2025-11-12,0,0,0,0,0,0,0,0,0,0,1,0,0,0,0,0,0,0,139,0,271,4,173,6,634,0,0,121,2,94,2,139,0,320,0,0,0,3,0
2025-11-13,0,0,0,5,0,0,0,0,0,0,0,0,0,0,0,3,0,0,155,0,267,5,399,3,705,0,0,220,1,157,1,114,0,96,0,0,0,2,0
2025-11-14,0,0,0,3,0,0,0,0,0,0,0,0,0,0,0,2,0,0,154,0,329,10,370,3,755,0,0,136,3,147,1,106,0,83,0,0,4,0,0
2025-11-15,0,0,0,0,0,0,0,0,0,0,0,0,0,0,0,1,0,0,66,0,128,4,74,0,204,0,0,31,0,35,2,57,0,24,0,0,1,0,0
2025-11-16,0,0,0,1,0,0,0,0,0,0,0,0,0,0,0,0,0,0,83,0,113,1,118,1,378,0,1,46,0,41,1,100,0,27,0,0,0,0,0
2025-11-17,0,0,0,2,0,0,0,0,0,0,0,0,0,0,0,0,0,0,197,0,253,10,419,18,938,0,0,93,22,178,6,118,0,41,0,0,2,3,0
2025-11-18,0,0,0,2,0,0,0,0,0,0,0,0,0,0,0,2,0,0,166,0,242,7,219,7,1360,0,0,73,6,134,5,227,0,71,0,0,3,1,0
2025-11-19,0,0,0,1,0,0,0,0,0,0,1,0,0,0,0,0,0,0,107,0,228,6,239,10,3532,0,0,90,1,100,3,201,0,115,1,0,2,7,0
2025-11-20,0,0,0,1,0,0,0,0,0,0,1,0,0,0,0,0,0,1,109,0,337,4,418,13,2792,0,0,147,3,231,0,178,0,151,0,0,1,3,0
2025-11-21,0,0,0,2,0,0,0,0,0,0,1,0,0,0,0,0,0,0,156,0,267,13,272,11,1274,0,0,111,2,141,5,164,0,123,1,1,1,3,0
2025-11-22,0,0,0,3,0,0,0,0,0,0,0,0,0,0,0,0,0,0,85,0,116,6,77,2,314,0,0,74,1,43,0,102,0,47,0,0,1,3,0
2025-11-23,1,0,0,0,0,0,0,0,0,0,0,0,0,0,0,0,0,1,50,0,105,0,70,4,248,0,0,39,1,28,2,73,0,34,0,0,5,1,0
2025-11-24,0,0,0,1,0,0,0,0,0,0,0,0,0,0,0,0,0,0,90,0,145,2,335,10,896,0,0,110,1,71,3,163,0,55,0,0,22,2,0
2025-11-25,0,0,0,0,0,0,0,0,0,0,0,0,0,0,0,0,0,0,187,0,157,6,206,12,2266,0,0,93,0,72,1,163,0,300,0,0,19,3,0
2025-11-26,1,1,0,3,0,0,0,0,0,0,4,0,0,0,0,0,0,0,76,0,200,7,174,4,938,0,0,43,5,130,3,112,0,107,0,2,1,6,0
2025-11-27,0,0,0,2,0,0,0,0,0,0,1,0,0,0,0,0,0,0,38,0,269,0,102,2,207,0,0,23,0,40,2,57,0,19,0,0,1,3,0
2025-11-28,0,0,0,3,0,0,0,0,0,0,1,0,0,0,0,0,0,0,109,0,361,2,108,0,707,0,0,27,0,59,0,85,0,52,0,0,0,6,0
2025-11-29,0,0,0,1,0,0,0,0,0,0,0,0,0,0,0,1,0,0,41,0,177,0,57,4,265,0,0,15,0,33,3,47,0,30,6,0,3,0,0
2025-11-30,0,0,0,0,0,0,0,0,0,0,0,0,0,0,0,0,0,0,42,0,233,0,41,1,265,0,0,19,0,18,1,29,0,23,0,0,2,0,0
2025-12-01,0,0,0,1,0,0,0,0,0,0,0,0,0,0,0,0,0,0,184,0,330,8,239,0,788,0,2,89,3,92,1,66,0,64,0,0,1,2,0
2025-12-02,0,0,0,2,0,0,0,0,0,0,0,0,0,0,0,0,0,0,175,0,342,1,234,4,590,0,0,60,0,105,0,80,0,68,0,0,2,6,0
2025-12-03,0,2,0,2,0,0,0,0,0,0,0,0,0,0,0,0,0,0,126,0,376,1,422,5,588,0,0,66,3,154,0,402,0,55,0,0,2,1,0
2025-12-04,0,1,0,3,0,0,0,0,0,0,0,0,0,0,0,0,0,0,117,0,320,2,368,2,423,0,0,62,3,122,0,119,0,40,0,0,3,2,0
2025-12-05,0,0,0,5,0,0,0,0,0,0,0,0,0,0,0,0,0,0,115,0,219,11,211,3,392,0,0,53,1,117,1,87,0,36,0,0,2,2,0
2025-12-06,0,0,0,1,0,0,0,0,0,0,1,0,0,0,0,0,0,0,53,0,153,6,106,7,127,0,0,35,1,72,3,55,0,18,1,1,0,2,0
2025-12-07,1,0,0,1,0,0,0,0,0,0,0,0,0,0,0,0,0,0,73,0,170,4,86,4,160,0,0,28,1,57,5,48,0,12,1,1,0,0,0
2025-12-08,0,1,0,0,0,0,0,0,0,0,2,0,0,0,0,1,0,0,101,0,268,6,215,2,665,0,0,38,0,105,1,83,0,24,0,1,3,7,0
2025-12-09,0,0,0,2,0,0,0,0,0,0,0,0,0,0,0,0,0,2,77,0,537,7,273,0,535,0,0,43,3,57,1,81,0,40,2,2,6,6,0
2025-12-10,0,0,0,0,0,0,0,0,0,0,1,0,0,0,0,1,0,0,65,0,581,5,244,0,477,0,0,139,1,69,1,155,0,30,0,0,1,2,0
2025-12-11,0,0,0,4,0,0,0,0,0,0,0,0,0,0,0,0,0,0,102,0,477,6,173,1,539,0,0,52,0,165,0,130,0,57,0,4,1,14,0
2025-12-12,0,0,0,1,0,0,0,0,0,0,0,0,0,0,0,0,0,1,89,0,338,2,397,2,506,0,2,49,0,95,0,81,0,39,1,1,0,79,0
2025-12-13,0,0,0,1,0,0,0,0,0,0,0,0,0,0,0,0,0,0,32,0,193,2,149,0,174,0,5,39,1,46,3,92,0,12,0,2,0,21,0
2025-12-14,0,0,0,0,0,0,0,0,0,0,1,0,0,0,0,0,0,0,36,0,117,2,188,3,108,0,1,20,0,32,4,32,0,11,0,2,0,17,0
2025-12-15,0,0,0,2,0,0,0,0,0,0,2,0,0,0,0,0,1,0,74,0,290,8,893,4,359,0,0,52,2,103,3,109,0,30,0,0,2,17,0
2025-12-16,0,0,0,2,0,0,0,0,0,0,0,0,0,0,0,0,0,0,74,0,503,9,1376,2,299,0,4,66,5,130,5,80,0,20,0,0,0,46,0
2025-12-17,0,0,0,2,0,0,0,0,0,0,1,0,0,0,0,0,0,0,75,0,233,10,1368,5,602,0,1,63,1,207,1,87,0,53,0,1,4,53,0
2025-12-18,0,0,0,2,0,0,0,0,0,0,1,0,0,0,0,0,0,0,125,0,197,8,466,4,405,0,2,40,0,105,14,63,0,33,0,0,1,66,0
2025-12-19,0,1,0,3,0,0,0,0,0,0,1,0,0,0,0,0,0,0,114,0,236,6,378,3,310,0,0,64,0,97,10,68,0,53,0,0,0,23,0
2025-12-20,0,0,0,1,0,0,0,0,0,0,0,0,0,0,0,0,0,0,32,0,119,4,169,4,154,0,1,38,0,51,10,32,0,65,3,1,1,5,0
2025-12-21,0,0,0,1,0,0,0,0,0,0,0,0,0,0,0,0,0,0,34,0,64,1,135,3,90,0,1,21,1,41,0,27,0,31,1,1,0,3,0
2025-12-22,0,0,0,1,0,0,0,0,0,0,0,0,0,0,0,0,0,0,101,0,176,5,467,10,230,0,0,55,2,61,9,64,0,40,0,3,5,4,0
2025-12-23,0,0,0,2,0,0,0,0,0,0,0,0,0,0,0,2,0,0,43,0,166,12,279,3,286,0,0,40,1,75,2,38,0,26,0,1,2,0,0
2025-12-24,0,0,0,0,0,0,0,0,0,0,0,0,0,0,0,0,0,0,76,0,84,1,193,2,244,0,0,33,0,68,1,28,0,40,0,0,0,4,0
2025-12-25,0,0,0,2,0,0,0,0,0,0,0,0,0,0,0,0,0,0,42,0,71,1,91,1,264,0,0,47,1,85,5,40,0,36,0,0,3,3,0
2025-12-26,0,1,0,1,0,0,0,0,0,0,0,0,0,0,0,0,0,0,45,0,112,9,167,7,318,0,1,67,2,80,0,43,0,33,3,0,0,4,0
2025-12-27,0,0,0,1,0,0,0,0,0,0,2,0,0,0,0,1,0,0,62,0,98,1,159,2,105,0,0,24,0,234,1,25,0,13,0,0,0,0,0
2025-12-28,0,0,0,0,0,0,0,0,0,0,0,0,0,0,0,1,0,0,26,0,115,2,100,6,106,0,0,27,1,70,1,27,0,10,1,0,1,1,0
2025-12-29,0,1,0,0,0,0,0,0,0,0,0,0,0,0,0,2,0,0,56,0,183,3,190,3,259,0,0,29,1,126,1,32,0,51,0,0,7,2,0
2025-12-30,0,0,0,2,0,0,0,0,0,0,0,0,0,0,0,0,0,0,58,0,133,3,233,0,208,0,0,40,0,110,1,30,0,38,0,2,2,0,0
2025-12-31,1,1,0,0,0,0,0,0,0,0,0,0,0,0,0,0,1,0,60,0,196,4,344,3,313,0,0,44,1,135,1,47,0,47,1,5,0,1,0
2026-01-01,0,0,0,0,0,0,0,0,0,0,0,0,0,0,0,0,0,0,30,0,179,3,160,1,109,0,0,41,1,90,0,26,0,27,2,0,0,0,0
2026-01-02,0,2,0,0,0,0,0,0,0,0,0,0,0,0,0,0,0,1,67,0,192,9,592,3,201,0,0,160,2,98,0,135,0,42,2,0,1,6,0
2026-01-03,0,0,0,1,0,0,0,0,0,0,0,0,0,0,0,0,0,0,51,0,128,4,189,1,93,0,0,148,0,55,2,31,0,19,0,0,2,4,0
2026-01-04,0,1,0,0,0,0,0,0,0,0,2,0,0,0,0,1,0,0,33,0,81,2,124,1,78,0,0,57,2,48,1,17,0,17,0,0,2,3,0
2026-01-05,0,0,0,0,0,0,0,0,0,0,0,0,0,0,0,2,0,0,150,0,163,5,252,4,463,0,0,105,0,62,0,84,0,52,1,3,2,2,0
2026-01-06,0,0,0,3,0,0,0,0,0,0,0,0,0,0,0,0,0,0,219,0,168,2,412,1,506,0,0,131,1,83,6,85,0,116,1,1,4,4,0
2026-01-07,0,1,0,4,0,0,0,0,0,0,0,0,0,0,0,1,0,0,251,0,440,5,256,8,372,0,0,123,1,110,3,100,0,82,3,0,0,2,0
2026-01-08,0,0,0,1,0,0,0,0,0,0,2,0,0,0,0,1,0,0,345,0,213,2,231,1,411,0,0,105,0,82,2,42,0,68,1,1,0,24,0
2026-01-09,0,1,0,1,0,0,0,0,0,0,0,0,0,0,0,0,0,0,303,0,219,18,241,2,290,0,0,78,2,67,1,60,0,55,3,2,2,11,0
2026-01-10,0,0,0,1,0,0,0,0,0,0,0,0,0,0,0,0,0,0,50,0,102,23,73,0,86,0,0,32,0,41,0,23,0,21,0,0,0,1,0
2026-01-11,1,0,0,2,0,0,0,0,0,0,0,0,0,0,0,2,0,0,38,0,117,13,75,1,102,0,0,36,0,54,3,28,0,23,1,0,1,1,0
2026-01-12,0,0,0,2,0,0,0,0,0,0,0,0,0,0,0,0,0,0,163,0,211,3,150,3,218,0,0,76,3,46,5,73,0,51,0,0,6,5,0
2026-01-13,0,0,0,1,0,0,0,0,0,0,0,0,0,0,0,0,0,0,170,0,243,6,137,2,288,0,0,44,6,64,3,133,0,98,0,3,2,1,0
2026-01-14,0,0,0,2,0,0,0,0,0,0,0,0,0,0,0,0,0,0,162,0,240,3,120,3,326,0,0,48,1,56,0,167,0,46,32,1,1,4,0
2026-01-15,0,0,0,2,0,0,0,0,0,0,0,0,0,0,0,0,0,0,147,0,135,3,142,1,254,0,0,47,0,209,0,150,0,102,5,2,0,4,0
2026-01-16,0,0,0,0,0,0,0,0,0,0,0,0,0,0,0,0,0,0,165,0,134,6,253,4,167,0,0,77,0,201,2,96,0,41,0,2,3,0,0
2026-01-17,1,0,0,4,0,0,0,0,0,0,0,0,0,0,0,0,0,0,57,0,150,4,136,3,119,0,0,40,1,57,0,41,0,14,0,0,4,0,0
2026-01-18,0,1,0,0,0,0,0,0,0,0,0,0,0,0,0,0,0,0,62,0,102,1,172,4,70,0,0,37,1,34,1,54,0,12,0,1,2,1,0
2026-01-19,0,0,0,2,0,0,0,0,0,0,0,0,0,0,0,0,0,0,69,0,102,4,145,1,98,0,0,55,1,60,5,60,0,28,0,2,0,0,0
2026-01-20,1,2,0,1,0,0,0,0,0,0,1,0,0,0,0,0,0,0,211,0,236,1,233,8,241,0,0,73,1,106,0,93,0,68,0,2,0,0,0
2026-01-21,1,0,0,3,0,0,0,0,0,0,0,0,0,0,0,0,0,0,157,0,266,6,139,6,215,0,0,65,0,86,0,329,0,82,0,0,0,1,0
2026-01-22,0,0,0,4,0,0,0,0,0,0,0,0,0,0,0,0,0,0,112,0,285,8,310,4,199,0,0,84,0,110,2,120,0,99,4,0,0,2,0
2026-01-23,0,3,0,0,0,0,0,0,0,0,0,0,0,0,0,0,0,1,114,0,199,3,194,6,262,0,0,78,1,151,4,192,0,131,0,0,2,2,0
2026-01-24,0,0,0,2,0,0,0,0,0,0,3,0,0,0,0,0,0,0,77,0,172,2,91,2,78,0,0,32,1,48,1,38,0,32,0,1,0,0,0
2026-01-25,0,1,0,0,0,0,0,0,0,0,0,0,0,0,0,0,0,0,50,0,111,7,109,2,95,0,0,35,0,75,0,33,0,15,0,0,0,1,0
2026-01-26,0,0,0,1,0,0,0,0,0,0,2,0,0,0,0,0,0,0,123,0,481,7,156,10,230,0,1,59,1,89,1,77,0,31,0,0,0,1,0
2026-01-27,0,1,0,0,0,0,0,0,0,0,3,0,0,0,0,0,0,0,143,0,322,4,196,10,228,0,0,74,4,130,1,162,0,43,1,1,2,0,0
2026-01-28,0,0,0,0,0,0,0,0,0,0,0,0,0,0,0,2,0,0,148,0,247,5,1169,13,283,0,0,119,1,210,2,612,0,50,0,1,2,0,0
2026-01-29,0,2,0,1,0,0,0,0,0,0,0,0,0,0,0,0,0,0,937,0,242,15,1259,14,299,0,0,189,4,268,10,1635,0,43,0,1,4,2,0
2026-01-30,0,0,0,7,0,0,0,0,0,0,0,0,0,0,0,0,0,0,387,0,716,27,712,4,199,0,0,97,19,194,8,619,0,76,1,1,1,0,0
2026-01-31,0,0,0,3,0,0,0,0,0,0,0,0,0,0,0,0,0,1,78,0,728,7,300,1,177,0,0,43,14,80,2,195,0,32,0,0,1,1,0
2026-02-01,0,0,0,1,0,0,0,0,0,0,1,0,0,0,0,0,0,0,64,0,454,6,394,2,135,0,0,69,6,84,1,192,0,34,1,1,2,0,0
2026-02-02,0,0,0,3,0,0,0,0,0,0,1,0,0,0,0,1,0,0,196,0,703,9,394,0,397,0,0,513,8,474,5,447,0,129,1,0,1,4,0
2026-02-03,0,0,0,3,0,0,0,0,0,0,0,0,0,0,0,0,0,0,175,0,752,4,401,3,475,0,0,336,10,280,1,883,0,582,0,1,0,4,0
2026-02-04,0,0,0,1,0,0,0,0,0,0,1,0,0,0,0,1,0,0,292,0,437,10,344,4,469,0,0,262,5,407,6,680,0,602,1,0,0,4,0
2026-02-05,0,0,0,1,0,0,0,0,0,0,0,0,0,0,0,0,1,0,266,0,445,7,439,6,441,0,0,176,1,384,0,853,0,190,0,1,10,6,0
2026-02-06,0,0,0,1,0,0,0,0,0,0,4,0,0,0,0,0,0,0,179,0,396,6,318,2,449,0,0,119,0,272,3,786,0,108,0,0,3,1,0
2026-02-07,0,0,0,0,0,0,0,0,0,0,1,0,0,0,0,1,0,0,60,0,183,4,102,2,131,0,1,32,1,76,4,199,0,53,0,0,1,0,0
2026-02-08,0,0,0,2,0,0,0,0,0,0,0,0,0,0,0,0,0,0,50,0,185,2,115,0,67,0,0,56,1,73,5,120,0,13,0,0,0,0,0
2026-02-09,0,0,0,6,0,0,0,0,0,0,0,0,0,0,0,0,0,0,95,0,287,3,150,2,292,0,0,63,2,219,4,246,0,57,1,0,1,2,0
2026-02-10,0,0,0,0,0,0,0,0,0,0,0,0,0,0,0,0,0,0,89,0,254,1,254,2,223,0,0,80,3,589,4,309,0,24,1,0,2,2,0
2026-02-11,0,0,0,0,0,0,0,0,0,0,1,0,0,0,0,0,0,2,162,0,201,9,226,2,200,0,0,76,0,424,4,476,0,28,0,0,7,1,0
2026-02-12,0,1,0,3,0,0,0,0,0,0,0,0,0,0,0,1,0,0,206,0,153,7,223,3,243,0,0,124,3,283,3,429,0,32,0,0,15,1,0
2026-02-13,0,0,0,1,0,0,0,0,0,0,0,0,0,0,0,0,0,3,151,0,210,10,157,4,251,0,0,78,1,175,1,264,0,24,1,0,3,0,0
2026-02-14,0,0,0,3,0,0,0,0,0,0,0,0,0,0,0,0,0,0,50,0,157,5,41,3,115,0,0,40,0,71,3,160,0,8,0,0,0,0,0
2026-02-15,0,0,0,7,0,0,0,0,0,0,0,0,0,0,0,0,0,0,28,0,134,2,70,2,106,0,0,25,0,56,0,95,0,8,0,0,4,0,0
2026-02-16,0,0,0,4,0,0,0,0,0,0,0,0,0,0,0,0,0,1,51,0,125,5,74,1,132,0,0,41,0,45,3,130,0,20,0,1,2,0,0
2026-02-17,0,1,0,2,2,0,0,0,0,0,0,0,0,0,0,0,0,0,154,0,170,6,171,4,353,0,0,102,1,97,1,389,0,91,4,5,3,1,0
2026-02-18,0,0,0,1,0,0,0,0,0,0,0,0,0,0,0,0,0,0,80,0,280,2,139,7,230,0,0,115,0,140,0,202,0,50,4,2,8,1,0
2026-02-19,0,0,0,2,1,0,0,0,0,0,2,0,0,0,0,0,0,0,63,0,213,5,133,3,130,0,0,117,0,93,0,210,0,15,0,0,1,0,0
2026-02-20,0,0,0,2,3,0,0,0,0,0,0,0,0,0,0,0,0,0,44,0,159,9,113,6,243,0,0,55,0,77,2,354,0,29,0,0,2,2,0
2026-02-21,0,0,0,1,0,0,0,0,0,0,1,0,0,0,0,0,0,0,42,0,109,6,112,1,114,0,0,27,2,40,0,78,0,5,0,0,0,0,0
2026-02-22,1,0,0,2,0,0,0,0,0,0,0,0,0,0,0,0,0,0,23,0,104,1,63,1,122,0,0,20,2,43,1,77,0,7,0,0,0,1,0
2026-02-23,0,0,0,1,0,0,0,0,0,0,0,0,0,0,0,0,0,0,96,0,165,6,271,2,445,0,0,43,2,92,8,716,0,48,0,0,4,0,0
2026-02-24,0,1,0,12,0,0,0,0,0,0,1,0,0,0,0,0,0,0,113,0,212,12,159,6,551,0,0,43,3,110,2,479,0,306,0,0,1,0,0
2026-02-25,1,0,0,6,1,0,0,0,0,0,0,0,0,0,0,0,0,0,125,0,196,2,127,3,2442,0,0,54,2,104,1,357,0,168,0,1,1,1,0
2026-02-26,0,0,0,1,0,0,0,0,0,0,2,0,0,0,0,4,0,0,68,0,150,3,140,1,1780,0,0,64,1,97,2,409,0,90,4,0,0,0,0
2026-02-27,0,0,0,0,0,0,0,0,0,0,1,0,0,0,0,8,0,0,100,0,113,4,155,5,795,0,0,86,1,72,3,230,0,47,0,0,1,1,0
2026-02-28,0,0,0,2,3,0,0,0,0,0,0,0,0,0,0,2,1,0,46,0,78,2,57,2,195,0,0,108,0,38,1,93,0,14,0,1,1,0,0
2026-03-01,0,0,0,0,2,0,0,0,0,0,3,0,0,0,0,1,0,0,31,0,62,1,57,1,127,0,0,98,1,39,1,68,0,19,0,0,1,0,0
2026-03-02,1,0,0,1,2,0,0,0,0,0,6,0,0,0,0,20,0,1,55,0,107,7,95,14,323,0,1,98,3,59,0,146,0,43,0,1,5,1,0
2026-03-03,0,0,0,0,2,0,0,0,0,0,1,0,0,0,0,4,0,0,67,0,192,5,72,8,182,0,0,72,4,78,0,195,0,37,0,0,1,1,0
2026-03-04,0,0,0,1,1,0,0,0,0,0,0,0,0,0,0,1,0,0,62,0,103,3,91,7,198,0,0,44,0,90,0,207,0,52,0,0,1,0,0
2026-03-05,0,0,0,1,0,0,0,0,0,0,1,0,0,0,0,3,0,0,103,0,127,1,106,1,264,0,0,55,0,161,0,174,0,47,1,1,1,0,0
2026-03-06,0,0,0,1,0,0,0,0,0,0,0,0,0,0,0,6,0,0,73,0,156,1,79,3,217,0,0,62,0,79,1,103,0,22,0,0,4,0,0
2026-03-07,0,0,0,2,2,0,0,0,0,0,0,0,0,0,0,1,0,0,27,0,127,1,70,0,75,0,0,22,1,54,0,47,0,14,0,0,1,0,0
2026-03-08,0,1,0,1,0,0,0,0,0,0,5,0,0,0,0,1,0,0,24,0,75,5,58,2,68,0,0,22,0,60,1,39,0,4,0,0,0,0,0
2026-03-09,1,0,0,2,2,0,0,0,0,0,7,0,0,0,0,8,0,0,38,0,123,4,161,3,197,0,0,37,0,81,1,76,0,29,0,0,9,0,0
2026-03-10,0,0,0,1,0,0,0,0,0,0,0,0,0,0,0,4,0,0,39,0,109,3,89,2,157,0,0,33,0,118,3,138,0,23,0,0,32,0,0
2026-03-11,0,0,0,0,0,0,0,0,0,0,0,0,0,0,0,10,0,0,47,0,155,4,161,1,157,0,0,38,0,84,0,107,0,12,0,0,11,0,0
2026-03-12,0,0,0,1,0,0,0,0,0,0,4,0,0,0,0,3,0,0,75,0,116,9,109,4,156,0,0,82,2,75,0,84,0,5,1,1,8,0,0
2026-03-13,0,0,0,3,1,0,0,0,0,0,3,0,0,0,0,5,0,0,86,0,156,3,112,6,138,0,0,41,0,99,2,138,0,18,0,0,8,1,0
2026-03-14,0,0,0,1,1,0,0,0,0,0,0,0,0,0,0,3,0,0,23,0,53,6,44,7,68,0,0,17,1,27,1,53,0,9,0,0,4,0,0
2026-03-15,0,0,0,2,1,0,0,0,0,0,1,0,0,0,0,0,0,1,24,0,47,1,66,2,80,0,0,11,1,21,1,44,0,9,0,0,0,0,0
2026-03-16,0,0,0,0,4,0,0,0,0,0,0,0,0,0,0,4,0,0,38,0,95,5,108,4,410,0,0,13,1,79,1,137,0,22,0,0,6,0,0
2026-03-17,0,0,0,0,1,0,0,0,0,0,1,0,0,0,0,4,0,0,53,0,140,3,78,1,314,0,0,28,2,63,0,134,0,24,0,0,2,4,0
2026-03-18,0,0,0,3,2,0,0,0,0,0,0,0,0,0,0,3,0,0,62,0,114,7,117,5,209,0,0,28,2,85,1,275,0,32,1,0,4,3,0
2026-03-19,0,0,0,0,3,0,0,0,0,0,2,0,0,0,0,2,0,0,53,0,150,5,134,6,173,0,1,25,2,49,3,177,0,25,1,0,1,1,0
2026-03-20,0,0,0,2,1,0,0,0,0,0,1,0,0,0,0,7,0,0,60,0,147,5,122,2,270,0,0,31,1,88,6,296,0,14,0,1,3,0,0
2026-03-21,0,0,0,2,2,0,0,0,0,0,4,0,0,0,0,3,0,1,43,0,63,6,63,0,107,0,0,54,7,47,2,93,0,12,3,2,6,2,0
2026-03-22,0,0,0,1,0,0,0,0,0,0,1,0,0,0,0,0,0,0,29,0,72,2,51,2,68,0,0,30,2,30,2,76,0,6,0,1,0,1,0
2026-03-23,0,1,0,1,1,0,0,0,0,0,3,0,0,0,0,0,0,0,53,0,201,56,114,4,139,0,0,33,8,97,2,197,0,11,0,0,1,0,0
2026-03-24,0,0,0,0,0,0,0,0,0,0,3,0,0,0,0,14,0,0,62,0,317,12,135,7,141,0,0,54,2,88,4,576,0,16,0,0,1,1,0
2026-03-25,1,0,0,3,0,0,0,0,0,0,0,0,0,0,0,5,0,0,58,0,300,12,187,9,135,0,0,120,1,138,0,609,0,79,0,0,0,1,0
2026-03-26,0,0,0,1,0,0,0,0,0,0,0,0,0,0,0,1,0,0,141,0,210,4,170,3,165,0,0,44,2,104,2,667,0,59,0,1,0,1,0
2026-03-27,0,0,0,5,0,0,0,0,0,0,2,0,0,0,0,2,0,0,153,0,247,2,139,2,206,0,0,38,1,86,2,506,0,28,0,2,1,1,0
2026-03-28,0,0,0,1,0,0,0,0,0,0,7,0,0,0,0,0,0,0,47,0,108,7,71,1,127,0,0,29,3,51,0,224,0,15,0,0,0,0,0
2026-03-29,0,0,0,2,0,0,0,0,0,0,2,0,0,0,0,0,0,0,28,0,97,3,49,1,70,0,0,24,1,36,0,144,0,8,0,0,0,0,0
2026-03-30,0,1,0,0,1,0,0,0,0,0,5,0,0,0,0,6,0,0,63,0,299,45,151,1,186,0,0,32,0,91,1,440,0,27,0,0,0,1,0
2026-03-31,0,1,0,1,0,0,0,0,0,0,1,0,0,0,0,1,0,0,72,0,231,27,139,3,176,0,0,35,1,66,4,272,0,25,0,3,4,4,0
2026-04-01,0,1,0,1,2,0,0,0,0,0,0,0,0,0,0,0,0,0,56,0,149,8,119,2,84,0,0,17,0,67,2,283,0,17,0,1,7,2,0
2026-04-02,0,0,0,1,0,0,0,0,0,0,2,0,0,0,0,9,0,0,53,0,152,6,332,8,107,0,0,25,1,95,1,142,0,37,1,1,1,4,0
2026-04-03,0,1,0,0,0,0,0,0,0,0,0,0,0,0,0,2,0,0,24,0,128,2,123,3,65,0,0,11,0,51,1,65,0,5,0,0,3,0,0
2026-04-04,0,1,0,0,0,0,0,0,0,0,0,0,0,0,0,0,0,0,38,0,66,5,49,0,50,0,0,19,0,18,2,65,0,6,0,4,0,1,0
2026-04-05,0,0,0,0,0,0,0,0,0,0,1,0,0,0,0,3,0,0,38,0,68,4,53,5,56,0,0,9,0,24,1,35,0,12,2,22,1,0,0
2026-04-06,0,0,0,1,1,0,0,0,0,0,0,0,0,0,0,1,0,0,69,0,83,19,470,12,90,0,0,21,0,61,3,136,0,20,0,24,1,1,0
2026-04-07,0,2,0,1,0,0,0,0,0,0,0,0,0,0,0,1,0,0,244,0,174,6,312,3,103,0,0,32,0,69,2,113,0,17,0,14,3,1,0
2026-04-08,0,1,0,3,0,0,0,0,0,0,1,0,0,0,0,2,0,0,81,0,171,8,521,6,119,0,0,131,0,100,2,535,0,17,0,6,0,0,0
2026-04-09,2,0,0,1,0,0,0,0,0,0,0,0,0,0,0,4,0,0,63,0,148,6,343,4,106,0,0,180,2,60,14,584,0,34,0,1,4,1,0
2026-04-10,0,0,0,3,0,0,0,0,0,0,0,0,0,0,0,17,0,0,74,0,122,12,186,5,158,0,0,620,0,62,1,547,0,58,0,3,1,0,0
2026-04-11,0,1,0,1,0,0,0,0,0,0,0,0,0,0,0,5,0,0,63,0,55,4,58,3,48,0,0,147,0,22,0,241,0,13,0,0,0,0,0
2026-04-12,0,1,0,1,0,0,0,0,0,0,0,0,0,0,0,2,0,0,32,0,69,5,119,1,44,0,0,109,0,30,0,163,0,18,0,0,2,0,0
2026-04-13,0,0,0,1,4,0,0,0,0,0,2,0,0,0,0,3,0,0,96,0,85,3,170,19,195,0,0,196,0,79,1,444,0,35,0,0,0,0,0
2026-04-14,0,0,0,1,1,0,0,0,0,0,2,0,0,0,0,3,0,0,140,0,164,7,106,9,174,0,0,77,1,162,1,314,0,26,0,3,1,0,0
2026-04-15,0,1,0,0,0,0,0,0,0,0,0,0,0,0,0,3,0,0,115,0,262,15,504,3,260,0,0,55,4,222,2,447,0,29,0,3,2,1,0
2026-04-16,0,4,0,0,1,0,0,0,0,0,0,0,0,0,0,3,0,0,103,0,233,21,152,7,205,0,0,48,2,125,17,303,0,172,0,5,7,3,0
2026-04-17,1,1,0,0,0,0,0,0,0,0,0,0,0,0,0,3,0,0,69,0,291,36,260,5,208,0,0,57,4,84,7,300,0,69,0,4,2,0,0
2026-04-18,0,0,0,0,1,0,0,0,0,0,1,0,0,0,0,2,0,0,48,0,93,5,109,2,110,0,0,45,2,25,2,61,0,25,1,0,0,0,0
2026-04-19,0,0,0,1,0,0,0,0,0,0,2,0,0,0,0,5,0,0,29,0,64,9,64,2,60,0,0,24,0,29,3,45,0,20,0,3,0,2,0
2026-04-20,0,0,0,4,0,0,0,0,0,0,2,0,0,0,0,1,0,0,557,0,133,38,161,9,124,0,0,30,1,88,28,182,0,46,0,5,0,4,0
2026-04-21,0,0,0,1,0,0,0,0,0,0,1,0,0,0,0,2,0,0,408,0,169,33,218,7,119,0,0,44,5,111,20,198,0,97,2,1,3,1,0
2026-04-22,0,0,0,1,0,0,0,0,0,0,1,0,0,0,0,7,0,0,139,0,242,44,1042,21,260,0,3,55,1,121,8,341,0,282,1,5,3,29,0
2026-04-23,0,0,0,1,0,0,0,0,0,0,6,0,0,0,0,4,0,0,140,0,217,15,548,24,197,0,0,65,3,102,5,324,0,333,0,0,3,25,0
2026-04-24,0,0,0,1,0,0,0,0,0,0,1,0,0,0,0,4,0,0,144,0,211,12,175,8,576,0,0,58,1,95,7,307,0,659,0,2,0,6,0
2026-04-25,1,0,0,0,0,0,0,0,0,0,0,0,0,0,0,1,0,0,57,0,85,3,36,6,163,0,0,26,1,29,8,67,0,156,0,1,0,0,0
2026-04-26,0,0,0,1,0,0,0,0,0,0,2,0,0,0,0,7,0,0,63,0,90,7,60,7,106,0,0,25,2,37,2,96,0,62,1,2,0,2,0
2026-04-27,0,0,0,1,0,0,0,0,0,0,10,0,0,0,0,6,0,0,133,0,188,7,168,23,399,0,0,29,5,119,9,375,0,169,2,2,2,4,0
2026-04-28,0,2,0,5,0,0,0,0,0,0,5,0,0,0,0,2,0,0,192,0,109,4,132,19,305,0,0,24,11,491,5,325,0,147,1,2,0,3,0
2026-04-29,0,0,0,4,0,0,0,0,0,0,2,0,0,0,0,4,0,0,204,0,132,0,178,84,300,0,0,37,1,287,14,1309,0,88,0,1,5,2,0
2026-04-30,0,0,0,0,0,0,0,0,0,0,2,0,0,0,0,4,0,0,867,0,135,4,151,60,629,0,0,57,0,153,6,841,0,159,0,0,0,1,0
2026-05-01,1,1,0,3,0,0,0,0,0,0,1,0,0,0,0,5,0,0,231,0,593,7,223,94,414,0,0,64,3,77,6,203,0,159,0,0,1,2,0
2026-05-02,0,0,0,0,1,0,0,0,0,0,4,0,0,0,0,9,0,0,79,0,786,7,106,18,111,0,0,43,5,42,0,70,0,84,0,0,0,1,0
2026-05-03,0,0,0,1,0,0,0,0,0,0,5,0,0,0,0,4,0,0,62,0,635,6,57,14,240,0,0,58,11,32,4,100,0,123,0,0,0,1,0
2026-05-04,0,0,0,10,0,0,0,0,0,0,0,0,0,0,0,4,0,0,51,0,2499,15,133,42,281,0,0,347,33,73,21,146,0,157,2,1,0,2,0
2026-05-05,0,0,0,3,0,0,0,0,0,0,0,0,0,0,0,2,0,0,161,0,1478,17,139,35,626,0,0,219,9,81,10,329,0,1165,1,1,2,3,0
2026-05-06,0,0,0,1,0,0,0,0,0,0,3,0,0,0,0,7,0,0,84,0,915,15,186,61,709,0,0,98,5,141,8,419,0,978,3,3,0,2,0
2026-05-07,0,0,0,3,0,0,0,0,0,0,0,0,0,0,0,24,0,0,111,0,977,13,219,26,412,0,0,61,3,80,4,240,0,239,1,2,1,0,0
2026-05-08,0,0,0,3,1,0,0,0,0,0,0,0,0,0,0,13,0,0,210,0,609,2,177,18,397,0,0,55,1,107,13,374,0,342,5,3,1,2,0
2026-05-09,0,0,0,1,0,0,0,0,0,0,0,0,0,0,0,1,0,0,91,0,600,1,72,19,216,0,0,43,5,32,8,129,0,200,2,3,1,0,0
2026-05-10,0,0,0,1,0,0,0,0,0,0,0,0,0,0,0,2,0,0,76,0,466,8,61,19,166,0,0,33,1,109,10,80,0,124,0,0,1,1,0
2026-05-11,0,0,0,2,0,0,0,0,0,0,2,0,0,0,0,15,0,1,90,0,990,10,436,70,422,0,0,54,5,89,8,417,0,272,1,3,2,0,0
2026-05-12,0,0,0,0,0,0,0,0,0,0,1,0,0,0,0,6,0,1,143,0,2593,6,235,30,371,0,0,75,10,83,1,406,0,193,1,2,3,2,0
2026-05-13,0,0,0,1,1,0,0,0,0,0,1,0,0,0,0,21,0,0,245,0,1357,10,241,137,580,0,0,76,4,89,7,581,0,131,4,10,1,2,0
2026-05-14,0,0,0,0,0,0,0,0,0,0,0,0,0,0,0,21,0,0,172,0,877,5,221,119,884,0,0,80,1,126,11,613,0,124,0,5,10,4,0
2026-05-15,0,0,0,1,0,0,0,0,0,0,0,0,0,0,0,7,0,1,131,0,694,4,186,30,736,0,0,51,3,105,3,707,0,106,0,5,4,1,0
2026-05-16,1,0,0,1,0,0,0,0,0,0,0,0,0,0,0,6,0,0,59,0,347,2,110,15,220,0,0,24,2,40,4,138,0,42,1,1,3,1,0
2026-05-17,0,0,0,2,0,0,0,0,0,0,0,0,0,0,0,6,0,0,44,0,315,2,103,26,223,0,0,24,1,57,7,119,0,53,0,0,3,0,0
2026-05-18,0,0,0,1,0,0,0,0,0,0,0,0,0,0,0,7,0,0,71,0,397,6,196,29,616,0,0,28,5,92,17,309,0,90,0,7,8,0,0
2026-05-19,0,1,0,3,0,0,0,0,0,0,0,0,0,0,0,2,1,0,69,0,290,3,163,19,832,0,0,27,3,84,2,422,0,78,2,0,1,0,0
2026-05-20,0,0,0,12,0,0,0,0,0,0,1,0,0,0,0,1,0,0,83,0,376,11,149,43,2416,0,0,32,1,75,1,324,0,170,0,3,9,2,0
2026-05-21,2,0,0,1,1,0,0,0,0,0,2,0,0,0,0,2,0,2,118,0,265,17,314,36,1077,0,1,30,1,74,8,423,0,82,1,10,17,5,0
2026-05-22,0,0,0,4,1,0,0,0,0,0,0,0,0,0,0,2,0,0,141,0,354,7,189,90,660,0,0,35,0,92,50,253,0,146,1,15,6,1,0
2026-05-23,0,1,0,2,0,0,0,0,0,0,1,0,0,0,0,5,0,0,79,0,222,3,157,40,323,0,0,50,0,42,16,111,0,87,0,3,2,1,0
2026-05-24,0,1,0,0,0,0,0,0,0,0,0,0,0,0,0,1,0,0,71,0,230,1,154,30,251,0,0,25,1,33,11,75,0,79,1,7,0,1,0
2026-05-25,0,0,0,7,0,0,0,0,0,0,1,0,0,0,0,1,0,0,46,0,138,6,80,52,213,0,0,14,0,53,50,111,0,68,0,6,0,1,0
2026-05-26,0,0,0,0,1,0,0,0,0,0,1,0,0,0,0,3,0,0,95,0,318,6,176,137,576,0,0,85,1,82,58,440,0,295,1,18,4,0,0
2026-05-27,2,0,0,2,0,0,0,0,0,0,1,0,0,0,0,7,2,0,89,0,716,8,258,127,748,0,0,76,4,182,36,462,0,220,2,11,8,1,0
2026-05-28,0,0,0,1,0,0,0,0,0,0,3,0,0,0,0,5,8,0,88,0,444,12,183,115,548,0,0,120,7,166,28,517,0,204,13,69,0,1,0
2026-05-29,0,0,0,1,0,0,0,0,0,0,1,0,0,0,0,9,0,0,66,0,441,10,216,122,607,0,0,160,6,220,24,535,0,219,3,297,1,1,0
2026-05-30,0,0,0,0,0,0,0,0,0,0,0,0,0,0,0,4,0,0,82,0,347,22,170,41,174,0,0,32,8,51,3,121,0,61,1,855,1,0,0
2026-05-31,0,0,0,2,0,0,0,0,0,0,0,0,0,0,0,1,0,0,83,0,347,13,207,51,188,0,0,35,7,87,10,153,0,65,3,948,1,1,0
2026-06-01,0,0,0,1,1,0,0,0,0,0,1,0,0,0,0,12,0,0,98,0,409,74,315,139,635,0,0,64,8,172,19,445,0,121,1,3472,8,2,0
2026-06-02,0,1,0,2,0,0,0,0,0,0,0,0,0,0,0,16,0,0,128,0,672,40,248,164,680,0,0,77,10,120,48,495,0,88,2,2195,2,3,0
2026-06-03,0,0,0,1,0,0,0,0,0,0,3,0,0,0,0,8,0,0,128,0,678,13,245,109,552,0,0,74,4,147,35,563,0,167,0,737,4,2,0
2026-06-04,0,0,0,3,0,0,0,0,0,0,0,0,0,0,0,24,1,0,78,0,302,12,221,76,429,0,1,47,1,197,20,332,0,121,0,129,0,7,0
2026-06-05,0,0,0,1,0,0,0,0,0,0,1,0,0,0,0,13,0,0,209,0,242,5,305,52,367,0,0,31,0,152,5,217,0,114,2,36,3,2,0
2026-06-06,0,0,0,2,0,0,0,0,0,0,0,0,0,0,0,4,0,0,63,0,283,4,176,11,179,0,0,21,3,68,5,118,0,41,1,29,0,3,0
2026-06-07,0,0,0,0,0,0,0,0,0,0,0,0,0,0,0,5,0,0,66,0,150,6,199,16,183,0,0,29,1,62,6,67,0,47,2,21,0,4,0
2026-06-08,0,0,0,0,0,0,0,0,0,0,0,0,0,0,0,7,0,0,378,0,208,5,339,31,275,0,0,31,0,112,6,379,0,47,0,25,2,0,0
2026-06-09,0,0,0,2,0,0,0,0,0,0,2,0,0,0,0,12,0,0,276,0,220,9,206,30,312,0,0,26,2,84,4,424,0,56,2,30,1,0,0
2026-06-10,0,0,0,2,0,0,0,0,0,0,0,0,0,0,0,9,1,0,139,0,208,11,255,49,283,0,0,39,1,187,6,297,0,63,20,16,1,1,0
2026-06-11,0,0,0,2,0,0,0,0,0,0,2,0,0,0,0,2,0,0,86,0,234,10,394,44,256,0,0,30,3,151,7,803,0,49,6,88,0,1,0
2026-06-12,0,0,0,1,0,0,0,0,0,0,0,0,0,0,0,6,0,0,110,0,230,4,934,24,273,0,0,49,4,704,5,645,0,64,0,653,0,0,0
2026-06-13,0,2,0,0,0,0,0,0,0,0,0,0,0,0,0,0,0,0,46,0,125,19,313,7,109,0,0,24,4,105,1,133,0,29,2,33,5,0,0
2026-06-14,0,0,0,0,0,0,0,0,0,0,0,0,0,0,0,2,0,0,66,0,93,7,174,10,84,0,0,10,1,49,0,157,0,21,0,1,0,2,0
2026-06-15,0,0,0,2,0,0,0,0,0,0,1,0,0,0,0,3,0,0,159,0,138,5,329,42,271,0,0,26,1,89,3,356,0,77,0,17,0,1,0
2026-06-16,0,0,0,0,1,0,0,0,0,0,1,0,0,0,0,6,0,0,99,0,274,14,768,28,328,0,0,38,5,134,2,509,0,68,0,21,3,0,0
2026-06-17,0,0,0,1,1,0,0,0,0,0,0,0,0,0,0,14,0,0,118,0,289,49,388,13,257,0,0,38,3,233,9,1008,0,67,0,8,1,2,0
2026-06-18,0,1,0,5,0,0,0,0,0,0,0,0,0,0,0,14,0,0,176,0,285,17,272,23,257,0,0,41,6,148,7,1253,0,133,1,11,2,0,0
2026-06-19,0,0,0,3,0,0,0,0,0,0,0,0,0,0,0,3,0,0,112,0,150,10,106,7,136,0,1,25,1,43,4,278,0,88,0,5,1,1,0
2026-06-20,0,0,0,0,0,0,0,0,0,0,2,0,0,0,0,0,0,0,52,0,156,6,81,4,87,0,0,13,1,35,3,118,0,43,0,2,1,0,0
2026-06-21,0,0,0,2,0,0,0,0,0,0,0,0,0,0,0,2,0,0,33,0,100,3,83,7,117,0,0,16,1,36,5,124,0,37,3,2,0,0,0
2026-06-22,0,0,0,0,0,0,0,0,0,0,1,0,0,0,0,13,0,0,95,0,239,17,238,15,209,0,0,79,4,141,5,939,0,61,2,8,0,0,0
2026-06-23,0,1,0,0,1,0,0,0,0,0,3,0,0,0,0,15,0,1,120,0,282,21,252,21,212,0,0,63,1,84,6,712,0,59,0,5,3,1,0
2026-06-24,0,1,0,3,0,0,0,0,0,0,4,0,0,0,0,5,0,0,90,0,344,20,86,28,366,0,0,54,4,110,7,595,0,37,1,16,0,2,0
2026-06-25,0,0,0,2,0,0,0,0,0,0,1,0,0,0,0,11,1,1,381,0,260,15,121,12,432,0,0,106,5,133,31,1407,0,89,1,22,1,1,0
2026-06-26,0,0,0,2,0,0,0,0,0,0,1,0,0,0,0,13,0,0,173,0,244,13,99,20,344,0,0,64,7,97,22,972,0,42,2,9,3,5,0
2026-06-27,0,0,0,3,0,0,0,0,0,0,0,0,0,0,0,10,0,0,141,0,159,24,46,2,139,0,0,17,4,54,7,165,0,29,0,2,5,10,0
2026-06-28,0,0,0,1,0,0,0,0,0,0,0,0,0,1,0,2,0,0,87,0,68,15,80,5,107,0,0,29,0,33,5,177,0,19,1,1,2,2,0
2026-06-29,0,0,0,0,0,0,0,0,0,0,2,0,0,0,0,21,0,0,103,0,192,9,233,21,199,0,0,33,4,228,36,726,0,42,2,3,2,4,0
2026-06-30,0,1,0,3,1,0,0,0,0,0,0,0,0,0,0,11,0,0,86,0,222,7,116,30,222,0,0,57,1,58,16,349,0,190,2,0,0,0,0
