fecha,A,AA,AAC,AACG,AACI,AACQ,AACT,AADI,AAGR,AAIC,AAL,AAM,AAMC,AAME,AAN,AAOI,AAON,AAP,AAPL,AAQC,GME,AMC,TSLA,NOK,NVDA,TWTR,SNDL,PLTR,BBBY,HOOD,BB,MSFT,NAKD,AMD,CLOV,SPCE,NIO,TLRY,WISH
2020-01-01,0,0,0,0,0,0,0,0,0,0,0,0,0,0,0,0,0,0,3,0,1,0,3,1,1,2,0,0,1,0,0,1,0,3,0,0,0,0,0
2020-01-02,0,0,0,0,0,0,0,0,0,0,0,0,0,0,0,0,0,0,9,0,3,0,8,1,0,0,0,0,0,0,0,3,0,33,0,0,1,1,0
2020-01-03,0,0,0,0,0,0,0,0,0,0,0,0,0,0,0,0,0,0,15,0,0,0,24,0,1,1,0,0,0,0,0,7,0,23,0,0,2,0,0
2020-01-04,0,0,0,0,0,0,0,0,0,0,0,0,0,0,0,0,0,0,5,0,0,0,7,0,1,1,0,0,1,0,0,1,0,1,0,0,2,0,0
2020-01-05,0,0,0,0,0,0,0,0,0,0,0,0,0,0,0,0,0,0,2,0,0,0,4,1,0,1,0,0,0,0,0,0,0,6,0,0,0,0,0
2020-01-06,0,0,0,0,0,0,0,0,0,0,0,0,0,0,0,0,0,0,4,0,1,0,9,1,2,1,0,0,0,0,1,3,0,23,0,0,6,0,0
2020-01-07,0,0,0,0,0,0,0,0,0,0,0,0,0,0,0,0,0,0,4,0,0,0,46,1,0,1,0,0,1,0,0,1,0,30,0,0,0,0,0
2020-01-08,0,0,0,0,0,0,0,0,0,0,0,0,0,0,0,0,0,0,11,0,0,1,59,1,0,1,0,0,6,0,0,2,0,15,0,1,2,0,0
2020-01-09,1,0,0,0,0,0,0,0,0,0,0,0,0,0,0,0,0,0,18,0,1,1,68,5,2,2,0,0,4,0,0,6,0,23,0,3,0,0,0
2020-01-10,0,0,0,0,0,0,0,0,0,0,0,0,0,0,0,0,0,0,8,0,0,0,32,0,2,2,0,0,0,0,0,2,0,8,0,3,0,0,0
2020-01-11,0,0,0,0,0,0,0,0,0,0,0,0,0,0,0,0,0,0,10,0,0,1,17,0,0,0,0,0,0,0,0,1,0,3,0,0,0,0,0
2020-01-12,0,0,0,0,0,0,0,0,0,0,0,0,0,0,0,0,0,0,4,0,0,0,7,0,0,1,0,0,0,0,0,0,1,2,0,1,2,0,0
2020-01-13,0,0,0,0,0,0,0,0,0,0,0,0,0,0,0,0,0,0,11,0,2,0,55,0,1,6,0,0,0,0,0,4,0,5,0,5,3,2,0
2020-01-14,0,0,0,0,0,0,0,0,0,0,1,0,0,0,0,0,0,0,16,0,2,0,71,0,2,1,0,0,0,0,0,5,0,8,0,4,0,3,0
2020-01-15,0,1,0,0,0,0,0,0,0,0,0,0,0,0,0,0,0,0,15,0,1,1,40,1,3,0,0,0,0,0,0,2,1,6,0,10,9,3,0
2020-01-16,0,0,0,0,0,0,0,0,0,0,0,0,0,0,0,0,0,0,12,0,0,0,44,1,1,2,0,0,0,0,0,3,0,17,0,22,6,0,0
2020-01-17,0,0,0,0,0,0,0,0,0,0,0,0,0,0,0,0,0,0,4,0,0,0,42,1,0,3,0,0,2,0,0,2,0,16,0,7,7,0,0
2020-01-18,0,0,0,0,0,0,0,0,0,0,0,0,0,0,0,0,0,0,4,0,1,0,16,0,1,0,0,0,0,0,0,4,0,7,0,4,1,0,0
2020-01-19,0,0,0,0,0,0,0,0,0,0,0,0,0,0,0,0,0,0,10,0,1,0,7,1,1,0,0,0,0,0,0,0,0,8,0,4,1,0,0
2020-01-20,0,0,0,0,0,0,0,0,0,0,0,0,0,0,0,0,0,0,2,0,0,0,9,0,0,0,0,0,0,0,0,4,0,5,0,5,2,0,0
2020-01-21,0,0,0,0,0,0,0,0,0,0,0,0,0,0,0,0,0,0,5,0,1,0,45,0,2,1,0,0,0,0,0,2,0,10,0,20,7,0,0
2020-01-22,0,0,0,0,0,0,0,0,0,0,0,0,0,0,0,0,0,0,11,0,0,0,70,0,0,1,0,0,0,0,0,5,0,8,0,41,11,0,0
2020-01-23,0,0,0,0,0,0,0,0,0,0,1,0,0,0,0,0,0,0,5,0,1,0,38,0,2,0,0,0,0,0,0,10,0,7,0,45,4,0,0
2020-01-24,0,0,0,0,0,0,0,0,0,0,0,0,0,0,0,0,0,0,3,0,8,0,34,0,0,3,0,0,0,0,0,5,0,14,0,39,2,0,0
2020-01-25,0,0,0,0,0,0,0,0,0,0,1,0,0,0,0,0,0,0,7,0,2,0,19,0,0,0,0,0,1,0,0,1,0,2,0,17,0,0,0
2020-01-26,0,1,0,0,0,0,0,0,0,0,0,0,0,0,0,0,0,0,2,0,1,0,13,0,0,1,0,0,0,0,0,3,0,3,0,4,2,0,0
2020-01-27,0,0,0,0,0,0,0,0,0,0,0,0,0,0,0,0,0,0,11,0,1,0,20,0,0,2,0,0,0,0,0,3,0,9,0,21,2,0,0
2020-01-28,0,0,0,0,0,0,0,0,0,0,0,0,0,0,0,0,0,0,28,0,1,0,13,2,0,3,0,0,0,0,0,9,0,18,0,4,3,0,0
2020-01-29,0,0,0,0,0,0,0,0,0,0,0,0,0,0,0,0,0,0,11,0,0,0,91,0,1,0,3,0,0,0,0,33,0,26,0,10,0,0,0
2020-01-30,0,0,0,0,0,0,0,0,0,0,0,0,0,0,0,0,0,0,8,0,1,0,90,0,2,3,0,0,0,0,0,18,0,10,0,3,2,0,0
2020-01-31,0,0,0,0,0,0,0,0,0,0,0,0,0,0,0,0,0,0,7,0,0,0,53,0,0,1,0,0,0,0,0,6,0,4,0,14,2,0,0
2020-02-01,0,0,0,0,0,0,0,0,0,0,0,0,0,0,0,0,0,0,11,0,1,0,15,2,1,5,0,0,0,0,0,6,0,1,0,4,0,0,0
2020-02-02,0,0,0,0,0,0,0,0,0,0,0,0,0,0,0,0,0,0,4,0,1,0,14,2,0,1,0,0,0,0,0,2,0,2,0,1,2,0,0
2020-02-03,0,0,0,0,0,0,0,0,0,0,0,0,0,0,0,0,0,0,9,0,0,0,195,0,0,4,0,0,0,0,0,5,0,1,0,5,4,0,0
2020-02-04,0,0,0,0,0,0,0,0,0,0,1,0,0,0,0,0,0,0,6,0,1,0,552,1,2,1,0,0,0,0,0,21,0,3,0,20,4,1,0
2020-02-05,0,0,0,0,0,0,0,0,0,0,0,0,0,0,0,0,0,0,4,0,0,1,394,1,3,11,0,0,0,0,0,62,0,6,0,12,3,0,0
2020-02-06,0,0,0,0,0,0,0,0,0,0,0,0,0,0,0,0,0,0,4,0,3,0,171,10,2,14,0,0,0,0,0,72,0,4,0,18,2,0,0
2020-02-07,0,0,0,0,0,0,0,0,0,0,0,0,0,0,0,0,0,0,4,0,1,0,92,9,2,7,0,0,0,0,0,64,0,9,0,4,1,0,0
2020-02-08,0,0,0,0,0,0,0,0,0,0,0,0,0,0,0,0,0,0,7,0,1,0,43,4,5,3,0,0,0,0,0,32,0,2,0,0,0,0,0
2020-02-09,0,0,0,0,0,0,0,0,0,0,0,0,0,0,0,0,0,0,6,0,1,0,36,2,2,0,0,0,0,0,0,21,0,6,0,5,0,0,0
2020-02-10,0,0,0,0,0,0,0,0,0,0,0,0,0,0,0,0,0,0,12,0,1,0,57,4,8,1,0,0,0,0,0,99,0,7,0,23,0,1,0
2020-02-11,0,0,0,0,0,0,0,0,0,0,0,0,0,0,0,0,0,0,12,0,1,0,51,8,7,1,0,0,2,0,1,154,0,17,0,45,2,4,0
2020-02-12,0,0,0,0,0,0,0,0,0,0,1,0,0,0,0,0,0,0,13,0,1,1,58,3,12,5,0,0,10,0,0,124,0,8,0,73,1,0,0
2020-02-13,0,0,0,0,0,0,0,0,0,0,0,0,0,0,0,0,0,0,6,0,2,1,74,2,17,4,0,0,5,0,0,105,0,3,0,53,0,0,0
2020-02-14,0,0,0,0,0,0,0,0,0,0,0,0,0,0,0,0,0,1,4,0,2,0,38,6,13,1,0,0,1,0,0,73,0,8,0,145,3,2,0
2020-02-15,0,0,0,0,0,0,0,0,0,0,0,0,0,0,0,0,0,0,5,0,0,0,22,1,5,1,0,0,0,0,0,15,0,1,0,63,0,0,0
2020-02-16,0,0,0,0,0,0,0,0,0,0,0,0,0,0,0,0,0,0,4,0,0,0,22,2,3,0,0,0,2,0,0,17,0,3,0,42,0,0,0
2020-02-17,0,0,0,0,0,0,0,0,0,0,0,0,0,0,0,0,0,0,23,0,0,0,24,3,2,1,0,0,0,0,0,15,0,6,0,73,0,0,0
2020-02-18,0,0,0,0,0,0,0,0,0,0,0,0,0,0,0,0,0,0,26,0,2,1,31,3,4,1,0,0,3,0,1,34,0,47,0,248,1,0,0
2020-02-19,0,0,0,0,0,0,0,0,0,0,0,0,0,0,0,0,0,0,10,0,1,2,79,7,15,3,0,0,1,0,0,29,0,59,0,115,4,1,0
2020-02-20,0,0,0,0,0,0,0,0,0,0,0,0,0,0,0,0,0,0,12,0,1,8,50,2,10,2,0,0,0,0,3,32,0,67,0,172,7,3,0
2020-02-21,0,0,0,0,0,0,0,0,0,0,0,0,0,0,1,0,0,0,9,0,1,3,26,5,3,0,0,0,3,0,0,28,0,53,0,72,1,0,0
2020-02-22,0,0,0,0,0,0,0,0,0,0,0,0,0,0,0,0,1,0,2,0,1,2,20,0,3,0,0,0,0,0,0,6,0,18,0,25,0,0,0
2020-02-23,0,0,0,0,0,0,0,0,0,0,0,0,0,0,0,0,0,0,2,0,0,1,13,0,0,0,0,0,0,0,0,3,0,15,0,19,0,0,0
2020-02-24,0,0,0,0,0,0,0,0,0,0,2,0,0,0,0,0,0,0,15,0,1,4,23,1,2,3,0,0,1,0,0,16,0,29,0,47,4,0,0
2020-02-25,0,0,0,0,0,0,0,0,0,0,0,0,0,0,0,0,0,0,14,0,0,5,51,4,0,2,0,0,0,0,0,30,0,11,0,82,15,0,0
2020-02-26,0,0,0,0,0,0,0,0,0,0,3,0,0,0,0,0,0,0,10,0,3,4,17,5,3,9,0,0,0,0,0,26,0,9,0,58,1,0,0
2020-02-27,0,0,0,0,0,0,0,0,0,0,11,0,0,0,0,0,0,0,15,0,3,7,42,3,2,10,0,0,0,0,0,37,0,20,0,51,3,1,0
2020-02-28,0,0,0,0,0,0,0,0,0,0,5,0,0,0,0,0,0,0,15,0,1,4,22,0,2,8,0,0,0,0,0,21,0,11,0,21,2,0,0
2020-02-29,0,0,0,0,0,0,0,0,0,0,1,0,0,0,0,0,0,0,2,0,1,0,14,0,2,1,0,0,0,0,0,5,0,3,0,14,0,0,0
2020-03-01,0,0,0,0,0,0,0,0,0,0,2,0,0,0,0,0,0,0,8,0,0,0,15,1,1,1,0,0,0,0,0,10,0,3,0,6,2,1,0
2020-03-02,0,0,0,0,0,0,0,0,0,0,2,0,0,0,0,0,0,0,6,0,0,2,13,2,1,9,0,0,0,0,1,7,0,7,0,4,1,3,0
2020-03-03,0,0,0,0,0,0,0,0,0,0,1,0,0,0,0,0,0,0,6,0,0,2,15,0,0,7,0,0,1,0,0,7,0,6,0,9,1,1,0
2020-03-04,0,0,0,0,0,0,0,0,0,0,1,0,0,0,0,0,0,0,5,0,0,2,23,0,0,1,0,0,0,0,0,2,0,3,0,8,0,0,0
2020-03-05,0,0,0,0,0,0,0,0,0,0,4,0,0,0,0,0,0,0,7,0,0,7,16,0,0,5,0,0,0,0,2,10,0,15,0,12,4,0,0
2020-03-06,0,0,0,0,0,0,0,0,0,0,7,0,0,0,0,0,0,0,6,0,0,0,18,0,0,1,0,0,0,0,0,9,0,18,0,13,1,0,0
2020-03-07,0,0,0,0,0,0,0,0,0,0,2,0,0,0,0,0,0,0,3,0,0,1,11,1,0,1,0,0,0,0,0,3,0,2,0,2,0,0,0
2020-03-08,0,0,0,0,0,0,0,0,0,0,1,0,0,0,0,0,0,0,5,0,0,1,5,1,0,0,0,0,0,0,0,4,0,0,0,0,0,0,0
2020-03-09,0,0,0,0,0,0,0,0,0,0,3,0,0,0,0,0,0,0,6,0,4,2,15,1,1,6,0,0,0,0,0,7,0,4,0,8,0,0,0
2020-03-10,0,0,0,0,0,0,0,0,0,0,3,0,0,0,0,0,0,0,5,0,6,1,12,0,3,1,0,0,0,0,0,7,0,4,0,1,0,1,0
2020-03-11,0,0,0,0,0,0,0,0,0,0,2,0,0,0,0,0,0,0,11,0,5,0,12,0,0,4,0,0,2,0,0,7,0,11,0,9,0,2,0
2020-03-12,0,0,0,0,0,0,0,0,0,0,5,0,0,0,0,0,0,0,7,0,2,1,19,1,1,7,0,0,0,0,0,13,0,10,0,8,0,0,0
2020-03-13,0,0,0,0,0,0,0,0,0,0,5,0,0,0,0,0,0,0,11,0,3,0,15,1,1,1,0,0,0,0,0,38,0,6,0,6,2,3,0
2020-03-14,0,0,0,0,0,0,0,0,0,0,1,0,0,0,0,0,0,0,35,0,0,5,10,0,1,3,0,0,0,0,0,9,0,0,0,4,2,0,0
2020-03-15,0,0,0,0,0,0,0,0,0,0,2,0,0,0,0,0,0,0,6,0,0,1,5,0,1,1,0,0,0,0,0,2,0,1,0,1,0,0,0
2020-03-16,0,0,0,0,0,0,0,0,0,0,25,0,0,0,0,0,0,0,17,0,5,5,26,1,0,5,0,0,0,0,0,11,0,6,0,6,0,1,0
2020-03-17,0,0,0,0,0,0,0,0,0,0,10,0,0,0,0,0,0,0,7,0,3,5,34,3,0,1,0,0,0,0,0,11,0,1,0,4,4,1,0
2020-03-18,0,0,0,0,0,0,0,0,0,0,13,0,0,0,0,0,0,0,12,0,5,3,51,1,1,2,0,0,2,0,3,7,0,5,0,6,0,3,0
2020-03-19,0,0,0,0,0,0,0,0,0,0,6,0,0,0,0,0,0,0,7,0,4,2,49,0,0,4,0,0,1,0,2,6,0,4,0,0,0,0,0
2020-03-20,0,0,0,0,0,0,0,0,0,0,2,0,0,0,0,0,0,0,4,0,14,0,18,0,1,4,0,0,1,0,1,3,0,4,0,9,1,0,0
2020-03-21,0,0,0,0,0,0,0,0,0,0,1,0,0,0,0,0,0,0,8,0,9,1,11,1,0,3,0,0,0,0,0,3,0,4,0,1,0,1,0
2020-03-22,0,0,0,0,0,0,0,0,0,0,1,0,0,0,0,0,0,0,10,0,9,0,5,1,0,1,0,0,0,0,0,5,0,1,0,1,0,0,0
2020-03-23,0,0,0,0,0,0,0,0,0,0,0,0,0,0,0,0,0,0,5,0,2,1,25,0,1,1,0,0,1,0,0,9,0,4,0,4,0,0,0
2020-03-24,0,0,0,0,0,0,0,0,0,0,2,0,0,0,0,0,0,1,4,0,2,2,25,1,3,0,0,0,0,0,0,13,0,1,0,7,0,0,0
2020-03-25,0,0,0,0,0,0,0,0,0,0,4,0,0,0,0,0,0,0,5,0,3,2,12,0,3,3,0,0,1,0,0,1,0,1,0,6,0,0,0
2020-03-26,0,0,0,0,0,0,0,0,0,0,1,0,0,0,0,0,0,0,1,0,8,3,6,0,1,1,0,0,0,0,0,4,0,1,0,0,1,9,0
2020-03-27,0,0,0,0,0,0,0,0,0,0,3,0,0,0,0,0,0,0,5,0,10,0,10,1,0,5,0,0,0,0,0,2,0,2,0,1,0,2,0
2020-03-28,0,0,0,0,0,0,0,0,0,0,0,0,0,0,0,0,0,0,3,0,5,0,6,0,1,2,0,0,0,0,4,4,0,2,0,4,0,0,0
2020-03-29,0,0,0,0,0,0,0,0,0,0,0,0,0,0,0,0,0,0,6,0,3,0,8,0,1,1,0,0,0,0,0,3,0,0,0,2,0,0,0
2020-03-30,0,0,0,0,0,0,0,0,0,0,2,0,0,0,0,0,0,0,3,0,2,0,9,0,0,1,0,0,2,0,3,11,1,0,0,1,0,2,0
2020-03-31,0,0,0,0,0,0,0,0,0,0,1,0,0,0,0,0,0,0,7,0,3,0,15,0,0,0,0,0,0,0,1,9,0,1,0,2,0,0,0
2020-04-01,0,0,0,0,0,0,0,0,0,0,3,0,0,0,0,0,0,0,8,0,3,0,9,0,0,3,0,0,1,0,0,4,0,1,0,1,2,0,0
2020-04-02,0,0,0,0,0,0,0,0,0,0,2,0,0,0,0,0,0,0,9,0,1,1,28,0,1,3,0,0,0,0,0,8,0,0,0,4,2,0,0
2020-04-03,0,0,0,0,0,0,0,0,0,0,4,0,0,0,0,0,0,0,11,0,5,0,27,0,4,1,0,0,1,0,1,10,0,6,0,2,0,1,0
2020-04-04,1,0,0,0,0,0,0,0,0,0,2,0,0,0,0,0,0,0,1,0,2,2,4,0,0,0,0,0,0,0,0,0,0,2,0,1,0,0,0
2020-04-05,0,0,0,0,0,0,0,0,0,0,4,0,0,0,0,0,0,0,5,0,1,2,9,1,1,2,0,0,0,0,0,1,0,6,0,3,1,0,0
2020-04-06,0,0,0,0,0,0,0,0,0,0,2,0,0,0,0,0,0,0,8,0,8,2,2,0,0,4,0,0,0,0,0,11,0,1,0,2,0,0,0
2020-04-07,0,0,0,0,0,0,0,0,0,0,2,0,0,0,0,0,0,0,1,0,1,1,5,1,2,1,0,0,0,0,0,5,0,6,0,3,0,0,0
2020-04-08,0,0,0,0,0,0,0,0,0,0,1,0,0,0,0,0,0,0,2,0,3,0,10,0,1,3,0,0,0,0,1,3,0,3,0,2,0,0,0
2020-04-09,0,0,0,0,0,0,0,0,0,0,2,0,0,0,0,0,0,0,5,0,7,1,5,0,0,4,0,0,0,0,0,2,0,0,0,4,0,1,0
2020-04-10,0,0,0,0,0,0,0,0,0,0,1,0,0,0,0,0,0,0,9,0,1,4,6,0,0,2,0,0,1,0,0,0,0,4,0,1,0,0,0
2020-04-11,0,0,0,0,0,0,0,0,0,0,1,0,0,0,0,0,0,0,1,0,0,4,5,0,0,0,0,0,0,0,0,2,0,1,0,1,0,0,0
2020-04-12,0,0,0,0,0,0,0,0,0,0,1,0,0,0,0,0,0,0,1,0,0,5,5,0,1,1,0,0,0,0,0,0,0,4,0,1,0,0,0
2020-04-13,0,0,0,0,0,0,0,0,0,0,1,0,0,0,0,0,0,0,7,0,3,8,30,0,1,2,0,0,1,0,0,6,0,2,0,3,0,0,0
2020-04-14,0,0,0,0,0,0,0,0,0,0,1,0,0,0,0,0,0,0,8,0,20,5,57,0,1,0,0,0,3,0,0,6,3,7,0,24,0,0,0
2020-04-15,0,0,0,0,0,0,0,0,0,0,2,0,0,0,0,0,0,0,9,0,7,4,40,1,1,3,0,0,4,0,0,10,0,12,0,6,0,0,0
2020-04-16,0,0,0,0,0,0,0,0,0,0,0,0,0,0,0,0,0,0,5,0,2,2,20,5,2,2,0,0,0,0,1,16,0,7,0,3,1,0,0
2020-04-17,1,0,0,0,0,0,0,0,0,0,1,0,0,0,0,0,0,0,18,0,6,8,18,1,2,4,0,0,0,0,0,10,0,8,0,3,2,0,0
2020-04-18,0,0,0,0,0,0,0,0,0,0,0,0,0,0,0,0,0,0,8,0,0,2,15,0,2,1,0,0,0,0,0,1,0,2,0,0,0,2,0
2020-04-19,0,0,0,0,0,0,0,0,0,0,1,0,0,0,0,0,0,0,2,0,1,1,7,1,0,1,0,0,0,0,0,0,0,0,0,1,0,0,0
2020-04-20,0,0,0,2,0,0,0,0,0,0,3,0,0,0,0,0,0,0,6,0,1,2,13,0,0,1,0,0,1,0,0,4,0,6,0,5,0,0,0
2020-04-21,0,0,0,0,0,0,0,0,0,0,0,0,0,0,0,0,0,0,6,0,2,3,19,0,0,3,0,0,0,0,0,3,0,8,0,2,0,0,0
2020-04-22,0,0,0,0,0,0,0,0,0,0,0,0,0,0,0,0,0,0,8,0,8,0,18,0,0,8,0,0,0,0,0,8,0,1,0,1,1,0,0
2020-04-23,0,0,0,0,0,0,0,0,0,0,5,0,0,0,0,0,0,0,8,0,4,1,10,0,0,3,0,0,0,0,0,3,0,3,0,4,0,0,0
2020-04-24,0,0,0,0,0,0,0,0,0,0,2,0,0,0,0,0,0,0,8,0,0,1,19,0,0,3,0,0,0,0,0,15,0,0,0,4,0,1,0
2020-04-25,0,0,0,0,0,0,0,0,0,0,1,0,0,0,0,0,0,0,2,0,0,1,7,1,0,1,0,0,1,0,0,2,0,3,0,1,0,1,0
2020-04-26,0,0,0,0,0,0,0,0,0,0,0,0,0,0,0,0,0,0,4,0,0,0,13,1,1,6,0,0,0,0,0,7,0,4,0,0,0,0,0
2020-04-27,0,0,0,0,0,0,0,0,0,0,2,0,0,0,0,0,0,0,8,0,4,0,30,0,0,5,0,0,2,0,0,18,2,4,0,0,2,3,0
2020-04-28,0,0,0,0,0,0,0,0,0,0,4,0,0,0,0,0,0,0,3,0,3,3,34,1,0,4,0,0,2,0,0,9,0,14,0,1,0,1,0
2020-04-29,0,0,0,0,0,0,0,0,0,0,6,0,0,0,0,0,0,0,7,0,4,12,57,0,1,12,1,0,0,0,0,29,0,12,0,5,8,5,0
2020-04-30,0,0,0,0,0,0,0,0,0,0,2,0,0,0,0,0,0,0,35,0,3,2,47,0,3,12,0,0,0,0,0,16,0,7,0,0,1,5,0
2020-05-01,0,0,0,0,0,0,0,0,0,0,2,0,0,0,0,0,0,0,8,0,2,1,106,0,0,17,0,0,0,0,0,6,0,6,0,3,4,6,0
2020-05-02,0,0,0,0,0,0,0,0,0,0,0,0,0,0,0,0,0,0,2,0,0,0,57,0,0,5,0,0,0,0,0,4,0,2,0,0,0,0,0
2020-05-03,0,0,0,0,0,0,0,0,0,0,4,0,0,0,0,0,0,0,5,0,3,0,29,0,1,8,0,0,0,0,0,10,0,1,0,3,0,0,0
2020-05-04,0,0,0,0,0,0,0,0,0,0,5,0,0,0,0,0,0,0,5,0,0,0,29,0,4,4,0,0,0,0,0,11,0,11,0,3,0,0,0
2020-05-05,0,0,0,0,0,0,0,0,0,0,2,0,0,0,0,0,0,0,10,0,1,1,20,0,0,3,0,0,0,0,0,19,0,4,0,6,0,3,0
2020-05-06,0,0,0,0,0,0,0,0,0,0,3,0,0,0,0,0,0,0,4,0,1,2,22,0,1,5,0,0,0,0,0,16,0,1,0,7,0,2,0
2020-05-07,0,0,0,0,0,0,0,0,0,0,3,0,0,0,0,0,0,0,3,0,2,0,39,0,3,15,0,0,0,0,0,5,1,4,0,5,0,3,0
2020-05-08,0,0,0,0,0,0,0,0,0,0,0,0,0,0,0,0,0,0,7,0,1,1,16,0,1,7,0,0,0,0,1,13,0,2,0,3,0,0,0
2020-05-09,0,0,0,0,0,0,0,0,0,0,2,0,0,0,0,0,0,0,3,0,0,2,40,0,3,3,0,0,0,0,0,2,0,1,0,3,0,0,0
2020-05-10,0,0,0,0,0,0,0,0,0,0,0,0,0,0,0,0,0,0,5,0,0,0,17,1,0,1,0,0,0,0,0,4,0,3,0,1,0,0,0
2020-05-11,0,0,0,0,0,0,0,0,0,0,0,0,0,0,0,0,0,0,5,0,0,21,36,0,4,3,0,0,0,0,0,9,0,2,0,1,1,2,0
2020-05-12,0,0,0,0,0,0,0,0,0,0,1,0,0,0,0,0,0,0,11,0,0,6,31,1,4,8,0,0,0,0,0,16,2,1,0,1,0,2,0
2020-05-13,0,0,0,1,0,0,0,0,0,0,1,0,0,0,0,0,0,0,4,0,0,10,26,1,0,2,0,0,0,0,0,6,0,4,0,0,0,1,0
2020-05-14,0,0,0,0,0,0,0,0,0,0,3,0,0,0,0,0,0,0,4,0,0,2,25,0,1,4,0,0,0,0,0,5,0,4,0,0,0,0,0
2020-05-15,0,0,0,0,0,0,0,0,0,0,3,0,0,0,0,0,0,0,8,0,0,0,14,0,7,4,0,0,0,0,0,3,0,1,0,0,1,0,0
2020-05-16,0,2,0,0,0,0,0,0,0,0,2,0,0,0,0,0,0,0,1,0,0,1,9,0,5,3,0,0,0,0,0,0,0,2,0,0,0,0,0
2020-05-17,0,0,0,0,0,0,0,0,0,0,0,0,0,0,0,0,0,1,5,0,0,0,8,1,4,7,0,0,0,0,0,1,0,2,0,0,0,0,0
2020-05-18,0,0,0,0,0,0,0,0,0,0,2,0,0,0,0,0,0,0,5,0,1,0,18,0,5,7,0,0,0,0,0,10,0,2,0,1,0,0,0
2020-05-19,0,0,0,0,0,0,0,0,0,0,0,0,0,0,0,0,0,0,4,0,0,0,13,0,4,3,0,0,0,0,1,9,0,1,0,4,1,0,0
2020-05-20,0,0,0,0,0,0,0,0,0,0,1,0,0,0,0,0,0,0,1,0,3,2,14,2,7,3,0,0,0,0,2,4,0,3,0,8,1,0,0
2020-05-21,0,0,0,0,0,0,0,0,0,0,0,0,0,0,0,0,0,0,4,0,0,1,10,0,13,5,0,0,0,0,0,13,0,2,0,2,0,4,0
2020-05-22,0,0,0,0,0,0,0,0,0,0,1,0,0,0,0,0,0,0,0,0,1,0,12,0,7,6,0,0,0,0,0,2,0,3,0,3,0,0,0
2020-05-23,0,0,0,0,0,0,0,0,0,0,1,0,0,0,0,0,0,0,2,0,0,1,12,0,4,2,0,0,0,0,0,8,0,3,0,3,0,0,0
2020-05-24,0,0,0,0,0,0,0,0,0,0,1,0,0,0,0,0,0,0,4,0,0,0,12,0,5,1,0,0,0,0,0,3,0,4,0,3,0,0,0
2020-05-25,0,0,0,0,0,0,0,0,0,0,1,0,0,0,0,0,0,0,0,0,0,0,5,0,1,0,0,0,0,0,0,2,0,0,0,4,0,0,0
2020-05-26,0,0,0,0,0,0,0,0,0,0,2,0,0,0,0,0,0,0,8,0,2,1,10,1,4,2,0,0,1,0,0,8,0,3,0,4,1,1,0
2020-05-27,0,0,0,0,0,0,0,0,0,0,3,0,0,0,0,0,0,0,2,0,2,0,24,0,5,9,0,0,0,0,0,3,0,4,0,8,0,0,0
2020-05-28,0,0,0,0,0,0,0,0,0,0,2,0,0,0,0,0,0,0,6,0,0,0,18,0,2,18,0,0,0,0,0,3,0,0,0,4,3,0,0
2020-05-29,0,0,0,0,0,0,0,0,0,0,1,0,0,0,0,0,0,0,2,0,0,1,11,1,5,18,0,0,0,0,0,3,1,1,0,2,2,0,0
2020-05-30,0,0,0,0,0,0,0,0,0,0,0,0,0,0,0,0,0,0,4,0,1,0,9,1,1,1,0,0,0,0,0,1,0,3,0,3,0,0,0
2020-05-31,0,0,0,0,0,0,0,0,0,0,1,0,0,0,0,0,0,0,2,0,1,0,9,0,2,2,0,0,0,0,0,4,0,2,0,14,0,0,0
2020-06-01,0,0,0,0,0,0,0,0,0,0,1,0,0,0,0,0,0,0,2,0,2,0,18,2,1,1,0,0,0,0,0,2,0,0,0,6,0,0,0
2020-06-02,0,0,0,0,0,0,0,0,0,0,0,0,0,0,0,0,0,0,3,0,1,0,18,3,2,5,0,0,0,0,2,2,0,0,0,3,2,0,0
2020-06-03,1,0,0,0,0,0,0,0,0,0,4,0,0,0,0,0,0,0,1,0,0,4,9,7,0,6,0,0,0,0,0,2,0,1,0,2,5,0,0
2020-06-04,0,0,0,0,0,0,0,0,0,0,30,0,0,0,0,0,0,0,1,0,2,5,10,0,1,6,0,0,0,0,0,6,0,0,0,2,5,0,0
2020-06-05,0,0,0,0,0,0,0,0,0,0,45,0,0,0,0,0,0,0,10,0,8,1,7,4,0,4,0,0,0,0,0,5,1,3,0,0,4,0,0
2020-06-06,0,0,0,0,0,0,0,0,0,0,8,0,0,0,0,0,0,0,8,0,1,4,11,1,1,2,0,0,0,0,0,4,0,4,0,0,0,0,0
2020-06-07,0,0,0,0,0,0,0,0,0,0,3,0,0,0,0,0,0,0,1,0,2,2,2,3,0,2,0,0,0,0,0,2,0,1,0,0,1,0,0
2020-06-08,0,0,0,0,0,0,0,0,0,0,5,0,0,0,0,0,0,0,2,0,7,2,32,1,1,5,0,0,0,0,0,4,0,5,0,6,2,0,0
2020-06-09,0,0,0,0,0,0,0,0,0,0,3,0,0,0,0,0,0,0,18,0,9,12,23,0,4,6,1,0,1,0,0,15,11,9,0,0,7,0,0
2020-06-10,0,0,0,0,0,0,0,0,0,0,10,0,0,0,0,0,0,0,17,0,21,4,104,0,2,7,0,0,0,0,0,14,7,10,0,1,2,0,0
2020-06-11,0,0,0,0,0,0,0,0,0,0,5,0,0,0,0,0,0,0,10,0,6,2,48,1,0,4,0,0,0,0,0,10,6,4,0,1,0,0,0
2020-06-12,0,0,0,0,0,0,0,0,0,0,5,0,0,0,0,0,0,0,12,0,0,0,43,0,1,8,0,0,0,0,0,2,0,1,0,2,0,0,0
2020-06-13,0,0,0,0,0,0,0,0,0,0,1,0,0,0,0,0,0,0,4,0,1,0,11,0,0,4,0,0,0,0,0,2,0,2,0,0,1,0,0
2020-06-14,0,0,0,0,0,0,0,0,0,0,2,0,0,0,0,0,0,0,3,0,0,2,3,1,1,1,0,0,0,0,0,1,0,3,0,3,0,1,0
2020-06-15,0,0,0,0,0,0,0,0,0,0,1,0,0,0,0,0,0,0,6,0,0,1,29,0,0,4,0,0,0,0,0,7,0,0,0,2,1,0,0
2020-06-16,0,0,0,0,0,0,0,0,0,0,9,0,0,0,0,0,0,0,7,0,0,0,26,0,6,8,0,0,0,0,1,9,0,3,0,2,0,0,0
2020-06-17,0,0,0,0,0,0,0,0,0,0,5,0,0,0,0,0,0,0,4,0,1,2,22,5,0,7,0,0,0,0,0,6,0,1,0,1,1,0,0
2020-06-18,0,0,0,0,0,0,0,0,0,0,2,0,0,0,0,0,0,0,6,0,2,3,24,3,1,7,0,0,2,0,1,3,0,4,0,1,1,0,0
2020-06-19,1,0,0,0,0,0,0,0,0,0,4,0,0,0,0,0,0,0,17,0,0,11,17,4,3,4,0,0,0,0,0,15,0,3,0,2,1,0,0
2020-06-20,0,0,0,0,0,0,0,0,0,0,0,0,0,0,0,0,0,0,1,0,0,0,10,0,0,5,0,0,0,0,0,3,0,2,0,1,2,0,0
2020-06-21,0,0,0,0,0,0,0,0,0,0,0,0,0,0,0,0,0,0,7,0,0,0,6,4,0,7,0,0,0,0,0,3,0,1,0,0,0,0,0
2020-06-22,0,0,0,0,0,0,0,0,0,0,7,0,0,0,0,0,0,0,17,0,1,1,12,0,0,5,0,0,0,0,1,39,0,3,0,12,9,0,0
2020-06-23,0,0,0,0,0,0,0,0,0,0,11,0,0,0,0,0,0,0,22,0,1,0,8,0,1,7,0,0,0,0,0,41,0,2,0,4,0,1,0
2020-06-24,0,0,0,0,0,0,0,0,0,0,3,0,0,0,0,0,0,0,6,0,0,1,21,0,0,9,0,0,0,0,0,12,0,7,0,2,5,0,0
2020-06-25,0,0,0,0,0,0,0,0,0,0,5,0,0,0,0,0,0,0,4,0,0,2,12,4,2,8,0,0,0,0,0,9,0,5,0,4,1,2,0
2020-06-26,0,0,0,0,0,0,0,0,0,0,6,0,0,0,0,0,0,0,3,0,0,1,14,4,3,10,0,0,0,0,0,9,1,7,0,2,0,0,0
2020-06-27,0,0,0,0,0,0,0,0,0,0,5,0,0,0,0,0,0,0,1,0,0,0,4,1,0,4,0,0,0,0,0,2,0,2,0,1,1,0,0
2020-06-28,0,0,0,0,0,0,0,0,0,0,0,0,0,0,0,0,0,0,3,0,0,2,12,2,2,6,0,0,0,0,0,2,0,1,0,0,0,0,0
2020-06-29,0,0,0,0,0,0,0,0,0,0,6,0,0,0,0,0,0,0,6,0,0,0,19,2,1,2,0,0,0,0,0,3,0,3,0,0,0,0,0
2020-06-30,0,0,0,0,0,0,0,0,0,0,2,0,0,0,0,0,0,0,6,0,0,3,36,2,0,9,0,0,0,0,0,5,0,2,0,3,1,0,0
2020-07-01,0,0,0,0,0,0,0,0,0,0,1,0,0,0,0,0,0,0,7,0,1,1,32,1,0,6,0,0,0,0,0,8,0,1,0,1,6,0,0
2020-07-02,0,0,0,0,0,0,0,0,0,0,1,0,0,0,4,0,0,0,4,0,0,0,115,1,2,5,0,0,0,0,0,3,0,2,0,1,15,0,0
2020-07-03,0,0,0,0,0,0,0,0,0,0,0,0,0,0,0,0,0,0,5,0,2,0,49,0,0,3,0,0,0,0,0,10,0,0,0,2,17,0,0
2020-07-04,0,0,0,0,0,0,0,0,0,0,0,0,0,0,0,0,0,0,1,0,0,2,24,1,0,0,0,0,0,0,0,2,0,1,0,2,3,4,0
2020-07-05,0,0,0,0,0,0,0,0,0,0,0,0,0,0,0,0,0,0,2,0,0,0,33,0,1,4,0,0,0,0,0,3,0,0,0,1,4,0,0
2020-07-06,0,0,0,0,0,0,0,0,0,0,0,0,0,0,0,0,0,0,2,0,0,0,162,6,0,6,0,0,3,0,1,5,0,0,0,6,22,2,0
2020-07-07,0,0,0,0,0,0,0,0,0,0,0,0,0,0,0,0,0,0,11,0,0,0,138,1,8,4,0,0,1,0,0,13,0,5,0,1,25,0,0
2020-07-08,0,0,0,0,0,0,0,0,0,0,0,0,0,0,0,0,0,0,8,0,0,3,70,2,5,10,0,0,6,0,0,17,0,3,0,2,29,0,0
2020-07-09,0,0,0,0,0,0,0,0,0,0,1,0,0,0,0,0,0,0,11,0,0,0,68,10,43,9,0,0,0,0,0,7,0,11,0,9,41,2,0
2020-07-10,0,0,0,0,0,0,0,0,0,0,4,0,0,0,0,0,0,0,7,0,0,0,144,1,8,10,0,0,0,0,0,3,0,4,0,3,39,1,0
2020-07-11,0,0,0,0,0,0,0,0,0,0,0,0,0,0,0,0,0,0,3,0,0,0,90,3,1,9,0,0,0,0,0,4,0,2,0,2,16,0,0
2020-07-12,0,0,0,0,0,0,0,0,0,0,0,0,0,0,0,0,0,0,6,0,0,0,50,1,2,4,0,0,1,0,0,3,0,4,0,5,7,0,0
2020-07-13,0,0,0,0,0,0,0,0,0,0,2,0,0,0,0,0,0,0,13,0,0,1,234,5,6,6,0,0,0,0,0,27,0,4,0,6,19,0,0
2020-07-14,0,0,0,0,0,0,0,0,0,0,2,0,0,0,0,0,0,0,6,0,0,2,114,6,2,5,0,0,2,0,0,7,0,9,0,1,5,0,0
2020-07-15,0,0,0,0,0,0,0,0,0,0,8,0,0,0,0,0,0,0,18,0,2,1,93,2,1,57,0,0,1,0,0,5,1,2,0,10,9,0,0
2020-07-16,0,0,0,0,0,0,0,0,0,0,2,0,0,0,0,0,0,0,6,0,0,1,77,0,3,32,0,0,2,0,0,16,0,3,0,13,7,0,0
2020-07-17,0,0,0,0,0,0,0,0,0,0,0,0,0,0,0,0,0,0,7,0,2,0,71,7,1,8,0,0,0,0,0,17,0,4,0,18,27,0,0
2020-07-18,0,0,0,0,0,0,0,0,0,0,0,0,0,0,0,0,0,0,5,0,0,0,42,1,0,4,0,0,0,0,0,9,0,2,0,3,11,0,0
2020-07-19,0,0,0,0,0,0,0,0,0,0,0,0,0,0,0,0,0,0,3,0,0,1,22,4,1,3,0,0,0,0,0,3,0,1,0,0,7,0,0
2020-07-20,0,0,0,0,0,0,0,0,0,0,0,0,0,0,0,0,0,0,3,0,0,0,71,1,4,9,0,0,0,0,0,20,0,4,0,2,10,0,0
2020-07-21,0,0,0,0,0,0,0,0,0,0,1,0,0,0,0,0,0,0,18,0,1,0,95,0,1,2,0,0,0,0,0,18,1,3,0,4,8,0,0
2020-07-22,0,0,0,0,0,0,0,0,0,0,1,0,0,0,0,0,0,0,9,0,0,0,193,2,1,14,0,0,0,0,0,39,0,19,0,4,4,0,0
2020-07-23,0,0,0,0,0,0,0,0,0,0,0,0,0,0,0,0,0,0,25,0,0,1,154,0,3,10,0,0,1,0,0,32,0,11,0,1,3,0,0
2020-07-24,0,0,0,0,0,0,0,0,0,0,1,0,0,0,0,0,0,0,10,0,0,0,97,0,4,6,0,0,1,0,1,20,0,60,0,2,6,1,0
2020-07-25,0,0,0,0,0,0,0,0,0,0,0,0,0,0,0,0,0,0,5,0,0,1,41,1,1,5,0,0,0,0,0,6,0,26,0,2,4,0,0
2020-07-26,0,0,0,0,0,0,0,0,0,0,0,0,0,0,0,0,0,0,3,0,0,0,30,0,2,2,0,0,0,0,0,8,0,11,0,2,2,0,0
2020-07-27,0,0,0,0,0,0,0,0,0,0,0,0,0,0,0,0,0,0,18,0,0,0,18,2,0,4,0,0,0,0,0,13,0,17,0,7,4,0,0
2020-07-28,0,0,0,0,0,0,0,0,0,0,2,0,0,0,0,0,0,0,8,0,0,0,35,1,5,5,0,0,1,0,0,1,0,40,0,9,3,2,0
2020-07-29,0,0,0,0,0,0,0,0,0,0,1,0,0,0,0,0,0,0,22,0,0,0,32,1,3,5,0,0,0,0,0,6,0,32,0,3,5,0,0
2020-07-30,0,0,0,0,0,0,0,0,0,0,0,0,0,0,0,0,0,0,69,0,3,0,24,7,9,3,0,0,0,0,0,14,0,21,0,0,3,0,0
2020-07-31,0,0,0,0,0,0,0,0,0,0,0,0,0,0,0,0,0,0,102,0,0,0,32,11,4,12,0,0,0,0,1,43,0,10,0,2,1,0,0
2020-08-01,0,0,0,0,0,0,0,0,0,0,0,0,0,0,0,0,0,0,49,0,1,1,16,2,3,4,0,0,0,0,2,23,0,7,0,1,6,0,0
2020-08-02,0,0,0,0,0,0,0,0,0,0,0,0,0,0,0,0,0,0,32,0,0,0,17,9,0,3,0,0,0,0,1,22,0,1,0,2,4,0,0
2020-08-03,0,3,0,0,0,0,0,0,0,0,1,0,0,0,0,0,0,0,35,0,0,0,20,0,4,6,0,0,0,0,0,70,0,5,0,7,4,0,0
2020-08-04,0,0,0,0,0,0,0,0,0,0,2,0,0,0,0,0,0,0,23,0,9,0,9,4,11,9,0,0,0,0,2,25,0,23,0,7,3,2,0
2020-08-05,0,0,0,0,0,0,0,0,0,0,2,0,0,0,0,0,0,0,33,0,2,1,21,2,0,3,0,0,0,0,0,16,0,10,0,2,10,2,0
2020-08-06,0,0,0,0,0,0,0,0,0,0,6,0,0,0,0,0,0,3,32,0,0,0,21,0,2,2,0,0,0,0,0,14,0,4,0,1,6,0,0
2020-08-07,0,0,0,0,0,0,0,0,0,0,0,0,0,0,0,0,0,0,28,0,0,0,13,0,0,5,0,0,0,0,1,16,0,3,0,4,3,0,0
2020-08-08,0,0,0,0,0,0,0,0,0,0,2,0,0,0,0,0,0,0,14,0,0,0,14,0,0,4,0,0,0,0,0,7,0,5,0,1,4,0,0
2020-08-09,0,0,0,0,0,0,0,0,0,0,0,0,0,0,0,0,0,0,12,0,0,0,8,0,2,10,0,0,0,0,0,7,1,7,0,0,3,0,0
2020-08-10,0,1,0,0,0,0,0,0,0,0,4,0,0,0,0,0,0,0,28,0,1,0,17,0,3,7,0,0,0,0,0,10,0,2,0,4,8,1,0
2020-08-11,0,0,0,0,0,0,0,0,0,0,2,0,0,0,0,0,0,0,20,0,0,0,106,3,4,1,0,0,0,0,0,5,0,9,0,3,14,0,0
2020-08-12,0,0,0,0,0,0,0,0,0,0,0,0,0,0,0,0,0,1,14,0,3,0,102,0,5,6,2,0,0,0,1,5,0,4,0,1,9,0,0
2020-08-13,0,0,0,0,0,0,0,0,0,0,3,0,0,0,0,0,0,0,56,0,1,3,69,0,5,1,4,0,0,0,0,7,0,7,0,1,3,1,0
2020-08-14,0,0,0,0,0,0,0,0,0,0,0,0,0,0,0,0,0,0,27,0,0,6,53,0,4,4,9,0,0,0,0,4,0,11,0,2,5,0,0
2020-08-15,0,0,0,0,0,0,0,0,0,0,0,0,0,0,0,0,0,0,19,0,0,1,37,1,2,2,2,0,0,0,0,1,0,2,0,1,1,0,0
2020-08-16,0,0,0,0,0,0,0,0,0,0,1,0,0,0,0,0,0,0,18,0,0,3,33,0,8,0,1,0,0,0,1,9,0,4,0,0,0,0,0
2020-08-17,0,0,0,0,0,0,0,0,0,0,0,0,0,0,0,0,0,0,19,0,0,0,100,2,17,3,1,0,1,0,0,4,0,0,0,0,3,0,0
2020-08-18,0,0,0,1,0,0,0,0,0,0,2,0,0,0,0,0,0,2,18,0,0,0,131,1,14,1,3,0,0,0,0,11,0,1,0,5,3,0,0
2020-08-19,0,0,0,0,0,0,0,0,0,0,0,0,0,0,0,0,0,0,54,0,1,3,88,1,30,2,4,0,0,0,0,2,0,6,0,0,0,0,0
2020-08-20,0,0,0,0,0,0,0,0,0,0,0,0,0,0,0,0,0,0,48,0,0,1,191,1,12,8,6,0,0,0,0,10,2,4,0,2,7,0,0
2020-08-21,0,0,0,0,0,0,0,0,0,0,2,0,0,0,0,0,0,0,101,0,7,2,203,1,14,5,1,0,0,0,0,15,0,13,0,0,6,0,0
2020-08-22,0,0,0,0,0,0,0,0,0,0,0,0,0,0,0,0,0,0,55,0,0,1,88,0,12,1,1,0,0,0,0,17,0,2,0,3,0,0,0
2020-08-23,0,0,0,0,0,0,0,0,0,0,0,0,0,0,0,0,0,0,52,0,0,0,66,0,3,2,3,0,0,0,0,1,0,2,0,3,7,0,0
2020-08-24,0,0,0,0,0,0,0,0,0,0,0,0,0,0,0,0,0,0,88,0,2,2,131,0,9,3,1,0,0,0,0,6,0,2,0,2,4,0,0
2020-08-25,0,0,0,0,0,0,0,0,0,0,1,0,0,0,0,0,0,0,54,0,1,0,84,0,7,1,1,0,2,0,0,4,0,3,0,3,25,0,0
2020-08-26,0,0,0,0,0,0,0,0,0,0,0,0,0,0,0,0,0,0,52,0,0,1,96,0,14,3,1,0,0,0,2,14,0,14,0,2,42,0,0
2020-08-27,0,0,0,0,0,0,0,0,0,0,0,0,0,0,0,0,0,0,53,0,1,3,136,0,7,2,1,0,0,0,3,49,0,3,0,0,17,0,0
2020-08-28,0,0,0,1,0,0,0,0,0,0,0,0,0,0,0,0,0,0,79,0,3,2,147,0,10,1,3,0,0,0,1,29,0,7,0,2,10,0,0
2020-08-29,0,0,0,0,0,0,0,0,0,0,0,0,0,0,0,0,0,0,65,0,0,0,79,0,3,0,0,0,0,0,0,5,0,1,0,3,4,0,0
2020-08-30,0,0,0,0,0,0,0,0,0,0,0,0,0,0,0,0,0,0,46,0,0,0,83,0,3,1,2,0,0,0,0,10,0,3,0,0,7,0,0
2020-08-31,0,0,0,0,0,0,0,0,0,0,0,0,0,0,0,0,0,0,124,0,8,2,315,0,14,7,0,0,0,0,0,14,0,16,0,1,11,0,0
2020-09-01,0,0,0,0,0,0,0,0,0,0,1,0,0,0,0,0,0,0,75,0,13,0,251,1,18,3,1,0,0,0,0,15,0,11,0,1,10,0,0
2020-09-02,0,0,0,0,0,0,0,0,0,0,2,0,0,0,0,0,0,0,85,0,8,7,273,1,37,5,0,0,0,0,0,5,0,12,0,3,7,0,0
2020-09-03,0,0,0,0,0,0,0,0,0,0,0,0,0,0,0,0,0,0,72,0,9,0,231,1,23,1,0,0,0,0,0,7,0,2,0,1,9,0,0
2020-09-04,0,0,0,0,0,0,0,0,0,0,4,0,0,0,0,0,0,0,59,0,4,2,186,0,12,0,0,0,0,0,0,16,0,7,0,0,2,0,0
2020-09-05,0,0,0,0,0,0,0,0,0,0,0,0,0,0,0,0,0,0,14,0,2,2,70,0,8,1,0,0,0,0,0,6,0,1,0,3,1,0,0
2020-09-06,0,0,0,0,0,0,0,0,0,0,0,0,0,0,0,0,0,0,17,0,2,0,57,0,3,0,0,0,0,0,0,4,0,4,0,0,5,0,0
2020-09-07,0,0,0,0,0,0,0,0,0,0,2,0,0,0,0,0,0,0,22,0,1,0,57,1,2,0,0,0,0,0,1,4,0,4,0,0,3,0,0
2020-09-08,0,0,0,0,0,1,0,0,0,0,1,0,0,0,0,0,0,0,59,0,8,1,213,3,2,1,0,0,0,0,0,15,0,9,0,4,4,0,0
2020-09-09,0,0,0,0,0,0,0,0,0,0,0,0,0,0,0,0,0,0,35,0,11,0,108,6,2,5,0,0,0,0,0,8,0,18,0,1,3,0,0
2020-09-10,0,3,0,0,0,1,0,0,0,0,0,0,0,0,0,0,0,0,42,0,5,1,63,1,2,3,0,0,0,0,0,5,0,3,0,3,4,0,0
2020-09-11,0,0,0,0,0,0,0,0,0,0,2,0,0,0,0,0,0,0,30,0,0,1,51,0,3,2,0,0,0,0,0,9,0,4,0,0,2,0,0
2020-09-12,0,0,0,0,0,0,0,0,0,0,0,0,0,0,0,0,0,0,15,0,0,0,33,1,9,3,0,0,0,0,0,2,0,0,0,0,0,0,0
2020-09-13,0,0,0,0,0,0,0,0,0,0,0,0,0,0,0,0,0,0,16,0,2,1,26,0,13,2,0,0,0,0,0,24,0,1,0,2,0,0,0
2020-09-14,0,0,0,0,0,0,0,0,0,0,0,0,0,0,0,0,0,0,21,0,3,1,94,2,26,3,0,0,0,0,0,26,0,4,0,1,2,0,0
2020-09-15,0,0,0,0,0,0,0,0,0,0,1,0,0,0,0,0,0,0,48,0,3,3,119,0,8,4,1,0,0,0,0,8,0,11,0,0,1,1,0
2020-09-16,0,0,0,0,0,0,0,0,0,0,0,0,0,0,0,0,0,0,31,0,10,1,101,0,5,0,0,0,0,0,2,4,0,7,0,1,5,0,0
2020-09-17,0,0,0,0,0,0,0,0,0,0,0,0,0,0,0,0,0,0,28,0,17,0,66,0,16,5,0,0,0,0,0,5,0,10,0,1,2,0,0
2020-09-18,0,0,0,0,0,0,0,0,0,0,2,0,0,0,0,0,0,0,38,0,11,1,75,2,5,3,0,0,0,0,0,8,0,1,0,8,5,0,0
2020-09-19,0,0,0,1,0,0,0,0,0,0,0,0,0,0,0,0,0,0,25,0,1,0,39,0,3,1,0,0,0,0,1,4,0,2,0,1,0,0,0
2020-09-20,0,0,0,0,0,0,0,0,0,0,0,0,0,0,0,0,0,0,11,0,6,0,40,0,1,2,0,0,0,0,0,1,2,1,0,1,4,0,0
2020-09-21,0,0,0,0,0,0,0,0,0,0,0,0,0,0,0,0,0,0,22,0,5,1,110,0,2,4,0,0,0,0,0,27,0,1,0,2,5,0,0
2020-09-22,0,0,0,0,0,0,0,0,0,0,1,0,0,0,0,0,0,0,19,0,24,0,201,0,7,17,1,0,1,0,0,14,0,3,0,0,1,0,0
2020-09-23,0,0,0,0,0,0,0,0,0,0,1,0,0,0,0,0,0,0,21,0,7,0,207,1,2,16,0,0,0,0,1,10,0,3,0,3,3,1,0
2020-09-24,0,0,0,0,0,0,0,0,0,0,0,0,0,0,0,0,0,0,16,0,4,0,94,0,0,7,1,0,0,0,1,3,0,2,0,5,2,0,0
2020-09-25,0,0,0,0,0,0,0,0,0,0,0,0,0,0,0,0,0,0,14,0,13,0,28,0,3,3,0,0,0,0,0,3,0,0,0,2,2,0,0
2020-09-26,0,0,0,0,0,0,0,0,0,0,3,0,0,0,0,0,0,0,14,0,0,0,18,0,5,3,0,0,1,0,0,1,0,2,0,1,3,0,0
2020-09-27,0,0,0,0,0,0,0,0,0,0,0,0,0,0,0,1,0,0,3,0,2,0,14,0,0,3,0,0,1,0,0,0,0,0,0,1,2,0,0
2020-09-28,0,0,0,0,0,1,0,0,0,0,0,0,0,0,0,0,0,0,9,0,3,0,38,0,0,4,1,0,0,0,0,8,3,2,0,7,1,1,0
2020-09-29,0,1,0,0,0,0,0,0,0,0,0,0,0,0,0,0,0,0,10,0,3,0,46,0,3,3,0,0,1,0,0,4,0,3,0,17,6,0,0
2020-09-30,0,0,0,0,0,0,0,0,0,0,2,0,0,0,0,0,0,0,10,0,1,0,38,0,6,2,2,55,2,0,0,2,1,5,0,3,7,0,0
2020-10-01,0,0,0,0,0,0,0,0,0,0,3,0,0,0,0,0,0,0,2,0,3,0,29,0,3,2,2,15,6,0,0,2,2,3,0,2,7,0,0
2020-10-02,0,0,0,0,0,0,0,0,0,0,3,0,0,0,0,0,0,0,8,0,2,0,47,0,3,10,1,7,3,0,0,3,1,9,0,7,8,0,0
2020-10-03,0,0,0,0,0,0,0,0,0,0,0,0,0,0,0,0,0,0,1,0,1,0,16,1,0,0,0,1,0,0,0,3,0,1,0,2,1,0,0
2020-10-04,0,0,0,0,0,0,0,0,0,0,0,0,0,0,0,0,0,0,0,0,3,0,16,0,0,2,2,0,1,0,0,0,0,6,0,0,2,0,0
2020-10-05,0,0,0,0,0,0,0,0,0,0,3,0,0,0,0,0,0,0,6,0,3,0,26,1,3,6,1,12,1,0,0,6,1,22,0,6,5,0,0
2020-10-06,0,0,0,0,0,1,0,0,0,0,0,0,0,0,0,0,0,0,26,0,1,0,25,2,4,7,0,20,0,0,0,2,5,12,0,7,4,0,0
2020-10-07,0,0,0,0,0,0,0,0,0,0,0,0,0,0,0,0,0,0,11,0,1,2,26,0,4,5,1,10,0,0,0,3,4,11,0,2,1,2,0
2020-10-08,1,0,0,0,0,1,0,0,0,0,1,0,0,0,0,0,0,0,11,0,59,0,32,0,4,2,0,4,1,0,0,11,2,23,0,4,2,0,0
2020-10-09,0,0,0,0,0,0,0,0,0,0,0,0,0,0,0,0,0,0,8,0,72,4,20,2,0,2,0,3,0,0,0,9,2,35,0,4,3,0,0
2020-10-10,0,0,0,0,0,0,0,0,0,0,0,0,0,0,0,0,0,0,15,0,15,1,21,2,2,2,0,1,0,0,0,4,0,8,0,3,1,0,0
2020-10-11,0,0,0,0,0,0,0,0,0,0,0,0,0,0,0,0,0,0,16,0,19,0,20,0,1,1,1,0,0,0,0,1,0,11,0,0,4,0,0
2020-10-12,0,0,0,0,0,0,0,0,0,0,0,0,0,0,1,0,0,0,68,0,13,0,27,1,2,8,5,3,3,0,0,5,10,6,0,2,8,0,0
2020-10-13,0,1,0,0,0,0,0,0,0,0,0,0,0,0,0,0,0,0,79,0,14,2,21,1,4,3,0,2,0,0,1,3,12,8,0,2,7,0,0
2020-10-14,0,0,0,0,0,0,0,0,0,0,0,0,0,0,0,0,0,0,33,0,8,4,40,4,4,3,1,2,0,0,0,1,0,2,0,7,59,0,0
2020-10-15,0,0,0,0,0,0,0,0,0,0,0,0,0,0,0,0,0,0,14,0,37,6,33,0,4,9,0,5,0,0,0,0,0,2,0,4,36,2,0
2020-10-16,0,2,0,1,0,0,0,0,0,0,0,0,0,0,0,0,0,0,20,0,28,8,27,1,0,3,1,2,0,0,0,3,2,3,0,7,16,1,0
2020-10-17,0,0,0,0,0,0,0,0,0,0,1,0,0,0,0,0,0,0,7,0,4,1,14,4,1,1,0,3,0,0,0,0,1,4,0,2,12,0,0
2020-10-18,0,0,0,0,0,0,0,0,0,0,1,0,0,0,0,0,0,0,3,0,7,2,18,5,1,1,0,0,0,0,0,3,1,3,0,3,3,0,0
2020-10-19,0,0,0,0,0,0,0,0,0,0,1,0,0,0,0,0,0,0,16,0,19,0,26,22,2,1,0,0,0,0,0,1,1,6,0,3,16,0,0
2020-10-20,0,0,0,0,0,1,0,0,0,0,3,0,0,0,0,0,0,0,9,0,16,1,38,6,1,2,0,0,0,0,0,6,0,6,0,4,10,0,0
2020-10-21,0,0,0,0,0,2,0,0,0,0,2,0,0,0,0,0,0,0,5,0,10,0,54,5,2,1,0,1,1,0,0,6,0,15,0,22,8,1,0
2020-10-22,0,0,0,0,0,0,0,0,0,0,1,0,0,0,0,0,0,0,11,0,15,3,49,0,2,7,0,6,0,0,0,6,0,9,0,4,6,0,0
2020-10-23,0,0,0,0,0,1,0,0,0,0,0,0,0,0,0,0,0,0,20,0,11,1,37,2,1,3,0,2,0,0,0,5,1,7,0,5,8,2,0
2020-10-24,0,0,0,0,0,0,0,0,0,0,0,0,0,0,0,0,0,0,6,0,8,1,19,1,1,1,0,3,0,0,0,2,0,1,0,1,4,0,0
2020-10-25,0,0,0,0,0,0,0,0,0,0,0,0,0,0,0,0,0,0,4,0,14,0,17,1,1,2,0,3,0,0,0,3,0,3,0,0,2,0,0
2020-10-26,0,0,0,0,0,0,0,0,0,0,0,0,0,0,0,0,0,0,7,0,15,1,17,0,0,1,1,2,0,0,0,5,1,8,0,0,2,1,0
2020-10-27,0,0,0,0,0,0,0,0,0,0,2,0,0,0,0,0,0,0,6,0,30,1,27,3,3,1,0,9,0,0,0,10,1,57,0,2,7,0,0
2020-10-28,0,0,0,0,0,0,0,0,0,0,0,0,0,0,0,0,0,0,14,0,20,2,26,2,2,5,0,2,2,0,0,6,0,21,0,2,8,0,0
2020-10-29,0,0,0,0,0,0,0,0,0,0,0,0,0,0,0,0,0,0,35,0,24,1,16,10,1,7,0,5,0,0,0,5,0,12,0,3,29,0,0
2020-10-30,0,0,0,0,0,0,0,0,0,0,0,0,0,0,0,0,0,0,24,0,16,0,21,3,0,11,0,0,0,0,0,2,0,3,0,3,15,3,0
2020-10-31,0,0,0,0,0,0,0,0,0,0,0,0,0,0,0,0,0,0,4,0,4,1,9,0,1,4,0,0,0,0,0,0,1,4,0,0,2,0,0
2020-11-01,0,0,0,0,0,0,0,0,0,0,0,0,0,0,0,0,0,0,5,0,0,1,6,0,0,7,0,3,1,0,0,0,0,1,0,1,8,0,0
2020-11-02,0,0,0,0,0,0,0,0,0,0,0,0,0,0,0,0,0,0,11,0,6,1,9,2,0,9,1,1,0,0,0,1,0,8,0,3,23,0,0
2020-11-03,0,0,0,0,0,0,0,0,0,0,1,0,0,0,0,0,0,0,7,0,6,8,10,0,0,4,2,2,0,0,0,1,0,6,0,1,47,0,0
2020-11-04,0,0,0,0,0,0,0,0,0,0,0,0,0,0,0,0,0,0,6,0,6,1,11,0,2,1,0,0,0,0,0,3,0,4,0,0,52,0,0
2020-11-05,0,0,0,0,0,0,0,0,0,0,0,0,0,0,0,0,0,0,9,0,8,2,16,0,0,2,1,8,0,0,1,5,0,6,0,5,78,1,0
2020-11-06,0,0,0,0,0,0,0,0,0,0,2,0,0,0,0,0,0,0,9,0,5,0,32,2,1,0,8,31,0,0,0,5,0,8,0,6,74,4,0
2020-11-07,0,0,0,0,0,0,0,0,0,0,0,0,0,0,0,0,0,0,5,0,4,0,16,1,1,3,1,8,0,0,1,0,0,4,0,0,22,2,0
2020-11-08,0,0,0,0,0,0,0,0,0,0,0,0,0,0,0,0,0,0,3,0,1,2,6,0,3,2,7,8,0,0,0,2,0,0,0,4,21,2,0
2020-11-09,0,0,0,0,0,0,0,0,0,0,0,0,0,0,0,0,0,0,1,0,13,9,17,1,8,3,18,36,0,0,0,0,0,8,0,5,52,5,0
2020-11-10,0,0,0,0,0,0,0,0,0,0,2,0,0,0,0,0,0,0,18,0,9,1,21,0,5,1,10,18,0,0,0,12,0,8,0,3,34,2,0
2020-11-11,0,0,0,0,0,0,0,0,0,0,1,0,0,0,0,0,0,0,10,0,9,1,9,1,1,0,5,24,0,0,0,1,2,4,0,6,47,2,0
2020-11-12,0,0,0,0,0,0,0,0,0,0,0,0,0,0,0,0,0,0,9,0,11,2,14,3,1,1,4,56,0,0,0,2,0,1,0,2,124,1,0
2020-11-13,0,0,0,0,0,0,0,0,0,0,0,0,0,0,0,0,0,0,6,0,2,0,21,1,2,6,3,24,0,0,0,1,0,2,0,6,204,0,0
2020-11-14,0,0,0,1,0,0,0,0,0,0,0,0,0,0,0,0,0,0,8,0,7,0,18,0,4,1,1,17,0,0,0,1,0,1,0,5,63,1,0
2020-11-15,0,0,0,0,0,0,0,0,0,0,0,0,0,0,0,0,0,0,3,0,5,0,12,0,7,0,2,14,0,0,0,2,0,4,0,2,59,0,0
2020-11-16,0,0,0,0,0,0,0,0,0,0,0,0,0,0,0,0,0,0,9,0,12,5,92,0,8,1,1,33,0,0,2,3,0,7,0,5,105,0,0
2020-11-17,0,0,0,0,0,0,0,0,0,0,0,0,0,0,0,0,0,0,9,0,10,0,135,2,0,2,3,110,0,0,0,4,1,4,0,2,113,1,0
2020-11-18,0,0,0,0,0,0,0,0,0,0,1,0,0,0,0,0,0,0,4,0,6,2,77,1,26,4,1,121,0,0,1,4,6,4,0,5,80,0,0
2020-11-19,0,1,0,0,0,0,0,0,0,0,0,0,0,0,0,0,0,0,12,0,11,0,81,2,4,4,0,69,0,0,1,3,5,3,0,3,50,0,0
2020-11-20,0,0,0,0,0,0,0,0,0,0,1,0,0,0,0,0,0,0,9,0,16,1,41,0,1,3,1,66,0,0,0,2,3,1,0,5,30,0,0
2020-11-21,0,0,0,0,0,0,0,0,0,0,0,0,0,0,0,0,0,0,3,0,2,0,26,0,2,1,0,31,0,0,0,0,0,1,0,0,28,0,0
2020-11-22,0,0,0,0,0,0,0,0,0,0,0,0,0,0,0,0,0,0,5,0,9,0,18,0,2,2,0,48,0,0,0,2,1,0,0,3,11,0,0
2020-11-23,0,0,0,0,0,0,0,0,0,0,1,0,0,0,0,1,0,0,13,0,7,1,40,0,5,1,2,140,0,0,0,16,3,2,0,4,52,0,0
2020-11-24,0,0,0,0,0,0,0,0,0,0,1,0,0,0,0,0,0,0,13,0,15,4,80,4,1,7,11,246,0,0,0,2,2,1,0,4,63,0,0
2020-11-25,0,0,0,0,0,0,0,0,0,0,2,0,0,0,0,0,0,0,9,0,22,2,103,2,2,1,5,679,0,0,0,6,0,6,0,12,59,0,0
2020-11-26,0,0,0,0,0,0,0,0,0,0,1,0,0,0,0,0,0,0,7,0,17,0,54,1,1,2,0,509,0,0,1,1,2,6,0,7,33,0,0
2020-11-27,0,0,0,0,0,0,0,0,0,0,1,0,0,0,0,0,0,0,13,0,54,0,99,0,9,9,10,1104,0,0,3,5,2,3,0,9,54,0,0
2020-11-28,0,0,0,0,0,0,0,0,0,0,0,0,0,0,0,0,0,0,3,0,66,1,38,2,1,4,6,341,0,0,0,0,0,4,0,6,32,2,0
2020-11-29,0,0,0,0,0,0,0,0,0,0,1,0,0,0,0,0,0,0,8,0,108,2,43,0,0,1,8,167,0,0,0,2,1,6,0,4,24,1,0
2020-11-30,0,0,0,0,0,0,0,0,0,0,1,0,0,0,0,0,0,0,18,0,230,2,70,0,2,1,71,439,0,0,0,1,0,20,0,6,27,3,0
2020-12-01,0,0,0,0,0,0,0,0,0,0,2,0,0,0,0,0,0,0,22,0,128,0,76,1,1,3,44,271,0,0,31,1,0,7,0,18,97,1,0
2020-12-02,0,0,0,0,0,1,0,0,0,0,1,0,0,0,0,0,0,0,15,0,63,1,78,4,2,6,14,300,0,0,19,1,0,9,0,10,61,1,0
2020-12-03,0,0,0,0,0,0,0,0,0,0,5,0,0,0,0,0,0,0,10,0,54,15,71,2,0,4,8,193,2,0,4,3,1,5,0,3,41,1,0
2020-12-04,0,0,0,0,0,0,0,0,0,0,2,0,0,0,0,0,0,0,6,0,65,7,62,0,1,3,14,120,0,0,12,3,0,5,0,8,25,2,0
2020-12-05,0,1,0,0,0,0,0,0,0,0,1,0,0,0,0,0,0,0,9,0,33,6,35,0,1,2,2,43,0,0,3,3,0,3,0,2,21,0,0
2020-12-06,0,0,0,0,0,0,0,0,0,0,0,0,0,0,0,0,0,0,2,0,28,1,36,0,0,1,2,32,0,0,9,0,0,1,0,3,11,0,0
2020-12-07,0,0,0,0,0,2,0,0,0,1,3,0,0,0,0,0,0,0,8,0,43,2,84,1,0,6,7,181,0,0,16,4,0,5,0,15,12,0,0
2020-12-08,0,0,0,0,0,1,0,0,0,0,0,0,0,0,0,0,0,0,13,0,92,0,117,4,5,2,6,143,0,0,14,6,0,2,0,11,13,0,0
2020-12-09,0,0,0,0,0,1,0,0,0,0,0,0,0,0,0,0,0,0,22,0,100,3,113,1,3,4,1,66,1,0,11,10,1,4,0,10,9,0,0
2020-12-10,0,0,0,0,0,0,0,0,0,0,0,0,0,0,0,0,0,0,9,0,31,0,68,2,2,3,5,54,0,0,5,8,0,3,0,8,4,0,0
2020-12-11,0,0,0,0,0,2,0,0,0,0,5,0,0,0,0,0,0,0,7,0,28,1,53,0,0,2,5,36,0,0,5,7,0,3,0,8,20,0,0
2020-12-12,0,0,0,0,0,0,0,0,0,0,1,0,0,0,0,0,0,0,8,0,15,1,38,0,2,4,2,37,0,0,2,2,0,2,0,22,7,0,0
2020-12-13,0,0,0,0,0,0,0,0,0,0,1,0,0,0,0,0,0,0,4,0,16,0,39,1,0,2,0,25,0,0,1,0,0,0,0,10,10,0,0
2020-12-14,0,0,0,0,0,0,0,0,0,0,1,0,0,0,0,0,0,0,8,0,35,5,66,0,1,2,6,50,0,0,5,1,0,4,0,17,11,0,0
2020-12-15,0,0,0,0,0,0,0,0,0,0,0,0,0,0,0,0,0,0,20,0,37,4,87,0,1,12,3,81,1,0,3,3,0,8,0,17,10,14,0
2020-12-16,0,0,0,0,0,0,0,0,0,0,0,0,0,0,0,0,0,0,8,0,20,2,55,0,2,5,2,61,0,0,4,4,0,4,0,12,13,34,13
2020-12-17,0,0,0,0,0,0,0,0,0,0,0,0,0,0,0,0,0,0,10,0,24,3,79,0,5,0,1,72,0,0,15,7,1,5,0,13,20,6,4
2020-12-18,0,0,0,0,0,0,0,0,0,0,1,0,0,0,0,0,0,0,16,0,23,1,221,0,0,11,2,81,0,0,6,8,3,3,0,9,18,5,4
2020-12-19,0,0,0,0,0,0,0,0,0,0,0,0,0,0,0,0,0,0,8,0,13,2,81,0,3,2,1,44,0,0,1,2,0,2,0,6,9,3,0
2020-12-20,0,0,0,0,0,0,0,0,0,0,2,0,0,0,0,0,0,0,3,0,16,0,51,1,3,6,1,56,0,0,3,4,0,3,0,4,10,0,0
2020-12-21,0,0,0,0,0,1,0,0,0,0,1,0,0,0,0,0,0,0,33,0,34,2,103,1,0,2,8,108,4,0,0,5,0,1,0,1,14,1,1
2020-12-22,0,0,0,0,0,1,0,0,0,0,1,0,0,0,0,0,0,0,53,0,113,2,84,2,1,5,15,90,0,0,2,0,1,3,0,1,9,1,1
2020-12-23,0,0,0,0,0,1,0,0,0,0,2,0,0,0,0,2,0,0,24,0,132,3,45,0,0,4,7,73,0,0,2,5,0,2,0,4,6,0,3
2020-12-24,0,0,0,0,0,2,0,0,0,0,0,0,0,0,0,0,0,0,16,0,71,3,45,0,1,6,0,45,0,0,1,1,2,4,0,3,6,1,1
2020-12-25,0,0,0,0,0,0,0,0,0,0,0,0,0,0,0,0,0,0,11,0,24,0,28,0,0,2,0,20,0,0,0,2,0,0,0,1,7,0,0
2020-12-26,0,0,0,0,0,0,0,0,0,0,0,0,0,0,0,0,0,0,6,0,39,1,19,2,1,3,1,20,0,0,0,3,1,0,0,2,4,1,0
2020-12-27,0,0,0,0,0,0,0,0,0,0,0,0,0,0,0,0,0,0,11,0,57,0,35,0,4,6,0,14,1,0,0,2,0,1,0,2,8,0,1
2020-12-28,0,0,0,0,0,0,0,0,0,0,0,0,0,0,0,0,0,0,8,0,102,3,52,1,2,3,3,55,8,0,0,4,1,1,0,4,5,0,1
2020-12-29,0,0,0,0,0,2,0,0,0,0,0,0,0,0,0,0,0,0,21,0,109,4,51,1,4,4,2,108,13,0,2,2,0,5,0,2,10,1,3
2020-12-30,0,0,0,0,0,1,0,0,0,0,0,0,0,0,0,0,0,0,14,0,91,16,50,0,8,2,1,74,4,0,1,7,1,6,0,3,11,0,0
2020-12-31,0,0,0,0,0,0,0,0,0,0,1,0,0,0,0,0,0,0,9,0,138,5,76,2,5,5,3,107,2,0,1,2,0,3,0,2,16,7,0
2021-01-01,0,0,0,1,0,0,0,0,0,0,0,0,0,0,0,0,0,0,8,0,59,4,45,0,2,3,1,51,1,0,1,3,0,2,0,0,10,0,1
2021-01-02,0,0,0,0,0,0,0,0,0,0,0,0,0,0,0,0,0,0,7,0,59,1,42,0,0,8,0,32,1,0,1,2,0,1,0,0,9,1,3
2021-01-03,0,0,0,0,0,0,0,0,0,0,0,0,0,0,0,0,0,0,5,0,36,2,34,0,0,1,0,58,6,0,0,3,0,2,0,1,29,1,1
2021-01-04,0,0,0,0,0,0,0,0,0,0,0,0,0,0,0,0,0,0,6,0,98,3,64,4,2,2,1,77,3,0,0,1,0,2,0,2,44,2,0
2021-01-05,0,0,0,0,0,0,0,0,0,0,0,0,0,0,3,0,0,0,7,0,76,2,66,0,0,3,4,55,7,0,1,1,4,3,0,3,18,1,3
2021-01-06,0,0,0,0,0,0,0,0,0,0,0,0,0,0,0,0,0,0,16,0,70,6,105,1,4,3,11,72,7,0,1,3,1,11,0,2,37,12,1
2021-01-07,1,0,0,0,0,0,0,0,0,0,0,0,0,0,0,0,0,0,8,0,41,1,147,2,3,6,12,63,5,0,1,0,2,4,0,3,21,15,0
2021-01-08,0,0,0,0,0,0,0,0,0,0,0,0,0,0,0,0,0,0,27,0,68,3,314,1,4,16,3,35,0,0,4,1,0,3,4,6,43,8,1
2021-01-09,0,0,0,0,0,1,0,0,0,0,0,0,0,0,0,0,0,0,14,0,39,1,185,0,8,30,3,21,0,0,1,1,0,3,2,1,48,1,2
2021-01-10,0,0,0,0,0,0,0,0,0,0,1,0,0,0,0,0,0,0,17,0,53,0,118,0,4,18,2,17,1,0,0,1,0,3,4,0,68,0,0
2021-01-11,0,0,0,0,0,0,0,0,0,0,1,0,0,0,0,0,0,2,22,0,132,5,153,1,5,34,8,42,0,0,2,3,0,5,3,1,91,6,0
2021-01-12,2,0,0,0,0,1,0,0,0,0,0,0,0,0,0,0,0,1,29,0,58,6,142,0,6,19,6,34,2,0,1,4,3,4,2,0,47,3,0
2021-01-13,0,0,0,0,0,2,0,0,0,0,1,0,0,0,0,0,0,0,47,0,726,4,75,2,4,12,16,103,2,0,8,3,1,8,0,11,28,24,3
2021-01-14,0,0,0,0,0,0,0,0,0,0,2,0,0,0,0,0,0,0,12,0,831,6,90,7,0,13,9,89,21,0,93,3,2,7,1,24,27,25,5
2021-01-15,0,1,0,0,0,0,0,0,0,0,0,0,0,0,0,0,0,0,16,0,913,67,84,8,0,14,11,217,23,0,179,3,1,13,0,11,23,52,2
2021-01-16,0,0,0,0,0,0,0,0,0,0,2,0,0,0,0,0,0,0,14,0,380,22,53,8,1,9,2,43,7,0,41,1,0,4,2,1,11,9,0
2021-01-17,0,0,0,0,0,1,0,0,0,0,2,0,0,0,0,0,0,0,5,0,263,32,41,6,0,14,2,36,0,0,30,0,0,2,3,4,15,10,3
2021-01-18,1,0,0,0,0,0,0,0,0,0,0,0,0,0,0,0,0,0,4,0,446,20,43,9,0,10,5,26,2,0,54,1,0,2,1,3,11,4,0
2021-01-19,0,0,0,1,0,0,0,0,0,0,1,0,0,0,0,0,0,0,10,0,762,90,49,20,1,17,9,76,5,0,151,5,0,6,2,18,13,6,0
2021-01-20,1,0,0,0,0,1,0,0,0,0,2,0,0,0,0,0,0,1,16,0,609,44,51,25,1,27,4,54,2,0,173,8,0,13,1,1,14,3,2
2021-01-21,0,0,0,0,0,0,0,0,0,0,1,0,0,0,0,0,0,0,24,0,701,15,39,30,2,49,3,67,5,0,126,4,2,8,4,16,17,6,0
2021-01-22,0,1,0,0,0,0,0,0,0,0,0,0,0,0,0,1,0,0,37,0,1858,163,67,20,2,81,5,266,24,0,181,6,3,22,1,11,14,7,0
2021-01-23,0,0,0,0,0,0,0,0,0,0,3,0,0,0,0,0,0,0,30,0,1079,62,62,29,1,22,3,143,8,0,98,12,1,9,8,8,10,4,2
2021-01-24,0,0,0,0,0,0,0,0,0,0,0,0,0,0,0,0,0,0,12,0,989,39,60,25,0,14,4,74,4,0,78,7,0,5,9,3,6,3,1
2021-01-25,0,2,0,0,0,1,0,0,0,0,4,0,0,0,0,0,0,0,39,0,3816,572,140,802,0,23,16,260,78,0,556,10,6,17,10,44,30,7,3
2021-01-26,0,3,0,0,0,0,0,0,0,0,8,0,0,0,0,0,0,0,46,0,5763,882,142,1008,3,86,32,255,84,0,633,24,7,44,18,103,35,14,3
2021-01-27,2,0,0,3,0,0,0,0,0,0,73,0,0,0,0,5,0,0,152,0,16659,11057,327,7142,10,208,1003,352,275,0,1319,24,1117,87,36,351,111,45,8
2021-01-28,1,2,0,0,0,0,0,0,0,0,763,0,0,0,0,4,0,0,393,0,33524,17872,421,9102,14,699,3305,267,396,0,1562,29,2686,124,25,345,175,44,15
2021-01-29,0,2,0,0,0,0,0,0,0,0,240,0,0,0,0,1,0,0,234,0,19022,11992,343,4199,3,422,2120,99,173,0,869,6,1154,137,15,129,86,37,14
2021-01-30,0,0,0,0,0,0,0,0,0,0,98,0,0,0,0,0,0,0,99,0,10502,5022,189,1264,4,257,363,49,66,0,393,14,310,68,10,73,23,26,5
2021-01-31,0,0,0,1,0,0,0,0,0,0,63,0,0,0,0,0,0,0,86,0,9394,4822,141,926,4,185,382,41,50,0,306,12,306,57,6,67,15,16,4
2021-02-01,1,0,0,1,0,0,0,0,0,0,76,0,0,0,0,0,0,0,75,0,15761,11169,208,1720,12,227,1760,75,85,0,422,8,524,90,4,187,80,43,8
2021-02-02,0,1,0,0,0,2,0,0,0,0,43,0,1,0,0,0,0,0,68,0,16485,10986,162,1497,5,173,826,62,46,0,283,11,348,53,8,89,46,83,8
2021-02-03,0,2,0,0,0,0,0,0,0,0,35,0,0,0,0,0,0,0,80,0,7358,5341,131,596,1,103,708,42,26,0,149,9,271,19,4,104,66,109,8
2021-02-04,0,0,0,153,0,1,0,0,0,0,12,0,0,0,0,0,0,0,90,0,6082,3605,121,473,4,142,403,50,10,0,124,16,192,35,172,86,44,54,3
2021-02-05,0,0,0,100,0,3,0,0,0,0,11,0,0,61,0,0,0,0,61,0,5491,3080,116,324,4,73,256,49,10,0,117,10,100,13,84,40,32,22,4
2021-02-06,0,0,0,2,0,0,0,0,0,0,5,0,0,2,0,0,0,0,18,0,1689,813,57,73,0,31,70,23,8,0,39,4,26,5,18,27,11,24,0
2021-02-07,1,0,0,0,0,0,0,0,0,0,3,0,0,1,0,0,0,0,20,0,1035,598,60,50,0,25,56,23,2,0,20,10,21,6,12,15,18,6,0
2021-02-08,2,0,0,4,0,2,0,0,0,0,11,0,0,4,0,0,0,0,55,0,1502,1133,242,123,10,44,140,103,6,0,35,5,32,23,22,16,24,44,0
2021-02-09,0,0,0,0,0,0,0,0,0,0,3,0,0,4,0,2,0,0,32,0,1672,1230,114,124,2,42,384,43,7,0,53,7,44,18,40,31,35,407,2
2021-02-10,0,2,0,1,0,1,0,0,0,0,6,0,0,0,0,4,0,0,38,0,1665,1231,127,66,4,67,1487,48,14,0,38,7,124,24,14,23,31,779,1
2021-02-11,1,0,0,2,0,0,0,0,0,0,11,0,0,0,0,1,0,0,47,0,1028,809,123,105,9,40,1604,62,11,0,46,16,170,24,8,35,27,567,0
2021-02-12,0,0,0,2,0,3,0,0,0,0,8,0,0,0,0,0,0,0,38,0,792,587,132,62,5,34,472,63,3,0,41,7,50,35,8,39,28,167,2
2021-02-13,0,0,0,0,0,13,0,0,0,0,1,0,0,0,0,0,0,0,23,0,473,240,72,20,3,21,108,36,0,0,29,4,11,9,0,6,4,39,0
2021-02-14,0,0,0,0,0,4,0,0,0,0,7,0,0,0,0,0,0,0,7,0,307,220,29,20,0,26,76,14,1,0,18,4,14,4,9,4,10,23,0
2021-02-15,0,0,0,1,0,1,0,0,0,0,3,0,0,0,0,0,0,0,21,0,329,277,53,16,3,22,67,49,0,0,10,9,7,11,3,5,9,21,0
2021-02-16,0,0,0,0,0,5,0,0,0,0,6,0,0,0,0,0,0,0,24,0,493,550,84,31,6,20,141,201,1,0,19,8,40,18,7,15,6,74,6
2021-02-17,0,0,0,0,0,12,0,0,0,0,5,0,0,0,0,0,0,0,43,0,523,317,85,41,1,28,109,152,1,0,13,13,28,14,9,9,16,52,0
2021-02-18,0,0,0,1,0,2,0,0,0,0,10,0,0,0,0,0,0,0,30,0,790,478,67,31,7,14,66,169,2,0,16,11,15,17,4,5,17,29,0
2021-02-19,1,0,0,2,0,2,0,0,0,0,7,0,0,0,0,0,0,0,32,0,596,319,64,26,13,12,93,378,0,0,12,3,17,8,10,5,10,20,6
2021-02-20,0,0,0,0,0,1,0,0,0,0,1,0,0,0,0,0,0,0,15,0,414,263,29,9,1,18,21,89,1,0,10,5,2,6,9,3,7,4,0
2021-02-21,0,0,0,0,0,0,0,0,0,0,8,0,0,0,0,2,0,0,15,0,320,248,40,10,1,16,25,82,0,0,1,3,0,4,2,3,4,19,1
2021-02-22,0,1,0,1,0,1,0,0,0,0,22,0,0,0,0,0,0,0,29,0,523,721,95,28,17,18,42,109,0,0,25,9,5,14,8,8,17,12,0
2021-02-23,0,0,0,0,0,0,0,0,0,0,10,0,0,0,0,0,0,0,33,0,498,903,151,23,2,19,27,102,0,0,20,4,19,16,0,3,16,12,1
2021-02-24,0,1,0,0,0,1,0,0,0,0,7,0,0,0,0,0,0,0,27,0,1715,1247,102,73,10,34,52,69,5,0,25,9,28,9,10,4,9,14,2
2021-02-25,0,0,0,1,0,0,0,0,0,0,4,0,0,0,0,0,0,0,30,0,3913,2128,111,153,11,48,103,142,7,0,47,6,31,16,16,8,16,29,2
2021-02-26,0,0,0,0,0,0,0,0,0,0,7,0,0,0,0,0,0,0,29,0,1947,1507,92,36,3,38,49,75,4,0,16,3,19,3,4,16,25,14,1
2021-02-27,0,0,0,0,0,1,0,0,0,0,3,0,0,0,0,0,0,0,23,0,727,543,38,14,2,19,20,35,0,0,4,2,4,2,9,9,17,4,8
2021-02-28,0,0,0,0,0,0,0,0,0,0,0,0,0,0,0,0,0,0,16,0,646,443,29,13,0,11,12,30,0,0,12,1,5,5,8,3,16,5,0
2021-03-01,0,0,0,0,0,0,0,0,0,0,5,0,0,3,0,0,0,0,33,0,1000,824,55,26,7,27,52,52,2,0,14,0,11,4,4,3,17,9,3
2021-03-02,0,0,0,0,0,1,0,0,0,0,11,0,0,0,0,0,0,0,26,0,1095,774,59,32,2,27,56,44,3,0,15,5,5,2,19,9,29,16,3
2021-03-03,0,0,0,0,0,0,0,0,0,0,9,0,0,0,0,0,0,0,29,0,1154,780,85,40,8,26,46,98,6,0,9,3,20,18,18,8,45,3,11
2021-03-04,0,0,0,0,0,0,0,0,0,0,5,0,0,0,0,0,0,0,29,0,940,760,110,32,4,18,47,138,5,0,17,7,8,7,22,7,29,7,2
2021-03-05,0,0,0,0,0,0,0,0,0,0,1,0,0,0,0,0,0,0,24,0,955,640,145,25,6,38,47,84,3,0,14,8,14,15,8,25,26,5,0
2021-03-06,0,0,0,0,0,0,0,0,0,0,1,0,0,0,0,0,0,0,18,0,475,313,68,14,3,4,9,28,4,0,9,3,1,3,5,15,16,5,0
2021-03-07,1,0,0,0,0,2,0,0,0,0,0,0,0,0,0,0,0,0,15,0,384,280,60,10,3,10,10,28,0,0,6,5,6,0,0,6,13,3,1
2021-03-08,0,0,0,0,0,0,0,0,0,0,6,0,0,0,0,0,0,0,40,0,1133,519,88,6,4,12,12,46,4,0,8,6,8,4,0,8,23,17,0
2021-03-09,0,0,0,2,0,0,0,0,0,0,2,0,0,0,0,0,0,0,33,0,1598,886,112,25,6,22,47,46,1,0,31,5,12,5,2,9,28,11,5
2021-03-10,0,0,0,0,0,0,0,0,0,0,2,0,0,0,0,0,0,0,30,0,2862,1358,77,41,3,26,39,34,0,0,24,7,12,8,2,6,17,11,4
2021-03-11,0,0,0,0,0,0,0,0,0,0,5,0,0,0,0,0,0,0,27,0,1508,778,58,62,3,24,64,49,0,0,10,1,11,6,0,2,22,25,3
2021-03-12,1,0,0,0,0,0,0,0,0,0,3,0,0,0,0,0,0,0,23,0,1082,611,43,30,2,14,20,27,1,0,30,6,6,5,4,14,9,20,3
2021-03-13,0,0,0,0,0,0,0,0,0,0,1,0,0,0,0,0,0,0,11,0,529,304,26,19,3,7,7,19,0,0,12,3,1,1,0,4,5,1,0
2021-03-14,0,0,0,0,0,0,0,0,0,0,0,0,0,0,0,0,0,0,6,0,573,316,18,17,0,18,12,16,0,0,9,0,5,2,2,7,12,8,0
2021-03-15,0,0,0,0,0,1,0,0,0,0,6,0,0,0,0,0,0,0,11,0,793,954,43,68,0,8,52,16,1,0,12,17,12,3,1,3,7,26,2
2021-03-16,0,0,0,0,0,0,0,0,0,0,1,0,0,0,0,0,0,0,20,0,1003,784,47,33,5,26,52,52,0,0,24,3,4,9,7,2,9,18,1
2021-03-17,0,0,0,0,0,0,0,0,0,0,3,0,0,0,0,0,0,0,15,0,744,512,45,24,1,11,53,33,1,0,11,0,3,3,18,3,6,13,2
2021-03-18,0,0,0,1,0,0,0,0,0,0,0,0,0,0,0,0,0,0,23,0,612,472,41,49,2,18,43,37,0,0,6,3,9,4,3,1,4,15,1
2021-03-19,0,0,0,0,0,1,0,0,0,0,0,0,0,0,0,0,0,0,17,0,707,543,45,29,8,15,24,44,0,0,1,2,14,5,0,1,11,15,1
2021-03-20,0,0,0,1,0,0,0,0,0,0,1,0,0,0,0,0,0,0,15,0,336,305,27,7,0,11,3,22,0,0,1,0,7,1,0,0,1,6,0
2021-03-21,0,0,0,0,0,0,0,0,0,0,0,0,0,0,0,0,0,0,11,0,287,242,36,10,0,5,6,14,0,0,3,4,4,3,0,0,1,2,0
2021-03-22,0,0,0,0,0,0,0,0,0,0,2,0,0,1,0,0,0,0,9,0,493,376,54,11,1,12,15,18,0,0,4,5,8,4,0,4,6,7,0
2021-03-23,1,0,0,0,0,0,0,0,0,0,2,0,0,0,0,0,0,0,10,0,794,390,25,14,1,9,22,29,0,0,5,26,7,5,0,3,8,10,1
2021-03-24,1,1,0,0,0,0,0,0,0,0,1,0,0,0,0,0,0,0,21,0,789,435,75,12,2,23,28,24,0,0,0,6,6,11,2,3,14,5,0
2021-03-25,0,0,0,0,0,0,0,0,0,0,0,0,0,1,0,0,0,0,12,0,746,422,36,8,1,36,24,24,0,0,9,3,9,4,0,1,11,9,3
2021-03-26,0,0,0,1,0,0,0,0,0,0,1,0,0,0,0,0,0,0,15,0,628,266,34,9,0,34,12,26,0,0,10,4,24,3,0,1,16,2,1
2021-03-27,0,0,0,0,0,0,0,0,0,0,0,0,0,0,0,0,0,0,12,0,282,116,12,1,3,7,9,21,0,0,12,0,3,8,0,1,5,1,2
2021-03-28,0,0,0,0,0,0,0,0,0,0,0,0,0,0,0,0,0,0,6,0,226,120,23,1,1,6,7,8,0,0,16,0,6,1,1,4,5,3,1
2021-03-29,0,0,0,0,0,0,0,0,0,0,1,0,0,0,0,0,0,0,5,0,324,196,28,10,1,15,15,22,0,0,8,3,3,1,0,5,11,5,2
2021-03-30,0,0,0,0,0,0,0,0,0,0,2,0,1,0,0,0,0,0,15,0,341,175,61,8,0,10,17,22,1,0,19,2,13,2,0,0,15,9,0
2021-03-31,0,0,0,0,0,0,0,0,0,0,1,0,0,0,0,0,0,0,11,0,304,184,36,7,1,16,19,32,1,0,37,12,14,0,0,3,4,24,0
2021-04-01,0,0,0,0,0,0,0,0,0,0,0,0,0,0,0,0,0,0,25,0,352,266,37,8,0,14,14,29,1,0,16,16,7,2,1,3,15,8,2
2021-04-02,0,0,0,0,0,0,0,0,0,0,1,0,0,0,0,0,0,0,10,0,167,114,37,3,1,12,5,22,0,0,8,2,13,1,0,1,3,7,0
2021-04-03,0,0,1,0,0,0,0,0,0,0,0,0,0,0,0,0,0,0,5,0,147,103,29,2,0,8,11,14,0,0,6,5,5,3,0,0,0,2,0
2021-04-04,0,0,0,0,0,0,0,0,0,0,0,0,0,0,0,0,0,0,2,0,150,119,32,5,0,16,4,11,0,0,9,3,8,1,1,0,3,2,0
2021-04-05,0,1,0,0,0,0,0,0,0,0,1,0,0,0,0,0,0,0,6,0,1558,191,55,6,2,32,13,24,1,0,5,5,2,4,1,1,2,9,0
2021-04-06,0,0,0,1,0,2,0,0,0,0,0,0,0,0,0,0,0,0,5,0,793,140,42,14,0,53,16,20,0,0,7,8,11,4,0,3,11,6,0
2021-04-07,0,0,0,0,0,1,0,0,0,0,0,0,0,0,0,0,0,0,30,0,682,176,26,16,1,22,35,19,1,0,28,5,7,4,0,2,15,12,1
2021-04-08,0,0,0,0,0,0,0,0,0,0,1,0,0,0,0,0,0,0,14,0,846,187,30,5,1,29,19,39,2,0,7,1,16,5,13,2,14,8,1
2021-04-09,0,0,0,0,0,0,0,0,0,0,0,0,0,0,0,0,0,0,20,0,774,203,21,14,5,30,8,24,3,0,8,2,28,6,3,2,7,16,4
2021-04-10,0,0,0,0,0,0,0,0,0,0,1,0,0,1,0,0,0,0,13,0,506,87,15,1,0,19,7,13,0,0,2,2,4,2,0,1,2,1,2
2021-04-11,0,0,0,0,0,0,0,0,0,0,0,0,0,0,0,0,0,1,4,0,350,98,12,2,0,21,6,10,1,0,2,7,7,0,1,0,3,3,1
2021-04-12,0,0,0,0,0,1,0,0,0,0,1,0,0,1,0,0,0,0,14,0,839,197,41,3,14,22,17,35,1,0,10,24,16,4,0,3,5,27,4
2021-04-13,0,0,0,0,0,0,0,0,0,0,1,0,0,0,0,0,0,0,27,0,876,180,54,9,13,34,17,67,3,0,10,17,6,5,1,6,4,18,0
2021-04-14,0,0,0,0,0,0,0,0,0,0,0,0,0,0,0,0,0,0,37,0,897,203,55,8,6,29,15,42,1,0,4,6,5,4,3,2,8,9,1
2021-04-15,0,1,0,0,0,0,0,0,0,0,1,0,0,0,0,0,0,0,14,0,635,235,47,12,5,27,16,28,1,0,5,2,2,5,7,21,18,14,3
2021-04-16,0,0,0,1,0,0,0,0,0,0,0,0,0,0,0,0,0,0,16,0,769,221,24,5,0,39,19,25,0,0,7,4,7,1,271,8,11,15,1
2021-04-17,0,1,0,1,0,0,0,0,0,0,1,0,0,0,0,0,0,0,11,0,558,91,13,1,2,58,13,5,0,0,6,3,4,1,52,0,4,8,5
2021-04-18,0,0,0,0,0,0,0,0,0,0,0,0,0,0,0,0,0,0,14,0,387,77,33,0,2,31,19,14,0,0,5,1,3,1,39,1,6,4,0
2021-04-19,0,0,0,0,0,0,0,0,0,0,3,0,0,0,0,0,0,0,22,0,769,162,46,9,4,18,75,13,2,0,4,3,10,6,97,2,6,10,0
2021-04-20,1,1,0,0,0,0,0,0,0,0,0,0,0,0,0,0,0,0,23,0,658,150,31,3,1,16,40,14,0,0,11,3,2,2,71,4,12,21,4
2021-04-21,0,0,0,0,0,0,0,0,0,0,1,0,0,0,0,0,0,0,16,0,645,181,36,4,4,31,5,14,0,0,8,9,7,2,53,9,14,16,1
2021-04-22,0,0,0,0,0,0,0,0,0,0,2,0,0,0,0,0,0,0,14,0,726,212,33,1,1,33,2,15,0,0,2,2,7,1,11,1,1,3,0
2021-04-23,0,0,0,0,0,0,0,0,0,0,0,0,0,0,0,0,0,0,7,0,731,139,28,2,7,21,7,4,1,0,3,4,5,12,7,1,8,6,1
2021-04-24,0,0,0,0,0,0,0,0,0,0,0,0,0,0,0,0,0,0,10,0,365,73,20,2,0,17,3,7,0,0,4,2,0,3,9,0,7,1,0
2021-04-25,0,0,0,0,0,0,0,0,0,0,0,0,0,0,0,0,0,0,15,0,315,82,18,2,1,23,7,6,0,0,5,7,3,6,16,0,8,1,0
2021-04-26,0,0,0,0,0,0,0,0,0,0,0,0,0,1,0,0,0,0,16,0,815,181,52,14,0,16,4,15,0,0,3,6,13,7,27,1,10,6,3
2021-04-27,0,0,0,3,0,0,0,0,0,0,0,0,0,0,0,0,0,0,31,0,707,212,42,11,3,24,13,8,3,0,5,17,20,23,20,6,7,17,13
2021-04-28,0,0,0,1,0,0,0,0,0,0,0,0,0,0,0,0,0,0,47,0,595,193,37,9,1,15,8,15,0,0,1,20,7,15,87,1,11,12,4
2021-04-29,1,0,0,0,0,1,0,0,0,0,1,0,0,0,0,0,0,0,32,0,561,143,37,155,5,33,4,12,0,0,3,9,11,5,99,4,17,12,5
2021-04-30,1,0,0,1,0,0,0,0,0,0,0,0,0,0,0,0,0,0,13,0,466,123,34,21,4,52,5,21,0,0,3,7,30,7,30,4,18,22,1
2021-05-01,0,0,0,0,0,0,0,0,0,0,0,0,0,0,0,0,0,0,10,0,266,60,30,6,0,13,5,3,0,0,2,0,1,0,5,5,5,7,0
2021-05-02,0,0,0,0,0,0,0,0,0,0,0,0,0,0,0,0,0,0,10,0,249,72,14,11,3,15,8,1,0,0,0,0,0,1,28,2,2,5,0
2021-05-03,0,0,0,0,0,1,0,0,0,0,0,0,0,0,0,0,0,0,19,0,473,122,23,25,0,21,18,11,0,0,1,11,4,9,17,2,0,26,1
2021-05-04,0,0,0,0,0,1,0,0,0,0,0,0,0,0,0,0,0,0,11,0,529,143,29,21,1,17,9,12,1,0,3,8,3,17,34,4,9,25,2
2021-05-05,1,0,0,0,0,0,0,0,0,0,1,0,0,0,0,0,0,0,22,0,723,185,28,12,1,33,17,25,0,0,5,4,4,13,19,6,1,15,1
2021-05-06,0,0,0,0,0,0,0,0,0,0,0,0,0,0,0,0,0,0,19,0,576,215,31,12,0,21,22,40,0,0,6,6,18,9,18,3,3,23,1
2021-05-07,0,0,0,0,0,0,0,0,0,0,0,0,0,0,0,0,0,0,4,0,433,174,20,55,1,14,9,31,0,0,4,6,3,4,14,4,4,52,0
2021-05-08,0,0,0,0,0,0,0,0,0,0,0,0,0,0,0,0,0,0,11,0,279,70,9,1,0,17,5,20,0,0,2,1,2,3,16,2,1,7,2
2021-05-09,0,0,0,0,0,0,0,0,0,0,0,0,0,0,0,0,0,0,2,0,265,93,18,6,0,16,6,10,0,0,0,1,4,0,9,2,1,7,2
2021-05-10,0,1,0,1,0,0,0,0,0,0,2,0,0,0,0,0,0,0,12,0,419,163,29,24,0,20,20,46,1,0,4,4,5,3,12,23,2,7,0
2021-05-11,0,0,0,0,0,0,0,0,0,0,0,0,0,0,0,0,0,0,11,0,708,216,43,7,0,67,20,87,1,0,1,1,3,5,13,19,9,13,3
2021-05-12,0,0,0,0,0,0,0,0,0,0,0,0,0,0,0,0,0,0,7,0,704,195,74,10,2,101,18,41,0,0,3,6,1,13,13,3,7,5,3
2021-05-13,0,0,0,0,0,0,0,0,0,0,0,0,0,0,0,0,0,0,14,0,758,411,112,5,1,116,15,21,0,0,5,9,6,6,6,3,5,7,10
2021-05-14,1,0,0,0,0,0,0,0,0,0,0,0,0,0,0,0,0,0,14,0,526,351,52,5,1,34,15,34,0,0,7,5,1,3,17,1,8,4,8
2021-05-15,0,0,0,0,0,0,0,0,0,0,0,0,0,0,0,0,0,0,2,0,326,134,19,0,0,18,2,9,0,0,3,3,1,2,8,0,5,0,1
2021-05-16,0,0,0,0,0,0,0,0,0,0,0,0,0,0,0,0,0,0,6,0,257,83,43,1,0,19,0,0,0,0,1,2,1,1,7,1,2,1,1
2021-05-17,2,0,0,0,0,0,0,0,0,0,1,0,0,0,0,0,0,0,8,0,557,255,109,5,1,44,5,18,1,0,4,5,5,3,33,4,9,8,4
2021-05-18,0,0,0,0,0,0,0,0,0,0,0,0,0,0,0,0,0,0,9,0,573,305,91,5,1,34,8,14,2,0,6,9,7,2,31,6,3,1,3
2021-05-19,0,1,0,0,0,0,0,0,0,0,0,0,0,0,0,0,0,0,14,0,515,194,93,10,1,22,7,11,0,0,5,0,4,18,3,6,2,2,1
2021-05-20,0,0,0,0,0,0,0,0,0,0,0,0,0,0,0,0,0,0,12,0,434,129,43,8,1,23,10,7,1,0,5,6,1,1,8,30,0,4,0
2021-05-21,0,0,0,0,0,0,0,0,0,0,0,0,0,0,0,0,0,0,11,0,349,111,29,6,14,15,7,2,1,0,2,2,1,4,5,21,5,4,0
2021-05-22,0,0,0,0,0,0,0,0,0,0,2,0,0,0,0,0,0,0,4,0,259,91,13,2,3,13,1,0,0,0,1,0,1,0,1,59,0,1,0
2021-05-23,0,0,0,0,0,0,0,0,0,0,0,0,0,0,0,0,0,0,2,0,255,113,12,2,6,12,1,3,0,0,0,0,1,0,1,43,0,1,0
2021-05-24,0,0,0,1,0,0,0,0,0,0,0,0,0,0,0,0,0,0,6,0,393,121,25,1,10,16,12,20,0,0,3,1,1,2,4,107,6,3,1
2021-05-25,0,0,0,0,0,0,0,0,0,0,1,0,0,0,0,0,0,0,11,0,989,293,20,5,7,33,5,7,2,0,6,3,1,2,2,88,10,10,11
2021-05-26,1,0,0,0,0,0,0,0,0,0,2,0,0,0,0,0,0,0,13,0,1183,575,32,7,14,27,20,10,2,0,16,3,5,1,6,54,10,13,19
2021-05-27,0,0,0,0,0,0,0,0,0,0,0,0,0,0,0,0,0,0,13,0,1017,1208,15,36,5,28,46,20,3,0,41,2,12,2,4,87,3,19,5
2021-05-28,0,0,0,0,0,1,0,0,0,0,1,0,0,0,0,0,0,0,18,0,924,1244,38,45,7,25,42,30,9,0,52,4,22,5,15,77,6,42,18
2021-05-29,0,0,0,0,0,1,0,0,0,0,4,0,0,0,0,0,0,0,20,1,408,386,19,9,2,24,12,7,8,0,6,7,2,1,10,17,1,6,3
2021-05-30,0,0,0,0,0,0,0,0,0,0,3,0,0,0,0,0,0,0,6,0,342,290,9,10,2,37,7,10,1,0,10,6,1,1,22,20,3,2,2
2021-05-31,0,0,0,0,0,0,0,0,0,0,0,0,0,0,0,0,0,0,1,0,319,271,10,8,1,18,28,4,1,0,11,0,1,3,4,12,3,5,4
2021-06-01,0,0,0,0,0,0,0,0,0,0,0,0,0,0,0,0,0,0,12,0,551,591,41,23,8,54,39,12,3,0,54,2,6,21,6,19,9,6,15
2021-06-02,1,0,0,1,0,0,0,0,0,0,3,0,0,0,0,0,0,0,4,0,891,2064,32,131,12,52,111,30,52,0,210,0,53,6,74,21,13,66,16
2021-06-03,0,0,0,0,0,0,0,0,0,0,5,0,0,0,0,0,0,0,17,1,805,2036,50,195,4,41,172,16,51,0,367,6,71,5,173,24,15,128,10
2021-06-04,0,0,0,0,0,0,0,0,0,0,2,0,0,0,0,0,0,0,15,1,555,1022,35,75,16,47,87,20,21,0,202,2,26,13,63,49,7,31,6
2021-06-05,0,0,0,0,0,1,0,0,0,0,0,0,0,0,0,0,0,0,4,2,354,466,16,19,4,85,22,12,12,0,77,4,19,3,30,9,1,8,3
2021-06-06,0,0,0,0,0,0,0,0,0,0,0,0,0,0,0,0,0,0,1,1,334,382,24,22,0,49,29,9,12,0,70,0,15,0,35,3,4,11,2
2021-06-07,0,0,0,0,0,3,0,0,0,0,1,0,0,0,0,0,0,1,14,0,508,615,32,40,3,60,48,13,6,0,142,2,16,4,186,18,10,23,9
2021-06-08,0,0,0,2,0,0,0,0,0,0,2,0,0,0,0,0,0,0,18,0,815,641,40,65,4,55,56,24,11,0,133,6,23,9,841,40,11,54,573
2021-06-09,1,0,0,0,0,1,0,0,0,0,2,0,0,0,0,0,0,0,14,0,1308,929,34,51,10,92,129,35,18,0,142,3,27,3,738,31,6,142,735
2021-06-10,0,0,0,0,0,1,0,0,0,0,3,0,0,0,0,0,0,0,12,1,962,787,17,31,5,91,33,14,9,0,101,5,21,6,373,18,5,50,380
2021-06-11,0,0,0,0,0,0,0,0,0,0,5,0,0,0,0,0,0,0,17,3,564,544,31,17,3,45,32,15,13,0,52,6,20,5,198,18,22,39,280
2021-06-12,0,0,0,0,0,1,0,0,0,0,0,0,0,0,0,0,0,0,4,0,287,266,13,9,0,11,24,5,3,0,22,7,13,0,98,7,11,15,101
2021-06-13,0,0,0,0,0,0,0,0,0,0,1,0,0,0,0,0,0,0,10,0,248,211,13,4,6,24,27,7,0,0,20,1,9,4,58,6,5,24,52
2021-06-14,0,0,0,0,0,0,0,0,0,0,3,0,0,0,0,0,0,0,17,0,374,407,46,29,8,49,27,22,2,0,35,8,11,10,118,14,14,29,283
2021-06-15,0,0,0,1,0,0,0,0,0,0,5,0,0,0,0,0,0,0,10,2,400,392,24,23,4,43,19,30,15,0,23,6,12,7,126,9,8,38,270
2021-06-16,0,0,0,0,0,1,0,0,0,0,1,0,0,0,0,0,0,0,12,3,396,378,25,10,9,34,16,17,2,0,31,2,13,6,84,3,11,22,181
2021-06-17,0,0,0,0,0,0,0,0,0,0,4,0,0,0,0,0,0,0,18,0,461,437,35,12,15,35,31,47,1,0,36,6,11,23,61,15,12,22,151
2021-06-18,0,0,0,0,0,0,0,0,0,0,3,0,0,0,0,0,0,0,13,0,346,392,28,19,18,36,31,45,5,0,30,0,6,8,86,2,6,12,123
2021-06-19,0,0,0,0,0,1,0,0,0,0,0,0,0,0,0,0,0,0,4,0,266,170,24,7,13,9,13,9,0,0,11,4,3,0,24,4,6,12,31
2021-06-20,0,0,0,0,0,0,0,0,0,0,0,0,0,0,0,0,0,0,4,0,232,112,10,4,1,20,4,4,0,0,5,1,4,1,61,4,3,4,22
2021-06-21,0,0,0,0,0,0,0,0,0,0,2,0,0,0,0,0,0,0,8,0,383,243,20,17,8,44,13,4,5,0,32,2,6,6,79,5,2,11,235
2021-06-22,0,0,0,0,0,1,0,0,0,0,1,0,0,0,0,0,0,0,10,0,706,217,15,6,7,27,10,19,0,0,28,9,2,7,105,19,3,16,210
2021-06-23,0,0,0,0,0,1,0,0,0,0,3,0,0,0,0,0,0,0,5,0,376,167,59,10,5,25,27,24,10,0,37,6,17,13,121,13,7,15,171
2021-06-24,1,1,0,0,0,0,0,0,0,0,2,0,0,0,0,0,0,0,5,0,283,180,63,4,5,27,21,30,7,0,22,3,4,10,101,17,2,11,213
2021-06-25,0,0,0,0,0,0,0,0,0,0,6,0,0,0,0,0,0,0,8,0,354,210,49,55,5,23,6,25,3,0,29,5,2,3,99,133,6,12,103
2021-06-26,0,0,0,0,0,0,0,0,0,0,0,0,0,0,0,0,0,0,2,2,220,87,10,10,4,13,3,11,0,0,10,1,2,2,33,34,5,2,42
2021-06-27,1,0,0,1,0,0,0,0,0,0,0,0,0,0,0,0,0,0,6,0,266,126,26,3,3,9,16,9,1,0,6,0,1,0,37,43,7,5,47
2021-06-28,0,0,0,0,0,0,0,0,0,0,2,0,0,0,0,0,0,0,12,1,415,155,37,10,13,19,13,15,6,0,12,4,4,10,50,37,17,11,93
2021-06-29,1,0,0,0,0,0,0,0,0,0,3,0,0,0,0,0,0,0,7,0,321,168,23,5,7,25,20,18,2,0,10,3,1,39,88,43,16,14,92
2021-06-30,0,0,0,0,0,0,0,0,0,0,2,0,0,0,0,0,0,0,12,1,339,168,31,9,7,23,20,15,16,0,10,3,6,39,87,31,13,9,81
2021-07-01,0,0,0,0,0,0,0,0,0,0,5,0,0,0,0,0,0,0,7,0,430,173,21,3,6,47,11,10,12,0,8,1,3,35,43,31,18,6,123
2021-07-02,0,0,0,0,0,0,0,0,0,0,0,0,0,0,0,0,0,0,9,0,403,203,28,5,9,37,20,14,1,0,6,12,9,9,60,78,10,6,91
2021-07-03,0,0,0,0,0,0,0,0,0,0,0,0,0,0,0,0,0,0,4,0,242,92,8,3,8,11,1,9,0,0,2,4,1,4,17,12,4,5,19
2021-07-04,0,0,0,0,0,0,0,0,0,0,0,0,0,0,0,0,0,0,6,0,198,52,5,4,1,26,10,8,1,0,2,6,0,1,14,17,1,3,19
2021-07-05,0,0,0,0,0,0,0,0,0,0,0,0,0,0,0,0,0,0,11,0,165,88,9,8,4,11,11,2,0,0,2,0,2,7,20,8,2,2,42
2021-07-06,0,0,0,0,0,0,0,0,0,0,0,0,0,0,0,0,0,0,5,1,335,129,20,9,19,14,12,7,1,0,4,12,4,3,43,21,10,1,42
2021-07-07,0,0,0,0,0,0,0,0,0,0,0,0,0,0,0,0,0,0,11,2,322,207,11,5,9,22,15,9,2,0,7,8,3,6,40,11,5,4,48
2021-07-08,0,1,0,0,0,0,0,0,0,0,2,0,0,0,0,0,0,0,29,0,354,230,25,10,6,30,15,8,3,0,5,3,4,8,31,48,2,14,54
2021-07-09,1,0,0,1,0,0,0,0,0,0,1,0,0,0,0,0,0,0,20,0,260,105,12,8,5,13,8,6,1,0,4,7,6,7,31,58,8,4,32
2021-07-10,0,0,0,0,0,0,0,0,0,0,0,0,0,0,0,0,0,0,14,0,142,82,12,0,2,24,5,1,0,0,5,0,1,2,14,22,4,0,10
2021-07-11,0,0,0,0,0,0,0,0,0,0,1,0,0,0,0,0,0,0,7,0,97,66,4,2,1,8,4,1,1,0,4,1,1,2,19,68,1,0,9
2021-07-12,0,0,2,0,0,0,0,0,0,0,0,0,0,0,0,0,0,0,8,0,238,141,13,2,3,32,10,3,0,0,9,0,7,3,55,128,4,3,26
2021-07-13,0,0,0,0,0,0,0,0,0,0,0,0,0,0,1,0,0,0,13,1,263,188,17,57,1,16,13,3,1,0,6,3,5,3,49,50,1,20,17
2021-07-14,0,0,0,0,0,0,0,0,0,0,2,0,0,0,0,0,0,0,26,4,325,245,18,28,4,26,0,2,3,0,7,4,4,2,33,35,9,9,53
2021-07-15,0,1,0,0,0,0,0,0,0,0,0,0,0,0,0,0,0,0,19,0,360,218,15,11,10,18,22,5,2,0,10,8,2,4,22,18,1,15,28
2021-07-16,0,0,0,0,0,0,0,0,0,0,3,0,0,0,0,0,0,0,8,0,264,144,11,11,8,23,4,0,0,0,4,2,4,1,26,22,1,1,34
2021-07-17,0,0,0,0,0,0,0,0,0,0,2,0,0,0,0,0,0,0,3,0,169,61,13,3,3,17,1,5,0,0,0,0,2,3,10,16,0,11,16
2021-07-18,0,0,2,0,0,0,0,0,0,0,1,0,0,0,0,0,0,0,5,1,175,56,9,0,4,17,2,2,0,0,5,0,1,1,10,8,0,4,10
2021-07-19,0,0,2,0,0,0,0,0,0,0,4,0,0,0,0,0,0,0,4,0,215,106,7,19,9,16,5,0,0,0,2,3,3,2,9,9,0,0,15
2021-07-20,0,0,0,0,0,0,0,0,0,0,0,0,0,0,0,0,0,0,13,0,259,121,20,12,36,26,13,7,2,0,3,2,6,1,20,7,3,3,10
2021-07-21,0,0,0,0,0,0,0,0,0,0,5,0,0,0,0,0,0,0,8,0,217,136,15,5,11,18,10,2,1,0,1,6,16,2,35,2,3,2,23
2021-07-22,0,0,0,1,0,0,0,0,0,0,3,0,0,0,0,0,0,0,5,0,204,79,15,3,10,19,5,6,0,0,0,3,4,6,52,3,5,2,13
2021-07-23,0,0,0,0,0,0,0,0,0,0,0,0,0,0,0,0,0,0,3,0,176,94,9,2,6,19,9,4,0,0,2,1,6,5,35,6,1,6,16
2021-07-24,0,0,0,0,0,0,0,0,0,0,0,0,0,0,0,0,0,0,5,0,71,40,9,0,1,22,2,3,2,0,2,1,1,3,5,2,5,1,5
2021-07-25,0,0,2,0,0,0,0,0,0,0,0,0,0,0,0,0,0,0,8,0,96,45,14,3,2,5,3,0,0,0,1,4,0,8,13,0,2,0,4
2021-07-26,0,0,0,0,0,0,0,0,0,0,0,0,0,0,0,0,0,0,4,0,129,67,33,6,2,18,3,4,0,0,6,0,3,4,15,4,1,6,3
2021-07-27,0,0,0,0,0,0,0,0,0,0,0,0,0,0,0,0,0,0,23,0,231,43,33,12,1,19,8,5,0,0,6,12,3,2,10,2,4,6,14
2021-07-28,0,0,0,0,0,0,0,0,0,0,0,0,0,0,0,2,0,0,12,0,291,85,11,4,2,38,10,4,1,0,8,9,6,18,25,3,3,35,15
2021-07-29,0,0,0,0,0,0,0,0,0,0,0,0,0,0,0,0,0,0,9,0,209,71,24,19,2,33,2,3,0,306,2,5,3,33,17,0,1,21,15
2021-07-30,0,0,0,0,0,0,0,0,0,0,0,0,0,0,0,0,0,0,10,1,166,56,12,5,3,28,3,2,5,142,4,1,1,24,20,0,1,13,1
2021-07-31,0,1,0,0,0,0,0,0,0,0,0,0,0,0,0,0,0,0,1,0,106,42,8,2,0,8,0,1,0,34,1,1,0,6,2,0,0,2,9
2021-08-01,0,0,0,0,0,0,0,0,0,0,2,0,0,0,0,0,0,0,5,0,123,43,3,2,0,8,0,1,0,23,1,7,0,1,6,7,2,3,1
2021-08-02,0,0,0,0,0,0,0,0,0,0,0,0,0,0,0,0,0,0,4,1,146,59,19,4,0,12,1,5,0,35,0,3,2,16,13,1,3,1,9
2021-08-03,0,0,0,1,0,0,0,0,0,0,0,0,0,0,0,0,0,0,5,0,247,100,10,6,0,17,1,1,0,70,1,3,2,43,13,0,3,7,3
2021-08-04,0,0,0,0,0,0,0,0,0,0,5,0,0,0,0,0,0,0,6,1,233,161,21,2,9,19,8,6,0,241,0,8,3,93,16,0,3,6,8
2021-08-05,0,0,0,0,0,0,0,0,0,0,0,0,0,0,0,0,0,0,14,0,228,149,14,1,10,14,4,6,0,150,7,6,1,28,13,8,2,7,3
2021-08-06,0,0,0,0,0,0,0,0,0,0,0,0,0,0,0,0,0,0,6,0,161,86,14,0,1,18,3,12,0,65,0,3,0,18,16,6,1,3,9
2021-08-07,0,0,0,1,0,0,0,0,0,0,0,0,0,0,0,0,0,0,3,0,111,47,7,1,0,9,1,13,0,15,1,1,0,8,10,2,3,0,2
2021-08-08,0,0,0,0,0,0,0,0,0,0,0,0,0,0,0,0,0,0,4,0,123,73,10,0,2,6,4,14,0,27,1,1,0,2,12,7,5,4,6
2021-08-09,0,0,0,0,0,0,0,0,0,0,0,0,0,0,0,0,0,0,9,0,214,143,12,2,4,6,3,8,0,20,1,3,1,9,15,1,2,1,3
2021-08-10,0,1,0,0,0,0,0,0,0,0,2,0,0,0,0,0,0,0,6,0,221,118,16,0,2,10,12,11,0,27,4,2,0,3,24,2,3,2,3
2021-08-11,0,0,0,0,0,0,0,0,0,0,0,0,0,0,0,0,0,0,5,1,197,83,15,2,0,19,5,10,0,18,4,1,1,10,25,8,7,1,11
2021-08-12,0,0,0,0,0,0,0,0,0,0,1,0,0,0,0,0,0,0,6,1,201,73,10,3,2,23,6,34,0,32,7,1,0,7,81,6,4,3,77
2021-08-13,0,0,0,0,0,0,0,0,0,0,0,0,0,0,0,0,0,0,7,0,183,29,8,4,0,22,4,21,1,26,3,1,3,7,28,12,3,1,88
2021-08-14,0,0,0,0,0,0,0,0,0,0,1,0,0,0,0,0,0,0,5,0,98,29,5,5,0,4,1,2,0,14,6,4,3,2,8,1,5,0,9
2021-08-15,0,0,0,0,0,0,0,0,0,0,0,0,0,0,0,0,0,0,1,0,111,43,4,0,9,12,2,2,0,9,3,0,0,0,21,2,0,0,11
2021-08-16,0,0,0,0,0,0,0,0,0,0,0,0,0,0,0,0,0,0,7,0,180,52,28,2,2,10,7,11,0,17,8,2,1,6,22,3,7,6,42
2021-08-17,3,0,0,0,0,0,0,0,0,0,0,0,0,0,0,0,0,0,6,0,162,55,21,0,3,14,5,26,0,17,0,1,0,2,14,0,2,8,20
2021-08-18,0,0,0,0,0,0,0,0,0,0,2,0,0,4,0,0,0,0,6,1,231,55,18,0,4,13,0,26,0,30,7,3,1,1,22,1,4,11,13
2021-08-19,0,0,0,0,0,0,0,0,0,0,2,0,0,0,0,0,0,0,9,2,165,57,14,2,11,20,1,9,0,50,1,3,3,3,21,1,1,2,35
2021-08-20,0,1,1,0,0,0,0,0,0,0,7,0,0,0,0,0,0,0,8,0,179,40,19,6,7,26,3,4,0,31,3,9,9,2,19,1,8,1,21
2021-08-21,0,0,0,0,0,0,0,0,0,0,0,0,0,0,0,0,0,0,2,0,116,18,9,1,3,9,0,11,0,12,0,5,0,1,2,0,1,0,10
2021-08-22,0,0,0,0,0,0,0,0,0,0,0,0,0,0,0,0,0,0,3,0,90,12,4,0,8,4,0,3,0,5,2,6,2,1,6,1,0,0,4
2021-08-23,0,0,0,0,0,0,0,0,0,0,0,0,0,0,0,0,0,0,5,0,160,62,6,3,18,12,3,4,0,14,0,2,1,1,11,0,3,1,5
2021-08-24,0,0,0,0,0,0,0,0,0,0,0,0,0,0,0,0,0,0,7,0,434,135,8,3,12,17,5,10,2,25,10,2,8,1,29,3,1,4,11
2021-08-25,0,0,0,0,0,0,0,0,0,0,7,0,0,0,0,0,0,0,4,4,357,133,9,3,8,10,0,12,1,18,5,4,15,1,13,3,4,1,9
2021-08-26,0,0,0,0,0,0,0,0,0,0,0,0,0,0,0,0,0,0,5,0,204,88,12,1,8,19,2,9,1,18,7,5,20,3,15,2,2,1,6
2021-08-27,1,0,0,0,0,0,0,1,0,1,0,0,0,0,0,0,0,0,5,1,199,64,13,2,4,14,2,2,0,16,8,2,4,4,3,0,2,0,11
2021-08-28,0,0,0,0,0,0,0,0,0,0,0,0,0,0,0,0,0,0,5,1,142,41,8,0,1,17,1,8,0,13,2,1,20,0,3,0,1,2,2
2021-08-29,0,0,0,0,0,0,0,0,0,0,0,0,0,0,0,0,0,0,3,0,112,40,7,1,2,11,1,4,0,11,4,0,15,0,4,3,2,0,4
2021-08-30,0,0,0,0,0,0,0,0,0,0,0,0,0,0,0,0,0,0,18,0,196,46,17,3,1,11,5,8,3,26,4,2,9,2,10,0,2,3,9
2021-08-31,0,0,0,0,0,0,0,0,0,0,0,0,4,0,0,0,0,0,21,0,191,65,10,4,0,24,5,6,1,27,12,3,8,3,6,2,4,6,3
2021-09-01,3,0,0,0,0,0,0,0,0,0,0,0,1,0,0,0,0,0,10,1,222,64,14,3,5,20,1,5,2,12,1,2,9,2,9,2,1,5,9
2021-09-02,0,0,0,0,0,0,0,0,0,0,0,0,1,0,0,0,0,0,14,1,217,48,9,1,3,12,5,5,0,27,1,3,1,2,25,11,5,2,10
2021-09-03,0,0,0,0,0,0,0,0,0,0,0,0,0,0,0,0,0,0,8,0,212,37,8,0,0,6,7,4,2,7,0,1,3,2,49,5,4,1,3
2021-09-04,0,0,0,0,0,0,0,0,0,0,2,0,0,0,0,0,0,0,4,0,112,32,12,2,3,10,1,5,0,10,0,0,1,0,14,2,1,0,0
2021-09-05,0,0,0,0,0,0,0,0,0,0,1,0,0,0,0,0,0,0,6,0,99,18,2,0,2,8,1,2,0,3,1,0,3,0,53,6,0,1,3
2021-09-06,0,0,0,0,0,0,0,0,0,0,0,0,0,0,0,0,0,0,10,0,137,30,15,0,1,7,0,13,0,6,0,3,3,0,105,0,4,0,7
2021-09-07,0,1,0,0,0,0,0,0,0,0,0,0,0,0,0,0,0,0,9,0,215,46,20,2,5,9,2,0,1,13,2,2,4,0,144,0,3,4,1
2021-09-08,0,0,0,0,0,0,0,0,0,0,0,0,0,0,0,0,0,0,15,0,307,48,11,3,0,18,1,0,0,12,0,1,1,2,93,2,2,3,6
2021-09-09,0,0,0,0,0,0,0,0,0,0,2,0,1,0,0,0,0,0,12,0,326,52,7,0,4,23,0,4,3,6,2,6,0,1,55,1,0,3,4
2021-09-10,0,0,0,0,0,0,0,0,0,0,0,0,0,0,0,0,0,0,30,0,183,61,15,0,0,14,3,4,0,9,2,3,0,0,28,1,3,1,5
2021-09-11,0,0,0,0,0,0,0,0,0,0,0,0,0,0,0,0,0,0,8,0,121,44,9,2,0,9,0,1,0,7,4,1,0,1,5,1,0,4,4
2021-09-12,0,0,0,0,0,0,0,0,0,0,0,0,0,0,0,0,0,0,8,0,127,43,8,1,3,21,2,2,0,9,0,0,0,1,9,0,0,3,0
2021-09-13,0,0,0,0,0,0,0,0,0,0,0,0,0,0,0,0,0,0,16,0,180,39,5,2,2,28,2,2,0,14,2,2,1,0,21,0,0,3,12
2021-09-14,0,0,0,0,0,0,0,0,0,0,0,0,0,0,0,0,0,0,26,0,206,48,6,0,3,8,1,2,1,4,2,0,0,0,23,2,1,6,8
2021-09-15,0,0,0,0,0,0,0,0,0,0,2,0,0,0,0,0,0,0,20,0,163,35,13,1,1,16,3,12,0,16,1,7,0,1,20,4,0,0,6
2021-09-16,0,0,0,0,0,0,0,0,0,0,6,0,0,0,0,0,0,0,1,1,170,42,6,2,1,8,1,23,0,7,8,5,0,2,16,1,0,2,12
2021-09-17,0,0,0,0,0,0,0,0,0,0,0,0,0,0,0,0,0,0,1,0,153,46,4,1,1,7,0,7,0,10,3,5,1,1,5,1,0,2,9
2021-09-18,0,0,0,0,0,0,0,0,0,0,0,0,0,0,0,0,0,0,2,0,69,18,5,0,0,9,1,7,0,8,1,0,0,0,5,1,2,1,2
2021-09-19,0,0,0,0,0,0,0,0,0,0,0,0,0,0,0,0,0,0,4,0,77,10,8,1,0,5,0,3,0,3,2,2,0,0,2,0,0,3,5
2021-09-20,0,0,0,0,0,0,0,0,0,0,0,0,0,0,0,0,0,0,5,0,161,32,6,1,2,19,2,4,0,15,2,3,0,0,5,0,2,0,5
2021-09-21,0,0,0,0,0,0,0,0,0,0,0,0,0,0,0,0,0,0,16,0,123,21,6,0,2,17,0,3,0,7,2,2,6,1,3,0,0,3,15
2021-09-22,0,0,0,0,0,0,0,0,0,0,0,0,0,0,0,0,0,0,3,0,104,29,6,2,1,14,0,5,1,19,11,2,2,1,10,0,0,3,12
2021-09-23,0,0,0,0,0,0,0,0,0,0,0,0,0,0,0,0,0,0,10,0,142,26,9,0,0,16,5,3,0,18,18,1,1,1,3,0,1,1,17
2021-09-24,0,0,0,0,0,0,0,0,0,0,0,0,0,0,0,0,0,0,5,0,159,21,11,0,1,20,1,4,0,30,5,2,13,0,6,0,0,1,14
2021-09-25,0,0,0,0,0,0,0,0,0,0,0,0,0,0,0,0,0,0,0,0,92,13,7,1,0,12,1,1,0,15,1,1,3,1,6,0,1,0,3
2021-09-26,0,0,0,0,0,0,0,0,0,0,0,0,0,0,0,0,0,0,3,0,83,19,8,0,2,11,2,2,1,11,0,0,2,0,2,0,0,0,3
2021-09-27,0,0,0,0,0,0,0,0,0,0,4,0,0,0,0,0,0,0,2,0,114,23,16,2,2,64,1,3,1,13,1,3,17,2,6,1,1,7,9
2021-09-28,0,0,0,0,0,0,0,0,0,0,1,0,0,0,0,0,0,0,3,0,141,22,9,2,5,68,1,2,0,25,1,3,41,1,3,0,2,1,6
2021-09-29,0,0,0,0,0,0,0,0,0,0,0,0,3,0,0,0,0,0,5,0,143,35,23,1,0,47,1,8,9,35,4,0,6,5,5,3,2,5,7
2021-09-30,0,0,0,0,0,0,0,0,0,0,0,0,0,0,0,0,0,0,1,0,153,41,9,2,0,77,2,3,14,31,2,0,9,4,7,8,2,11,17
2021-10-01,0,0,0,0,0,0,0,0,0,0,0,0,0,0,0,0,0,0,12,0,125,22,11,0,1,52,0,3,3,43,2,1,2,0,4,7,2,1,13
2021-10-02,0,0,0,0,0,0,0,0,0,0,0,0,0,0,0,0,0,0,3,1,64,14,12,0,0,12,0,1,1,11,1,1,0,0,2,1,0,7,8
2021-10-03,0,0,0,0,0,0,0,0,0,0,0,0,0,0,0,0,0,0,3,0,82,25,9,0,2,16,0,1,0,7,0,0,1,1,0,1,2,6,14
2021-10-04,0,0,0,0,0,0,0,0,0,0,0,0,0,0,0,0,0,0,5,1,139,26,13,1,3,23,0,3,5,19,0,1,3,1,4,2,0,23,28
2021-10-05,0,0,0,0,0,0,0,0,0,0,0,0,0,0,0,0,0,0,2,0,111,29,15,2,2,21,2,13,2,13,2,1,4,3,1,5,0,12,13
2021-10-06,0,0,0,0,0,0,0,0,0,0,2,0,0,0,0,0,0,0,13,1,148,42,7,2,1,15,3,17,13,18,2,2,0,2,1,3,2,7,12
2021-10-07,0,0,0,0,0,0,0,0,0,0,0,0,0,0,0,0,0,0,2,0,128,30,13,4,0,22,15,5,2,14,6,1,1,2,5,4,1,26,3
2021-10-08,0,0,0,0,0,0,0,0,0,0,0,0,0,0,0,0,0,0,3,0,131,17,22,0,1,11,28,3,1,10,0,1,0,2,22,0,1,3,8
2021-10-09,0,0,0,0,0,0,0,0,0,0,0,0,0,0,0,0,0,0,2,0,79,7,1,0,0,4,0,4,0,1,1,1,0,0,8,0,0,0,5
2021-10-10,0,0,0,0,0,0,0,0,0,0,1,0,0,0,0,0,0,0,1,0,69,14,6,2,1,9,0,4,0,6,2,0,0,2,20,0,2,0,1
2021-10-11,0,1,0,0,0,0,0,0,0,0,0,0,0,0,0,0,0,0,3,0,133,22,7,0,0,21,9,1,1,5,0,3,1,0,25,4,3,5,4
2021-10-12,0,0,0,0,0,0,0,0,0,0,0,0,0,0,0,0,0,0,6,0,126,22,16,2,1,19,5,2,1,7,2,0,2,1,7,0,1,1,10
2021-10-13,0,0,0,0,0,0,0,0,0,0,0,0,0,0,0,0,0,0,14,0,144,18,9,1,1,22,3,2,2,16,7,0,2,0,5,0,1,4,8
2021-10-14,0,1,0,0,0,0,0,0,0,0,0,0,0,0,0,0,0,0,9,0,133,28,13,1,1,19,2,2,2,10,4,4,0,3,10,3,0,4,9
2021-10-15,0,2,0,0,0,0,0,0,0,0,0,0,0,0,0,0,0,0,4,0,113,34,22,1,0,13,2,1,2,19,11,3,0,0,3,18,2,9,17
2021-10-16,0,0,0,0,0,0,0,0,0,0,0,0,0,0,0,0,0,0,0,0,99,6,14,0,0,5,0,0,0,8,0,3,1,0,4,0,2,4,5
2021-10-17,0,0,0,0,0,0,0,0,0,0,2,0,0,0,0,0,0,0,1,0,79,16,16,0,0,4,0,0,3,2,0,3,1,3,1,0,0,0,8
2021-10-18,0,0,0,0,0,0,0,0,0,0,0,0,0,0,0,0,0,0,2,0,193,28,31,4,1,9,2,2,2,14,5,2,4,7,4,1,6,5,6
2021-10-19,0,0,0,0,0,0,0,0,0,0,0,0,0,0,0,0,0,0,3,0,198,33,20,1,0,20,3,2,0,7,7,2,4,2,1,2,0,16,16
2021-10-20,0,0,1,0,0,0,0,0,0,0,2,0,0,0,0,0,0,0,3,0,125,26,32,2,4,17,5,6,1,14,4,0,2,3,1,1,1,26,48
2021-10-21,0,0,0,0,0,0,0,0,0,0,0,0,0,0,0,0,0,0,7,1,140,31,25,3,2,19,18,1,1,13,9,2,1,4,2,2,1,10,7
2021-10-22,0,0,0,1,0,0,0,0,0,0,0,0,0,0,0,0,0,0,3,0,114,32,17,3,2,17,4,5,0,12,3,1,2,3,4,0,0,4,4
2021-10-23,0,0,0,0,0,0,0,0,0,0,0,0,0,0,0,0,0,0,5,0,82,15,12,1,0,23,1,1,0,10,3,0,1,2,0,1,0,1,1
2021-10-24,0,0,0,0,0,0,0,0,0,0,0,0,0,0,0,0,0,0,12,0,64,16,2,0,0,11,1,0,0,7,0,4,0,5,0,0,0,1,0
2021-10-25,0,0,0,0,0,0,0,0,0,0,0,0,0,0,0,0,0,0,8,1,83,20,136,6,4,18,2,0,0,9,6,0,1,1,2,1,1,2,6
2021-10-26,0,0,0,0,0,0,0,0,0,0,1,0,0,0,0,0,0,0,7,0,113,20,107,2,6,17,8,4,1,28,0,5,1,9,2,0,3,5,6
2021-10-27,1,0,0,0,0,0,0,0,0,0,1,0,0,0,0,0,0,0,7,0,150,18,39,1,5,23,1,6,0,38,0,12,5,4,3,2,7,3,7
2021-10-28,0,0,0,0,0,0,0,0,0,0,0,0,0,0,0,0,0,0,17,0,147,16,54,8,3,27,6,6,0,27,0,2,0,3,5,2,0,4,12
2021-10-29,0,0,0,0,0,0,0,0,0,0,2,0,0,0,0,0,0,0,28,0,240,29,58,3,11,13,1,1,0,17,4,8,2,9,1,1,1,1,1
2021-10-30,0,0,0,0,0,0,0,0,0,0,3,0,0,0,0,0,0,0,6,0,181,21,42,0,2,23,2,2,1,7,2,0,2,0,2,0,0,1,3
2021-10-31,0,0,0,0,0,0,0,0,0,0,1,0,0,0,0,0,0,0,7,0,129,13,29,1,1,16,1,0,0,12,0,3,0,0,1,0,0,0,0
2021-11-01,0,0,0,0,0,0,0,0,0,0,1,0,0,0,0,0,0,0,5,0,184,38,119,0,1,17,3,0,2,11,1,4,0,4,4,0,1,1,6
2021-11-02,0,0,0,0,0,0,0,0,0,0,0,0,0,0,0,0,0,0,9,0,221,33,118,0,4,11,2,5,39,21,5,9,2,1,3,0,1,2,2
2021-11-03,0,0,0,0,0,0,0,0,0,0,0,0,0,0,0,0,0,0,4,1,291,52,44,4,3,10,5,1,111,27,19,3,2,6,1,0,0,5,10
2021-11-04,0,0,0,0,0,0,0,0,0,0,1,0,0,0,0,0,0,0,7,1,186,32,57,0,67,11,11,5,20,18,4,3,2,17,4,2,7,5,7
2021-11-05,0,0,0,0,0,0,0,0,0,0,0,0,0,0,0,0,0,0,7,0,135,23,36,1,19,14,24,7,32,10,1,4,2,8,2,1,0,4,6
2021-11-06,1,0,0,0,0,0,0,0,0,0,0,0,0,0,0,0,0,0,3,0,87,13,51,0,6,23,3,2,4,12,2,4,1,2,3,0,0,0,3
2021-11-07,0,0,0,0,0,0,0,0,0,0,0,0,0,0,0,0,0,0,2,0,77,20,126,3,6,30,2,5,3,9,0,0,0,5,8,4,5,0,2
2021-11-08,0,0,0,0,0,0,0,0,0,0,0,0,0,0,0,0,0,0,3,0,139,46,100,1,7,13,17,6,5,72,4,3,18,21,12,1,3,19,10
2021-11-09,0,0,0,0,0,0,0,0,0,0,0,0,0,0,0,0,0,0,6,0,178,30,92,0,20,34,11,33,9,69,0,1,57,15,7,10,4,3,11
2021-11-10,0,0,0,0,0,0,0,0,0,0,1,0,0,0,0,0,0,0,4,1,150,29,83,1,12,12,4,17,10,21,3,0,6,8,8,0,4,2,12
2021-11-11,0,0,0,2,0,0,0,0,0,0,0,0,0,0,0,0,0,0,2,0,133,25,67,1,9,30,19,7,7,22,2,8,0,5,13,1,2,7,29
2021-11-12,0,0,0,4,0,0,0,0,0,0,1,0,0,0,0,0,0,0,4,0,119,25,40,1,8,33,150,4,7,13,0,3,4,2,2,0,2,11,5
2021-11-13,0,0,0,0,0,0,0,0,0,0,0,0,0,0,0,0,0,0,2,0,71,16,25,0,12,12,19,2,0,12,1,4,2,5,0,2,0,5,6
2021-11-14,0,0,0,0,0,0,0,0,0,0,0,0,0,0,0,0,0,0,1,0,91,25,24,2,6,6,5,4,1,11,1,0,0,1,3,0,0,0,1
2021-11-15,0,0,0,0,0,0,0,0,0,0,0,0,0,0,0,0,0,0,7,0,105,17,49,1,9,22,31,6,1,16,1,3,3,2,9,0,4,27,7
2021-11-16,0,0,1,0,0,0,0,0,0,0,0,0,0,0,0,0,0,0,4,1,148,30,41,1,8,16,15,2,5,13,0,2,10,1,12,0,1,7,4
2021-11-17,0,0,0,0,0,0,0,0,0,0,1,0,0,0,0,0,0,0,11,0,106,20,34,1,16,8,20,2,2,10,1,3,6,2,4,0,3,6,11
2021-11-18,0,0,0,0,0,0,0,0,0,0,0,0,0,0,0,0,0,0,11,0,152,25,24,2,38,12,12,9,0,18,2,0,6,5,16,0,4,25,9
2021-11-19,0,0,0,0,0,0,0,0,0,0,2,0,0,0,0,0,0,0,13,1,162,20,26,2,16,12,10,2,2,22,0,1,1,7,8,1,1,27,14
2021-11-20,0,1,0,0,0,0,0,0,0,0,0,0,0,0,0,0,0,0,13,0,121,6,16,1,8,3,5,5,0,5,0,2,3,2,1,2,6,5,8
2021-11-21,0,0,0,0,0,0,0,0,0,0,2,0,0,0,0,0,0,0,6,0,105,14,20,1,3,5,9,1,5,5,0,3,1,1,3,1,2,6,5
2021-11-22,2,0,0,0,0,0,0,0,0,0,0,0,0,0,0,0,0,0,20,0,205,15,37,0,9,21,4,3,2,11,1,2,1,5,2,0,3,5,7
2021-11-23,0,0,0,0,0,0,0,2,0,0,1,0,0,0,0,0,0,0,10,0,259,19,26,0,7,24,4,3,3,13,4,3,4,2,3,2,1,7,6
2021-11-24,0,0,0,0,0,0,0,0,0,0,0,0,0,0,0,0,0,0,5,2,134,13,23,4,6,7,3,5,0,6,3,3,7,2,2,0,1,6,25
2021-11-25,0,0,0,0,0,0,0,1,0,0,0,0,0,0,0,0,0,0,5,0,100,9,10,0,2,6,4,0,0,6,5,1,1,1,2,0,2,3,4
2021-11-26,0,0,0,0,0,0,0,0,0,0,1,0,0,0,0,0,0,0,8,0,135,17,14,1,4,12,1,3,1,4,0,1,1,2,1,0,3,1,4
2021-11-27,0,0,0,0,0,0,0,0,0,0,0,0,0,0,0,0,0,0,4,0,90,6,6,0,3,15,0,1,0,7,2,1,0,2,2,0,1,1,4
2021-11-28,0,0,0,0,0,0,0,0,0,0,0,0,0,0,0,0,0,0,2,0,79,12,8,0,2,2,0,2,0,1,0,1,2,0,0,1,5,2,10
2021-11-29,0,0,0,0,0,0,0,0,0,0,1,0,0,0,0,0,0,0,2,0,129,20,16,2,5,26,1,1,0,5,2,2,4,5,0,0,4,9,5
2021-11-30,0,0,0,0,0,0,0,0,0,0,0,0,0,0,0,0,0,0,14,0,154,28,15,1,2,29,9,2,0,15,1,9,2,3,7,1,3,2,8
2021-12-01,0,0,0,0,0,0,0,0,0,0,1,0,0,0,0,0,0,0,17,1,155,34,15,2,8,17,5,7,0,11,2,0,5,4,3,2,3,4,8
2021-12-02,0,0,0,0,0,0,0,0,0,0,0,0,0,0,0,0,0,0,20,0,152,49,15,0,3,24,4,2,0,27,1,3,2,6,3,0,2,6,13
2021-12-03,0,0,0,0,0,0,0,0,0,0,0,0,0,0,0,0,0,0,6,0,193,34,21,1,7,19,5,5,0,23,2,3,0,3,7,2,5,8,5
2021-12-04,0,0,0,0,0,0,0,0,0,0,0,0,0,0,0,0,0,0,2,0,110,10,11,1,2,5,1,0,0,9,2,2,0,1,0,2,3,1,0
2021-12-05,0,0,0,0,0,0,0,0,0,0,0,0,0,0,0,0,0,0,4,0,70,8,10,0,6,13,0,6,0,4,1,0,2,1,1,0,4,0,1
2021-12-06,0,0,0,0,0,0,0,0,0,0,0,0,0,0,0,0,0,0,11,0,153,28,21,0,5,22,2,1,0,11,2,2,2,6,3,0,2,2,8
2021-12-07,0,0,0,0,0,0,0,0,0,0,0,0,0,0,0,0,0,0,16,0,142,26,23,2,5,13,0,6,0,11,3,2,1,4,5,2,7,2,1
2021-12-08,0,0,0,0,0,0,0,0,0,0,0,0,0,0,0,0,0,0,26,0,322,14,22,1,1,22,4,5,1,9,1,3,0,2,1,3,4,1,5
2021-12-09,0,0,0,0,0,0,0,0,0,0,1,0,0,0,0,0,0,0,15,1,230,21,11,3,5,16,7,6,3,7,2,12,0,4,1,1,5,4,3
2021-12-10,0,1,0,0,0,0,0,0,0,0,0,0,0,0,0,0,0,0,24,0,194,47,16,2,3,25,4,1,0,9,1,1,0,2,2,1,1,2,4
2021-12-11,0,0,0,0,0,0,0,0,0,0,1,0,0,0,0,0,0,0,20,0,115,17,10,0,1,20,0,2,0,7,0,1,0,1,0,0,1,3,1
2021-12-12,0,0,0,0,0,0,0,0,0,0,0,0,0,0,0,0,0,0,8,0,80,12,10,1,0,9,1,1,0,4,1,1,0,1,0,0,6,1,1
2021-12-13,0,0,0,0,0,0,0,0,0,0,0,0,0,0,0,0,0,0,17,0,173,32,17,0,2,43,0,0,0,13,0,1,0,0,1,1,2,2,0
2021-12-14,0,0,0,0,0,0,0,0,0,0,0,0,0,0,0,0,0,0,16,0,231,50,32,1,10,19,0,6,1,19,1,4,3,2,1,1,2,2,5
2021-12-15,0,0,0,0,0,0,0,0,0,0,0,0,0,0,0,0,0,0,16,1,156,30,18,2,5,22,1,2,2,9,4,3,7,4,0,0,4,5,5
2021-12-16,0,0,0,0,0,0,0,0,0,0,1,0,0,0,0,0,0,0,17,0,152,24,29,1,2,19,4,4,0,8,3,6,4,0,1,0,18,3,4
2021-12-17,0,0,0,0,1,0,0,0,0,0,0,0,0,0,0,0,0,0,8,0,164,53,21,3,1,26,4,4,0,13,1,0,3,2,3,1,2,1,4
2021-12-18,0,0,0,0,0,0,0,0,0,0,0,0,0,0,0,0,0,0,7,0,80,24,5,0,1,6,1,4,0,4,2,6,0,0,0,0,1,1,3
2021-12-19,0,0,0,0,0,0,0,0,0,0,0,0,0,0,0,0,0,0,3,0,85,19,9,1,1,0,0,1,0,8,2,1,5,0,0,1,1,1,3
2021-12-20,0,0,0,0,0,0,0,0,0,0,0,0,0,0,0,0,0,0,4,0,110,35,19,1,3,12,3,2,0,6,5,1,4,1,1,0,4,2,0
2021-12-21,0,0,0,1,0,0,0,0,0,0,1,0,0,0,0,0,0,0,4,0,126,20,9,0,3,14,3,2,0,15,5,1,5,0,1,2,5,2,10
2021-12-22,0,0,0,0,0,0,0,0,0,0,1,0,0,0,0,0,0,0,13,0,113,20,22,0,3,9,3,2,1,10,4,2,35,0,1,0,5,1,8
2021-12-23,0,0,0,0,0,0,0,0,0,0,2,0,0,0,0,0,0,0,3,0,93,12,32,3,1,8,3,4,0,9,0,1,11,1,3,0,4,5,2
2021-12-24,0,0,0,0,0,0,0,0,0,0,0,0,0,0,0,0,0,0,2,0,56,5,14,0,0,5,0,2,0,6,0,1,0,0,1,0,1,0,1
2021-12-25,0,0,0,0,0,0,0,0,0,0,0,0,0,0,0,0,0,0,10,0,71,9,16,0,2,5,0,0,0,2,1,2,1,2,0,1,2,0,6
2021-12-26,0,0,0,0,0,0,0,0,0,0,0,0,0,0,0,0,0,0,5,0,47,7,9,0,0,10,0,0,0,5,1,3,3,1,0,0,2,2,1
2021-12-27,0,0,0,0,0,0,0,0,0,0,0,0,0,0,0,0,0,0,1,0,86,11,9,4,0,17,2,2,0,9,0,0,0,1,4,0,2,7,3
2021-12-28,0,0,0,0,0,0,0,0,0,0,0,0,0,0,0,0,0,0,5,0,231,16,14,1,6,11,2,0,1,7,1,2,9,10,3,0,6,1,2
2021-12-29,0,0,0,0,0,0,0,0,0,0,0,0,0,0,0,0,0,0,7,0,138,22,17,0,2,14,3,3,5,16,4,2,12,0,2,6,9,8,3
2021-12-30,0,0,0,0,0,0,0,0,0,0,0,0,0,0,0,0,0,0,5,1,160,28,21,0,3,19,11,3,0,8,0,2,7,3,6,1,15,0,11
2021-12-31,0,1,0,0,0,0,0,0,0,0,0,0,0,0,0,0,0,0,2,1,109,14,23,0,1,21,2,0,0,17,0,0,3,2,0,0,10,3,0
2022-01-01,0,0,0,0,0,0,0,0,0,0,0,0,0,0,0,0,0,0,2,0,63,19,8,0,1,4,0,1,0,10,0,0,3,2,4,0,4,2,1
2022-01-02,0,0,0,0,0,0,0,0,0,0,0,0,0,0,0,0,0,0,4,0,61,5,33,0,4,15,3,0,0,6,0,5,0,4,1,0,3,7,0
2022-01-03,0,0,0,0,0,0,0,0,0,0,2,0,0,0,0,0,0,0,30,0,94,13,87,0,4,19,16,0,4,8,1,2,5,0,3,1,5,12,0
2022-01-04,0,0,0,3,0,0,0,0,0,0,2,0,0,0,0,0,0,0,22,1,117,16,50,2,5,24,8,2,3,11,2,4,0,6,0,0,3,2,0
2022-01-05,0,0,0,0,0,0,0,0,0,0,0,0,0,0,0,0,0,0,7,0,159,12,38,0,9,9,7,4,3,21,5,4,3,4,1,0,6,7,3
2022-01-06,0,0,0,2,0,0,0,0,0,0,0,0,0,0,0,0,0,0,3,0,370,36,19,1,4,25,4,6,13,16,1,0,5,3,4,3,0,9,6
2022-01-07,0,0,0,0,0,0,0,0,0,0,0,0,0,0,0,0,0,0,7,0,477,36,14,2,4,10,3,0,4,7,4,3,4,2,8,1,2,9,7
2022-01-08,0,0,0,0,0,0,0,0,0,0,0,0,0,0,0,0,0,0,5,0,125,12,22,0,1,9,0,5,3,4,0,0,4,0,0,1,1,7,4
2022-01-09,0,0,0,1,0,0,0,0,0,0,0,0,0,0,0,0,0,0,3,0,97,20,16,0,1,9,5,1,0,11,0,2,6,4,1,0,1,7,3
2022-01-10,0,0,0,0,0,0,0,0,0,0,0,0,0,0,0,0,0,0,9,1,168,33,22,1,6,10,2,0,0,7,2,4,1,2,4,1,3,36,4
2022-01-11,0,0,0,0,0,0,0,0,0,0,0,0,0,0,0,0,0,0,16,0,145,18,15,3,7,50,3,2,0,46,1,3,5,8,3,0,2,7,1
2022-01-12,0,0,0,0,0,0,0,0,0,0,0,0,0,0,0,0,0,1,4,1,120,22,23,4,4,13,4,0,3,28,0,1,0,1,0,2,5,10,5
2022-01-13,0,0,0,0,0,0,0,0,0,0,1,0,0,0,0,0,0,0,6,0,136,23,31,2,6,7,7,5,8,13,2,6,6,0,2,7,1,8,1
2022-01-14,0,0,0,0,0,0,0,0,0,0,0,0,0,0,0,0,0,0,11,0,149,48,23,1,4,10,2,5,5,21,1,4,0,2,8,7,2,2,8
2022-01-15,0,0,0,0,0,0,0,0,0,0,0,0,0,0,0,0,0,0,1,0,107,19,17,0,0,8,3,4,1,2,1,1,0,0,0,1,1,2,3
2022-01-16,0,0,0,0,0,0,0,0,0,0,0,0,0,0,0,0,0,0,6,0,78,31,3,1,1,14,0,2,2,5,0,2,0,0,1,0,1,0,1
2022-01-17,0,0,0,0,0,0,0,0,0,0,0,0,0,0,0,0,0,0,1,0,91,20,11,3,4,6,1,1,2,7,1,2,0,0,1,0,0,1,4
2022-01-18,0,0,0,0,0,0,0,0,0,0,0,0,0,0,0,0,0,0,4,1,208,46,18,2,4,11,0,3,2,9,0,120,0,1,0,3,1,3,1
2022-01-19,0,1,0,0,0,0,0,0,0,0,2,0,0,0,0,0,0,0,6,0,221,39,20,2,3,16,4,19,0,15,2,47,0,4,3,4,1,2,6
2022-01-20,0,0,0,0,0,0,0,0,0,0,0,0,0,0,0,0,0,0,7,0,188,34,20,0,3,12,4,17,0,28,2,11,0,5,3,3,0,4,7
2022-01-21,0,0,0,0,0,0,0,0,0,0,0,0,0,0,0,0,0,0,5,0,227,39,15,2,4,16,0,8,0,23,0,7,0,2,3,3,0,4,5
2022-01-22,0,0,0,0,0,0,0,0,0,0,0,0,0,0,0,0,0,0,5,0,91,17,18,0,0,7,0,3,1,14,1,7,0,0,1,0,0,1,1
2022-01-23,0,0,0,0,0,0,0,0,0,0,0,0,0,0,0,0,0,0,7,0,109,10,15,0,5,12,0,0,0,13,0,6,0,0,1,0,0,0,1
2022-01-24,0,0,0,0,0,0,0,0,0,0,0,0,0,0,0,0,0,0,8,0,182,28,22,0,1,18,2,5,2,19,2,12,0,6,4,2,2,2,2
2022-01-25,1,0,0,0,0,0,0,0,0,0,0,0,0,0,0,0,0,0,13,0,160,19,30,0,9,17,2,1,8,18,1,31,0,2,0,0,0,5,1
2022-01-26,0,0,0,0,0,0,0,0,0,0,1,0,0,0,0,0,0,0,8,1,205,41,33,2,2,11,4,3,1,14,7,27,0,3,0,0,4,7,3
2022-01-27,0,0,0,0,0,0,0,0,0,0,1,0,0,0,0,0,0,0,32,0,164,12,43,1,1,11,2,2,0,87,3,4,0,13,0,0,1,3,2
2022-01-28,0,1,0,0,0,0,0,0,0,0,2,0,0,0,0,0,0,0,36,0,255,26,30,0,7,45,5,0,4,83,2,4,0,5,0,1,2,3,3
2022-01-29,0,0,0,0,0,0,0,0,0,0,2,0,0,0,0,0,0,0,13,0,163,7,8,1,0,10,1,1,0,27,1,3,0,1,0,0,2,2,1
2022-01-30,0,0,0,0,0,0,0,0,0,0,0,0,0,0,0,0,0,0,2,0,127,8,11,0,4,4,4,5,4,6,2,3,0,5,1,0,1,2,1
2022-01-31,0,0,0,0,0,0,0,0,0,0,1,0,0,0,0,0,0,0,14,0,143,8,15,3,6,6,6,3,4,14,7,7,0,4,0,3,0,7,10
2022-02-01,0,0,0,0,0,0,0,0,0,0,0,0,0,0,0,0,0,0,8,0,178,43,16,1,1,4,1,4,2,9,2,7,0,14,1,4,0,3,4
2022-02-02,0,0,0,0,0,0,0,0,0,0,0,0,0,0,0,0,0,0,8,2,114,18,11,0,3,12,2,1,1,27,0,7,0,16,2,2,0,1,1
2022-02-03,0,0,0,0,0,0,0,0,0,0,0,0,0,0,0,0,0,0,10,0,337,18,8,2,2,19,2,2,0,12,1,6,0,1,0,1,7,1,2
2022-02-04,0,0,0,0,0,0,0,0,0,0,0,0,0,0,0,0,0,0,10,1,151,14,12,4,1,12,1,1,0,8,0,7,0,4,0,2,1,3,1
2022-02-05,0,0,0,1,0,0,0,0,0,0,0,0,0,0,0,0,0,0,9,0,117,14,8,1,3,13,2,2,0,6,0,18,0,3,0,0,3,0,0
2022-02-06,0,0,0,0,0,0,0,0,0,0,0,0,0,0,0,0,0,0,8,0,85,15,8,0,3,14,3,1,0,4,0,11,0,0,0,0,0,2,1
2022-02-07,0,0,0,0,0,0,0,0,0,0,0,0,0,0,0,0,0,0,5,0,105,14,8,0,2,10,2,0,2,13,1,6,0,0,0,0,1,3,2
2022-02-08,0,2,0,0,0,0,0,0,0,0,1,0,0,0,0,0,0,0,25,0,203,20,13,0,14,29,4,2,0,9,1,13,0,1,0,3,5,2,1
2022-02-09,0,0,0,0,0,0,0,0,0,0,0,0,0,0,0,0,0,0,12,0,163,26,6,3,7,16,9,0,3,15,0,16,0,6,0,0,1,2,4
2022-02-10,0,0,0,1,0,0,0,0,0,0,0,0,0,0,0,0,0,0,3,0,145,17,14,0,4,43,1,0,1,8,0,10,0,2,1,0,1,5,0
2022-02-11,0,0,0,0,0,0,0,0,0,0,1,0,0,0,0,0,0,0,7,0,128,14,10,1,3,42,8,1,1,8,0,10,0,3,1,0,2,7,1
2022-02-12,0,0,0,0,0,0,0,0,0,0,0,0,0,0,0,0,0,0,9,0,51,9,4,0,4,7,2,1,0,9,0,5,0,2,0,0,0,3,0
2022-02-13,0,0,0,0,0,0,0,0,0,0,0,0,0,0,0,0,0,0,4,0,50,13,8,0,2,6,2,1,0,7,0,3,0,0,0,0,0,0,0
2022-02-14,0,0,0,0,0,0,0,0,0,0,0,0,0,0,0,0,0,0,5,0,83,12,6,0,4,7,1,2,0,8,2,0,0,6,0,1,0,0,0
2022-02-15,0,0,0,0,0,0,0,0,0,0,1,0,0,0,0,0,0,0,8,0,91,16,9,0,9,19,0,5,1,24,2,6,0,2,0,14,0,4,2
2022-02-16,0,0,0,0,0,0,0,0,0,0,0,0,0,0,0,0,0,0,12,0,99,16,7,1,27,25,6,8,1,19,1,13,0,3,0,3,0,2,3
2022-02-17,0,0,0,0,0,0,0,0,0,0,0,0,0,0,0,0,0,0,11,2,105,18,11,0,16,13,4,16,0,12,1,9,0,0,1,1,0,0,1
2022-02-18,0,0,0,0,0,0,0,0,0,0,0,0,0,0,0,0,0,0,7,0,84,18,13,0,2,18,1,10,0,22,0,3,0,2,0,0,1,0,0
2022-02-19,0,0,0,0,0,0,0,0,0,0,0,0,0,0,0,0,0,0,2,0,54,5,5,0,5,13,0,6,0,6,0,1,0,1,0,1,0,0,1
2022-02-20,0,0,0,0,0,0,0,0,0,0,0,0,0,0,0,0,0,0,1,0,62,3,5,3,1,11,0,2,0,1,0,2,0,2,0,3,0,0,1
2022-02-21,0,0,0,0,0,0,0,0,0,0,0,0,0,0,0,0,0,0,1,0,65,16,2,0,2,7,0,2,0,2,0,0,0,0,1,0,4,0,1
2022-02-22,0,0,0,0,0,0,0,0,0,0,0,0,0,0,0,0,0,0,3,1,115,10,4,0,2,19,0,5,0,14,0,7,0,2,0,3,0,0,7
2022-02-23,0,0,0,0,0,0,0,0,0,0,0,0,0,0,0,0,0,0,1,1,97,19,19,1,2,49,0,9,0,7,3,2,0,3,9,7,1,1,0
2022-02-24,0,0,0,0,0,0,0,0,0,0,0,0,0,0,0,0,0,0,6,0,109,9,22,0,2,13,0,3,0,11,0,8,0,3,7,2,0,1,2
2022-02-25,0,0,0,0,0,0,0,0,0,0,0,0,0,0,0,0,0,0,7,0,72,9,7,0,2,6,1,1,1,6,6,1,0,0,1,0,0,0,3
2022-02-26,0,0,0,0,0,0,0,0,0,0,0,0,0,0,0,0,0,0,0,0,64,8,8,0,7,2,1,4,1,2,2,1,0,6,0,3,0,0,3
2022-02-27,0,0,0,0,0,0,0,0,0,0,0,0,0,0,0,0,0,0,0,0,46,4,4,0,2,5,0,1,0,5,2,0,0,3,3,0,1,0,0
2022-02-28,0,0,0,0,0,0,0,0,0,0,0,0,0,0,0,0,0,0,0,4,60,8,9,1,0,4,0,10,0,5,0,6,0,0,1,0,3,0,2
2022-03-01,0,0,0,1,0,0,0,0,0,0,0,0,0,0,0,0,0,0,7,0,68,16,13,0,0,11,0,2,0,8,0,0,0,2,3,0,0,0,1
2022-03-02,0,0,0,0,0,0,0,0,0,0,0,0,0,0,0,0,0,0,67,1,103,39,3,0,1,34,3,2,0,7,5,0,0,1,0,0,2,13,5
2022-03-03,0,1,0,0,0,0,0,0,0,0,0,0,0,0,0,0,0,0,44,0,112,13,12,3,3,21,1,5,0,12,0,4,0,0,1,2,0,2,0
2022-03-04,0,0,1,0,0,0,0,0,0,0,0,0,0,0,0,0,0,0,12,0,120,14,4,3,0,33,0,3,0,27,1,1,0,0,2,2,2,3,0
2022-03-05,0,0,0,0,0,0,0,0,0,0,0,0,0,0,0,0,0,0,12,0,78,12,8,0,0,18,1,0,0,6,3,1,0,0,1,1,0,0,0
2022-03-06,0,0,0,0,0,0,0,0,0,0,0,0,0,0,0,0,0,0,9,0,45,8,2,0,0,5,0,0,0,5,0,7,0,1,8,0,11,0,4
2022-03-07,0,0,0,0,2,0,0,0,0,0,0,0,0,0,0,0,0,0,24,3,204,14,6,0,1,40,3,4,248,18,0,1,0,1,6,1,4,0,1
2022-03-08,0,0,0,0,0,0,0,0,0,0,0,0,0,0,0,0,0,0,27,0,96,13,8,1,0,32,0,3,48,10,1,4,0,1,9,3,3,3,0
2022-03-09,0,0,0,0,0,0,0,0,0,0,0,0,0,0,0,0,0,0,7,0,80,8,3,0,2,11,0,0,48,3,0,6,0,1,3,0,1,1,4
2022-03-10,0,0,0,0,0,0,0,0,0,0,0,0,0,0,0,0,0,0,7,0,78,12,12,0,0,23,0,4,23,10,0,1,0,2,5,0,2,0,1
2022-03-11,0,0,0,0,0,0,0,0,0,0,0,0,0,0,0,0,0,0,4,0,80,13,4,0,3,14,0,2,6,8,1,1,0,2,1,0,1,0,6
2022-03-12,0,0,0,0,0,0,0,0,0,0,0,0,0,0,0,0,0,0,2,0,64,10,2,0,0,13,0,0,6,7,0,0,0,0,0,0,7,0,3
2022-03-13,0,0,0,0,0,0,0,0,0,0,0,0,0,0,0,0,0,0,4,0,49,2,2,0,0,6,0,1,3,7,5,1,0,0,1,0,3,0,4
2022-03-14,0,0,0,0,0,0,0,0,0,0,0,0,0,0,0,0,0,0,7,0,183,11,3,1,2,6,1,3,3,9,2,3,0,6,1,1,3,1,4
2022-03-15,0,0,0,0,0,0,0,0,0,0,0,0,0,0,0,0,0,0,1,0,147,66,11,0,1,42,1,1,7,5,2,1,0,2,3,0,1,0,9
2022-03-16,0,0,0,0,0,0,0,0,0,0,0,0,0,0,0,0,0,0,1,0,146,27,7,0,4,70,2,1,5,8,1,4,0,1,0,0,4,2,4
2022-03-17,0,0,0,0,0,0,0,0,0,0,0,0,0,0,0,0,0,0,7,0,235,13,8,0,1,51,4,1,5,5,1,3,0,4,2,0,1,2,1
2022-03-18,0,0,0,0,0,0,0,0,0,0,0,0,0,0,0,0,0,0,5,1,212,18,11,0,2,19,2,0,4,9,0,3,0,2,0,0,4,1,2
2022-03-19,0,0,0,0,0,0,0,0,0,0,0,0,0,0,0,0,0,0,2,0,95,12,15,0,0,8,0,3,0,9,0,1,0,1,1,0,1,0,3
2022-03-20,0,0,0,0,0,0,0,0,0,0,0,0,0,0,0,0,0,0,6,0,43,6,8,0,3,3,1,0,0,2,0,0,0,1,0,0,3,1,2
2022-03-21,0,0,0,0,0,0,0,0,0,0,1,0,0,0,0,0,0,0,4,0,98,16,12,1,4,7,2,0,2,16,3,3,0,1,0,1,4,4,5
2022-03-22,0,0,0,0,0,0,0,0,0,0,0,0,0,0,0,0,0,0,12,0,392,25,38,0,8,42,5,0,6,11,2,1,0,3,1,1,3,3,16
2022-03-23,0,1,0,1,0,0,0,0,0,0,0,0,0,0,0,0,0,0,8,1,636,53,20,3,3,26,6,3,14,18,4,2,0,1,10,0,5,3,0
2022-03-24,0,0,0,0,0,0,0,0,0,0,0,0,0,0,0,0,0,0,8,0,321,25,17,1,9,66,22,1,7,20,1,2,0,1,2,1,8,22,4
2022-03-25,0,0,0,0,0,0,0,0,0,0,0,0,0,0,0,0,0,0,6,0,370,25,12,5,14,87,20,0,46,17,0,0,0,2,0,1,3,39,18
2022-03-26,0,1,0,0,0,0,0,0,0,0,0,0,0,0,0,0,0,0,11,0,169,2,14,0,6,98,4,0,0,5,0,1,0,5,2,0,4,16,1
2022-03-27,0,0,0,0,0,0,0,0,0,0,0,0,0,0,0,0,0,0,5,0,119,13,6,0,1,11,5,4,1,7,3,1,0,1,0,0,4,9,12
2022-03-28,0,0,0,0,0,0,0,0,0,0,0,0,0,0,0,0,0,0,12,0,464,70,45,0,4,108,3,1,8,17,2,2,0,1,0,0,1,10,2
2022-03-29,0,0,0,0,0,0,0,0,0,0,0,0,0,0,0,0,0,0,8,0,500,107,26,1,1,98,1,0,8,62,1,2,0,2,1,3,2,14,4
2022-03-30,1,0,0,0,0,0,0,0,0,0,0,0,0,0,0,0,0,0,10,1,259,35,13,0,2,37,5,0,1,25,1,0,0,2,1,0,2,10,1
2022-03-31,0,0,0,0,0,0,0,0,0,0,0,0,0,0,0,0,0,0,11,0,445,34,33,1,3,222,9,0,7,24,2,4,0,5,0,1,4,9,2
2022-04-01,0,0,0,0,0,0,0,0,0,0,0,0,0,0,0,0,0,0,12,0,362,33,17,0,2,14,1,1,5,15,1,2,0,8,0,0,2,8,4
2022-04-02,0,0,0,0,0,0,0,0,0,0,0,0,0,0,0,0,0,0,5,0,165,6,37,1,2,7,2,2,0,3,0,1,0,0,0,0,1,3,1
2022-04-03,0,0,0,2,0,0,0,0,0,0,0,0,0,0,0,0,0,0,5,0,137,18,23,0,4,6,2,1,1,7,0,1,0,3,0,0,2,3,3
2022-04-04,0,0,0,0,0,0,0,0,0,0,0,0,0,0,0,0,0,0,6,1,195,32,30,0,2,153,4,1,4,3,2,1,0,4,1,3,4,5,0
2022-04-05,0,0,0,0,0,0,0,0,0,0,0,0,0,0,0,0,0,0,18,2,164,13,16,0,0,117,6,4,3,11,0,0,0,3,0,0,1,9,1
2022-04-06,0,0,0,0,0,0,0,0,0,0,0,0,0,0,0,0,0,0,7,1,163,16,16,0,3,50,0,1,2,4,0,2,0,3,0,2,0,4,1
2022-04-07,0,0,0,0,0,0,0,0,0,0,0,0,0,0,0,0,0,0,14,0,127,15,20,1,1,112,1,0,1,14,1,4,0,8,0,1,0,6,3
2022-04-08,0,0,0,0,0,0,0,0,0,0,0,0,0,1,0,0,0,0,5,0,147,11,27,1,12,22,1,1,1,17,1,0,0,6,0,0,1,0,0
2022-04-09,0,0,0,0,0,0,0,0,0,0,0,0,0,0,0,0,0,0,7,0,92,11,8,0,10,26,0,0,0,11,2,1,0,5,0,0,0,0,0
2022-04-10,0,1,0,0,0,0,0,0,0,0,0,0,0,0,0,0,0,0,5,0,94,7,11,0,2,77,1,0,1,7,1,1,0,1,0,1,1,0,1
2022-04-11,0,0,0,0,0,0,0,0,0,0,0,0,0,0,0,0,0,0,4,1,149,17,16,1,7,100,4,3,7,9,0,3,0,7,0,0,0,7,0
2022-04-12,0,0,0,0,0,0,0,0,0,0,0,0,0,0,0,0,0,0,10,0,153,14,13,0,4,87,5,1,8,34,0,4,0,6,0,0,2,4,6
2022-04-13,0,0,0,0,0,0,0,0,0,0,2,0,0,0,0,0,0,0,6,0,135,16,22,0,9,118,2,0,15,15,0,3,0,3,0,0,0,1,0
2022-04-14,0,0,0,0,0,0,0,0,0,0,0,0,0,0,0,0,0,0,5,0,123,13,18,0,4,235,1,1,4,19,0,0,0,8,0,1,1,0,0
2022-04-15,0,0,0,0,0,0,0,0,0,0,0,0,0,0,0,0,0,0,6,0,113,13,30,1,7,149,0,4,0,11,0,4,0,4,1,0,0,0,1
2022-04-16,0,0,0,0,0,0,0,0,0,0,0,0,0,0,0,0,0,0,6,0,74,3,7,0,1,78,1,0,0,5,0,4,0,0,0,0,0,0,0
2022-04-17,0,0,0,0,0,0,0,0,0,0,0,0,0,0,0,0,0,0,4,0,78,6,7,0,5,91,0,0,0,8,0,0,0,1,0,0,0,0,0
2022-04-18,0,0,0,0,0,0,0,0,0,0,0,0,0,0,0,0,0,0,12,0,103,8,19,1,4,84,0,0,1,9,0,2,0,1,0,0,1,0,0
2022-04-19,0,0,0,0,0,0,0,0,0,0,0,0,0,0,0,0,0,0,9,0,100,16,11,0,6,90,2,2,1,15,0,2,0,2,2,1,0,1,4
2022-04-20,0,0,0,0,0,0,0,0,0,0,0,0,0,0,0,0,0,0,10,0,115,15,90,0,3,57,0,2,2,8,0,5,0,2,0,0,0,2,0
2022-04-21,0,0,0,0,0,0,0,0,0,0,1,0,0,0,0,0,0,0,10,0,159,16,47,0,5,94,1,0,0,3,0,1,0,3,0,0,2,0,0
2022-04-22,0,0,0,0,0,0,0,0,0,0,0,0,0,0,0,0,0,0,12,0,110,14,28,0,2,77,4,0,25,8,1,8,0,3,1,0,0,2,0
2022-04-23,0,0,0,0,0,0,0,0,0,0,0,0,0,0,0,0,0,0,7,0,87,5,22,0,1,19,0,0,3,2,0,10,0,2,0,0,2,0,2
2022-04-24,0,0,0,0,0,0,0,0,0,0,0,0,0,0,0,0,0,0,6,0,67,3,19,0,3,62,0,0,0,4,0,12,0,1,0,0,0,0,0
2022-04-25,0,0,0,0,0,0,0,0,0,0,0,0,0,0,0,0,0,0,14,0,114,5,26,0,2,319,1,0,2,13,1,6,0,2,0,0,1,0,1
2022-04-26,0,0,0,0,0,0,0,0,0,0,0,0,0,0,0,0,0,0,18,0,108,7,57,1,1,248,0,1,2,44,1,17,0,4,0,0,1,0,1
2022-04-27,0,0,0,0,0,0,0,0,0,0,0,0,0,0,0,0,0,0,21,0,84,6,31,2,1,126,1,1,3,37,0,10,0,2,0,1,1,1,3
2022-04-28,0,0,0,0,0,0,0,0,0,0,0,0,0,0,0,0,0,0,65,0,96,4,40,0,6,81,3,0,6,42,1,5,0,6,0,0,0,0,0
2022-04-29,0,0,0,1,0,0,0,0,0,0,0,0,0,0,0,0,0,0,20,0,120,8,41,0,1,38,1,2,8,19,1,4,0,3,0,0,0,1,6
2022-04-30,0,0,0,0,0,0,0,0,0,0,0,0,0,0,0,0,0,0,4,0,65,4,16,0,0,52,0,0,2,11,0,2,0,2,0,0,0,0,0
2022-05-01,0,0,0,0,0,0,0,0,0,0,0,0,0,0,0,0,0,0,4,0,51,7,12,0,2,26,0,1,6,8,3,3,0,5,2,2,0,1,0
2022-05-02,0,0,0,0,0,0,0,0,0,0,0,0,0,0,0,0,0,0,7,1,90,9,27,1,0,22,0,1,32,12,0,3,0,8,1,0,1,0,1
2022-05-03,0,0,0,0,0,0,0,0,0,0,0,0,0,0,0,0,0,0,7,0,78,11,26,1,0,31,2,0,20,5,1,0,0,15,2,0,0,0,0
2022-05-04,0,0,0,0,0,0,0,0,0,0,0,0,0,0,0,0,0,0,16,0,108,13,20,0,2,82,2,3,25,21,0,3,0,11,0,3,2,0,1
2022-05-05,0,0,0,0,0,0,0,0,0,0,0,0,0,0,0,0,0,0,1,2,128,9,13,0,1,31,4,0,9,14,0,2,0,4,0,6,1,0,3
2022-05-06,0,0,0,0,0,0,0,0,0,0,0,0,0,0,0,0,0,0,8,0,125,7,19,0,3,85,2,2,0,25,0,3,0,0,2,2,4,0,2
2022-05-07,0,0,0,0,0,0,0,0,0,0,0,0,0,0,0,0,0,0,4,0,57,9,10,0,5,37,0,1,0,3,0,3,0,2,0,1,1,0,2
2022-05-08,0,0,0,0,0,0,0,0,0,0,0,0,0,0,0,0,0,0,4,0,48,5,12,0,4,38,0,3,1,4,0,3,0,2,0,0,2,2,0
2022-05-09,0,0,0,0,0,0,0,0,0,0,0,0,0,0,0,0,0,0,6,0,99,16,13,0,7,28,1,21,2,9,0,4,0,2,3,0,1,2,2
2022-05-10,0,0,0,0,0,0,0,0,0,0,0,0,0,0,0,0,0,0,6,0,132,13,19,0,2,33,0,5,1,16,0,3,0,5,2,0,0,3,2
2022-05-11,0,0,0,1,0,0,0,0,0,0,0,0,0,0,0,0,0,0,12,0,135,24,27,0,2,88,2,0,0,14,0,5,0,5,0,0,0,5,2
2022-05-12,0,0,0,1,0,0,0,0,0,0,0,0,0,0,0,0,0,0,16,0,261,29,12,1,0,75,0,0,6,29,0,2,0,2,1,0,0,2,3
2022-05-13,0,0,0,0,0,0,0,0,0,0,1,0,0,0,0,0,0,0,8,0,171,12,16,0,1,74,1,2,2,23,0,4,0,2,0,1,1,0,0
2022-05-14,0,0,0,0,0,0,0,0,0,0,0,0,0,0,0,0,0,0,5,0,81,11,9,0,0,30,0,1,0,5,0,1,0,0,0,0,0,0,1
2022-05-15,0,0,0,0,0,0,0,0,0,0,0,0,0,0,0,0,0,0,4,0,71,13,13,0,1,19,0,1,0,1,0,1,0,4,0,0,0,0,1
2022-05-16,0,0,0,1,0,0,0,0,0,0,0,0,0,0,0,0,0,0,7,0,157,15,20,0,1,66,14,0,13,5,0,6,0,0,0,0,0,0,1
2022-05-17,0,0,0,0,0,0,0,0,0,0,0,0,0,0,0,0,0,0,14,0,151,23,18,0,2,61,3,1,0,12,0,1,0,2,0,2,0,0,1
2022-05-18,0,0,0,0,0,0,0,0,0,0,0,0,0,0,0,0,0,0,15,0,125,19,33,0,1,70,5,0,2,9,3,1,0,0,0,0,1,0,0
2022-05-19,2,0,0,0,0,0,0,0,0,0,0,0,0,0,0,0,0,0,7,3,222,29,42,0,4,127,17,3,8,4,1,0,0,0,0,0,0,0,2
2022-05-20,0,0,0,0,0,0,0,0,0,0,0,0,0,0,0,0,0,0,13,0,197,11,47,0,4,58,3,0,0,10,0,3,0,2,0,1,0,0,1
2022-05-21,0,0,0,0,0,0,0,0,0,0,0,0,0,0,0,0,0,0,8,0,71,21,33,0,2,46,1,0,0,3,3,1,0,2,1,0,0,0,0
2022-05-22,0,0,0,0,0,0,0,0,0,0,0,0,0,0,0,0,0,0,6,0,78,5,10,0,3,23,0,0,8,2,0,1,0,0,0,0,0,0,0
2022-05-23,0,0,0,0,0,0,0,0,0,0,0,0,0,0,0,0,0,0,8,0,383,14,17,0,4,88,1,0,2,6,0,1,0,0,0,0,0,1,0
2022-05-24,0,0,0,0,0,0,0,0,0,0,0,0,0,0,0,0,0,0,10,0,191,13,21,0,1,40,5,2,3,8,0,0,0,1,0,0,0,2,0
2022-05-25,0,0,0,0,0,0,0,0,0,0,0,0,0,0,0,0,0,0,5,0,297,10,23,0,21,71,3,1,2,5,0,2,0,1,0,0,0,0,0
2022-05-26,0,0,0,0,0,0,0,0,0,0,0,0,0,0,0,0,0,0,10,0,285,15,22,0,10,31,3,0,1,8,0,2,0,3,0,0,3,2,2
2022-05-27,0,0,0,0,0,0,0,0,0,0,0,0,0,0,0,0,0,0,4,0,195,23,15,0,3,65,12,1,0,6,6,1,0,0,0,0,0,0,0
2022-05-28,0,0,0,0,0,0,0,0,0,0,0,0,0,0,0,0,0,0,2,0,107,9,13,0,0,6,1,0,0,11,3,0,0,0,1,0,0,1,0
2022-05-29,0,0,0,0,0,0,0,0,0,0,0,0,0,0,0,0,0,0,0,0,106,7,13,0,0,18,0,0,2,6,0,0,0,0,0,0,0,0,1
2022-05-30,0,0,0,0,0,0,0,0,0,0,0,0,0,0,0,0,0,0,2,0,111,5,9,0,0,17,1,1,0,0,0,0,0,2,0,0,0,1,1
2022-05-31,0,0,0,1,0,0,0,0,0,0,1,0,0,0,0,0,0,0,5,0,143,16,16,0,3,39,12,0,6,5,1,1,0,3,0,0,0,1,0
2022-06-01,0,0,0,0,0,0,0,0,0,0,0,0,0,0,0,0,0,0,15,0,258,6,11,0,0,22,3,0,0,5,0,2,0,1,0,0,1,1,0
2022-06-02,0,0,0,0,0,0,0,0,0,0,0,0,0,0,0,0,0,0,6,0,232,10,15,0,4,36,7,4,0,7,2,10,0,2,0,0,2,0,1
2022-06-03,0,0,0,0,0,0,0,0,0,0,0,0,0,0,0,0,0,0,15,0,176,11,45,0,1,42,6,3,0,6,0,2,0,1,0,0,0,1,0
2022-06-04,0,0,0,1,0,0,0,0,0,0,0,0,0,0,0,0,0,0,6,0,93,6,14,0,0,16,0,0,1,3,0,2,0,3,1,0,1,0,0
2022-06-05,0,0,0,0,0,0,0,0,0,0,0,0,0,0,0,0,0,0,6,0,107,2,15,0,2,9,0,3,0,5,0,1,0,0,1,0,0,0,0
2022-06-06,0,0,0,1,0,0,0,0,0,0,0,0,0,0,0,0,0,0,24,0,143,10,9,0,1,63,0,2,0,8,0,9,0,0,1,0,2,3,0
2022-06-07,0,0,0,0,0,0,0,0,0,0,0,0,0,0,0,0,0,0,10,0,216,13,10,0,0,44,4,1,0,3,0,4,0,0,1,0,0,0,0
2022-06-08,0,0,0,0,0,0,0,0,0,0,0,0,0,0,0,0,0,0,14,0,235,18,5,0,3,42,1,0,1,8,3,0,0,2,0,0,9,2,5
2022-06-09,0,0,0,0,0,0,0,0,0,0,0,0,0,0,0,0,0,0,9,0,158,13,31,2,0,20,1,0,0,10,0,7,0,1,0,0,0,0,0
2022-06-10,0,0,0,0,0,0,0,0,0,0,0,0,0,0,0,0,0,0,9,1,146,7,41,0,2,34,1,0,0,2,0,1,0,2,0,0,2,2,0
2022-06-11,0,0,0,0,0,0,0,0,0,0,0,0,0,0,0,0,0,0,3,0,73,4,27,0,0,13,0,0,0,3,0,2,0,0,1,0,1,1,2
2022-06-12,0,0,0,0,0,0,0,0,0,0,0,0,0,0,0,0,0,0,17,0,69,4,17,0,1,31,0,1,3,3,0,10,0,5,2,0,0,0,0
2022-06-13,0,0,0,0,0,0,0,0,0,0,0,0,0,0,0,0,0,0,7,0,141,10,19,0,3,36,9,0,2,8,0,4,0,2,3,0,0,1,2
2022-06-14,0,0,0,0,0,0,0,0,0,0,0,0,0,0,0,0,0,0,3,0,125,9,9,0,0,33,9,1,10,12,0,2,0,3,1,0,3,0,0
2022-06-15,0,0,0,0,0,0,0,0,0,0,0,0,0,0,0,0,0,0,50,0,99,6,5,0,1,36,6,0,3,8,1,2,0,0,1,0,0,1,1
2022-06-16,0,0,0,0,0,0,0,0,0,0,0,0,0,0,0,0,0,0,11,0,140,8,10,0,3,26,1,0,3,10,0,0,0,0,0,0,0,1,1
2022-06-17,0,0,0,0,0,0,0,0,0,0,0,0,0,0,0,0,0,0,9,0,147,2,22,0,3,65,6,0,2,8,0,3,0,3,0,1,1,4,0
2022-06-18,0,1,0,0,0,0,0,0,0,0,0,0,0,0,0,0,0,0,4,0,62,2,12,0,0,14,2,0,3,2,0,1,0,0,0,0,1,0,0
2022-06-19,0,0,0,0,0,0,0,0,0,0,0,0,0,0,0,0,0,0,0,0,76,3,3,0,0,16,2,0,2,3,0,0,0,1,0,0,0,0,0
2022-06-20,0,0,0,1,0,0,0,0,0,0,0,0,0,0,0,0,0,0,4,0,84,7,5,0,0,49,2,0,2,6,0,0,0,1,0,0,0,0,0
2022-06-21,0,0,0,0,0,0,0,0,0,0,2,0,0,0,0,0,0,0,1,0,108,12,12,0,0,56,5,0,5,11,3,0,0,0,0,4,2,0,0
2022-06-22,0,0,0,0,0,0,0,0,0,0,0,0,0,0,0,0,0,0,4,0,120,16,20,0,1,31,2,2,3,6,1,1,0,0,0,1,0,0,0
2022-06-23,0,0,0,0,0,0,0,0,0,0,0,0,0,0,0,0,0,0,5,0,110,22,19,0,1,30,7,0,3,4,1,1,0,1,1,0,3,1,0
2022-06-24,0,0,0,0,0,0,0,0,0,0,0,0,0,0,0,0,0,0,1,0,120,13,12,1,0,32,8,0,3,15,0,0,0,0,3,3,3,1,2
2022-06-25,0,0,0,0,0,0,0,0,0,0,0,0,0,0,0,0,0,0,1,0,68,3,4,0,1,46,1,0,2,13,0,0,0,1,0,0,1,0,0
2022-06-26,0,0,0,0,0,0,0,0,0,0,0,0,0,0,0,0,0,0,5,0,40,7,4,0,0,8,0,0,1,8,2,3,0,1,0,0,0,1,0
2022-06-27,0,0,0,0,0,0,0,0,0,0,0,0,0,0,0,0,0,0,3,0,79,19,14,0,0,31,6,0,4,32,1,3,0,2,0,0,0,0,0
2022-06-28,0,0,0,0,0,0,0,0,0,0,0,0,0,0,0,0,0,0,5,0,82,18,3,0,1,19,0,1,12,15,0,1,0,1,0,1,2,0,0
2022-06-29,0,1,0,0,0,0,0,0,0,0,0,0,0,0,0,0,0,0,1,0,68,9,21,0,0,37,0,0,43,4,0,1,0,5,0,0,1,0,0
2022-06-30,0,0,0,0,0,0,0,0,0,0,0,0,0,0,0,0,0,0,3,0,81,9,9,0,2,23,3,0,20,13,0,1,0,2,0,0,2,0,1
2022-07-01,0,0,0,0,0,0,0,0,0,0,0,0,0,0,0,0,0,0,13,0,67,7,16,0,1,16,0,1,15,11,0,0,0,5,0,2,3,0,0
2022-07-02,0,0,0,0,0,0,0,0,0,0,0,0,0,0,0,0,0,0,9,0,40,3,9,0,4,15,2,0,3,2,0,0,0,3,0,0,0,0,2
2022-07-03,0,0,0,0,0,0,0,0,0,0,0,0,0,0,0,0,0,0,7,0,36,3,2,0,2,3,2,0,4,6,0,1,0,1,0,1,0,1,0
2022-07-04,0,0,0,0,0,0,0,0,0,0,0,0,0,0,0,0,0,0,6,0,53,4,10,0,2,11,0,1,7,1,0,1,0,0,0,1,0,0,0
2022-07-05,0,0,0,0,0,0,0,0,0,0,0,0,0,0,0,0,0,0,1,0,86,9,17,0,1,32,2,2,45,1,0,0,0,1,2,0,0,0,0
2022-07-06,0,0,0,0,0,0,0,0,0,0,0,0,0,0,0,0,0,0,10,0,250,10,15,0,2,26,0,0,23,8,1,6,0,2,2,2,0,0,0
2022-07-07,0,0,0,0,0,0,0,0,0,0,0,0,0,0,0,0,0,0,13,0,340,13,17,0,4,34,0,0,35,17,1,4,0,1,0,1,0,0,0
2022-07-08,0,0,0,0,0,0,0,0,0,0,0,0,0,0,0,0,0,0,3,0,147,20,27,0,0,87,2,0,5,5,0,2,0,1,0,0,5,0,0
2022-07-09,0,0,0,0,0,0,0,0,0,0,0,0,0,0,0,0,0,0,5,0,81,6,15,0,0,51,0,0,1,8,0,0,0,0,0,0,1,4,2
2022-07-10,0,0,0,0,0,0,0,0,0,0,0,0,0,0,0,0,0,0,2,0,57,4,6,0,0,26,1,1,1,6,0,1,0,1,0,0,0,0,0
2022-07-11,0,0,0,0,0,0,0,0,0,0,0,0,0,0,0,0,0,0,5,0,267,11,19,1,4,78,1,0,7,4,0,2,0,0,0,0,1,0,0
2022-07-12,0,0,0,0,0,0,0,0,0,0,0,0,0,0,0,0,0,0,4,0,394,7,15,0,4,64,1,1,3,9,0,5,0,3,0,0,5,1,1
2022-07-13,0,0,0,0,0,0,0,0,0,0,0,0,0,0,0,0,0,0,7,0,230,8,23,0,0,41,0,0,2,8,0,6,0,1,0,1,0,2,0
2022-07-14,0,0,0,0,0,0,0,0,0,0,0,0,0,0,0,0,0,0,8,3,199,7,22,0,4,37,0,0,7,3,0,9,0,2,0,0,0,6,1
2022-07-15,0,0,0,0,0,0,0,0,0,0,0,0,0,0,0,0,0,0,6,2,125,7,10,0,2,25,0,0,1,4,0,2,0,2,0,1,0,1,0
2022-07-16,0,0,0,0,0,0,0,0,0,0,0,0,0,0,0,0,0,0,4,0,94,8,5,1,5,33,1,1,2,1,2,0,0,0,0,2,0,0,1
2022-07-17,0,0,0,0,0,0,0,0,0,0,0,0,0,0,0,0,0,0,8,0,98,6,4,0,5,38,0,0,3,1,0,0,0,0,0,0,0,0,0
2022-07-18,0,0,0,0,0,0,0,0,0,0,0,0,0,0,0,0,0,0,13,0,175,7,16,0,9,21,0,0,1,2,1,1,0,3,0,0,1,1,0
2022-07-19,0,0,0,2,0,0,0,0,0,0,1,0,0,0,0,0,0,0,6,1,170,8,12,0,4,29,0,0,4,4,0,1,0,0,0,0,0,1,0
2022-07-20,0,0,0,0,0,0,0,0,0,0,1,0,0,0,0,0,0,0,6,0,152,11,49,1,5,22,0,0,0,12,0,3,0,1,2,0,0,4,0
2022-07-21,0,0,0,0,0,0,0,0,0,0,2,0,0,0,0,0,0,0,7,0,161,16,46,3,6,56,4,0,10,17,1,1,0,3,1,0,0,2,0
2022-07-22,0,0,0,0,0,0,0,0,0,0,0,0,0,0,0,0,0,0,13,0,275,5,17,3,9,60,0,1,13,24,1,0,0,1,0,0,0,0,0
2022-07-23,0,0,0,0,0,0,0,0,0,0,0,0,0,0,0,0,0,0,2,0,125,4,7,0,2,30,0,1,4,0,0,9,0,1,0,0,0,0,0
2022-07-24,0,0,0,0,0,0,0,0,0,0,0,0,0,0,0,0,0,0,4,0,75,3,11,0,2,15,0,0,8,3,0,1,0,0,0,0,0,4,0
2022-07-25,0,0,0,0,0,0,0,0,0,0,0,0,0,0,0,0,0,0,13,0,140,3,24,0,0,12,0,1,5,6,1,4,0,0,0,3,0,1,0
2022-07-26,0,0,0,0,0,0,0,0,0,0,0,0,0,0,0,0,0,0,9,0,101,3,13,1,4,28,2,0,1,3,1,19,0,1,0,2,0,0,0
2022-07-27,0,0,0,0,0,0,0,0,0,0,0,0,0,0,0,0,0,0,7,0,115,4,14,1,10,19,0,0,3,5,0,13,0,0,0,0,0,5,0
2022-07-28,0,0,0,0,0,0,0,0,0,0,0,0,0,0,0,0,0,0,20,3,113,7,11,1,8,36,3,3,5,11,0,4,0,3,0,0,0,4,0
2022-07-29,0,0,0,0,0,0,0,0,0,0,0,0,0,0,0,0,0,0,12,0,126,7,14,0,3,24,0,1,6,11,0,3,0,4,0,0,0,3,0
2022-07-30,0,0,0,0,0,0,0,0,0,0,0,0,0,0,0,0,0,0,6,0,87,9,9,0,1,15,0,0,0,4,0,8,0,3,0,0,0,0,0
2022-07-31,0,0,0,0,0,0,0,0,0,0,0,0,0,0,0,0,0,0,7,0,60,0,11,0,2,11,0,0,5,3,0,2,0,5,0,0,0,0,2
2022-08-01,0,0,0,0,0,0,0,0,0,0,0,0,0,0,0,0,0,0,9,1,160,3,19,0,5,17,4,0,9,8,0,3,0,4,0,1,1,0,0
2022-08-02,0,0,0,0,0,0,0,0,0,0,0,0,0,0,0,0,0,0,11,0,190,10,14,0,10,37,2,3,30,41,8,1,0,15,5,0,1,0,0
2022-08-03,0,0,0,0,0,0,0,0,0,0,0,0,0,0,0,0,0,0,9,2,143,25,14,2,2,33,0,3,16,29,3,1,0,11,5,3,1,2,2
2022-08-04,0,0,0,0,0,0,0,0,0,0,0,0,0,0,0,0,0,0,5,1,133,34,17,2,3,21,0,0,30,8,0,1,0,6,0,0,0,4,0
2022-08-05,0,0,0,0,0,0,0,0,0,0,0,0,0,0,0,0,0,0,8,0,182,74,35,2,0,59,0,0,190,4,0,1,0,2,1,3,0,1,1
2022-08-06,0,0,0,0,0,0,0,0,0,0,0,0,0,0,0,0,0,0,2,0,156,40,15,0,0,10,1,3,79,7,1,1,0,0,1,0,0,1,0
2022-08-07,0,0,0,0,0,0,0,0,0,0,0,0,0,0,0,0,0,0,5,0,132,30,12,0,0,14,0,0,147,8,0,4,0,1,3,0,0,1,2
2022-08-08,0,0,0,0,0,0,0,0,0,0,0,0,0,0,0,0,0,0,7,0,237,88,10,2,10,31,1,5,447,12,0,0,0,1,4,1,0,9,2
2022-08-09,0,1,0,1,0,0,0,0,0,0,0,0,0,0,0,0,0,0,10,0,167,60,4,1,13,17,3,2,457,8,0,0,0,5,4,3,1,8,4
2022-08-10,0,0,0,0,0,0,0,0,0,0,0,0,0,0,0,0,0,0,10,0,151,48,48,2,0,32,2,0,309,13,1,4,0,1,1,1,0,2,1
2022-08-11,0,0,0,0,0,0,0,0,0,0,0,0,0,0,0,0,0,0,9,0,145,39,18,0,1,57,2,1,268,34,1,0,0,1,4,0,6,2,2
2022-08-12,0,0,0,0,0,0,0,0,0,0,0,0,0,0,0,0,0,0,7,0,151,43,17,0,1,30,1,0,404,24,0,0,0,2,0,0,0,3,0
2022-08-13,0,0,0,0,0,0,0,0,0,0,0,0,0,0,0,0,0,0,6,0,71,17,8,0,0,4,1,1,180,4,0,0,0,0,1,0,0,0,0
2022-08-14,0,0,0,0,0,0,0,0,0,0,1,0,0,0,0,0,0,0,1,0,59,30,3,0,0,12,0,2,144,12,0,4,0,2,0,0,2,0,0
2022-08-15,0,0,0,0,0,0,0,0,0,0,0,0,0,0,0,0,0,0,13,0,137,46,13,2,3,23,5,7,566,12,2,1,0,0,0,0,0,8,1
2022-08-16,0,0,0,0,0,0,0,0,0,0,0,0,0,0,0,0,0,0,14,0,272,35,13,2,0,27,1,1,1348,42,3,5,0,0,0,4,1,9,11
2022-08-17,0,0,0,0,0,0,0,0,0,0,1,0,0,0,0,0,0,0,11,0,212,43,11,3,1,34,0,0,1539,21,1,2,0,0,0,1,1,20,2
2022-08-18,0,0,0,0,0,0,0,0,0,0,0,0,0,0,0,0,0,0,16,0,300,49,16,3,1,29,1,1,1661,19,1,1,0,0,1,1,0,7,4
2022-08-19,0,0,0,1,0,0,0,0,0,0,0,0,0,0,0,0,0,0,10,0,301,74,14,5,5,19,3,2,1147,22,0,3,0,2,0,3,0,5,4
2022-08-20,0,0,0,0,0,0,0,0,0,0,0,0,0,0,0,0,0,0,4,0,73,20,5,0,2,6,0,0,331,5,1,1,0,2,1,1,1,3,0
2022-08-21,0,0,0,0,0,0,0,0,0,0,0,0,0,0,0,0,0,0,4,0,57,29,10,0,1,2,0,0,241,3,1,2,0,0,0,0,3,0,0
2022-08-22,0,0,0,0,0,0,0,0,0,0,0,0,0,0,0,0,0,0,10,0,108,132,13,1,2,20,1,2,275,11,1,3,0,1,0,0,3,2,1
2022-08-23,0,0,0,0,0,0,0,0,0,0,0,0,0,0,0,0,0,0,7,0,117,64,15,0,4,21,0,0,246,9,0,0,0,0,0,0,0,9,3
2022-08-24,0,0,0,0,0,0,0,0,0,0,0,0,0,0,0,0,0,0,5,0,113,23,24,3,22,51,0,3,447,4,0,2,0,2,0,0,1,1,0
2022-08-25,0,0,0,0,0,0,0,0,0,0,0,0,0,0,0,0,0,0,15,0,106,29,53,2,10,13,0,3,276,14,0,5,0,1,0,0,0,8,1
2022-08-26,0,0,0,0,0,0,0,0,0,0,0,0,0,0,0,0,0,0,14,0,77,12,21,0,9,14,0,2,207,10,1,4,0,1,0,0,0,1,1
2022-08-27,0,0,0,0,0,0,0,0,0,0,0,0,0,0,0,0,0,0,3,0,55,6,5,0,1,3,0,1,99,8,0,0,0,1,0,2,1,0,0
2022-08-28,0,0,0,0,0,0,0,0,0,0,0,0,0,0,0,0,0,0,5,0,37,7,4,0,3,0,2,0,79,5,0,0,0,0,0,0,1,0,0
2022-08-29,0,0,0,0,0,0,0,0,0,0,0,0,0,0,0,0,0,0,14,0,92,20,9,1,2,14,0,1,313,6,0,0,0,0,0,0,0,4,1
2022-08-30,0,0,0,0,0,0,0,0,0,0,1,0,0,0,0,0,0,0,9,0,131,18,8,0,3,19,1,0,323,5,2,0,0,2,0,0,2,4,0
2022-08-31,0,0,0,0,0,0,0,0,0,0,1,0,0,0,0,0,0,0,7,0,102,21,9,8,12,18,0,1,410,7,0,4,0,1,0,0,1,2,3
2022-09-01,0,0,0,1,0,0,0,0,0,0,0,0,0,0,0,0,0,0,16,0,93,32,10,9,36,2,0,1,186,6,1,4,0,5,0,2,0,1,0
2022-09-02,0,0,0,0,0,0,0,0,0,0,0,0,0,0,0,0,0,0,5,0,102,17,7,2,9,7,0,1,172,9,0,1,0,1,0,0,0,0,1
2022-09-03,0,0,0,0,0,0,0,0,0,0,0,0,0,0,0,0,0,0,7,0,59,6,1,0,4,6,0,0,43,3,0,0,0,2,0,0,1,0,0
2022-09-04,0,0,0,0,0,0,0,0,0,0,0,0,0,0,0,0,0,0,8,0,44,4,2,1,8,7,0,0,277,4,0,1,0,0,0,0,1,0,0
2022-09-05,0,0,0,0,0,0,0,0,0,0,1,0,0,0,0,0,0,0,9,0,49,10,10,3,5,4,0,0,143,4,0,0,0,3,0,0,1,0,0
2022-09-06,0,1,0,0,0,0,0,0,0,0,0,0,0,0,0,0,0,0,14,0,84,10,9,0,6,7,0,0,135,4,0,2,0,0,0,2,0,0,2
2022-09-07,0,0,0,0,0,0,0,0,0,0,0,0,0,0,0,0,0,0,43,0,174,8,9,0,0,25,0,2,109,9,0,5,0,1,0,0,3,3,2
2022-09-08,0,0,0,0,0,0,0,0,0,0,0,0,0,0,0,0,0,0,12,0,137,8,10,0,1,15,0,0,49,16,0,8,0,1,1,0,0,0,2
2022-09-09,0,0,0,0,0,0,0,0,0,0,0,0,0,0,0,0,0,0,14,0,106,7,8,0,0,7,0,0,37,10,0,12,0,1,0,2,0,3,3
2022-09-10,0,0,0,0,0,0,0,0,0,0,0,0,0,0,0,0,0,0,3,0,46,6,1,0,1,7,0,0,20,8,0,0,0,1,0,2,0,0,2
2022-09-11,0,0,0,0,0,0,0,0,0,0,0,0,0,0,0,0,0,0,4,0,38,3,2,1,0,4,0,1,25,7,0,3,0,1,0,0,0,0,0
2022-09-12,0,0,0,0,0,0,0,0,0,0,0,0,0,0,0,0,0,0,20,0,103,15,17,2,2,19,0,1,49,5,0,8,0,6,1,0,9,1,4
2022-09-13,0,0,0,0,0,0,0,0,0,0,0,0,0,0,0,0,0,0,11,0,73,6,5,2,3,15,0,1,45,2,0,2,0,2,0,2,3,5,0
2022-09-14,0,0,0,0,0,0,0,0,0,0,0,0,0,0,0,0,0,0,10,0,83,5,14,0,2,8,0,0,27,8,1,4,0,2,0,0,1,3,0
2022-09-15,0,0,0,0,0,0,0,0,0,0,0,0,0,0,0,0,0,0,21,0,97,8,12,1,1,19,0,0,29,13,0,4,0,4,0,0,0,1,0
2022-09-16,0,0,0,0,0,0,0,0,0,0,1,0,0,0,0,2,0,0,12,0,94,3,7,0,13,15,0,1,22,10,0,5,0,2,0,0,0,1,1
2022-09-17,0,0,0,0,0,0,0,0,0,0,2,0,0,0,0,0,0,0,3,0,50,6,5,2,2,4,0,0,18,4,0,3,0,2,0,0,0,1,1
2022-09-18,0,0,0,0,0,0,0,0,0,0,0,0,0,0,0,0,0,0,5,0,56,4,5,0,6,4,0,1,2,12,0,4,0,0,0,0,0,0,1
2022-09-19,0,0,0,1,0,0,0,0,0,0,0,0,0,0,0,0,0,0,11,1,68,6,12,0,2,4,0,0,19,7,0,4,0,0,0,0,0,1,6
2022-09-20,0,0,0,0,0,0,0,0,0,0,1,0,0,0,0,0,0,0,11,0,92,3,13,0,7,12,1,0,17,4,0,6,0,3,0,0,0,4,0
2022-09-21,0,0,0,0,0,0,0,0,0,0,0,0,0,0,0,0,0,0,4,0,71,5,4,1,9,9,1,1,19,4,0,4,0,3,1,0,0,1,0
2022-09-22,0,0,0,0,0,0,0,0,0,0,1,0,0,0,0,0,0,0,2,0,92,14,13,0,8,14,0,4,25,5,0,4,0,8,0,0,2,0,1
2022-09-23,0,0,0,0,0,0,0,0,0,0,0,0,0,0,0,0,0,0,12,0,82,9,11,0,0,18,0,2,20,18,0,3,0,0,0,0,0,1,2
2022-09-24,0,0,0,0,0,0,0,0,0,0,3,0,0,0,0,0,0,0,3,0,46,9,4,0,0,10,0,1,14,6,0,1,0,0,0,0,0,0,1
2022-09-25,0,0,0,0,0,0,0,0,0,0,0,0,0,0,0,0,0,0,10,0,44,9,4,1,3,7,0,1,10,3,1,1,0,3,0,0,0,0,0
2022-09-26,0,0,0,0,0,0,0,0,0,0,0,0,0,0,0,0,0,0,5,0,75,14,6,1,3,20,0,0,15,4,1,8,0,1,0,0,0,2,0
2022-09-27,0,0,0,0,0,0,0,0,0,0,0,0,0,0,0,0,0,0,6,0,65,17,9,0,0,20,1,0,19,11,1,9,0,0,0,0,0,0,2
2022-09-28,0,0,0,0,0,0,0,0,0,0,0,0,0,0,0,0,0,0,41,0,103,15,12,0,0,8,1,0,18,4,1,4,0,1,0,0,0,0,5
2022-09-29,0,0,0,0,0,0,0,0,0,0,0,0,0,0,0,0,0,0,12,0,118,10,9,0,4,26,0,3,32,7,3,0,0,4,0,0,0,0,2
2022-09-30,0,0,0,0,0,0,0,0,0,0,0,0,0,0,0,0,0,0,19,0,108,2,26,1,0,12,0,0,19,11,0,5,0,0,0,1,0,2,1
2022-10-01,0,0,0,0,0,0,0,0,0,0,0,0,0,0,0,0,0,0,6,0,68,4,17,0,1,11,0,0,10,3,0,0,0,1,0,0,2,0,0
2022-10-02,0,0,0,0,0,0,0,0,0,0,0,0,0,0,0,0,0,0,4,0,68,9,28,0,1,8,0,0,1,8,0,3,0,1,0,1,5,0,1
2022-10-03,0,1,0,1,0,0,0,0,0,0,0,0,0,0,0,0,0,0,11,2,75,26,43,2,2,15,0,1,11,8,1,0,0,1,0,1,0,0,4
2022-10-04,0,0,0,0,0,0,0,0,0,0,0,0,0,0,0,0,0,0,17,0,92,14,38,1,0,71,0,0,11,10,0,3,0,1,2,0,1,0,0
2022-10-05,0,1,0,0,0,0,0,0,0,0,0,0,0,0,0,0,0,0,15,0,70,3,25,0,0,80,0,1,6,8,0,10,0,0,3,1,4,0,0
2022-10-06,0,0,0,0,0,0,0,0,0,0,0,0,0,0,0,0,0,0,4,1,72,7,19,1,0,57,8,0,6,6,0,6,0,8,0,1,1,45,0
2022-10-07,0,0,0,0,0,0,0,0,0,0,0,0,0,0,0,0,0,0,12,0,80,10,28,0,3,43,3,1,9,9,0,1,0,11,0,0,6,39,1
2022-10-08,0,0,0,0,0,0,0,0,0,0,0,0,0,0,0,0,0,0,8,0,41,5,15,0,3,10,1,0,7,4,0,0,0,2,0,0,1,3,2
2022-10-09,0,0,0,0,0,0,0,0,0,0,0,0,0,0,0,0,0,0,7,0,32,1,7,1,0,8,0,0,5,4,0,3,0,0,1,0,0,6,0
2022-10-10,0,0,0,0,0,0,0,0,0,0,0,0,0,0,0,0,0,0,5,1,47,3,14,0,2,14,0,0,8,5,0,2,0,2,0,0,0,4,2
2022-10-11,0,0,0,1,0,0,0,0,0,0,0,0,0,0,0,0,0,0,7,0,76,6,30,0,8,38,2,3,11,6,5,1,0,3,0,0,0,0,0
2022-10-12,0,0,0,1,0,0,0,0,0,0,0,0,0,0,0,0,0,0,10,0,69,12,11,0,1,36,0,0,8,8,3,2,0,1,0,2,0,5,1
2022-10-13,0,0,0,0,0,0,0,0,0,0,1,0,0,0,0,0,0,0,3,0,63,14,13,1,1,14,0,0,14,13,2,1,0,2,0,0,0,4,0
2022-10-14,0,0,0,0,0,0,0,0,0,0,0,0,0,0,0,0,0,0,6,0,77,6,18,0,0,15,1,0,9,7,0,0,0,0,0,0,1,1,1
2022-10-15,0,0,0,0,0,0,0,0,0,0,0,0,0,0,0,0,0,0,3,0,35,3,24,0,3,7,0,3,2,1,0,1,0,0,0,0,0,0,0
2022-10-16,0,0,0,0,0,0,0,0,0,0,0,0,0,0,0,0,0,0,2,0,30,2,18,0,1,4,0,1,3,0,0,2,0,0,0,1,1,0,1
2022-10-17,0,0,0,0,0,0,0,0,0,0,0,0,0,0,0,0,0,0,6,0,51,5,13,1,3,7,0,0,4,3,1,3,0,2,0,0,1,3,5
2022-10-18,0,0,0,0,0,0,0,0,0,0,0,0,0,0,0,0,0,0,10,0,71,4,32,2,10,25,0,0,8,3,0,6,0,0,0,0,2,0,0
2022-10-19,0,0,0,0,0,0,0,0,0,0,0,0,0,0,0,0,0,0,9,0,74,2,65,1,1,10,0,2,2,8,0,0,0,1,0,5,7,0,0
2022-10-20,0,0,0,0,0,0,0,0,0,0,0,0,0,0,0,0,0,0,21,0,87,6,79,3,2,27,0,0,6,2,0,0,0,2,0,1,2,0,0
2022-10-21,0,0,0,0,0,0,0,0,0,0,1,0,0,0,0,0,0,0,12,0,87,3,24,0,2,45,0,1,2,5,0,1,0,1,0,0,0,0,1
2022-10-22,0,0,0,0,0,0,0,0,0,0,0,0,0,0,0,0,0,0,8,1,50,5,12,2,1,14,0,1,4,6,0,0,0,0,1,0,0,0,0
2022-10-23,0,0,0,1,0,0,0,0,0,0,0,0,0,0,0,0,0,0,13,0,46,2,13,0,4,13,0,0,3,7,0,7,0,0,0,0,1,0,0
2022-10-24,0,0,0,0,0,0,0,0,0,0,0,0,0,0,0,0,0,0,17,0,47,3,22,0,0,12,0,0,5,1,2,3,0,1,0,0,2,0,0
2022-10-25,0,0,0,0,0,0,0,0,0,0,0,0,0,0,0,0,0,0,17,3,81,3,22,0,2,30,0,0,34,6,0,20,0,0,0,2,0,2,1
2022-10-26,0,0,0,1,0,0,0,0,0,0,0,0,0,0,0,0,0,0,19,0,58,1,14,0,4,53,0,1,9,7,0,34,0,0,0,0,2,3,1
2022-10-27,0,0,0,0,0,0,0,0,0,0,0,0,0,0,0,0,0,0,72,0,98,5,14,0,1,90,0,4,3,6,0,9,0,3,0,1,0,0,0
2022-10-28,0,0,0,0,0,0,0,0,0,0,0,0,0,0,0,0,0,0,50,0,138,3,14,0,0,0,0,0,5,12,1,4,0,4,0,0,0,0,0
2022-10-29,0,0,0,0,0,0,0,0,0,0,0,0,0,0,0,0,0,0,16,0,56,0,5,0,4,0,0,1,2,6,0,3,0,0,1,2,1,1,0
2022-10-30,0,0,0,0,0,0,0,0,0,0,0,0,0,0,0,0,0,0,7,0,42,2,4,0,1,0,0,0,2,1,0,1,0,4,0,0,0,0,4
2022-10-31,0,0,0,0,0,0,0,0,0,0,0,0,0,0,0,0,0,0,12,0,246,8,9,0,2,0,0,5,1,8,0,1,0,3,0,0,0,1,0
2022-11-01,0,0,0,0,0,0,0,0,0,0,0,0,0,0,0,0,0,0,5,0,124,13,9,0,3,0,1,2,4,7,0,0,0,9,0,0,0,1,0
2022-11-02,0,0,0,0,0,0,0,0,0,0,0,0,0,0,0,0,0,0,9,0,71,15,13,1,2,0,0,1,13,4,0,4,0,2,0,2,0,5,0
2022-11-03,0,0,0,0,0,0,0,0,0,0,0,0,0,0,0,0,0,0,20,0,76,6,11,0,1,0,0,2,3,5,0,8,0,1,0,2,3,5,2
2022-11-04,0,0,0,0,0,0,0,0,0,0,0,0,0,0,0,0,0,0,11,0,79,10,17,0,3,0,0,1,6,10,0,3,0,1,0,0,1,4,6
2022-11-05,0,0,0,0,0,0,0,0,0,0,0,0,0,0,0,0,0,0,6,0,51,5,14,1,3,0,0,2,3,4,0,0,0,1,0,0,1,0,0
2022-11-06,0,0,0,0,0,0,0,0,0,0,0,0,0,0,0,0,0,0,8,0,52,7,14,0,4,0,0,1,1,0,1,0,0,1,2,0,0,7,0
2022-11-07,0,0,0,0,0,0,0,0,0,0,0,0,0,0,0,0,0,0,11,0,61,8,22,0,6,0,0,9,6,8,1,2,0,5,3,0,0,4,0
2022-11-08,0,0,0,0,0,0,0,0,0,0,0,0,0,0,0,0,0,0,9,1,107,7,32,0,9,0,1,4,4,7,0,3,0,0,1,1,0,9,0
2022-11-09,0,0,0,0,0,0,0,0,0,0,0,0,0,0,0,0,0,0,8,0,110,9,64,0,1,0,0,3,6,15,0,1,0,3,1,0,1,2,2
2022-11-10,0,0,0,0,0,0,0,0,0,0,0,0,0,0,0,0,0,0,9,0,90,5,34,0,4,0,0,8,3,5,0,0,0,1,1,1,3,2,1
2022-11-11,0,0,0,0,0,0,0,0,0,0,1,0,0,0,0,0,0,0,4,1,99,6,26,0,3,0,0,3,2,12,2,0,0,1,1,0,0,5,0
2022-11-12,0,0,0,0,0,0,0,0,0,0,0,0,0,0,0,0,0,0,6,0,58,8,12,1,1,0,0,1,1,8,0,0,0,0,0,0,0,2,1
2022-11-13,0,0,0,0,0,0,0,0,0,0,0,0,0,0,0,0,0,0,7,0,61,8,6,0,0,0,5,4,0,14,0,0,0,0,0,0,0,1,0
2022-11-14,0,0,0,0,0,0,0,0,0,0,1,0,0,0,0,0,0,0,6,1,105,21,20,0,5,0,0,1,7,6,0,2,0,2,2,1,2,2,1
2022-11-15,0,0,0,0,0,0,0,0,0,0,0,0,0,0,0,0,0,1,10,0,99,16,12,0,7,0,0,1,6,2,0,1,0,5,0,0,0,0,0
2022-11-16,0,0,0,0,0,0,0,0,0,0,0,0,0,0,0,0,0,1,9,1,85,11,16,0,20,0,0,0,7,7,0,4,0,3,1,2,0,4,0
2022-11-17,2,0,0,0,0,0,0,0,0,0,0,0,0,0,0,0,0,0,2,0,85,10,14,1,13,0,2,1,6,5,0,1,0,0,0,1,4,1,0
2022-11-18,0,0,0,0,0,0,0,0,0,0,0,0,0,0,0,0,0,0,2,0,96,5,27,0,4,0,0,0,7,7,0,0,0,0,0,0,0,0,0
2022-11-19,0,0,0,0,0,0,0,0,0,0,0,0,0,0,0,0,0,0,5,0,68,3,7,0,3,0,0,0,5,3,0,1,0,2,0,1,0,0,0
2022-11-20,0,0,0,0,0,0,0,0,0,0,0,0,0,0,0,0,0,0,1,0,45,3,9,0,0,0,0,0,9,2,0,1,0,0,0,0,0,0,0
2022-11-21,0,0,0,0,0,0,0,0,0,0,0,0,0,0,0,0,0,0,8,0,103,4,24,0,2,0,0,0,9,5,0,2,0,0,1,0,0,0,0
2022-11-22,0,0,0,1,0,0,0,0,0,0,0,0,0,0,0,0,0,0,13,0,217,4,24,0,0,0,0,0,3,4,0,3,0,0,0,0,0,1,0
2022-11-23,0,0,0,0,0,0,0,0,0,0,0,0,0,0,0,0,0,0,23,0,109,7,32,0,3,0,0,2,2,1,0,6,0,4,0,0,0,0,0
2022-11-24,0,0,0,0,0,0,0,0,0,0,0,0,0,0,0,0,0,0,8,0,55,3,18,0,1,0,0,1,3,5,0,3,0,2,0,0,1,0,0
2022-11-25,0,0,0,0,0,0,0,0,0,0,0,0,0,0,0,0,0,0,6,0,60,6,16,0,0,0,0,0,0,5,0,4,0,0,0,0,1,0,1
2022-11-26,0,0,0,0,0,0,0,0,0,0,0,0,0,0,0,0,0,0,6,0,53,2,9,0,0,0,0,0,1,2,0,0,0,0,0,0,0,4,0
2022-11-27,0,0,0,0,0,0,0,0,0,0,0,0,0,0,0,0,0,0,6,0,54,1,12,0,0,0,0,0,0,2,0,0,0,0,0,0,2,0,1
2022-11-28,0,0,0,0,0,0,0,0,0,0,0,0,0,0,0,0,0,0,16,0,96,4,19,0,0,0,0,0,6,2,0,0,0,0,0,0,0,0,0
2022-11-29,0,0,0,0,0,0,0,0,0,0,0,0,0,0,0,0,0,0,42,0,95,7,23,0,0,0,0,0,3,10,3,2,0,0,0,0,0,0,0
2022-11-30,0,0,0,0,0,0,0,0,0,0,0,0,0,0,0,0,0,0,27,0,74,3,13,0,0,0,2,0,3,6,4,9,0,0,0,0,2,1,2
2022-12-01,0,0,0,0,1,0,0,0,0,0,0,0,0,0,0,0,0,0,27,1,68,14,26,0,1,0,0,1,9,5,1,0,0,0,2,0,4,0,5
2022-12-02,0,0,0,0,0,0,0,0,0,0,0,0,0,0,0,0,0,0,14,0,78,13,18,0,2,0,5,2,5,1,1,1,0,1,0,0,0,11,3
2022-12-03,0,0,0,0,0,0,0,0,0,0,0,0,0,0,0,0,0,0,11,0,35,2,13,0,0,0,0,0,1,5,1,0,0,0,1,0,3,1,0
2022-12-04,0,0,0,0,0,0,0,0,0,0,0,0,0,0,0,0,0,0,3,0,39,5,5,0,0,0,1,0,2,4,1,1,0,1,1,1,2,5,1
2022-12-05,0,0,0,0,0,0,0,0,0,0,0,0,0,0,0,0,0,0,4,0,50,4,17,0,1,0,0,0,7,3,1,3,0,1,0,0,0,21,0
2022-12-06,0,0,0,0,0,0,0,0,0,0,0,0,0,0,0,0,0,0,8,1,66,5,17,0,2,0,0,0,5,14,0,0,0,1,0,1,0,15,0
2022-12-07,0,0,0,0,0,0,0,0,0,0,1,0,0,0,0,0,0,0,8,0,100,3,9,0,0,0,0,0,4,7,0,4,0,1,0,0,1,1,0
2022-12-08,0,0,0,0,0,0,0,0,0,0,0,0,0,0,0,0,0,0,8,1,116,8,17,0,2,0,0,1,4,5,0,9,0,1,0,0,0,1,0
2022-12-09,0,0,0,0,0,0,0,0,0,0,0,0,0,0,0,0,0,0,10,0,78,2,24,0,0,0,0,0,0,4,0,5,0,0,0,0,4,0,4
2022-12-10,0,0,0,0,0,0,0,0,0,0,0,0,0,0,0,0,0,0,1,0,45,6,6,0,0,0,0,0,2,2,2,0,0,0,0,0,0,0,0
2022-12-11,0,0,0,0,0,0,0,0,0,0,0,0,0,0,0,0,0,0,6,0,64,3,4,0,1,0,0,0,0,3,2,1,0,0,0,0,0,0,0
2022-12-12,0,0,0,0,0,0,0,0,0,0,0,0,0,0,0,0,0,0,4,0,60,3,17,0,1,0,1,0,2,4,1,6,0,0,1,0,0,3,0
2022-12-13,0,0,0,0,0,0,0,0,0,0,0,0,0,0,0,0,0,0,8,2,80,1,44,0,3,0,0,1,9,8,5,4,0,1,0,0,0,1,0
2022-12-14,0,0,0,0,0,0,0,0,0,0,0,0,0,0,0,0,0,0,6,0,63,5,36,0,0,0,0,0,0,5,0,0,0,0,0,0,3,2,0
2022-12-15,0,0,0,0,0,0,0,0,0,0,0,0,0,0,0,0,0,0,6,0,71,3,77,0,0,0,0,0,1,1,2,2,0,1,1,0,1,0,0
2022-12-16,0,0,0,0,0,0,0,0,0,0,0,0,0,0,0,0,0,0,8,0,61,14,45,0,1,0,0,0,4,15,2,1,0,0,0,0,0,1,1
2022-12-17,0,0,0,0,0,0,0,0,0,0,0,0,0,0,0,0,0,0,4,0,33,1,33,0,1,0,0,1,0,4,0,2,0,0,0,0,0,0,0
2022-12-18,0,0,0,0,0,0,0,0,0,0,0,0,0,0,0,0,0,0,1,0,28,10,16,0,0,0,0,0,1,1,0,0,0,0,0,0,0,0,0
2022-12-19,0,0,0,0,0,0,0,0,0,0,0,0,0,0,0,0,0,0,6,0,60,6,48,0,1,0,0,3,3,1,0,1,0,0,0,0,0,0,1
2022-12-20,0,0,0,0,0,0,0,0,0,0,0,0,0,0,0,0,0,0,5,0,62,5,65,0,2,0,0,1,9,4,1,0,0,0,2,0,3,0,0
2022-12-21,0,0,0,0,0,0,0,0,0,0,0,0,0,0,0,0,0,0,7,0,60,8,43,0,3,0,0,2,2,5,0,2,0,2,0,2,0,0,0
2022-12-22,0,0,0,0,0,0,0,0,0,0,0,0,0,0,0,0,0,0,4,0,72,32,80,1,2,0,1,2,2,5,0,1,0,0,0,0,0,0,2
2022-12-23,0,0,0,0,0,0,0,0,0,0,0,0,0,0,0,0,0,0,3,0,63,20,91,0,2,0,0,0,1,8,0,1,0,0,0,0,2,0,0
2022-12-24,0,0,0,0,0,0,0,0,0,0,0,0,0,0,0,0,0,0,2,0,34,5,44,0,1,0,0,0,2,5,0,1,0,0,0,0,2,0,0
2022-12-25,0,0,0,0,0,0,0,0,0,0,0,0,0,0,0,0,0,0,1,0,20,4,28,0,2,0,0,0,0,0,0,1,0,2,0,0,0,0,2
2022-12-26,0,0,0,0,0,0,0,0,0,0,0,0,0,0,0,0,0,0,3,0,28,2,28,0,0,0,0,0,0,1,0,1,0,0,0,0,0,0,0
2022-12-27,0,0,0,0,0,0,0,0,0,0,0,0,0,0,0,0,0,0,2,0,37,11,114,0,2,0,0,0,6,13,1,0,0,0,1,0,1,0,5
2022-12-28,0,0,0,0,0,0,0,0,0,0,0,0,0,0,0,0,0,0,15,0,56,9,115,0,2,0,0,1,2,7,2,0,0,1,1,2,1,0,1
2022-12-29,0,0,0,0,0,0,0,0,0,0,0,0,0,0,0,0,0,0,11,0,53,12,86,0,2,0,0,1,12,10,1,1,0,0,0,0,1,0,2
2022-12-30,0,0,0,0,0,0,0,0,0,0,0,0,0,0,0,0,0,0,3,0,47,7,46,0,0,0,0,1,5,7,1,1,0,0,1,0,1,1,1
2022-12-31,0,0,0,0,0,0,0,0,0,0,0,0,0,0,0,0,0,0,2,0,38,10,22,0,1,0,1,1,3,4,0,1,0,0,0,0,0,1,0
2023-01-01,0,0,0,0,0,0,0,0,0,0,0,0,0,0,0,0,0,0,6,0,34,4,20,0,0,0,0,0,1,0,0,2,0,1,0,0,0,0,0
2023-01-02,0,0,0,0,0,0,0,0,0,0,0,0,0,0,0,0,0,0,0,0,20,3,31,0,0,0,0,1,5,1,0,0,0,1,0,0,1,0,0
2023-01-03,0,0,0,0,0,0,0,0,0,0,0,0,0,0,0,0,0,0,16,0,49,6,72,0,1,0,1,0,9,2,0,0,0,2,1,2,1,0,3
2023-01-04,0,0,0,0,0,0,0,0,0,0,0,0,0,0,0,0,0,0,15,0,54,4,78,1,8,0,0,1,6,9,0,9,0,5,0,2,2,4,0
2023-01-05,0,0,0,0,0,0,0,0,0,0,0,0,0,0,0,0,0,0,8,0,79,5,55,0,3,0,0,1,43,11,0,12,0,0,2,0,0,1,0
2023-01-06,1,0,0,0,0,0,0,0,0,0,0,0,0,0,0,0,0,0,5,0,71,8,58,2,0,0,0,2,36,14,0,2,0,0,2,0,2,0,0
2023-01-07,0,0,0,0,0,0,0,0,0,0,0,0,0,0,0,0,0,0,2,0,38,3,37,0,0,0,0,0,15,4,0,1,0,0,0,0,0,0,0
2023-01-08,0,0,1,0,0,0,0,0,0,0,0,0,0,0,0,0,0,0,3,0,37,8,14,0,0,0,0,1,8,3,0,0,0,0,0,0,0,2,2
2023-01-09,0,0,0,0,0,0,0,0,0,0,0,0,0,0,0,0,0,0,1,0,42,2,27,0,3,0,0,1,30,7,0,1,0,3,0,2,0,0,0
2023-01-10,0,0,0,0,0,0,0,0,0,0,0,0,0,0,0,0,0,0,1,0,67,10,23,0,4,0,2,0,26,4,0,2,0,1,0,0,0,1,0
2023-01-11,0,0,0,0,0,0,0,0,0,0,0,0,0,0,0,0,0,0,6,0,77,13,17,0,0,0,1,0,89,4,0,3,0,0,0,2,0,0,4
2023-01-12,0,0,0,1,0,0,0,0,0,0,0,0,0,0,0,0,0,0,6,0,74,9,16,1,0,0,0,1,201,4,0,3,0,0,1,0,2,0,3
2023-01-13,0,0,0,0,0,0,0,0,0,0,0,0,0,0,0,0,0,0,5,0,60,5,58,0,3,0,0,0,183,3,5,4,0,0,1,9,4,1,4
2023-01-14,0,0,0,0,0,0,0,0,0,0,0,0,0,0,0,0,0,0,5,0,35,10,32,0,0,0,0,2,54,3,0,1,0,3,0,0,0,0,1
2023-01-15,0,0,0,0,0,0,0,0,0,0,0,0,0,0,0,0,0,0,3,0,41,2,21,0,2,0,0,0,36,3,0,2,0,0,0,2,0,0,0
2023-01-16,0,0,0,0,0,0,0,0,0,0,0,0,0,0,0,0,0,0,5,0,64,4,15,0,3,0,0,0,39,3,3,4,0,0,2,0,0,1,4
2023-01-17,0,0,0,0,0,0,0,0,0,0,0,0,0,0,0,0,0,0,7,0,74,16,33,0,0,0,3,0,91,7,2,15,0,0,1,1,0,2,3
2023-01-18,0,0,0,0,0,0,0,0,0,0,0,0,0,0,0,0,0,0,9,0,46,9,27,0,0,0,0,0,52,11,5,7,0,0,0,1,1,0,3
2023-01-19,0,1,0,0,0,0,0,0,0,0,0,0,0,0,0,0,0,0,4,0,60,11,22,0,2,0,0,2,47,10,0,8,0,1,0,0,1,0,1
2023-01-20,0,0,0,0,0,0,0,0,0,0,0,0,0,0,0,0,0,0,1,0,61,11,17,3,2,0,0,0,16,14,3,1,0,1,0,0,0,0,0
2023-01-21,0,0,0,0,0,0,0,0,0,0,0,0,0,0,0,0,0,0,8,0,38,7,6,0,0,0,0,0,9,8,0,5,0,1,0,0,0,0,0
2023-01-22,0,0,0,0,0,0,0,0,0,0,0,0,0,0,0,0,0,0,2,0,28,8,18,0,0,0,0,0,4,4,0,2,0,1,0,1,0,0,0
2023-01-23,0,0,0,0,0,0,0,0,0,0,0,0,0,0,0,0,0,0,13,0,54,4,24,2,7,0,0,0,12,3,1,22,0,10,0,0,2,0,4
2023-01-24,0,0,0,0,0,0,0,0,0,0,0,0,0,0,0,0,0,0,1,0,53,6,25,0,2,0,0,3,17,8,0,30,0,6,1,0,2,1,0
2023-01-25,0,0,0,0,0,0,0,0,0,0,1,0,0,0,0,0,0,0,5,0,60,6,57,0,8,0,0,0,13,3,0,27,0,1,0,2,0,0,0
2023-01-26,0,0,0,0,0,0,0,0,0,0,0,0,0,0,0,0,0,0,10,0,41,6,63,3,4,0,0,0,26,20,0,12,0,3,0,0,2,0,0
2023-01-27,0,0,0,0,0,0,0,0,0,0,0,0,0,0,0,0,0,0,8,0,70,11,85,0,2,0,0,0,23,9,0,7,0,4,0,1,5,3,2
2023-01-28,0,0,0,0,0,0,0,0,0,0,0,0,0,0,0,0,0,0,8,0,51,5,27,0,1,0,0,1,8,9,0,8,0,0,0,0,0,0,0
2023-01-29,0,0,0,0,0,0,0,0,0,0,0,0,0,0,0,0,0,0,7,0,28,7,35,1,1,0,0,1,1,7,0,5,0,4,0,0,1,0,1
2023-01-30,0,0,0,0,0,0,0,0,0,0,0,0,0,0,0,0,0,0,11,0,57,7,30,1,2,0,0,0,22,5,0,5,0,5,0,0,2,1,0
2023-01-31,0,0,0,0,0,0,0,0,0,0,0,0,0,0,0,0,0,0,5,0,45,3,33,0,4,0,0,3,22,5,0,3,0,11,0,0,1,0,6
2023-02-01,0,1,0,0,0,0,0,0,0,0,0,0,0,0,0,0,0,0,21,0,50,12,23,1,4,0,0,1,6,9,0,1,0,11,1,0,0,0,6
2023-02-02,0,0,0,0,0,0,0,0,0,0,0,0,0,0,0,0,0,0,35,0,54,14,33,0,1,0,0,3,25,12,0,0,0,4,0,1,0,0,1
2023-02-03,0,0,0,0,0,0,0,0,0,0,0,0,0,0,0,0,0,0,33,0,64,14,31,1,1,0,0,0,28,4,0,1,0,1,0,0,1,0,1
2023-02-04,0,0,0,0,0,0,0,0,0,0,0,0,0,0,0,0,0,0,21,0,16,3,12,0,2,0,0,2,2,7,0,13,0,0,1,1,0,0,0
2023-02-05,0,0,0,0,0,0,0,0,0,0,0,0,0,0,0,0,0,0,3,0,15,14,21,0,0,0,0,0,5,1,0,4,0,1,0,0,0,1,0
2023-02-06,0,0,0,0,0,0,0,0,0,0,0,0,0,0,0,0,0,0,11,0,43,7,33,0,2,0,0,0,106,6,1,12,0,0,0,0,0,3,0
2023-02-07,0,0,0,0,0,0,0,0,0,0,0,0,0,0,0,0,0,0,5,0,47,6,27,0,5,0,0,0,95,11,0,17,0,1,0,0,1,0,3
2023-02-08,0,0,0,0,0,0,0,0,0,0,0,0,0,0,0,0,0,0,6,0,49,2,14,0,4,0,0,0,33,17,1,20,0,0,0,1,1,0,5
2023-02-09,0,0,0,0,0,0,0,0,0,0,0,0,0,0,0,0,0,0,3,0,52,4,32,1,5,0,0,2,31,10,0,12,0,1,0,0,0,0,1
2023-02-10,0,0,0,0,0,0,0,0,0,0,0,0,0,0,0,0,0,0,8,0,27,6,32,0,2,0,0,1,14,9,0,11,0,0,0,0,0,0,1
2023-02-11,0,0,0,0,0,0,0,0,0,0,0,0,0,0,0,0,0,0,2,0,30,2,10,0,3,0,0,2,12,2,2,2,0,1,0,0,0,0,0
2023-02-12,0,0,0,0,0,0,0,0,0,0,0,0,0,0,0,0,0,0,3,0,19,4,14,2,5,0,0,2,3,0,0,3,0,1,0,0,0,0,0
2023-02-13,0,0,0,0,0,0,0,0,0,0,0,0,0,0,0,0,0,0,4,0,34,4,15,2,1,0,0,15,15,5,1,3,0,0,0,0,0,0,16
2023-02-14,0,0,0,0,0,0,0,0,0,0,0,0,0,0,0,0,0,0,0,0,63,3,18,0,1,0,1,14,8,4,0,6,0,0,0,0,0,0,9
2023-02-15,0,0,0,0,0,0,0,0,0,0,0,0,0,0,0,0,0,0,8,0,47,4,33,3,9,0,0,7,21,13,0,6,0,1,0,0,1,1,8
2023-02-16,0,0,0,0,0,0,0,0,0,0,0,0,0,0,0,0,0,0,5,0,43,8,40,0,5,0,0,7,8,5,0,7,0,2,0,2,1,0,8
2023-02-17,0,0,0,0,0,0,0,0,0,0,0,0,0,0,0,0,0,0,4,0,38,14,14,3,2,0,0,5,14,7,1,10,0,0,0,0,0,0,6
2023-02-18,0,0,0,0,0,0,0,0,0,0,0,0,0,0,0,0,0,0,0,0,20,0,8,1,5,0,1,2,3,2,0,11,0,1,0,1,0,0,4
2023-02-19,0,0,0,0,0,0,0,0,0,0,0,0,0,0,0,0,0,0,2,0,19,7,16,1,5,0,0,2,3,3,1,4,0,0,0,0,1,0,1
2023-02-20,0,0,0,0,0,0,0,0,0,0,0,0,0,0,0,0,0,0,2,0,35,9,22,0,5,0,0,1,5,5,0,15,0,1,0,0,0,0,0
2023-02-21,0,0,0,0,0,0,0,0,0,0,1,0,0,0,0,0,0,0,0,0,40,11,13,0,3,0,0,1,8,1,0,9,0,0,0,0,0,0,0
2023-02-22,0,0,0,0,0,0,0,0,0,0,0,0,0,0,0,0,0,0,3,0,32,12,13,0,25,0,0,1,8,4,1,4,0,0,0,2,0,0,0
2023-02-23,0,0,0,0,0,0,0,0,0,0,0,0,0,0,0,0,0,0,2,0,47,6,28,0,37,0,0,1,18,2,0,0,0,3,1,0,7,0,0
2023-02-24,0,0,0,0,0,0,0,0,0,0,0,0,0,0,0,0,0,0,1,0,44,5,30,2,24,0,0,0,17,2,0,0,0,0,0,0,4,0,3
2023-02-25,0,0,0,0,0,0,0,0,0,0,0,0,0,0,0,0,0,0,1,0,19,4,4,0,0,0,0,1,1,5,0,3,0,0,0,0,0,0,1
2023-02-26,0,0,0,0,0,0,0,0,0,0,0,0,0,0,0,0,0,0,1,0,12,0,6,3,4,0,0,0,10,2,1,1,0,0,0,0,0,0,0
2023-02-27,0,0,0,1,0,0,0,0,0,0,0,0,0,0,0,0,0,0,2,0,36,25,26,1,6,0,0,0,9,2,0,6,0,0,0,0,3,0,0
2023-02-28,0,0,0,0,0,0,0,0,0,0,0,0,0,0,0,0,0,0,3,0,32,22,26,0,14,0,0,0,18,9,0,7,0,0,2,0,4,0,0
2023-03-01,0,0,0,0,0,0,0,0,0,0,0,0,0,0,0,0,0,2,6,0,39,19,30,0,5,0,0,0,14,1,0,4,0,3,2,0,2,0,1
2023-03-02,0,0,0,0,0,0,0,0,0,0,0,0,0,0,0,0,0,0,10,0,34,7,39,2,1,0,1,0,11,2,1,1,0,1,0,1,2,1,0
2023-03-03,0,0,0,0,0,0,0,0,0,0,0,0,0,0,1,0,0,0,9,0,46,7,32,3,2,0,0,1,7,5,2,4,0,2,0,0,0,0,0
2023-03-04,0,0,0,0,0,0,0,0,0,0,0,0,0,0,0,0,0,0,6,0,15,4,14,0,6,0,0,0,4,4,2,0,0,0,0,0,0,1,0
2023-03-05,0,0,0,0,0,0,0,0,0,0,0,0,0,0,0,0,0,0,2,0,13,1,7,0,2,0,0,0,7,7,0,0,0,0,0,0,2,0,0
2023-03-06,0,0,0,0,0,0,0,0,0,0,0,0,0,0,0,0,0,0,6,0,26,5,15,0,5,0,0,0,11,4,0,2,0,0,0,1,0,1,0
2023-03-07,0,0,0,0,0,0,0,0,0,0,0,0,0,0,0,0,0,0,1,0,24,4,9,0,3,0,0,0,12,4,2,4,0,0,0,0,1,0,0
2023-03-08,0,0,0,0,0,0,0,0,0,0,0,0,0,0,0,0,0,0,6,0,48,10,26,2,11,0,0,0,9,2,1,6,0,4,0,0,0,1,0
2023-03-09,0,0,0,0,0,0,0,0,0,0,0,0,0,0,0,0,0,0,1,0,38,4,19,0,6,0,0,0,9,5,0,2,0,1,0,0,7,0,0
2023-03-10,0,0,0,0,0,0,0,0,0,0,0,0,0,0,0,0,0,0,6,0,55,6,17,0,3,0,0,0,16,2,0,3,0,0,0,0,2,1,4
2023-03-11,0,0,0,0,0,0,0,0,0,0,0,0,0,0,0,0,0,0,4,0,24,5,3,0,4,0,0,1,3,6,0,0,0,0,0,0,0,0,0
2023-03-12,0,0,0,0,0,0,0,0,0,0,0,0,0,0,0,0,0,0,5,0,30,4,4,0,4,0,0,0,9,2,1,1,0,0,0,0,0,0,0
2023-03-13,0,0,0,0,0,0,0,0,0,0,0,0,0,0,0,0,0,0,3,0,48,3,2,0,2,0,0,0,14,5,0,0,0,1,0,0,0,1,0
2023-03-14,0,0,0,0,0,0,0,0,0,0,0,0,0,0,0,0,0,0,2,0,27,12,9,0,1,0,0,0,16,2,0,5,0,1,0,1,6,0,0
2023-03-15,0,0,0,0,0,0,0,0,0,0,0,0,0,0,0,0,0,0,5,0,74,14,3,0,7,0,0,0,23,9,0,5,0,2,0,3,0,2,0
2023-03-16,0,0,0,0,0,0,0,0,0,0,0,0,0,0,0,0,0,0,1,0,64,9,4,0,8,0,0,2,14,12,0,5,0,6,0,0,0,2,1
2023-03-17,0,0,0,0,0,0,0,0,0,0,0,0,0,0,0,0,0,0,1,0,61,7,4,0,11,0,0,0,14,5,0,3,0,1,0,1,0,0,1
2023-03-18,0,0,0,0,0,0,0,0,0,0,0,0,0,0,0,0,0,0,2,0,24,3,1,0,5,0,0,0,9,2,0,1,0,0,0,0,1,0,3
2023-03-19,0,0,0,0,0,0,0,0,0,0,0,0,0,0,0,0,0,0,5,0,40,0,6,0,3,0,0,1,7,0,0,1,0,2,0,0,0,0,0
2023-03-20,0,0,0,0,0,0,0,0,0,0,0,0,0,0,0,0,0,0,1,0,59,14,5,0,7,0,0,0,11,5,0,1,0,1,0,1,0,0,0
2023-03-21,0,0,0,0,0,0,0,0,0,0,0,0,0,0,0,0,0,0,3,0,229,3,6,0,7,0,0,0,8,9,3,4,0,2,0,0,1,0,0
2023-03-22,0,0,0,0,0,0,0,0,0,0,0,0,0,0,0,0,0,0,5,0,255,11,11,0,18,0,0,1,7,9,2,1,0,2,0,0,1,1,0
2023-03-23,0,0,0,0,0,0,0,0,0,0,0,0,0,0,0,0,0,2,9,0,114,11,9,0,9,0,0,1,9,1,3,2,0,4,1,0,0,0,0
2023-03-24,0,0,0,0,0,0,0,0,0,0,0,0,0,0,0,0,0,0,1,0,95,4,4,0,5,0,0,0,6,7,0,13,0,0,0,0,2,0,0
2023-03-25,0,0,0,0,0,0,0,0,0,0,0,0,0,0,0,0,0,0,7,0,49,4,7,0,6,0,0,0,2,5,1,3,0,4,0,0,0,0,0
2023-03-26,0,0,0,0,0,0,0,0,0,0,0,0,0,0,0,0,0,0,1,0,52,3,5,0,5,0,0,0,9,0,0,1,0,1,0,0,0,0,0
2023-03-27,0,0,0,0,0,0,0,0,0,0,0,0,0,0,0,0,0,0,3,0,77,3,5,0,4,0,0,0,3,1,0,5,0,2,0,0,0,0,0
2023-03-28,0,0,0,0,0,0,0,0,0,0,0,0,0,0,0,0,0,0,11,0,100,29,9,2,12,0,1,2,6,15,0,3,0,1,0,0,1,0,0
2023-03-29,0,0,0,0,0,0,0,0,0,0,0,0,0,0,0,0,0,0,7,0,122,17,2,0,4,0,1,3,4,3,1,3,0,0,0,0,0,0,0
2023-03-30,0,0,0,0,0,0,0,0,0,0,0,0,0,0,0,0,0,0,8,0,56,8,5,4,5,0,0,0,9,2,0,4,0,1,0,0,0,2,0
2023-03-31,0,0,0,0,0,0,0,0,0,0,0,0,0,0,0,0,0,0,4,0,52,3,7,0,6,0,0,1,25,5,0,0,0,3,0,0,0,0,0
2023-04-01,0,0,0,0,0,0,0,0,0,0,0,0,0,0,0,0,0,0,0,0,41,2,4,1,2,0,0,0,7,2,0,4,0,1,0,0,0,0,2
2023-04-02,0,0,0,0,0,0,0,0,0,0,0,0,0,0,0,0,0,0,2,0,24,0,18,0,2,0,0,0,1,1,2,0,0,0,0,0,0,0,0
2023-04-03,0,0,0,0,0,0,0,0,0,0,0,0,0,0,0,0,0,0,2,0,36,11,16,0,6,0,0,0,9,1,0,2,0,0,0,1,0,1,0
2023-04-04,0,0,0,0,0,0,0,0,0,0,0,0,0,0,0,0,0,0,13,0,44,16,18,0,8,0,0,1,6,3,0,2,0,3,0,8,0,0,0
2023-04-05,0,0,0,0,0,0,0,0,0,0,0,0,0,0,0,0,0,0,6,0,52,18,16,0,7,0,0,3,18,2,0,1,0,0,0,2,1,1,0
2023-04-06,0,0,0,0,0,0,0,0,0,0,0,0,0,0,0,0,0,1,2,0,41,21,16,0,7,0,0,0,7,12,0,6,0,0,0,0,0,3,0
2023-04-07,0,0,0,0,0,0,0,0,0,0,0,0,0,0,0,0,0,0,3,0,28,6,12,0,4,0,0,0,2,4,2,6,0,0,1,2,1,0,0
2023-04-08,0,0,0,0,0,0,0,0,0,0,0,0,0,0,0,0,0,0,4,0,27,6,7,0,3,0,0,0,0,2,0,1,0,0,0,0,0,0,0
2023-04-09,0,0,0,0,0,0,0,0,0,0,0,0,0,0,0,0,0,0,0,0,20,2,12,0,1,0,0,0,2,0,0,2,0,0,0,1,0,0,1
2023-04-10,0,0,0,0,0,0,0,0,0,0,0,0,0,0,0,0,0,0,7,0,31,7,14,0,4,0,0,2,5,7,0,3,0,0,0,1,0,6,0
2023-04-11,0,0,0,0,0,0,0,0,0,0,0,0,0,0,0,0,0,0,5,0,36,9,11,0,2,0,0,4,8,8,0,4,0,3,0,3,0,2,0
2023-04-12,0,0,0,0,0,0,0,0,0,0,0,0,0,0,0,0,0,0,6,0,51,10,10,0,2,0,0,1,6,5,0,0,0,1,1,0,0,1,11
2023-04-13,0,0,0,0,0,0,0,0,0,0,0,0,0,0,0,0,0,0,4,0,45,7,15,0,5,0,0,1,8,9,0,1,0,2,0,0,0,0,0
2023-04-14,0,0,0,0,0,0,0,0,0,0,0,0,0,0,0,0,0,0,6,0,51,3,11,0,3,0,0,0,10,5,0,0,0,2,0,0,1,0,0
2023-04-15,0,0,0,0,0,0,0,0,0,0,0,0,0,0,0,0,0,0,2,0,29,2,3,0,3,0,0,0,6,4,0,1,0,0,0,1,0,0,0
2023-04-16,0,0,0,0,0,0,0,0,0,0,0,0,0,0,0,0,0,0,2,0,21,5,2,0,0,0,0,0,6,5,0,0,0,0,0,0,0,0,1
2023-04-17,0,0,0,0,0,0,0,0,0,0,0,0,0,0,0,0,0,0,18,0,37,4,9,0,3,0,0,0,12,1,0,2,0,0,0,2,0,0,0
2023-04-18,0,0,0,1,0,0,0,0,0,0,0,0,0,0,0,0,0,0,13,0,49,2,15,0,8,0,0,4,23,2,0,2,0,0,0,0,1,3,0
2023-04-19,0,0,0,0,0,0,0,0,0,0,2,0,0,0,0,0,0,0,7,0,38,7,33,1,2,0,0,0,46,10,0,2,0,1,0,0,0,1,0
2023-04-20,0,0,0,0,0,0,0,0,0,0,0,0,0,0,0,0,0,0,4,0,47,2,51,1,8,0,0,0,31,3,0,1,0,0,0,1,1,0,0
2023-04-21,0,0,0,0,0,0,0,0,0,0,1,0,0,0,0,0,0,0,5,0,36,4,28,0,2,0,1,0,13,4,0,3,0,0,0,0,0,0,4
2023-04-22,0,0,0,0,0,0,0,0,0,0,0,0,0,0,0,0,0,0,2,0,20,2,6,0,0,0,0,0,3,0,0,0,0,0,0,0,0,0,2
2023-04-23,0,0,0,0,0,0,0,0,0,0,0,0,0,0,0,0,0,0,7,0,31,2,12,1,0,0,0,0,48,3,0,0,0,0,0,0,0,0,0
2023-04-24,0,0,0,0,0,0,0,0,0,0,0,0,0,0,0,0,0,0,2,0,35,1,13,0,0,0,3,0,53,3,0,1,0,0,0,0,0,0,1
2023-04-25,0,0,0,0,0,0,0,0,0,0,0,0,0,0,0,0,0,0,5,0,35,6,17,1,2,0,1,2,34,3,0,24,0,1,0,1,0,0,0
2023-04-26,0,0,0,0,0,0,0,0,0,0,0,0,0,0,0,0,0,0,6,0,47,8,17,0,1,0,1,3,44,1,0,28,0,0,2,6,0,1,3
2023-04-27,0,0,0,0,0,0,0,0,0,0,1,0,0,0,0,0,0,0,2,0,26,9,12,1,7,0,2,3,13,5,0,11,0,1,0,5,0,1,0
2023-04-28,0,0,0,0,0,0,0,0,0,0,0,0,0,0,0,0,0,0,8,0,42,1,7,0,1,0,0,5,16,2,0,4,0,0,0,1,0,1,0
2023-04-29,0,0,0,0,0,0,0,0,0,0,0,0,0,0,0,0,0,0,12,0,25,2,5,0,3,0,0,0,4,4,0,1,0,3,0,0,2,0,0
2023-04-30,0,0,0,0,0,0,0,0,0,0,0,0,0,0,0,0,0,0,7,0,26,2,8,1,2,0,0,0,2,0,0,1,0,0,0,0,0,1,2
2023-05-01,0,0,0,0,0,0,0,0,0,0,0,0,0,0,0,0,0,0,16,0,40,10,3,0,1,0,0,0,7,9,1,2,0,3,1,7,1,0,0
2023-05-02,0,0,0,0,0,0,0,0,0,0,0,0,0,0,0,0,0,0,12,0,49,5,6,0,4,0,0,0,9,15,4,1,0,7,0,1,1,0,0
2023-05-03,0,0,0,0,0,0,0,0,0,0,0,0,0,0,0,0,0,0,31,0,42,6,1,0,2,0,0,1,0,10,1,0,0,5,0,1,0,0,0
2023-05-04,0,0,0,0,0,0,0,0,0,0,0,0,0,0,0,0,0,0,38,0,56,6,7,0,2,0,2,0,0,12,2,6,0,10,0,0,0,1,4
2023-05-05,0,0,0,0,0,0,0,0,0,0,0,0,0,0,0,0,0,0,18,0,49,5,8,0,0,0,0,1,0,6,0,3,0,8,0,0,1,4,0
2023-05-06,0,0,0,0,0,0,0,0,0,0,0,0,0,0,0,0,0,0,11,0,42,1,3,0,2,0,0,0,0,2,0,0,0,1,0,0,1,1,0
2023-05-07,0,0,0,1,0,0,0,0,0,0,0,0,0,0,0,0,0,0,9,0,19,2,0,0,1,0,0,1,0,1,0,0,0,0,0,0,3,0,0
2023-05-08,0,0,0,0,0,0,0,0,0,0,0,0,0,0,0,0,0,0,4,0,23,0,6,0,1,0,0,8,0,5,0,1,0,2,0,10,1,0,0
2023-05-09,0,0,0,0,0,0,0,0,0,0,0,0,0,0,0,0,0,0,14,0,33,3,10,0,1,0,0,11,0,7,1,2,0,2,0,2,2,1,0
2023-05-10,0,0,0,0,0,0,0,0,0,0,0,0,0,0,0,0,0,0,1,0,28,3,3,0,2,0,0,4,0,9,2,10,0,1,0,5,0,1,0
2023-05-11,0,0,0,0,0,0,0,0,0,0,0,0,0,0,0,0,0,0,0,0,32,0,5,0,0,0,2,3,0,6,0,5,0,2,0,1,1,0,0
2023-05-12,0,0,0,1,0,0,0,0,0,0,0,0,0,0,0,0,0,0,4,0,64,4,13,0,0,0,0,4,0,2,1,1,0,2,0,0,0,0,0
2023-05-13,0,0,0,0,0,0,0,0,0,0,0,0,0,0,0,0,0,0,10,0,55,0,3,0,2,0,0,0,0,2,0,1,0,2,1,1,0,0,0
2023-05-14,0,0,0,0,0,0,0,0,0,0,0,0,0,0,0,0,0,0,0,0,26,1,0,0,1,0,0,4,0,0,0,1,0,0,0,1,0,0,0
2023-05-15,0,0,0,1,0,0,0,0,0,0,0,0,0,0,0,0,0,0,11,0,45,1,5,0,1,0,1,2,0,7,0,7,0,0,0,2,1,0,0
2023-05-16,0,0,0,0,0,0,0,0,0,0,0,0,0,0,0,0,0,0,3,0,38,2,15,0,6,0,0,0,0,15,0,7,0,0,1,2,1,0,0
2023-05-17,0,0,0,0,0,0,0,0,0,0,0,0,0,0,0,0,0,0,9,0,54,5,9,0,8,0,0,1,0,3,0,2,0,0,1,5,0,0,0
2023-05-18,0,0,0,0,0,0,0,0,0,0,0,0,0,0,0,0,0,0,4,0,26,0,10,1,27,0,0,4,0,2,0,4,0,2,0,1,0,0,0
2023-05-19,0,0,0,0,0,0,0,0,0,0,0,0,0,0,0,0,0,0,4,0,29,0,5,0,15,0,0,3,0,5,0,4,0,2,1,7,0,0,1
2023-05-20,0,0,0,0,0,0,0,0,0,0,0,0,0,0,0,0,0,0,0,0,11,0,1,1,5,0,0,0,0,1,0,1,0,6,0,0,0,0,0
2023-05-21,0,0,0,0,0,0,0,0,0,0,0,0,0,0,0,0,0,0,4,0,25,1,3,0,8,0,0,1,0,4,1,2,0,1,0,0,1,0,0
2023-05-22,0,0,0,0,0,0,0,0,0,0,0,0,0,0,0,0,0,0,10,0,43,4,2,0,8,0,1,3,0,5,0,2,0,0,0,4,0,0,1
2023-05-23,0,0,0,0,0,0,0,0,0,0,0,0,0,0,0,0,0,0,17,0,35,4,6,0,7,0,1,5,0,4,0,6,0,3,0,5,0,0,0
2023-05-24,0,0,0,0,0,0,0,0,0,0,0,0,0,0,0,0,0,0,11,0,35,2,5,0,88,0,0,7,0,7,0,9,0,0,0,10,5,0,0
2023-05-25,0,0,0,0,0,0,0,0,0,0,0,0,0,0,0,0,0,0,4,0,30,3,10,0,189,0,0,2,0,3,0,3,0,16,0,4,9,2,0
2023-05-26,0,0,0,0,0,0,0,0,0,0,0,0,0,0,0,0,0,0,1,0,32,3,22,0,82,0,3,4,0,3,0,4,0,7,0,16,1,10,0
2023-05-27,0,0,0,0,0,0,0,0,0,0,0,0,0,0,0,0,0,0,1,0,10,0,1,0,26,0,0,3,0,4,0,2,0,1,0,1,0,0,0
2023-05-28,0,0,0,0,0,0,0,0,0,0,0,0,0,0,0,0,0,0,1,0,7,1,3,0,27,0,0,3,0,2,0,0,0,2,0,0,0,0,0
2023-05-29,0,0,0,0,0,0,0,0,0,0,0,0,0,0,0,0,0,0,4,0,18,0,3,0,25,0,0,0,0,3,0,1,0,1,0,1,0,0,0
2023-05-30,0,0,0,0,0,0,0,0,0,0,0,0,0,0,0,0,0,0,7,0,44,4,8,1,42,0,0,10,0,0,0,2,0,2,0,1,2,2,0
2023-05-31,0,0,0,0,0,0,0,0,0,0,0,0,0,0,0,0,0,3,5,0,33,2,9,0,27,0,0,10,0,4,0,0,0,1,0,0,3,0,0
2023-06-01,0,0,0,0,0,0,0,0,0,0,0,0,0,0,0,0,0,3,7,0,59,7,11,0,25,0,0,9,0,0,0,3,0,3,0,1,9,0,0
2023-06-02,0,0,0,0,0,0,0,0,0,0,0,0,0,0,0,0,0,1,14,0,33,0,23,0,24,0,0,3,0,5,1,4,0,5,0,0,13,1,0
2023-06-03,0,0,0,0,0,0,0,0,0,0,0,0,0,0,0,0,0,0,12,0,31,1,8,0,9,0,0,2,0,1,0,1,0,3,0,1,0,0,0
2023-06-04,0,0,0,0,0,0,0,0,0,0,0,0,0,0,0,0,0,0,5,0,33,4,5,0,7,0,0,0,0,1,1,4,0,0,0,0,0,0,0
2023-06-05,0,0,0,0,0,0,0,0,0,0,0,0,0,0,0,0,0,0,65,0,70,2,8,1,13,0,0,10,0,2,0,1,0,2,0,0,1,0,0
2023-06-06,0,0,0,0,0,0,0,0,0,0,0,0,0,0,0,0,0,0,46,0,48,2,12,0,9,0,0,2,0,6,0,1,0,6,1,5,9,0,0
2023-06-07,0,0,0,0,0,0,0,0,0,0,0,0,0,0,0,0,0,3,20,0,137,0,16,1,11,0,0,8,0,7,0,4,0,0,1,1,0,0,0
2023-06-08,0,0,0,0,0,0,0,0,0,0,0,0,0,0,0,0,0,0,23,0,76,3,35,0,16,0,0,1,0,8,0,4,0,0,0,0,6,1,0
2023-06-09,0,0,0,0,0,0,0,0,0,0,0,0,0,0,0,0,0,1,13,0,55,2,32,0,8,0,0,4,0,7,0,3,0,8,0,1,6,1,0
2023-06-10,0,0,0,0,0,0,0,0,0,0,0,0,0,0,0,0,0,0,7,0,25,1,20,0,5,0,0,1,0,4,1,0,0,1,0,0,0,0,0
2023-06-11,0,0,0,0,0,0,0,0,0,0,0,0,0,0,0,0,0,0,4,0,20,1,10,0,9,0,0,3,0,9,0,2,0,2,0,0,0,0,0
2023-06-12,0,0,0,0,0,0,0,0,0,0,0,0,0,0,0,0,0,0,7,0,39,3,7,0,4,0,0,0,0,4,0,3,0,2,0,0,5,1,0
2023-06-13,0,0,0,0,0,0,0,0,0,0,0,0,0,0,0,0,0,0,5,0,71,1,13,1,8,0,0,1,0,6,0,3,0,3,0,0,3,2,0
2023-06-14,0,0,0,1,0,0,0,0,0,0,0,0,0,0,0,0,0,0,2,0,39,3,19,0,19,0,0,4,0,3,0,4,0,5,0,2,0,1,0
2023-06-15,0,0,0,0,0,0,0,0,0,0,0,0,0,0,0,0,0,3,6,0,46,1,15,0,18,0,0,4,0,12,0,0,0,10,0,7,4,0,0
2023-06-16,0,0,0,0,0,0,0,0,0,0,0,0,0,0,0,0,0,3,12,0,33,3,25,1,16,0,0,7,0,10,0,2,0,4,0,9,3,0,0
2023-06-17,0,0,0,0,0,0,0,0,0,0,0,0,0,0,0,0,0,1,1,0,19,0,11,0,6,0,0,0,0,3,0,1,0,3,0,0,0,0,0
2023-06-18,0,0,0,0,0,0,0,0,0,0,1,0,0,0,0,0,0,0,2,0,18,0,4,1,5,0,1,0,0,2,0,0,0,0,3,2,1,0,0
2023-06-19,0,0,0,0,0,0,0,0,0,0,0,0,0,0,0,0,0,0,1,0,25,0,4,1,2,0,0,3,0,2,0,0,0,3,0,2,0,0,0
2023-06-20,0,0,0,0,0,0,0,0,0,0,0,0,0,0,0,0,0,0,6,0,29,0,23,0,9,0,0,4,0,3,0,0,0,3,0,13,5,1,0
2023-06-21,0,0,0,0,0,0,0,0,0,0,0,0,0,0,0,0,0,1,0,0,27,0,15,0,7,0,0,1,0,3,0,1,0,4,0,14,3,1,0
2023-06-22,0,0,0,0,0,0,0,0,0,0,0,0,0,0,0,0,0,0,2,0,34,7,25,0,11,0,0,0,0,2,1,4,0,1,0,9,0,0,0
2023-06-23,0,0,0,0,0,0,0,0,0,0,0,0,0,0,0,0,0,1,6,0,34,8,14,0,5,0,0,2,0,5,0,2,0,0,0,3,2,0,0
2023-06-24,0,0,0,0,0,0,0,0,0,0,0,0,0,0,0,0,0,0,1,0,12,0,5,0,2,0,0,0,0,1,0,0,0,2,0,0,1,0,0
2023-06-25,0,0,0,0,0,0,0,0,0,0,0,0,0,0,0,0,0,0,1,0,13,3,4,0,0,0,1,0,0,1,0,0,0,0,0,0,2,2,0
2023-06-26,0,0,0,0,0,0,0,0,0,0,0,0,0,0,0,0,0,0,1,0,24,2,9,0,8,0,0,0,0,0,0,6,0,2,0,9,0,1,0
2023-06-27,0,0,0,0,0,0,0,0,0,0,0,0,0,0,0,0,0,0,4,0,18,3,5,0,4,0,1,0,0,3,0,3,0,1,0,7,9,0,0
2023-06-28,0,0,0,0,0,0,0,0,0,0,0,0,0,0,0,0,0,0,4,0,26,2,7,6,11,0,0,0,0,2,1,3,0,2,0,11,0,0,0
2023-06-29,0,0,0,0,0,0,0,0,0,0,0,0,0,0,0,0,0,0,2,0,22,2,10,0,4,0,0,0,0,6,2,2,0,0,0,5,0,0,0
2023-06-30,0,0,0,0,0,0,0,0,0,0,0,0,0,0,0,0,0,0,18,0,30,1,12,0,4,0,0,1,0,1,0,1,0,2,0,2,0,1,0
2023-07-01,0,0,0,0,0,0,0,0,0,0,0,0,0,0,0,0,0,0,3,0,14,1,4,0,2,0,0,0,0,1,0,2,0,0,0,3,0,0,0
2023-07-02,0,0,0,0,0,0,0,0,0,0,0,0,0,0,0,0,0,0,8,0,15,1,18,0,8,0,0,0,0,3,0,0,0,0,0,3,0,1,0
2023-07-03,0,0,0,0,0,0,0,0,0,0,1,0,0,0,0,0,0,0,15,0,23,1,45,4,10,0,0,0,0,2,0,1,0,1,0,0,1,0,1
2023-07-04,0,0,0,0,0,0,0,0,0,0,0,0,0,0,0,0,0,0,12,0,15,2,15,0,6,0,0,0,0,5,0,2,0,0,0,0,0,0,0
2023-07-05,0,0,0,0,0,0,0,0,0,0,0,0,0,0,0,0,0,0,8,0,18,1,30,0,6,0,0,0,0,2,0,2,0,0,1,1,5,0,2
2023-07-06,0,0,0,0,0,0,0,0,0,0,0,0,0,0,0,0,0,0,1,0,27,2,22,0,10,0,0,0,0,1,0,2,0,2,0,1,0,0,0
2023-07-07,0,0,0,0,0,0,0,0,0,0,0,0,0,0,0,0,0,0,4,0,25,7,9,0,2,0,0,0,0,4,0,1,0,0,0,0,0,0,0
2023-07-08,0,0,0,0,0,0,0,0,0,0,0,0,0,0,0,0,0,0,0,0,22,5,5,0,2,0,0,0,0,3,0,1,0,0,0,1,0,0,0
2023-07-09,0,0,0,0,0,0,0,0,0,0,0,0,0,0,0,0,0,0,1,0,12,1,5,0,2,0,1,0,0,0,1,5,0,0,0,0,0,0,0
2023-07-10,0,0,0,0,0,0,0,0,0,0,0,0,0,0,0,0,1,0,1,0,17,1,11,4,3,0,0,0,0,6,0,1,0,0,0,1,0,1,0
2023-07-11,0,0,0,1,0,0,0,0,0,0,0,0,0,0,0,0,1,0,5,0,33,1,18,0,5,0,0,0,0,8,1,16,0,2,0,0,0,0,0
2023-07-12,0,0,0,0,0,0,0,0,0,0,0,0,0,0,0,0,0,0,4,0,24,5,12,0,6,0,0,2,0,12,3,10,0,2,0,0,2,1,0
2023-07-13,0,0,0,0,0,0,0,0,0,0,0,0,0,0,0,0,0,0,3,0,22,8,3,1,15,0,0,1,0,14,0,3,0,2,0,1,1,1,0
2023-07-14,0,0,0,0,0,0,0,0,0,0,0,0,0,0,0,0,0,0,1,0,29,4,7,1,18,0,0,0,0,5,0,2,0,1,0,2,0,0,0
2023-07-15,0,0,0,0,0,0,0,0,0,0,0,0,0,0,0,0,0,0,0,0,7,2,9,0,16,0,0,0,0,2,1,2,0,3,0,0,0,1,0
2023-07-16,0,0,0,0,0,0,0,0,0,0,0,0,0,0,0,0,0,0,4,0,11,0,12,0,8,0,0,0,0,2,0,2,0,1,0,0,0,0,0
2023-07-17,0,0,0,0,0,0,0,0,0,0,0,0,0,0,0,0,0,1,3,0,17,6,20,0,10,0,0,7,0,6,0,5,0,1,0,4,0,1,0
2023-07-18,0,0,0,0,0,0,0,0,0,0,0,0,0,0,0,0,0,0,7,0,22,0,33,0,14,0,0,2,0,7,0,14,0,2,0,1,0,0,0
2023-07-19,0,0,0,0,0,0,0,0,0,0,2,0,0,0,0,0,0,0,25,0,24,2,34,1,10,0,0,7,0,11,0,7,0,0,0,0,0,0,2
2023-07-20,0,0,0,0,0,0,0,0,0,0,0,0,0,0,0,0,0,0,12,0,27,2,50,0,7,0,0,2,0,12,0,2,0,0,1,1,1,0,0
2023-07-21,0,0,0,0,0,0,0,0,0,0,0,0,0,0,0,0,0,1,5,0,19,21,29,0,12,0,0,0,0,13,0,6,0,3,0,0,0,0,2
2023-07-22,0,0,0,0,0,0,0,0,0,0,0,0,0,0,0,0,0,0,1,0,12,24,9,0,2,0,0,2,0,3,0,3,0,1,0,0,1,0,0
2023-07-23,0,0,0,0,0,0,0,0,0,0,0,0,0,0,0,0,0,0,0,0,15,14,16,0,9,0,0,1,0,6,0,5,0,1,0,6,0,0,0
2023-07-24,0,0,0,0,0,0,0,0,0,0,0,0,0,0,0,0,0,0,2,0,19,34,12,0,2,0,0,2,0,6,0,0,0,2,0,0,1,1,0
2023-07-25,0,0,0,0,0,0,0,0,0,0,0,0,0,0,0,0,0,0,4,0,22,23,7,0,4,0,0,0,0,4,0,21,0,0,0,1,0,0,0
2023-07-26,0,0,0,0,0,0,0,0,0,0,0,0,0,0,0,0,0,0,5,0,22,5,9,0,4,0,0,0,0,1,0,15,0,0,1,1,3,7,0
2023-07-27,0,0,0,0,0,0,0,0,0,0,0,0,0,0,0,0,0,0,4,0,35,10,9,0,3,0,0,0,0,8,0,8,0,0,0,0,1,5,0
2023-07-28,0,0,0,0,0,0,0,0,0,0,0,0,0,0,0,0,0,0,4,0,17,7,2,0,3,0,0,2,0,3,0,4,0,1,0,2,1,1,0
2023-07-29,0,0,0,0,0,0,0,0,0,0,0,0,0,0,0,0,0,0,7,0,23,1,0,0,2,0,0,3,0,3,0,2,0,1,0,0,3,1,0
2023-07-30,0,0,0,0,0,0,0,0,0,0,0,0,0,0,0,0,0,0,9,0,15,3,10,0,4,0,0,2,0,4,0,0,0,1,0,0,0,4,0
2023-07-31,0,0,0,0,0,0,0,0,0,0,0,0,0,0,0,0,0,0,4,0,39,12,8,0,10,0,0,7,0,9,1,1,0,1,1,2,10,6,0
2023-08-01,0,0,0,0,0,0,0,0,0,0,0,0,0,0,0,0,0,0,5,0,31,5,5,0,8,0,2,7,0,6,0,0,0,12,4,0,2,1,0
2023-08-02,0,0,0,0,0,0,0,0,0,0,0,0,0,0,0,0,0,0,9,0,20,7,5,0,4,0,0,3,0,11,0,3,0,5,0,1,2,2,0
2023-08-03,0,0,0,0,0,0,0,0,0,0,0,0,0,0,0,0,0,0,21,0,28,1,8,0,5,0,0,1,0,7,1,3,0,9,0,0,0,1,0
2023-08-04,0,0,0,0,0,0,0,0,0,0,0,0,0,0,0,0,0,0,13,0,22,8,3,5,7,0,0,3,0,5,0,2,0,1,6,1,3,0,1
2023-08-05,0,0,0,0,0,0,0,0,0,0,0,0,0,0,0,1,0,0,8,0,9,1,3,0,0,0,0,1,0,7,0,1,0,0,0,0,1,0,0
2023-08-06,0,0,0,0,0,0,0,0,0,0,0,0,0,0,0,0,0,0,7,0,9,1,4,1,1,0,0,7,0,2,0,0,0,0,0,0,3,0,0
2023-08-07,0,0,0,0,0,0,0,0,0,0,0,0,0,0,0,0,0,1,10,0,16,6,7,0,2,0,0,11,0,4,0,1,0,0,2,0,1,0,0
2023-08-08,0,0,0,0,0,0,0,0,0,0,0,0,0,0,0,0,0,0,9,0,21,16,8,0,7,0,0,8,0,7,0,0,0,0,1,0,0,12,0
2023-08-09,0,0,0,0,0,0,0,0,0,0,0,0,0,0,0,0,0,0,9,0,17,3,3,0,12,0,0,0,0,1,0,2,0,0,2,4,0,1,0
2023-08-10,0,0,0,0,0,0,0,1,0,0,0,0,0,0,0,2,0,0,11,0,30,2,6,0,17,0,0,2,0,3,0,0,0,1,1,1,0,5,0
2023-08-11,0,0,0,0,0,0,0,0,0,0,0,0,0,0,0,2,0,0,4,0,15,9,14,0,4,0,0,1,0,2,0,0,0,0,0,0,0,4,0
2023-08-12,0,0,0,0,0,0,0,0,0,0,0,0,0,0,0,0,0,0,3,0,22,16,7,0,10,0,0,1,0,4,0,1,0,2,0,0,0,4,0
2023-08-13,0,0,0,0,0,0,0,0,0,0,0,0,0,0,0,0,0,0,2,0,6,4,3,1,6,0,0,1,0,5,0,0,0,0,0,0,0,1,0
2023-08-14,0,0,0,0,0,0,0,0,0,0,1,0,0,0,0,0,0,0,6,0,17,13,9,0,18,0,0,0,0,3,0,1,0,6,2,2,2,0,0
2023-08-15,0,0,0,0,0,0,0,0,0,0,0,0,0,0,0,2,0,0,2,0,16,6,9,0,17,0,0,1,0,3,0,1,0,2,2,0,0,0,0
2023-08-16,0,0,0,0,0,0,0,0,0,0,0,0,0,0,0,0,0,0,6,0,20,7,4,0,8,0,0,1,0,10,0,2,0,3,0,0,0,2,0
2023-08-17,0,0,0,0,0,0,0,0,0,0,0,0,0,0,0,0,0,0,7,0,17,19,9,0,7,0,0,0,0,5,0,4,0,0,0,2,1,1,0
2023-08-18,0,0,0,0,0,0,0,0,0,0,0,0,0,0,0,0,0,0,6,0,15,2,8,0,9,0,0,0,0,1,1,4,0,2,0,2,1,1,0
2023-08-19,0,0,0,1,0,0,0,0,0,0,0,0,0,0,0,0,0,0,6,0,9,6,4,0,5,0,0,0,0,6,0,0,0,0,0,0,0,0,0
2023-08-20,0,0,0,0,0,0,0,0,0,0,0,0,0,0,0,0,0,0,0,0,13,5,7,0,10,0,0,0,0,2,0,1,0,0,0,0,3,0,0
2023-08-21,0,0,0,0,0,0,0,0,0,0,0,0,0,0,0,0,0,0,5,0,19,4,6,0,41,0,0,0,0,5,0,3,0,0,0,1,0,0,0
2023-08-22,0,0,0,2,0,0,0,0,0,0,0,0,0,0,0,0,0,1,0,0,26,22,12,0,36,0,0,0,0,1,1,0,0,0,0,0,0,0,0
2023-08-23,0,0,0,0,0,0,0,0,0,0,0,0,0,0,0,0,0,0,1,0,26,21,6,0,106,0,0,3,0,4,0,1,0,0,0,2,0,1,0
2023-08-24,0,0,0,0,0,0,0,0,0,0,0,0,0,0,0,0,0,0,2,0,25,40,10,0,84,0,0,0,0,8,0,2,0,3,0,1,0,1,0
2023-08-25,0,0,0,0,0,0,0,0,0,0,0,0,0,0,0,0,0,0,0,0,24,12,1,0,27,0,0,0,0,4,4,2,0,1,0,0,0,0,0
2023-08-26,0,0,0,0,0,0,0,0,0,0,0,0,0,0,0,0,0,0,2,0,7,6,0,0,7,0,0,0,0,5,1,0,0,2,0,0,1,1,0
2023-08-27,0,0,0,0,0,0,0,0,0,0,0,0,0,0,0,0,0,0,0,0,12,3,1,0,6,0,0,0,0,1,2,0,0,1,0,0,1,0,1
2023-08-28,0,0,0,0,0,0,0,0,0,0,0,0,0,0,0,0,0,0,2,0,11,11,2,0,12,0,0,0,0,7,4,1,0,2,0,0,2,0,0
2023-08-29,0,0,0,0,0,0,0,0,0,0,0,0,0,0,0,0,0,1,4,0,18,9,14,0,17,0,0,2,0,3,0,0,0,0,1,0,0,1,0
2023-08-30,0,0,0,0,0,0,0,0,0,0,0,0,0,0,0,0,0,0,3,0,14,11,6,0,6,0,0,0,0,2,0,1,0,0,0,0,2,2,0
2023-08-31,0,0,0,0,0,0,0,0,0,0,0,0,0,0,0,0,0,0,3,0,21,10,2,0,13,0,0,0,0,6,0,1,0,0,0,1,0,1,0
2023-09-01,0,0,0,0,0,0,0,0,0,0,0,0,0,0,0,0,0,0,1,0,26,6,12,1,15,0,0,0,0,4,1,0,0,2,0,1,0,4,0
2023-09-02,0,0,0,0,0,0,0,0,0,0,0,0,0,0,0,0,0,0,0,0,10,2,5,0,12,0,0,0,0,7,0,1,0,4,0,0,1,0,0
2023-09-03,0,0,0,0,0,0,0,0,0,0,0,0,0,0,0,0,0,0,1,0,10,2,3,0,3,0,0,0,0,3,0,0,0,1,0,1,0,0,0
2023-09-04,0,0,0,0,0,0,0,0,0,0,0,0,0,0,0,0,0,0,6,0,19,3,10,0,2,0,0,2,0,6,0,0,0,0,0,0,0,0,0
2023-09-05,0,0,0,0,0,0,0,0,0,0,0,0,0,0,0,0,0,0,4,0,24,4,11,0,4,0,0,0,0,9,1,4,0,0,0,1,0,5,0
2023-09-06,0,0,0,0,0,0,0,0,0,0,0,0,0,0,0,0,0,0,7,0,63,14,7,0,12,0,3,0,0,3,0,0,0,0,0,0,0,2,0
2023-09-07,0,0,0,0,0,0,0,0,0,0,0,0,0,0,0,0,0,0,22,0,39,15,4,1,18,0,0,0,0,5,0,1,0,1,0,0,0,0,0
2023-09-08,0,0,0,0,0,0,0,0,0,0,0,0,0,0,0,0,0,0,8,0,44,7,4,0,9,0,0,2,0,7,0,1,0,1,0,1,4,0,0
2023-09-09,0,0,0,0,0,0,0,0,0,0,0,0,0,0,0,0,0,0,3,0,24,10,2,0,12,0,0,0,0,1,0,1,0,0,0,0,0,0,0
2023-09-10,0,0,0,1,0,0,0,0,0,0,0,0,0,0,0,0,0,0,0,0,13,4,1,0,1,0,0,1,0,2,0,0,0,0,0,0,1,1,0
2023-09-11,0,0,0,0,0,0,0,0,0,0,0,0,0,0,0,0,0,0,7,0,36,5,26,0,7,0,0,1,0,4,1,0,0,0,0,2,4,5,0
2023-09-12,0,0,0,0,0,0,0,0,0,0,0,0,0,0,0,0,0,0,21,0,30,1,13,0,3,0,0,0,0,3,1,1,0,0,1,1,1,1,0
2023-09-13,0,0,0,1,0,0,0,0,0,0,0,0,0,0,0,0,0,0,9,0,27,5,15,0,4,0,1,3,0,4,2,2,0,0,0,2,0,1,0
2023-09-14,0,0,0,0,0,0,0,0,0,0,0,0,0,0,0,0,0,0,15,0,44,7,8,0,2,0,0,2,0,2,0,1,0,0,0,1,0,2,0
2023-09-15,0,0,0,0,0,0,0,0,0,0,0,0,0,0,0,0,0,0,7,0,31,3,9,0,5,0,0,0,0,8,0,0,0,3,0,1,1,1,0
2023-09-16,0,0,0,0,0,0,0,0,0,0,0,0,0,0,0,0,0,0,1,0,12,3,5,0,3,0,0,1,0,2,1,2,0,0,0,0,0,1,0
2023-09-17,0,0,0,0,0,0,0,0,0,0,0,0,0,0,0,0,0,0,3,0,6,3,3,0,0,0,0,0,0,2,0,0,0,0,0,0,0,0,0
2023-09-18,0,0,0,0,0,0,0,0,0,0,0,0,0,0,0,0,0,0,2,0,19,4,6,1,2,0,1,0,0,3,0,2,0,0,0,1,0,8,0
2023-09-19,0,0,0,0,0,0,0,0,0,0,0,0,0,0,0,0,0,0,3,0,29,5,7,0,6,0,0,0,0,3,0,2,0,1,0,0,3,11,0
2023-09-20,0,0,0,0,0,0,0,0,0,0,0,0,0,0,0,0,0,0,8,0,21,3,6,0,8,0,0,0,0,3,0,1,0,2,0,0,0,6,0
2023-09-21,0,0,0,1,0,0,0,0,0,0,0,0,0,0,0,0,0,0,6,0,17,3,5,0,8,0,0,0,0,1,0,0,0,0,0,0,0,0,0
2023-09-22,0,0,0,0,0,0,0,0,0,0,0,0,0,0,0,0,0,0,4,0,25,3,4,0,8,0,2,0,0,2,0,2,0,0,0,0,1,4,0
2023-09-23,0,0,0,0,0,0,0,0,0,0,0,0,0,0,0,0,0,0,2,0,13,2,10,0,1,0,0,0,0,0,0,1,0,1,0,0,0,0,0
2023-09-24,0,0,0,0,0,0,0,0,0,0,0,0,0,0,0,0,0,0,4,0,9,9,5,0,2,0,2,0,0,2,0,2,0,0,0,0,0,0,0
2023-09-25,0,1,0,0,0,0,0,0,0,0,0,0,0,0,0,0,0,0,6,0,26,7,7,0,3,0,9,2,0,5,0,0,0,0,0,1,0,8,0
2023-09-26,0,0,0,0,0,0,0,0,0,0,0,0,0,0,0,0,0,0,9,0,26,2,6,0,5,0,2,1,0,3,0,5,0,1,0,2,1,1,0
2023-09-27,0,1,0,0,0,0,0,0,0,0,0,0,0,0,0,0,0,0,6,0,18,6,3,0,4,0,7,4,0,3,0,4,0,0,0,1,0,1,0
2023-09-28,0,0,0,0,0,0,0,0,0,0,0,0,0,0,0,0,0,0,2,0,52,2,18,0,4,0,2,5,0,5,0,4,0,0,0,2,0,4,0
2023-09-29,0,0,0,0,0,0,0,0,0,0,0,0,0,0,0,0,0,0,5,0,44,3,7,1,5,0,1,5,0,11,0,2,0,1,0,0,0,1,0
2023-09-30,0,0,0,0,0,0,0,0,0,0,0,0,0,0,0,0,0,0,1,0,39,6,8,0,2,0,0,1,0,5,0,0,0,0,0,0,0,1,0
2023-10-01,0,0,0,0,0,0,0,0,0,0,0,0,0,0,0,0,0,0,3,0,18,3,3,0,0,0,2,0,0,6,0,0,0,1,0,0,0,2,0
2023-10-02,0,0,0,0,0,0,0,0,0,0,1,0,0,0,0,0,0,0,7,0,40,3,8,0,1,0,1,1,0,3,0,2,0,0,0,0,1,5,0
2023-10-03,0,0,0,0,0,0,0,0,0,0,0,0,0,0,0,0,0,0,12,0,35,0,7,0,2,0,4,0,0,5,2,1,0,0,0,0,0,2,0
2023-10-04,0,0,0,0,0,0,0,0,0,0,0,0,0,0,0,0,0,1,3,0,26,7,5,0,0,0,2,0,0,3,0,1,0,0,0,0,1,1,0
2023-10-05,0,0,0,0,0,0,0,0,0,0,0,0,0,0,0,0,0,0,2,0,26,4,9,0,0,0,9,1,0,7,0,0,0,2,0,0,1,1,0
2023-10-06,0,0,0,0,0,0,0,0,0,0,0,0,0,0,0,0,0,0,1,0,29,6,10,0,2,0,2,0,0,4,2,3,0,1,0,0,1,1,0
2023-10-07,0,0,0,0,0,0,0,0,0,0,0,0,0,0,0,0,0,0,1,0,17,4,5,0,1,0,1,0,0,1,0,0,0,0,0,0,0,1,0
2023-10-08,0,0,0,0,0,0,0,0,0,0,0,0,0,0,0,0,0,0,1,0,16,5,6,0,2,0,0,0,0,1,0,0,0,2,0,0,0,1,0
2023-10-09,0,0,0,0,0,0,0,0,0,0,0,0,0,0,0,0,0,0,5,0,20,3,10,0,2,0,4,1,0,1,0,4,0,1,0,0,5,0,0
2023-10-10,0,0,0,0,0,0,0,0,0,0,0,0,0,0,0,0,0,0,1,0,18,2,5,0,0,0,0,3,0,8,0,1,0,1,0,2,1,0,0
2023-10-11,0,0,0,0,0,0,0,0,0,0,0,0,0,0,0,0,0,0,6,0,24,10,3,0,8,0,0,1,0,6,0,4,0,0,0,0,0,1,0
2023-10-12,0,0,0,0,0,0,0,0,0,0,0,0,0,0,0,0,0,0,4,0,27,9,11,0,10,0,0,1,0,2,0,6,0,0,0,0,1,2,0
2023-10-13,0,0,0,0,0,0,0,0,0,0,0,0,0,0,0,0,0,0,4,0,21,5,9,0,2,0,1,0,0,8,0,15,0,0,0,0,0,1,0
2023-10-14,0,0,0,0,0,0,0,0,0,0,0,0,0,0,0,0,0,0,0,0,14,1,2,0,1,0,0,0,0,0,0,2,0,0,0,0,0,2,0
2023-10-15,0,0,0,0,0,0,0,0,0,0,0,0,0,0,0,0,0,0,3,0,15,1,6,0,0,0,0,5,0,2,0,2,0,0,0,0,0,0,0
2023-10-16,0,0,0,0,0,0,0,0,0,0,1,0,0,0,0,0,0,0,8,0,28,1,11,0,3,0,0,2,0,1,1,5,0,0,0,0,0,0,0
2023-10-17,0,0,0,0,0,0,0,0,0,0,0,0,0,0,0,0,0,2,5,0,29,1,9,0,18,0,6,0,0,1,0,4,0,3,0,0,0,0,0
2023-10-18,0,0,0,0,0,0,0,0,0,0,1,0,0,0,0,0,0,1,9,0,18,0,20,0,13,0,1,0,0,1,0,4,0,1,0,0,0,1,0
2023-10-19,0,1,0,0,0,0,0,0,0,0,1,0,0,0,0,0,0,0,7,0,39,2,60,1,14,0,0,0,0,5,0,6,0,0,0,0,1,0,0
2023-10-20,0,0,0,0,0,0,0,0,0,0,1,0,0,0,0,0,0,0,6,0,44,2,23,0,10,0,0,0,0,4,1,4,0,2,0,0,1,1,1
2023-10-21,0,0,0,0,0,0,0,0,0,0,0,0,0,0,0,0,0,0,1,0,12,1,11,0,6,0,0,1,0,1,0,2,0,0,0,0,0,1,0
2023-10-22,0,0,0,0,0,0,0,0,0,0,0,0,0,0,0,0,0,0,3,0,16,1,6,0,2,0,0,0,0,1,0,0,0,0,0,0,3,0,0
2023-10-23,0,0,0,0,0,0,0,0,0,0,0,0,0,0,0,0,0,0,4,0,21,2,11,0,11,0,2,0,0,6,0,6,0,0,0,0,2,2,0
2023-10-24,0,0,0,0,0,0,0,0,0,0,0,0,0,0,0,0,0,0,5,0,19,0,9,0,1,0,0,1,0,0,0,8,0,0,0,0,1,0,1
2023-10-25,0,0,0,0,0,0,0,0,0,0,0,0,0,0,0,0,0,0,12,0,24,1,6,0,4,0,0,0,0,1,0,6,0,0,0,0,0,0,0
2023-10-26,0,0,0,0,0,0,0,0,0,0,0,0,0,0,0,0,0,0,5,0,12,1,9,0,5,0,0,1,0,7,0,0,0,0,0,0,0,0,0
2023-10-27,0,0,0,0,0,0,0,0,0,0,0,0,0,0,0,0,0,0,5,0,28,3,12,0,3,0,0,1,0,7,0,0,0,1,0,0,0,0,0
2023-10-28,0,0,0,0,0,0,0,0,0,0,0,0,0,0,0,0,0,0,3,0,10,2,3,0,2,0,0,0,0,2,0,2,0,2,0,0,0,1,0
2023-10-29,0,0,0,0,0,0,0,0,0,0,0,0,0,0,0,0,0,0,2,0,9,1,2,0,0,0,0,0,0,2,0,1,0,1,0,0,0,0,0
2023-10-30,0,0,0,0,0,0,0,0,0,0,0,0,0,0,0,0,0,0,8,0,28,4,4,0,3,0,0,1,0,4,2,1,0,1,0,0,0,0,0
2023-10-31,0,0,0,0,0,0,0,0,0,0,0,0,0,0,0,0,0,0,5,0,33,0,7,1,0,0,0,0,0,3,0,2,0,10,0,0,0,0,0
2023-11-01,0,0,0,1,0,0,0,0,0,0,0,0,0,0,0,0,0,0,5,0,32,0,5,0,1,0,0,0,0,3,0,0,0,6,0,2,1,1,0
2023-11-02,0,0,0,1,0,0,0,0,0,0,0,0,0,0,0,0,0,0,13,0,26,3,8,0,1,0,0,7,0,3,0,0,0,0,0,1,0,0,0
2023-11-03,0,0,0,0,0,0,0,0,0,0,0,0,0,0,0,0,0,0,3,0,23,2,9,0,3,0,0,4,0,4,0,0,0,0,0,0,0,0,0
2023-11-04,0,0,0,0,0,0,0,0,0,0,0,0,0,0,0,0,0,0,2,0,20,0,7,0,1,0,0,2,0,0,0,2,0,3,0,0,0,0,0
2023-11-05,0,0,0,0,0,0,0,0,0,0,0,0,0,0,0,0,0,0,4,0,27,3,6,0,1,0,0,3,0,1,0,0,0,1,4,0,0,0,0
2023-11-06,0,0,0,0,0,0,0,0,0,0,0,0,0,0,0,0,0,0,4,0,34,1,3,0,2,0,0,1,0,6,0,4,0,0,0,1,3,1,0
2023-11-07,0,0,0,0,0,0,0,0,0,0,0,0,0,0,0,0,0,0,3,0,19,1,5,0,5,0,0,1,0,4,0,4,0,1,0,0,1,2,0
2023-11-08,0,0,0,0,0,0,0,0,0,0,0,0,0,0,0,0,0,0,6,0,28,8,3,0,4,0,0,2,0,8,0,10,0,3,0,0,0,1,0
2023-11-09,0,0,0,0,0,0,0,0,0,0,0,0,0,0,0,0,0,0,5,0,20,17,11,0,6,0,0,5,0,5,0,5,0,0,0,1,0,0,0
2023-11-10,0,0,0,0,0,0,0,0,0,0,0,0,0,0,0,0,0,0,4,0,29,7,6,1,5,0,0,1,0,4,1,1,0,1,0,0,0,0,0
2023-11-11,0,0,0,0,0,0,0,0,0,0,0,0,0,0,0,0,0,0,4,0,15,5,5,0,2,0,0,2,0,1,0,5,0,0,0,0,0,0,0
2023-11-12,0,0,0,0,0,0,0,0,0,0,0,0,0,0,0,0,0,0,3,0,17,3,10,0,0,0,1,1,0,2,0,0,0,0,0,0,0,2,0
2023-11-13,0,0,0,0,0,0,0,0,0,0,0,0,0,0,0,0,0,0,0,0,19,0,6,0,8,0,1,2,0,6,0,2,0,1,0,3,0,0,0
2023-11-14,0,0,0,0,0,0,0,0,0,0,0,0,0,0,0,0,0,0,4,0,30,1,9,0,14,0,0,1,0,11,0,0,0,0,0,1,4,0,0
2023-11-15,0,0,0,0,0,0,0,0,0,0,0,0,0,0,0,0,0,0,4,0,31,5,16,0,17,0,0,1,0,6,0,4,0,1,0,0,0,0,2
2023-11-16,0,0,0,0,0,0,0,0,0,0,0,0,0,0,0,0,0,0,0,0,34,5,18,0,5,0,0,1,0,6,1,5,0,0,0,0,2,1,0
2023-11-17,0,0,0,0,0,0,0,0,0,0,0,0,0,0,0,0,0,0,5,0,32,1,19,0,7,0,0,3,0,4,0,16,0,0,0,0,0,1,0
2023-11-18,0,0,0,0,0,0,0,0,0,0,0,0,0,0,0,0,0,0,0,0,12,0,4,0,3,0,0,0,0,1,0,2,0,0,0,0,0,0,0
2023-11-19,0,0,0,0,0,0,0,0,0,0,0,0,0,0,0,0,0,0,1,0,14,0,5,0,2,0,0,2,0,3,1,3,0,0,0,0,0,1,0
2023-11-20,0,0,0,0,0,0,1,0,0,0,0,0,0,0,0,0,0,0,3,0,9,3,7,0,10,0,1,5,0,4,0,31,0,0,0,1,1,0,0
2023-11-21,0,0,0,0,0,0,0,0,0,0,0,0,0,0,0,0,0,0,2,0,25,3,8,0,21,0,0,4,0,5,0,16,0,0,0,0,1,0,0
2023-11-22,0,0,0,0,0,0,0,0,0,0,4,0,0,0,0,0,0,0,2,0,29,6,8,0,13,0,0,0,0,3,0,2,0,2,0,2,0,0,0
2023-11-23,0,0,0,0,0,0,0,0,0,0,0,0,0,0,0,0,0,0,1,0,10,3,4,0,13,0,0,0,0,1,0,11,0,1,0,0,0,0,0
2023-11-24,0,0,0,0,0,0,0,0,0,0,0,0,0,0,0,0,0,0,3,0,19,1,3,0,7,0,0,0,0,1,0,1,0,0,0,0,3,0,0
2023-11-25,0,0,0,0,0,0,0,0,0,0,0,0,0,0,0,0,0,0,3,0,12,1,5,0,6,0,0,1,0,0,0,2,0,1,0,0,1,0,0
2023-11-26,0,0,0,0,0,0,0,0,0,0,0,0,0,0,0,0,0,0,0,0,22,1,2,0,8,0,0,2,0,4,3,1,0,0,0,0,0,0,0
2023-11-27,0,0,0,0,0,0,0,0,0,0,0,0,0,0,0,0,0,0,1,0,26,0,7,0,5,0,0,2,0,5,1,2,0,0,0,0,0,1,0
2023-11-28,0,0,0,1,0,0,0,0,0,0,0,0,0,0,0,0,0,0,1,0,40,0,16,0,6,0,0,2,0,2,0,4,0,1,0,0,0,4,0
2023-11-29,0,0,0,0,0,0,0,0,0,0,1,0,0,0,0,0,0,0,3,0,105,4,6,0,6,0,0,0,0,11,0,3,0,0,0,1,0,2,0
2023-11-30,0,0,0,0,0,0,0,0,0,0,0,0,0,0,0,0,0,0,0,0,48,3,13,0,4,0,0,0,0,8,0,6,0,1,0,0,0,1,0
2023-12-01,0,0,0,0,0,0,0,0,0,0,1,0,0,0,0,0,0,0,5,0,39,1,11,0,13,0,0,0,0,3,1,3,0,1,0,0,0,0,1
2023-12-02,0,0,0,0,0,0,0,0,0,0,0,0,0,0,0,1,0,0,0,0,19,0,3,0,3,0,0,0,0,1,3,2,0,0,0,1,0,0,0
2023-12-03,0,0,0,0,0,0,0,0,0,0,0,0,0,0,0,0,0,0,1,0,17,0,9,0,4,0,0,0,0,4,0,0,0,0,0,0,0,0,0
2023-12-04,0,0,0,0,0,0,0,0,0,0,0,0,0,0,0,0,0,0,3,0,36,0,4,0,9,0,0,1,0,6,0,1,0,1,0,0,0,1,2
2023-12-05,0,0,0,1,0,0,0,0,0,0,1,0,0,0,0,0,0,0,3,0,31,2,12,2,15,0,0,7,0,9,2,1,0,1,0,1,1,3,0
2023-12-06,0,0,0,0,0,0,0,0,0,0,0,0,0,0,0,0,0,0,2,0,70,2,7,1,7,0,0,3,0,5,0,1,0,4,0,2,1,0,1
2023-12-07,0,0,0,0,0,0,0,0,0,0,0,0,0,0,0,0,0,0,7,0,60,2,6,0,1,0,0,3,0,6,0,1,0,6,0,1,3,2,0
2023-12-08,0,0,0,0,0,0,0,0,3,0,1,0,0,0,0,0,0,0,1,0,61,1,6,0,5,0,0,0,0,6,0,0,0,8,0,1,2,0,0
2023-12-09,0,0,0,0,0,0,0,0,0,0,0,0,0,0,0,0,0,0,1,0,11,1,6,0,0,0,0,0,0,4,0,1,0,1,0,0,0,0,0
2023-12-10,0,0,0,0,0,0,0,0,0,0,0,0,0,0,0,0,0,0,3,0,10,6,6,0,3,0,0,0,0,5,0,0,0,6,0,0,0,0,0
2023-12-11,0,0,0,0,0,0,0,0,0,0,0,0,0,0,0,1,0,0,4,0,20,3,11,0,0,0,0,3,0,10,1,1,0,0,0,0,1,1,1
2023-12-12,0,0,0,0,0,0,0,0,0,0,0,0,0,0,0,0,0,0,3,0,30,2,6,0,3,0,0,0,0,6,0,2,0,2,0,0,0,2,0
2023-12-13,0,0,0,0,0,0,0,0,0,0,0,0,0,0,0,2,0,0,5,0,26,3,26,0,1,0,0,0,0,7,1,1,0,1,0,2,4,1,0
2023-12-14,0,0,0,0,0,0,0,0,0,0,0,0,0,0,0,0,0,0,9,0,48,1,2,0,8,0,0,2,0,4,0,1,0,0,0,1,0,3,0
2023-12-15,0,0,0,2,0,0,0,0,1,0,0,0,0,0,0,0,0,0,4,0,13,1,9,0,2,0,0,1,0,4,0,1,0,0,1,0,3,1,0
2023-12-16,0,1,0,0,0,0,0,0,0,0,0,0,0,0,0,0,0,0,1,0,16,2,3,0,1,0,3,0,0,2,0,0,0,1,0,0,1,0,0
2023-12-17,0,1,0,0,0,0,0,0,0,0,0,0,0,0,0,1,0,0,0,0,20,1,11,0,0,0,0,0,0,5,0,0,0,0,0,0,0,0,0
2023-12-18,0,0,0,0,0,0,0,0,1,0,0,0,0,0,0,0,0,0,8,0,24,3,7,1,17,0,1,0,0,5,1,0,0,0,0,0,6,0,0
2023-12-19,0,0,0,0,0,0,0,0,0,0,0,0,0,0,0,0,0,0,5,0,20,3,15,0,6,0,0,0,0,4,0,3,0,1,0,0,1,0,0
2023-12-20,0,0,0,0,0,0,0,0,0,0,0,0,0,0,0,0,0,0,1,0,30,8,11,0,4,0,0,0,0,10,0,1,0,9,0,0,6,0,0
2023-12-21,0,0,0,0,0,0,0,0,0,0,0,0,0,0,0,0,0,0,6,0,17,6,12,0,1,0,0,0,0,11,0,1,0,1,0,1,0,0,0
2023-12-22,0,0,0,0,0,0,0,0,0,0,0,0,0,0,0,0,0,0,6,0,17,2,5,0,9,0,0,2,0,5,1,0,0,1,0,0,3,0,0
2023-12-23,0,0,0,0,0,0,0,0,0,0,0,0,0,0,0,0,0,0,3,0,14,5,3,0,4,0,0,0,0,1,0,4,0,0,0,0,0,1,0
2023-12-24,0,1,0,0,0,0,0,0,0,0,0,0,0,0,0,0,0,0,2,0,13,1,4,0,3,0,0,0,0,6,0,0,0,2,0,0,1,1,0
2023-12-25,0,0,0,0,0,0,0,0,0,0,0,0,0,0,0,0,0,0,3,0,12,1,0,0,0,0,0,4,0,1,0,3,0,5,0,0,0,0,0
2023-12-26,0,0,0,0,0,0,0,0,0,0,0,0,0,0,0,0,0,0,1,0,11,3,11,0,5,0,0,0,0,8,0,0,0,1,0,0,2,1,0
2023-12-27,1,0,0,0,0,0,0,0,0,0,0,0,0,0,0,0,0,0,10,0,25,4,19,0,3,0,0,1,0,4,0,0,0,6,0,0,2,3,0
2023-12-28,0,0,0,0,0,0,0,0,1,0,0,0,0,0,0,0,0,0,1,0,20,9,11,1,0,0,0,0,0,4,0,3,0,5,0,0,4,6,1
2023-12-29,0,0,0,0,0,0,0,0,0,0,0,0,0,0,0,0,0,0,11,0,19,2,11,0,4,0,0,1,0,7,0,0,0,5,0,0,5,3,0
2023-12-30,0,0,0,0,0,0,0,0,0,0,0,0,0,0,0,0,0,0,2,0,14,1,3,0,5,0,0,0,0,2,0,1,0,0,0,0,1,2,0
2023-12-31,0,1,0,0,0,0,0,0,0,0,0,0,0,0,0,0,0,0,2,0,7,0,5,0,5,0,0,0,0,1,1,0,0,0,0,0,2,0,0
2024-01-01,0,0,0,0,0,0,0,0,0,0,0,0,0,0,0,0,0,0,1,0,10,0,8,0,4,0,0,1,0,0,0,1,0,0,0,0,3,0,0
2024-01-02,0,0,0,0,0,0,0,0,0,0,0,0,0,0,0,0,0,0,12,0,12,1,12,0,1,0,0,1,0,3,0,1,0,2,0,0,3,0,0
2024-01-03,0,0,0,0,0,0,0,0,0,0,0,0,0,0,0,0,0,0,4,0,14,2,4,0,4,0,0,0,0,4,0,4,0,1,0,0,2,3,0
2024-01-04,0,0,0,0,0,0,0,0,0,0,0,0,0,0,0,0,0,0,9,0,17,5,9,0,2,0,0,0,0,9,1,2,0,1,0,0,0,2,0
2024-01-05,0,0,0,0,0,0,0,0,0,0,0,0,0,0,0,0,0,0,2,0,21,4,1,0,2,0,0,3,0,0,0,1,0,0,1,0,1,1,0
2024-01-06,0,0,0,0,0,0,0,0,0,0,0,0,0,0,0,0,0,0,5,0,16,3,1,0,0,0,0,1,0,6,0,1,0,0,0,0,0,1,0
2024-01-07,0,0,0,0,0,0,0,0,0,0,2,0,0,0,0,0,0,0,4,0,11,4,6,0,4,0,0,0,0,2,0,1,0,0,0,0,1,1,0
2024-01-08,0,0,0,0,0,0,0,0,0,0,0,0,0,0,0,0,0,0,19,0,11,3,8,1,11,0,0,2,0,5,0,0,0,1,0,2,0,0,0
2024-01-09,0,0,0,0,0,0,0,0,0,0,0,0,0,0,0,0,0,0,8,0,27,2,3,0,21,0,0,1,0,6,2,2,0,0,0,0,1,3,0
2024-01-10,0,0,0,0,0,0,0,0,0,0,0,0,0,0,0,0,0,0,3,0,16,5,3,0,16,0,0,0,0,7,0,3,0,2,0,0,0,1,0
2024-01-11,0,0,0,0,0,0,0,0,0,0,3,0,0,0,0,0,0,0,4,0,21,4,8,0,15,0,0,0,0,8,2,6,0,1,0,1,0,3,0
2024-01-12,0,0,0,0,0,0,0,0,0,0,2,0,0,0,0,0,0,0,1,0,28,4,15,0,5,0,2,0,0,6,0,3,0,2,0,0,3,2,0
2024-01-13,0,0,0,0,0,0,0,0,0,0,0,0,0,0,0,0,0,0,6,0,12,6,3,0,2,0,0,0,0,4,0,2,0,0,0,2,0,1,0
2024-01-14,0,0,0,0,0,0,0,0,0,0,0,0,0,0,0,0,0,0,1,0,8,0,8,0,6,0,0,0,0,1,0,0,0,0,0,0,0,1,0
2024-01-15,0,0,0,0,0,0,0,0,0,0,0,0,0,0,0,0,0,0,3,0,12,1,11,0,9,0,2,0,0,3,0,1,0,0,0,0,0,0,0
2024-01-16,0,0,0,0,0,0,0,0,0,0,0,0,0,0,0,0,0,0,9,0,21,4,23,0,7,0,0,1,0,5,0,4,0,7,0,0,4,2,0
2024-01-17,0,0,0,0,0,0,0,0,0,0,0,0,0,0,0,0,0,0,14,0,8,3,18,0,14,0,0,3,0,6,0,0,0,8,0,0,0,2,0
2024-01-18,0,0,0,0,0,0,0,0,0,0,0,0,0,0,0,0,0,0,10,0,15,2,11,0,19,0,6,0,0,4,0,2,0,9,0,0,1,0,0
2024-01-19,0,0,0,0,0,0,0,0,0,0,0,0,0,0,0,0,0,0,6,0,11,5,7,0,24,0,3,1,0,3,0,2,0,13,0,1,0,0,0
2024-01-20,0,0,0,0,0,0,0,0,0,0,1,0,0,0,0,0,0,0,2,0,8,0,6,1,11,0,2,0,0,1,2,4,0,2,0,0,0,1,0
2024-01-21,0,0,0,0,0,0,0,0,0,0,0,0,0,0,0,0,0,0,8,0,21,2,7,0,10,0,0,0,0,7,1,2,0,2,0,0,2,1,0
2024-01-22,0,0,0,0,0,0,0,0,0,0,1,0,0,0,0,0,0,0,7,0,24,4,14,0,17,0,0,0,0,13,0,5,0,12,0,3,1,0,0
2024-01-23,0,0,0,0,0,0,0,0,0,0,0,0,0,0,0,0,0,0,4,0,29,2,12,0,8,0,1,1,0,2,0,1,0,7,0,0,1,0,1
2024-01-24,0,0,0,0,0,0,0,0,0,0,0,0,0,0,0,1,0,0,7,0,29,1,55,1,24,0,0,1,0,5,5,6,0,16,0,0,5,2,0
2024-01-25,0,0,0,1,0,0,0,0,0,0,0,0,0,0,0,0,0,0,9,0,22,3,89,6,28,0,0,1,0,7,4,8,0,18,0,0,0,0,0
2024-01-26,0,0,0,0,0,0,0,0,0,0,0,0,0,0,0,0,0,0,6,0,25,6,39,0,18,0,0,2,0,5,1,7,0,8,0,0,8,2,0
2024-01-27,0,0,0,0,0,0,0,0,0,0,1,0,0,0,0,0,0,0,1,0,22,1,10,1,2,0,0,1,0,5,0,2,0,9,0,1,2,2,0
2024-01-28,0,0,0,0,0,0,0,0,0,0,0,0,0,0,0,0,0,0,4,0,35,2,14,0,7,0,0,0,0,4,0,1,0,5,0,0,0,0,0
2024-01-29,0,0,0,0,0,0,0,0,0,0,0,0,0,0,0,0,0,0,3,0,25,8,19,0,6,0,0,1,0,8,1,8,0,17,0,0,2,0,0
2024-01-30,0,0,0,0,0,0,0,0,0,0,0,0,0,0,0,0,0,0,9,0,41,8,16,0,9,0,0,1,0,17,0,23,0,31,0,1,1,0,0
2024-01-31,0,0,0,0,0,0,0,0,0,0,0,0,0,0,0,0,0,0,10,0,36,5,19,0,17,0,0,4,0,8,1,13,0,21,0,0,2,1,0
2024-02-01,0,0,0,0,0,0,0,0,0,0,0,0,0,0,0,0,0,0,12,0,39,13,15,0,14,0,0,0,0,13,7,5,0,13,0,1,0,1,0
2024-02-02,0,0,0,2,0,0,0,0,0,0,0,0,0,0,0,0,0,0,13,0,25,8,18,0,16,0,0,6,0,11,0,6,0,11,0,0,1,1,0
2024-02-03,0,0,0,0,0,0,0,0,0,0,0,0,0,0,0,1,0,0,7,0,18,4,6,0,18,0,0,1,0,6,1,0,0,3,0,0,0,0,0
2024-02-04,0,0,0,0,0,0,0,0,0,0,0,0,0,0,0,0,0,0,9,0,12,1,7,0,13,0,0,6,0,0,2,0,0,0,0,0,0,0,0
2024-02-05,0,0,0,0,0,0,0,0,0,0,0,0,0,0,0,0,0,0,8,0,26,7,21,1,24,0,0,21,0,7,3,6,0,4,0,2,0,0,0
2024-02-06,0,0,0,0,0,0,0,0,0,0,0,0,0,0,0,0,0,0,11,0,37,8,22,0,46,0,1,37,0,8,0,2,0,5,0,6,2,4,0
2024-02-07,0,0,0,0,0,0,0,0,0,0,0,0,0,0,0,0,0,0,4,0,31,5,20,0,53,0,0,24,0,5,0,2,0,2,0,0,0,1,0
2024-02-08,0,0,0,0,0,0,0,0,0,0,1,0,0,0,0,0,0,0,7,0,20,5,6,0,35,0,0,12,0,3,2,2,0,6,0,0,0,0,0
2024-02-09,0,0,0,0,0,0,0,0,0,0,0,0,0,0,0,0,0,0,7,0,9,3,10,0,66,0,0,12,0,4,2,5,0,6,0,0,0,0,0
2024-02-10,0,0,0,0,0,0,0,0,0,0,0,0,0,0,0,1,0,0,4,0,19,3,4,0,27,0,0,6,0,3,0,0,0,3,0,1,0,0,1
2024-02-11,0,0,0,0,0,0,0,0,0,0,0,0,0,0,0,0,0,0,11,0,14,3,2,0,48,0,0,1,0,3,0,3,0,1,0,0,0,0,0
2024-02-12,0,0,0,0,0,0,0,0,0,0,0,0,0,0,0,0,0,0,1,0,15,5,8,1,47,0,0,3,0,9,0,0,0,2,0,0,0,0,1
2024-02-13,0,0,0,0,0,0,0,0,0,0,0,0,0,0,0,0,0,0,5,0,24,6,7,0,47,0,0,2,0,21,4,2,0,0,0,0,1,0,0
2024-02-14,0,0,0,0,0,0,0,0,0,0,0,0,0,0,0,0,0,0,9,0,26,7,5,0,47,0,0,4,0,11,0,0,0,6,0,0,1,1,0
2024-02-15,0,0,0,0,0,0,0,0,0,0,0,0,0,0,0,0,0,1,8,0,17,5,23,0,61,0,0,7,0,18,0,1,0,3,0,0,1,2,0
2024-02-16,0,0,0,0,0,0,0,0,0,0,0,0,0,0,0,0,0,0,10,0,17,3,7,0,68,0,0,5,0,9,0,6,0,2,0,0,0,0,0
2024-02-17,0,0,0,0,0,0,0,0,0,0,0,0,0,0,0,0,0,0,2,0,9,2,5,0,42,0,0,1,0,11,0,1,0,5,0,1,0,0,0
2024-02-18,0,0,0,0,0,0,0,0,0,0,0,0,0,0,0,0,0,0,10,0,6,0,4,0,40,0,0,1,0,7,0,2,0,0,0,0,0,3,0
2024-02-19,0,0,0,0,0,0,0,0,0,0,0,0,0,0,0,0,0,0,7,0,12,2,3,1,63,0,0,3,0,3,0,1,0,1,0,0,2,0,0
2024-02-20,0,0,0,0,0,0,0,0,0,0,0,0,0,0,0,0,0,0,9,0,18,3,12,1,123,0,0,3,0,6,1,3,0,5,0,0,1,0,0
2024-02-21,0,0,0,0,0,0,0,0,0,0,0,0,0,0,0,0,0,0,12,0,20,0,7,1,271,0,0,4,0,10,2,3,0,7,0,0,1,0,0
2024-02-22,1,0,0,0,0,0,0,0,0,0,0,0,0,0,0,0,0,0,6,0,22,2,9,3,257,0,0,1,0,13,1,12,0,10,0,0,0,0,0
2024-02-23,0,0,0,0,0,0,0,0,0,0,1,0,0,0,0,0,0,0,8,0,16,5,12,0,107,0,0,1,0,6,0,2,0,3,0,0,0,2,0
2024-02-24,0,0,0,0,0,0,0,0,0,0,0,0,0,0,0,0,0,0,4,0,9,2,3,0,40,0,0,1,0,5,0,0,0,6,0,0,0,1,0
2024-02-25,0,0,0,0,0,0,0,0,0,0,0,0,0,0,0,0,0,0,1,0,7,2,6,0,20,0,0,2,0,10,0,1,0,4,0,0,2,1,0
2024-02-26,0,0,0,0,0,0,0,0,0,0,0,0,0,0,0,0,0,0,5,0,12,1,11,1,56,0,0,5,0,21,0,0,0,5,0,0,2,2,0
2024-02-27,0,0,0,0,0,0,0,0,0,0,0,0,0,0,0,0,0,1,19,0,29,8,5,4,40,0,0,4,0,16,2,2,0,5,0,1,0,0,0
2024-02-28,0,0,0,0,0,0,0,0,0,0,0,0,0,0,0,0,0,1,10,0,27,9,4,3,24,0,0,3,0,21,0,1,0,4,0,0,1,0,0
2024-02-29,0,0,0,0,0,0,0,0,0,0,0,0,0,0,0,0,0,0,11,0,16,4,2,0,30,0,0,2,0,8,0,3,0,12,0,1,0,0,0
2024-03-01,0,0,0,0,0,0,0,0,0,0,0,0,0,0,0,0,0,0,17,0,21,10,5,0,44,0,0,4,0,10,1,7,0,16,0,1,0,1,0
2024-03-02,0,0,0,0,0,0,0,0,0,0,0,0,0,0,0,0,0,0,5,0,9,0,5,0,22,0,0,1,0,6,2,3,0,11,0,0,0,0,0
2024-03-03,0,0,0,0,0,0,0,0,0,0,0,0,0,0,0,0,0,0,5,0,19,1,6,0,25,0,0,0,0,6,0,0,0,7,0,0,1,0,0
2024-03-04,0,0,0,0,0,0,0,0,0,0,0,0,0,0,0,0,0,0,20,0,19,7,8,4,40,0,2,1,0,10,0,5,0,10,0,0,4,0,1
2024-03-05,0,0,0,0,0,0,0,0,0,0,0,0,0,0,0,0,0,0,20,0,24,3,14,0,41,0,0,0,0,8,0,7,0,16,0,0,2,1,0
2024-03-06,0,0,0,0,0,0,0,0,0,0,0,0,0,0,0,0,0,0,19,0,24,7,20,0,52,0,0,23,0,8,1,2,0,5,0,0,2,1,0
2024-03-07,0,0,0,0,0,0,0,0,0,0,0,0,0,0,0,0,0,0,14,0,25,3,25,2,83,0,0,8,0,10,0,2,0,8,0,2,1,1,0
2024-03-08,0,0,0,0,0,0,0,0,0,0,0,0,0,0,0,0,0,0,20,0,16,5,10,0,181,0,0,5,0,16,0,3,0,8,0,1,0,0,0
2024-03-09,0,0,0,0,0,0,0,0,0,0,0,0,0,0,0,0,0,0,2,0,7,3,4,0,73,0,0,4,0,10,0,1,0,0,0,0,0,0,0
2024-03-10,0,0,0,0,0,0,0,0,0,0,0,0,0,0,0,0,0,0,4,0,10,1,8,0,74,0,0,7,0,5,0,8,0,4,0,0,1,0,0
2024-03-11,0,0,0,0,0,0,0,0,0,0,0,0,0,0,0,0,0,0,6,0,28,0,6,0,57,0,0,3,0,16,3,2,0,4,0,0,1,0,0
2024-03-12,0,0,0,0,0,0,0,0,0,0,0,0,0,0,0,0,0,0,12,0,16,1,8,0,65,0,1,1,0,5,0,4,0,5,0,0,0,0,0
2024-03-13,0,0,0,0,0,0,0,0,0,0,0,0,0,0,0,0,0,0,11,0,23,2,17,0,37,0,0,9,0,12,3,2,0,2,0,2,0,3,0
2024-03-14,0,0,0,1,0,0,0,0,0,0,0,0,0,0,0,0,0,0,15,0,22,1,32,0,55,0,0,1,0,9,0,1,0,3,3,0,1,1,0
2024-03-15,0,0,0,0,0,0,0,0,0,0,0,0,0,0,0,0,0,0,3,0,18,0,18,0,47,0,0,2,0,11,0,2,0,2,0,1,0,1,0
2024-03-16,0,0,0,0,0,0,0,0,0,0,0,0,0,0,0,0,0,0,2,0,5,2,10,0,20,0,0,2,0,5,0,1,0,4,0,0,1,0,0
2024-03-17,0,0,0,0,0,0,0,0,0,0,0,0,0,0,0,0,0,0,2,0,16,1,5,0,18,0,0,2,0,2,0,1,0,1,1,0,0,0,0
2024-03-18,0,0,0,0,0,0,0,0,0,0,0,0,0,0,0,0,0,0,25,0,7,1,13,0,57,0,0,1,0,10,1,3,0,1,0,0,1,4,0
2024-03-19,0,0,0,0,0,0,0,0,0,0,1,0,0,0,0,0,0,0,8,0,22,1,9,0,89,0,1,1,0,7,2,5,0,3,0,0,1,2,0
2024-03-20,0,0,0,0,0,0,0,0,1,0,0,0,0,0,0,0,0,0,13,0,21,0,10,0,36,0,1,2,0,6,1,3,0,9,1,1,1,2,0
2024-03-21,0,0,0,0,0,0,0,0,0,0,0,0,0,0,0,0,0,0,39,0,30,0,14,0,29,0,1,2,0,10,0,4,0,6,0,0,0,2,0
2024-03-22,0,0,0,0,0,0,0,0,0,0,0,0,0,0,0,0,0,0,17,0,17,3,10,0,42,0,2,1,0,11,1,1,0,3,0,0,1,6,0
2024-03-23,1,0,0,0,0,0,0,0,0,0,0,0,0,0,0,0,0,0,7,0,5,1,1,0,20,0,0,1,0,2,0,1,0,0,0,0,0,0,0
2024-03-24,0,0,0,0,0,0,0,0,0,0,0,0,0,0,0,0,0,0,2,0,11,1,7,0,19,0,3,1,0,3,0,0,0,5,1,0,0,1,0
2024-03-25,0,0,0,0,0,0,0,0,0,0,0,0,0,0,0,0,0,1,7,0,38,0,7,1,25,0,1,3,0,6,2,1,0,10,0,0,0,4,0
2024-03-26,0,0,0,0,0,0,0,0,0,0,0,0,0,0,0,0,0,0,9,0,79,1,22,4,14,0,3,0,0,22,1,3,0,5,0,0,1,6,0
2024-03-27,0,0,0,0,0,0,0,0,0,0,0,0,0,0,0,0,0,0,23,0,63,1,9,0,23,0,5,2,0,77,1,1,0,1,0,1,2,3,0
2024-03-28,0,0,0,0,0,0,0,0,0,0,0,0,0,0,0,0,0,0,10,0,28,5,16,0,10,0,0,1,0,29,0,2,0,0,0,0,3,5,0
2024-03-29,0,0,0,0,0,0,0,0,0,0,0,0,0,0,0,0,0,0,4,0,19,6,11,0,12,0,1,0,0,12,1,9,0,0,0,0,0,0,0
2024-03-30,0,0,0,0,0,0,0,0,0,0,0,0,0,0,0,0,0,0,3,0,15,0,3,0,11,0,0,0,0,6,0,0,0,1,0,0,1,1,0
2024-03-31,0,0,0,0,0,0,0,0,0,0,0,0,0,0,0,0,0,0,5,0,14,1,6,0,6,0,0,5,0,4,0,0,0,0,0,0,2,0,0
2024-04-01,0,0,0,0,0,0,0,0,0,0,0,0,0,0,0,0,0,0,4,0,52,2,15,0,21,0,0,0,0,3,1,8,0,2,0,1,0,1,0
2024-04-02,0,0,0,0,0,0,0,0,0,0,0,0,0,0,0,0,0,0,6,0,44,1,22,0,7,0,0,4,0,11,0,1,0,1,0,3,0,3,0
2024-04-03,1,0,0,0,0,0,0,0,0,0,0,0,0,0,0,0,0,0,16,0,28,3,26,0,17,0,7,1,0,5,6,0,0,0,0,1,2,10,0
2024-04-04,0,0,0,0,0,0,0,0,0,0,0,0,0,0,0,0,0,0,9,0,48,4,15,0,12,0,3,2,0,8,4,2,0,2,0,0,0,4,0
2024-04-05,0,0,0,0,0,0,0,0,0,0,0,0,0,0,0,0,0,0,3,0,24,2,34,0,10,0,2,5,0,10,0,3,0,4,0,0,0,6,0
2024-04-06,0,0,0,0,0,0,0,0,0,0,0,0,0,0,0,0,0,0,4,0,16,1,21,0,4,0,0,0,0,12,0,0,0,3,1,0,1,2,0
2024-04-07,0,0,0,0,0,0,0,0,0,0,0,0,0,0,0,0,0,0,1,0,17,1,7,0,6,0,1,0,0,8,0,0,0,0,0,0,2,2,0
2024-04-08,0,0,0,0,0,0,0,0,0,0,0,0,0,0,0,0,0,0,5,0,22,0,16,0,6,0,2,2,0,6,0,0,0,3,1,0,0,3,0
2024-04-09,0,0,0,0,0,0,0,0,0,0,0,0,0,0,0,0,0,0,11,0,32,0,8,0,25,0,1,1,0,5,0,3,0,2,0,1,3,9,0
2024-04-10,0,0,0,0,0,0,0,0,0,0,0,0,0,0,0,0,0,0,4,0,35,2,11,1,14,0,1,3,0,4,1,4,0,4,0,1,0,2,0
2024-04-11,0,0,0,0,0,0,0,0,0,0,0,0,0,0,0,0,0,0,13,0,19,2,11,0,11,0,4,1,0,21,1,1,0,2,0,1,0,0,0
2024-04-12,0,0,0,0,0,0,0,0,0,0,0,0,0,0,0,0,0,0,6,0,19,5,8,0,15,0,3,0,0,5,0,10,0,5,0,2,3,0,2
2024-04-13,0,0,0,0,0,0,0,0,0,0,0,0,0,0,0,0,0,0,3,0,5,5,3,0,2,0,0,0,0,1,1,0,0,0,0,0,0,0,0
2024-04-14,0,0,0,0,0,0,0,0,0,0,0,0,0,0,0,0,0,0,3,0,13,1,10,0,7,0,5,2,0,0,2,1,0,5,0,0,0,0,0
2024-04-15,0,0,0,0,0,0,0,0,0,0,0,0,0,0,0,0,0,0,10,0,20,3,21,0,7,0,1,1,0,7,2,7,0,4,0,0,3,1,1
2024-04-16,0,0,0,0,0,0,0,0,0,0,0,0,0,0,0,0,0,0,4,0,38,8,25,0,11,0,2,0,0,6,1,3,0,1,0,1,3,0,0
2024-04-17,0,0,0,0,0,0,0,0,0,0,0,0,0,0,0,0,0,0,3,0,32,8,28,0,4,0,0,1,0,11,1,2,0,3,0,0,4,1,0
2024-04-18,0,0,0,0,0,0,0,0,0,0,1,0,0,0,0,0,0,0,3,0,28,4,42,0,7,0,2,0,0,12,0,2,0,2,0,3,1,2,0
2024-04-19,0,0,0,0,0,0,0,0,0,0,2,0,0,0,0,0,0,0,5,0,17,3,30,1,46,0,6,0,0,26,2,3,0,2,0,2,0,1,0
2024-04-20,0,0,0,0,0,0,0,0,0,0,0,0,0,0,0,0,0,0,5,0,21,3,14,0,17,0,2,0,0,3,2,0,0,1,0,0,0,0,0
2024-04-21,0,0,0,0,0,0,0,0,0,0,0,0,0,0,0,0,0,0,4,0,15,1,17,0,19,0,0,2,0,4,0,3,0,1,0,0,0,0,0
2024-04-22,0,0,0,0,0,0,0,0,0,0,0,0,0,0,0,0,0,0,3,0,21,5,46,0,18,0,0,0,0,8,1,3,0,5,0,2,0,0,0
2024-04-23,0,0,0,0,0,0,0,0,0,0,0,0,0,0,0,0,0,0,6,0,19,3,86,0,20,0,2,2,0,6,2,3,0,0,0,4,0,0,0
2024-04-24,0,0,0,0,0,0,0,0,0,0,0,0,0,0,0,0,0,0,3,0,21,1,84,0,15,0,3,0,0,7,0,3,0,0,0,1,0,0,0
2024-04-25,0,0,0,0,0,0,0,0,0,0,1,0,0,0,0,0,0,0,6,0,22,2,34,0,22,0,2,1,0,3,0,27,0,1,0,1,1,1,1
2024-04-26,0,0,0,0,0,0,0,0,0,0,0,0,0,0,0,0,0,0,4,0,22,3,33,0,19,0,0,2,0,10,0,11,0,5,0,0,2,0,0
2024-04-27,0,0,0,0,0,0,0,0,0,0,0,0,0,0,0,0,0,0,4,0,10,2,6,0,6,0,1,1,0,6,0,0,0,0,0,0,0,0,1
2024-04-28,0,0,0,0,0,0,0,0,0,0,0,0,0,0,0,0,0,0,1,0,11,1,20,0,4,0,0,0,0,2,0,1,0,6,1,0,0,0,0
2024-04-29,0,0,0,0,0,0,0,0,0,0,0,0,0,0,0,0,0,0,6,0,22,8,66,0,9,0,4,3,0,1,0,5,0,3,0,0,1,0,0
2024-04-30,0,0,0,0,0,0,0,0,0,0,0,0,0,0,0,0,0,0,8,0,30,5,22,0,7,0,0,2,0,4,0,2,0,12,0,0,0,8,0
2024-05-01,0,0,0,0,0,0,0,0,0,0,0,0,0,0,0,0,0,0,11,0,22,6,10,0,9,0,0,3,0,4,0,1,0,9,0,0,2,4,0
2024-05-02,0,0,0,0,0,0,0,0,0,0,0,0,0,0,0,0,0,0,33,0,27,0,9,0,15,0,7,5,0,1,0,7,0,4,0,0,2,1,0
2024-05-03,0,0,0,0,0,0,0,0,0,0,0,0,0,0,0,0,0,0,37,0,75,2,8,0,8,0,2,9,0,8,0,1,0,1,0,0,4,0,0
2024-05-04,0,0,0,0,0,0,0,0,0,0,0,0,0,0,0,0,0,0,15,0,21,1,8,0,3,0,0,4,0,6,0,1,0,0,0,0,0,0,0
2024-05-05,0,0,0,0,0,0,0,0,0,0,0,0,0,0,0,0,0,0,4,0,15,2,9,0,3,0,0,7,0,5,1,0,0,0,0,0,0,0,0
2024-05-06,0,0,0,1,0,0,0,0,0,0,1,0,0,0,0,0,0,0,5,0,33,8,5,0,7,0,4,18,0,10,0,1,0,0,0,2,5,0,0
2024-05-07,0,0,0,0,0,0,0,0,0,0,0,0,0,0,0,0,0,0,14,0,30,6,15,0,9,0,2,17,0,14,4,2,0,0,5,5,0,0,0
2024-05-08,0,0,0,0,0,0,0,0,0,0,1,0,0,0,0,0,0,0,3,0,24,11,13,0,9,0,5,1,0,15,0,1,0,0,3,0,2,0,0
2024-05-09,0,0,0,0,0,0,0,0,0,0,0,0,0,0,0,0,0,0,4,0,38,7,13,0,11,0,2,3,0,11,1,2,0,0,0,0,1,0,0
2024-05-10,0,0,0,0,0,0,0,0,0,0,0,0,0,0,0,0,0,0,6,0,61,1,4,0,5,0,0,1,0,4,0,4,0,1,0,1,1,0,0
2024-05-11,0,0,0,0,0,0,0,0,0,0,1,0,0,0,0,0,0,0,9,0,16,1,4,0,3,0,0,0,0,1,0,3,0,0,0,0,0,0,0
2024-05-12,0,0,0,0,0,0,0,0,0,0,0,0,0,0,0,0,0,0,5,0,14,0,7,0,2,0,0,0,0,0,0,3,0,0,0,0,1,0,0
2024-05-13,0,0,0,0,0,0,0,0,0,0,0,0,0,0,0,0,0,0,7,0,308,114,5,0,2,0,0,2,0,39,9,1,0,0,1,2,0,0,0
2024-05-14,0,0,0,0,0,0,0,0,0,0,1,0,0,0,0,0,0,0,3,0,340,269,12,17,3,0,11,6,0,46,41,1,0,1,13,17,12,18,0
2024-05-15,0,0,0,0,0,0,0,0,0,0,0,0,0,0,0,0,0,0,9,0,212,80,7,5,16,0,4,1,0,19,23,2,0,3,4,9,3,6,0
2024-05-16,0,0,0,0,0,0,0,0,0,0,0,0,0,0,0,0,0,0,4,0,157,45,11,0,20,0,1,0,0,12,4,1,0,0,0,1,0,3,0
2024-05-17,0,0,0,1,0,0,0,0,0,0,0,0,0,0,0,0,0,0,7,0,226,19,13,1,13,0,1,1,0,14,1,2,0,6,1,2,1,3,0
2024-05-18,0,0,0,0,0,0,0,0,0,0,0,0,0,0,0,0,0,0,2,0,96,11,6,0,13,0,0,2,0,4,0,4,0,5,0,0,1,1,0
2024-05-19,0,0,0,0,0,0,0,0,0,0,0,0,0,0,0,0,0,0,2,0,47,4,8,0,16,0,0,0,0,7,0,1,0,3,1,0,0,0,0
2024-05-20,0,0,0,0,0,0,0,0,0,0,0,0,0,0,0,0,0,0,3,0,126,9,7,0,26,0,0,1,0,14,0,3,0,5,0,0,1,1,0
2024-05-21,0,0,0,0,0,0,0,0,0,0,0,0,0,0,0,0,0,0,8,0,122,11,21,1,40,0,1,0,0,11,0,6,0,4,0,1,1,1,0
2024-05-22,0,0,0,0,0,0,0,0,0,0,0,0,0,0,0,0,0,1,5,0,91,13,17,1,136,0,1,2,0,8,1,1,0,6,1,0,0,0,0
2024-05-23,0,0,0,0,0,0,0,0,0,0,0,0,0,0,0,0,0,0,12,0,70,6,14,0,165,0,1,2,0,5,1,1,0,11,1,0,2,1,0
2024-05-24,0,0,0,0,0,0,0,0,0,0,0,0,0,0,0,0,0,0,9,0,134,14,6,1,70,0,0,2,0,7,0,2,0,3,0,0,2,0,0
2024-05-25,0,0,0,0,0,0,0,0,0,0,0,0,0,0,0,0,0,2,5,0,78,2,4,0,51,0,0,3,0,3,0,1,0,0,2,0,1,0,0
2024-05-26,0,0,0,0,0,0,0,0,0,0,0,0,0,0,0,0,0,0,2,0,37,1,1,0,42,0,0,0,0,4,0,2,0,2,0,1,1,0,0
2024-05-27,0,0,0,0,0,0,0,0,0,0,0,0,0,0,0,0,0,0,8,0,73,8,2,0,48,0,0,0,0,3,1,1,0,2,0,0,0,0,0
2024-05-28,0,0,0,0,0,0,0,0,0,0,1,0,0,0,0,0,0,0,7,0,108,8,2,0,108,0,0,0,0,8,0,2,0,5,0,5,1,1,0
2024-05-29,0,0,0,0,0,0,0,0,0,0,0,0,0,0,0,0,0,1,6,0,47,1,9,0,71,0,0,2,0,7,0,0,0,2,0,2,1,6,0
2024-05-30,0,0,0,0,0,0,0,0,0,0,0,0,0,0,0,0,0,0,12,0,84,2,11,0,45,0,2,2,0,6,0,4,0,3,1,1,0,1,0
2024-05-31,0,0,0,0,0,0,0,0,0,0,1,0,0,0,0,0,0,0,8,0,61,6,5,0,51,0,0,3,0,8,0,4,0,3,0,1,0,1,0
2024-06-01,0,0,0,0,0,0,0,0,0,0,0,0,0,0,0,0,0,0,12,0,35,2,4,1,28,0,0,1,0,4,0,1,0,1,0,0,2,0,0
2024-06-02,0,0,0,0,0,0,0,0,0,0,0,0,0,0,0,0,0,0,5,0,24,1,5,0,20,0,0,1,0,4,0,3,0,2,0,1,0,0,0
2024-06-03,0,0,0,0,0,0,0,0,0,0,2,0,0,0,0,0,0,0,7,0,509,17,6,1,39,0,1,4,0,48,0,3,0,5,3,1,3,0,0
2024-06-04,0,0,0,0,0,0,0,0,0,0,1,0,0,0,0,0,0,0,3,0,278,12,12,0,49,0,0,1,0,18,1,3,0,1,1,0,1,0,0
2024-06-05,0,0,0,0,0,0,0,0,0,0,0,0,0,0,0,0,0,0,20,0,241,6,12,0,121,0,0,1,0,9,0,5,0,3,0,3,1,0,0
2024-06-06,0,0,0,0,0,0,0,0,0,0,1,0,0,0,0,0,0,0,12,0,397,34,9,0,112,0,0,6,0,51,3,16,0,6,2,1,1,0,0
2024-06-07,0,0,0,0,0,0,0,0,0,0,0,0,0,0,0,0,0,0,7,0,631,24,5,0,61,0,0,1,0,34,2,2,0,5,1,1,1,0,0
2024-06-08,0,0,0,0,0,0,0,0,0,0,0,0,0,0,0,0,0,0,2,0,209,7,7,0,70,0,0,0,0,7,0,0,0,0,0,2,0,0,0
2024-06-09,0,0,0,0,0,0,0,0,0,0,0,0,0,0,0,0,0,0,3,0,143,1,6,0,21,0,0,0,0,0,0,1,0,1,0,3,0,0,0
2024-06-10,0,0,0,0,0,0,0,0,0,0,0,0,0,0,0,0,0,0,26,0,263,9,16,0,92,0,0,0,0,16,1,4,0,1,0,2,1,1,0
2024-06-11,0,0,0,0,0,0,0,0,0,0,0,0,0,0,0,0,0,0,72,0,350,11,20,0,39,0,0,0,0,17,0,2,0,0,1,1,0,0,0
2024-06-12,0,0,0,0,0,0,0,0,0,0,0,0,0,0,0,0,0,0,78,0,296,5,27,0,45,0,1,2,0,14,0,1,0,4,1,2,1,0,0
2024-06-13,0,0,0,0,0,0,0,0,0,0,0,0,0,0,0,0,0,0,18,0,208,3,34,0,46,0,0,2,0,8,1,1,0,3,0,1,0,1,0
2024-06-14,0,0,0,0,0,0,0,0,0,0,2,0,0,0,0,0,0,0,10,0,155,7,20,0,71,0,0,1,0,9,4,3,0,5,0,0,3,1,0
2024-06-15,0,1,0,0,0,0,0,0,0,0,0,0,0,0,0,0,0,0,5,0,85,1,10,0,45,0,0,0,0,5,2,0,0,0,0,2,0,0,0
2024-06-16,0,0,0,0,0,0,0,0,0,0,0,0,0,0,0,0,0,0,2,0,91,6,6,1,26,0,0,1,0,5,0,0,0,0,0,0,0,0,0
2024-06-17,0,0,0,0,0,0,0,0,0,0,0,0,0,0,0,0,0,0,23,0,154,10,17,0,57,0,0,3,0,11,2,5,0,3,0,3,1,0,0
2024-06-18,0,0,0,0,0,0,0,0,0,0,0,0,0,0,0,0,0,0,14,0,121,4,6,0,73,0,0,1,0,13,0,11,0,3,0,0,1,0,0
2024-06-19,0,0,0,0,0,0,0,0,0,0,0,0,0,0,0,0,0,0,4,0,99,3,4,0,77,0,0,0,0,8,0,8,0,5,0,0,0,1,0
2024-06-20,0,0,0,0,0,0,0,0,0,0,1,0,0,0,0,0,0,0,8,0,93,2,10,0,126,0,0,0,0,13,0,3,0,6,0,2,1,0,0
2024-06-21,0,0,0,0,0,0,0,0,0,0,0,0,0,0,0,0,0,0,7,0,87,5,9,0,99,0,0,0,0,12,0,4,0,2,3,1,0,0,0
2024-06-22,0,0,0,0,0,0,0,0,0,0,0,0,0,0,0,0,0,0,7,0,40,0,10,0,35,0,0,0,0,5,0,1,0,0,0,3,0,0,0
2024-06-23,0,0,0,0,0,0,0,0,0,0,0,0,0,0,0,0,0,0,6,0,32,0,2,0,40,0,0,2,0,2,0,1,0,2,1,0,1,0,0
2024-06-24,0,0,0,0,0,0,0,0,0,0,0,0,0,0,0,0,0,0,8,0,65,4,2,0,78,0,0,0,0,5,0,1,0,1,0,1,0,0,0
2024-06-25,0,0,0,0,0,0,0,0,0,0,0,0,0,0,0,0,0,0,1,0,79,5,7,0,67,0,0,0,0,4,1,2,0,3,1,1,3,0,0
2024-06-26,0,0,0,0,0,0,0,0,0,0,1,0,0,0,0,0,0,0,3,0,62,6,13,0,41,0,0,2,0,2,3,2,0,2,0,0,0,0,0
2024-06-27,0,0,0,0,0,0,0,0,0,0,0,0,0,0,0,0,0,0,3,0,78,3,10,0,28,0,0,0,0,4,2,1,0,1,0,1,0,0,0
2024-06-28,0,0,0,0,0,0,0,0,0,0,0,0,0,0,0,0,0,0,10,0,66,2,6,1,41,0,0,1,0,9,0,0,0,1,0,0,0,0,0
2024-06-29,0,0,0,0,0,0,0,0,0,0,0,0,0,0,0,0,0,0,7,0,28,2,11,0,15,0,0,1,0,7,2,0,0,0,0,0,0,0,0
2024-06-30,0,0,0,0,0,0,0,0,0,0,0,0,0,0,0,0,0,0,3,0,47,2,4,0,10,0,0,3,0,1,0,0,0,0,0,0,0,0,0
2024-07-01,1,0,0,0,0,0,0,0,0,0,0,0,0,0,0,0,0,0,8,0,121,0,31,0,32,0,0,0,0,23,0,3,0,3,0,0,1,0,0
2024-07-02,0,0,0,0,0,0,0,0,0,0,0,0,0,0,0,0,0,0,16,0,55,0,60,0,25,0,1,6,0,10,0,3,0,4,0,0,2,0,0
2024-07-03,0,0,0,0,0,0,0,0,0,0,0,0,0,0,0,0,0,0,7,0,85,3,50,0,29,0,0,2,0,3,2,3,0,0,0,0,1,0,0
2024-07-04,0,0,0,0,0,0,0,0,0,0,0,0,0,0,0,0,0,0,7,0,57,1,28,1,28,0,0,0,0,1,2,2,0,0,1,0,0,0,0
2024-07-05,0,0,0,0,0,0,0,0,0,0,0,0,0,0,0,0,0,0,12,0,42,0,29,1,23,0,0,4,0,9,0,3,0,7,0,3,0,1,0
2024-07-06,0,0,0,0,0,0,0,0,0,0,2,0,0,0,0,0,0,0,5,0,28,0,11,0,10,0,0,0,0,3,0,0,0,0,0,0,0,0,0
2024-07-07,0,0,0,0,0,0,0,0,0,0,0,0,0,0,0,0,0,0,3,0,35,0,10,0,11,0,0,1,0,2,0,0,0,1,0,0,0,1,0
2024-07-08,0,0,0,0,0,0,0,0,0,0,0,0,0,0,0,0,0,0,11,0,57,5,12,0,22,0,0,6,0,4,5,5,0,2,0,1,0,0,0
2024-07-09,0,0,0,0,0,0,0,0,0,0,1,0,0,0,0,0,0,0,3,0,56,6,16,0,25,0,0,2,0,10,0,1,0,0,0,4,1,1,0
2024-07-10,0,0,0,0,0,0,0,0,0,0,0,0,0,0,0,0,0,0,11,0,64,0,46,0,35,0,0,3,0,4,1,3,0,4,0,1,0,0,0
2024-07-11,0,0,0,0,0,0,0,0,0,0,3,0,0,0,0,0,0,0,5,0,43,1,48,0,32,0,0,2,0,5,0,5,0,0,2,0,0,0,0
2024-07-12,0,0,0,0,0,0,0,0,0,0,2,0,0,0,0,0,0,0,4,0,40,2,24,0,24,0,0,0,0,9,1,4,0,3,1,1,0,3,0
2024-07-13,0,0,0,0,0,0,0,0,0,0,0,0,0,0,0,0,0,0,1,0,24,1,2,0,8,0,0,0,0,3,0,2,0,1,0,0,0,2,0
2024-07-14,0,0,0,0,0,0,0,0,0,0,0,0,0,0,0,0,0,0,0,0,45,1,5,4,7,0,0,0,0,1,0,0,0,0,0,0,0,1,0
2024-07-15,0,0,0,0,0,0,0,0,0,0,0,0,0,0,0,0,0,1,6,0,51,0,15,0,20,0,0,5,0,8,0,0,0,1,0,0,1,0,0
2024-07-16,0,0,0,0,1,0,0,0,0,0,0,0,0,0,0,0,0,0,3,0,79,4,23,0,24,0,0,3,0,9,1,8,0,2,3,0,0,4,0
2024-07-17,0,0,0,0,0,0,0,0,0,0,1,0,0,0,0,0,0,0,3,0,90,1,12,1,40,0,0,2,0,4,0,3,0,6,3,0,0,2,0
2024-07-18,0,0,0,0,0,0,0,0,0,0,0,0,0,0,0,0,0,0,5,0,63,1,12,2,30,0,0,3,0,4,0,1,0,5,0,0,1,0,0
2024-07-19,0,0,0,0,0,0,0,0,0,0,0,0,0,0,0,0,0,0,2,0,50,3,10,0,15,0,0,1,0,7,1,23,0,0,0,1,1,0,0
2024-07-20,0,0,0,0,0,0,0,0,0,0,0,0,0,0,0,0,0,0,0,0,29,0,4,0,10,0,0,0,0,3,0,1,0,3,0,0,0,0,0
2024-07-21,0,0,0,0,0,0,0,0,0,0,1,0,0,0,0,0,0,0,1,0,19,1,1,0,16,0,0,2,0,0,0,2,0,0,0,0,0,0,0
2024-07-22,0,0,0,0,0,0,0,0,0,0,0,0,0,0,0,0,0,0,4,0,47,9,26,0,20,0,0,3,0,4,0,3,0,4,0,0,3,0,0
2024-07-23,0,0,0,0,0,0,0,0,0,0,0,0,0,0,0,0,0,0,4,0,40,13,49,0,16,0,0,2,0,3,0,0,0,0,1,0,0,5,0
2024-07-24,0,0,0,0,0,0,0,0,0,0,0,0,0,0,0,0,0,0,1,0,35,3,38,0,18,0,0,1,0,8,0,2,0,5,0,0,0,0,0
2024-07-25,0,0,0,0,0,0,0,0,0,0,2,0,0,0,0,0,0,0,3,0,42,4,16,0,27,0,0,0,0,4,0,6,0,1,0,0,2,0,0
2024-07-26,0,0,0,0,0,0,0,0,0,0,0,0,0,0,0,0,0,0,4,0,36,0,18,0,20,0,0,1,0,6,0,12,0,0,0,0,0,0,0
2024-07-27,0,0,0,0,0,0,0,0,0,0,0,0,0,0,0,0,0,0,0,0,30,1,6,1,11,0,0,1,0,0,0,0,0,1,0,0,1,1,0
2024-07-28,0,0,0,0,0,0,0,0,0,0,0,0,0,0,0,0,0,0,6,0,27,1,5,1,7,0,0,1,0,1,0,2,0,2,0,0,0,1,0
2024-07-29,0,0,0,0,0,0,0,0,0,0,1,0,0,0,0,0,0,0,7,0,34,1,8,0,7,0,0,1,0,7,0,9,0,3,0,0,2,7,0
2024-07-30,0,0,0,0,0,0,0,0,0,0,0,0,0,0,0,0,0,0,4,0,46,2,18,0,37,0,0,0,0,9,0,31,0,23,3,0,0,6,0
2024-07-31,0,0,0,0,0,0,0,0,0,0,0,0,0,0,0,0,0,0,5,0,31,1,6,0,35,0,0,1,0,1,0,15,0,10,4,0,1,1,0
2024-08-01,0,0,0,0,0,0,0,0,0,0,0,0,0,0,0,3,0,0,9,0,32,1,5,0,26,0,0,0,0,5,0,2,0,7,1,0,0,1,0
2024-08-02,0,0,0,0,0,0,0,0,0,0,0,0,0,0,0,0,0,0,20,0,56,4,2,1,27,0,0,0,0,8,0,0,0,2,1,0,1,0,0
2024-08-03,0,0,0,0,0,0,0,0,0,0,1,0,0,0,0,0,0,0,25,0,18,1,4,1,35,0,0,0,0,10,0,3,0,2,0,0,0,1,0
2024-08-04,0,0,0,0,0,0,0,0,0,0,1,0,0,0,0,0,0,0,13,0,23,0,1,0,16,0,0,1,0,3,0,2,0,2,0,0,0,0,0
2024-08-05,0,0,0,0,0,0,0,0,0,0,0,0,0,0,0,0,0,0,21,0,82,2,7,0,45,0,0,23,0,49,0,0,0,6,3,0,0,0,0
2024-08-06,0,0,0,0,0,0,0,0,0,0,0,0,0,0,0,0,0,0,7,0,38,0,4,0,26,0,0,5,0,24,0,2,0,5,2,1,1,2,0
2024-08-07,0,0,0,0,0,0,0,0,0,0,0,0,0,0,0,0,0,1,5,0,43,1,7,0,27,0,0,2,0,14,0,3,0,6,0,0,1,1,0
2024-08-08,0,0,0,0,0,0,0,0,0,0,1,0,0,0,0,0,0,0,1,0,35,1,6,0,29,0,0,8,0,12,0,6,0,2,0,0,2,2,0
2024-08-09,0,0,0,0,0,0,0,0,0,0,0,0,0,0,0,0,0,0,7,0,52,0,10,0,19,0,0,3,0,5,0,4,0,2,2,1,1,1,0
2024-08-10,0,0,0,0,0,0,0,0,0,0,0,0,0,0,0,0,0,0,3,0,24,0,3,0,9,0,0,4,0,3,0,0,0,1,0,0,0,0,0
2024-08-11,0,0,0,0,0,0,0,0,0,0,0,0,0,0,0,0,0,0,2,0,19,1,1,0,11,0,0,1,0,4,1,0,0,3,0,0,0,1,0
2024-08-12,0,0,0,0,0,0,0,0,0,0,0,0,0,0,0,0,0,0,3,0,44,0,15,1,17,0,0,4,0,11,0,1,0,2,0,0,1,1,0
2024-08-13,0,0,0,0,0,0,0,0,0,0,0,0,0,0,0,0,0,0,6,0,35,0,10,2,28,0,0,1,0,3,2,2,0,1,2,0,0,0,0
2024-08-14,0,0,0,0,0,0,0,0,0,0,0,0,0,0,0,0,0,0,4,0,36,5,7,0,22,0,0,3,0,5,0,0,0,0,3,0,0,0,0
2024-08-15,0,0,0,0,0,0,0,0,0,0,0,0,0,0,0,0,0,0,5,0,47,0,8,0,32,0,0,2,0,12,0,5,0,6,8,0,0,0,0
2024-08-16,0,0,0,0,0,0,0,0,0,0,0,0,0,0,0,0,0,0,5,0,27,0,12,0,33,0,0,5,0,3,0,1,0,2,8,0,0,0,0
2024-08-17,0,0,0,0,0,0,0,0,0,0,0,0,0,0,0,0,0,0,3,0,12,0,2,0,18,0,0,2,0,8,0,0,0,0,4,0,0,1,0
2024-08-18,0,0,0,0,0,0,0,0,0,0,0,0,0,0,0,0,0,0,2,0,15,4,4,0,17,0,0,2,0,5,0,0,0,0,6,0,2,0,0
2024-08-19,0,0,0,0,0,0,0,0,0,0,0,0,0,0,0,0,0,0,2,0,24,3,1,0,23,0,0,4,0,5,1,2,0,8,19,0,0,1,0
2024-08-20,0,0,0,0,0,0,0,0,0,0,0,0,0,0,0,0,0,0,2,0,35,1,9,0,25,0,0,2,0,7,0,3,0,0,6,0,0,1,0
2024-08-21,0,0,0,0,0,0,0,0,0,0,0,0,0,0,0,0,0,0,2,0,25,14,5,1,26,0,0,2,0,4,0,3,0,4,4,1,0,0,0
2024-08-22,0,0,0,0,0,0,0,0,0,0,1,0,0,0,0,0,0,1,0,0,35,0,6,0,31,0,0,1,0,9,0,0,0,1,7,1,0,0,0
2024-08-23,0,0,0,0,0,0,0,0,0,0,0,0,0,0,0,0,0,1,6,0,35,0,5,0,27,0,0,4,0,7,0,3,0,1,3,0,1,0,0
2024-08-24,0,0,0,0,0,0,0,0,0,0,0,0,0,0,0,0,0,0,2,0,14,0,2,0,30,0,0,0,0,3,0,6,0,1,0,0,0,0,0
2024-08-25,0,0,0,0,0,0,0,0,0,0,0,0,0,0,0,0,0,0,0,0,14,1,1,0,20,0,1,0,0,4,0,1,0,0,0,0,0,0,0
2024-08-26,0,0,0,0,0,0,0,0,0,0,0,0,0,0,0,0,0,0,9,0,27,0,7,0,45,0,0,1,0,4,0,0,0,2,2,0,0,0,0
2024-08-27,0,0,0,0,0,0,0,0,0,0,0,0,0,0,0,0,0,0,3,0,34,1,8,0,57,0,0,1,0,3,0,2,0,2,0,0,3,1,0
2024-08-28,0,0,0,0,0,0,0,0,0,0,1,0,1,0,0,0,0,0,3,0,67,2,3,0,133,0,0,2,0,5,0,1,0,2,0,0,0,0,0
2024-08-29,0,0,0,0,0,0,0,0,0,0,0,0,0,0,0,0,0,0,8,0,79,0,4,1,139,0,0,1,0,11,0,4,0,4,0,0,1,0,0
2024-08-30,0,0,0,0,0,0,0,0,0,0,0,0,0,0,0,0,0,0,6,0,70,4,3,0,39,0,0,1,0,4,0,0,0,2,1,0,1,0,0
2024-08-31,0,0,0,0,0,0,0,0,0,0,0,0,0,0,0,0,0,0,3,0,18,0,1,0,14,0,0,1,0,5,0,2,0,0,0,0,0,0,0
2024-09-01,0,0,0,0,0,0,0,0,0,0,0,0,0,0,0,0,0,0,4,0,25,0,4,0,5,0,0,0,0,1,0,1,0,0,0,0,1,0,0
2024-09-02,0,0,0,0,0,0,0,0,0,0,0,0,0,0,0,0,0,0,3,0,28,1,4,0,15,0,0,0,0,3,0,2,0,3,0,0,2,0,0
2024-09-03,0,0,0,0,0,0,0,0,0,0,0,0,0,0,0,0,0,0,5,0,48,0,5,0,52,0,0,0,0,6,0,2,0,4,3,0,1,0,0
2024-09-04,0,0,0,0,0,0,0,0,0,0,0,0,0,0,0,1,0,0,1,0,29,2,3,0,54,0,0,0,0,2,0,2,0,3,2,0,3,0,0
2024-09-05,0,0,0,0,0,0,0,0,0,0,0,0,0,0,0,0,0,0,0,0,34,0,4,0,38,0,0,0,0,7,0,4,0,0,0,0,9,0,0
2024-09-06,0,0,0,0,0,0,0,0,0,0,1,0,0,0,0,0,0,0,2,0,64,0,9,0,33,0,0,8,0,8,0,1,0,0,0,0,6,0,0
2024-09-07,0,0,0,0,0,0,0,0,0,0,0,0,0,0,0,0,0,0,2,0,24,0,4,0,17,0,0,12,0,4,0,1,0,2,0,0,0,0,0
2024-09-08,0,0,0,1,0,0,0,0,0,0,0,0,0,0,0,0,0,0,3,0,25,0,3,1,8,0,0,3,0,3,0,1,0,0,0,0,0,0,0
2024-09-09,0,0,0,0,0,0,0,0,0,0,0,0,0,0,0,0,0,0,17,0,56,1,2,0,13,0,0,8,0,6,0,0,0,1,0,0,1,3,0
2024-09-10,0,0,0,0,0,0,0,0,0,0,0,0,0,0,0,0,0,0,20,0,106,0,3,0,20,0,0,6,0,8,1,1,0,2,0,0,0,0,0
2024-09-11,0,0,0,0,0,0,0,0,0,0,0,0,0,0,0,0,0,0,7,0,79,1,5,0,37,0,0,1,0,3,0,1,0,0,0,0,1,0,0
2024-09-12,0,0,0,0,0,0,0,0,0,0,0,0,0,0,0,0,0,0,13,0,50,1,5,0,25,0,0,2,0,6,0,2,0,1,1,0,0,0,0
2024-09-13,0,0,0,0,0,0,0,0,0,0,0,0,0,0,0,0,0,0,3,0,38,0,5,0,14,0,0,2,0,3,0,2,0,2,0,0,0,0,0
2024-09-14,0,0,0,0,0,0,0,0,0,0,0,0,0,0,0,0,0,0,4,0,26,0,1,0,11,0,0,1,0,2,0,0,0,3,1,0,0,0,0
2024-09-15,0,0,0,0,0,0,0,0,0,0,0,0,0,0,0,0,0,0,3,0,26,2,2,0,10,0,0,2,0,1,0,1,0,1,0,0,0,0,0
2024-09-16,0,0,0,0,0,0,0,0,0,0,1,0,0,0,0,0,0,0,9,0,30,1,8,0,9,0,0,3,0,3,0,1,0,1,0,1,0,1,0
2024-09-17,0,0,0,0,0,0,0,0,0,0,0,2,0,0,0,0,0,0,3,0,35,0,3,0,8,0,0,1,0,4,0,4,0,1,0,0,0,0,0
2024-09-18,0,0,0,0,0,0,0,0,0,0,0,1,0,0,0,0,0,0,4,0,28,0,3,0,14,0,0,5,0,3,0,1,0,1,0,0,2,0,0
2024-09-19,0,0,0,0,0,0,0,0,0,0,0,0,0,0,0,0,0,0,9,0,17,0,6,0,5,0,0,3,0,5,0,2,0,2,0,1,1,0,0
2024-09-20,0,0,0,0,0,0,0,0,0,0,0,0,0,0,0,0,0,0,9,0,50,0,3,0,9,0,0,4,0,6,1,2,0,0,0,0,0,2,0
2024-09-21,0,0,0,0,0,0,0,0,0,0,0,0,0,0,0,0,0,0,4,0,18,0,2,0,5,0,0,1,0,3,0,3,0,0,0,0,0,0,0
2024-09-22,0,0,0,0,0,0,0,0,0,0,0,0,0,0,0,0,0,0,1,0,23,0,2,0,3,0,0,4,0,3,1,0,0,0,0,0,0,0,0
2024-09-23,0,0,0,0,0,0,0,0,0,0,0,0,0,0,0,0,0,0,3,0,60,2,11,0,12,0,0,3,0,4,0,5,0,0,0,0,1,0,0
2024-09-24,0,0,0,0,0,0,0,0,0,0,0,0,0,0,0,0,0,0,1,0,39,0,6,0,14,0,0,6,0,7,1,2,0,0,0,0,2,0,0
2024-09-25,0,0,0,0,0,0,0,0,0,0,0,0,0,0,0,0,0,0,1,0,29,1,5,0,13,0,0,1,0,5,0,3,0,3,0,0,2,0,0
2024-09-26,0,0,0,0,0,0,0,0,0,0,0,0,0,0,0,0,0,0,3,0,33,1,3,0,14,0,0,0,0,10,1,7,0,2,0,1,0,1,0
2024-09-27,0,0,0,0,0,0,0,0,0,0,0,0,0,0,0,0,0,0,1,0,38,3,12,0,9,0,0,2,0,7,0,1,0,0,0,0,10,0,0
2024-09-28,0,0,0,0,0,0,0,0,0,0,0,0,0,0,0,0,0,0,3,0,19,0,3,0,9,0,0,1,0,2,0,0,0,4,0,0,4,1,0
2024-09-29,0,0,0,0,0,0,0,0,0,0,0,1,0,0,0,0,0,0,1,0,11,0,6,1,3,0,0,0,0,0,0,1,0,0,0,0,5,0,0
2024-09-30,0,0,0,0,0,0,0,0,0,0,0,0,0,0,0,0,0,0,1,0,24,1,5,0,9,0,1,3,0,4,1,0,0,1,0,0,12,1,0
2024-10-01,0,0,0,0,0,0,0,0,0,0,0,0,0,0,0,0,0,1,5,0,26,5,9,0,7,0,0,5,0,11,0,5,0,0,0,0,5,0,0
2024-10-02,0,0,0,0,0,0,0,0,0,0,0,0,0,0,0,0,0,0,1,0,17,1,11,0,22,0,0,4,0,3,1,8,0,4,5,0,4,0,0
2024-10-03,0,0,0,0,0,0,0,0,0,0,0,0,0,0,0,0,0,0,5,0,22,0,8,0,14,0,0,10,0,3,0,1,0,0,2,0,1,1,0
2024-10-04,0,0,0,0,0,0,0,0,0,0,0,0,0,0,0,0,1,0,1,0,21,2,15,0,14,0,0,8,0,5,0,0,0,2,5,1,0,0,0
2024-10-05,0,0,0,0,0,0,0,0,0,0,0,0,0,0,0,0,0,0,0,0,17,0,15,0,6,0,0,5,0,6,1,3,0,1,0,0,0,0,0
2024-10-06,0,0,0,0,0,0,0,0,0,0,0,0,0,0,0,0,0,0,1,0,8,0,21,0,3,0,0,1,0,4,0,0,0,3,1,0,5,0,0
2024-10-07,0,0,0,0,0,0,0,0,0,0,0,1,0,0,0,0,0,1,3,0,15,0,12,0,18,0,0,7,0,6,0,4,0,2,0,0,3,1,0
2024-10-08,0,0,0,0,0,0,0,0,0,0,0,0,0,0,0,0,0,0,0,0,21,0,14,0,24,0,0,7,0,11,0,6,0,1,0,0,2,1,0
2024-10-09,0,0,0,0,0,0,0,0,0,0,0,0,0,0,0,0,0,0,3,0,20,4,6,0,19,0,0,15,0,12,0,3,0,0,0,0,0,1,0
2024-10-10,0,0,0,0,0,0,0,0,0,0,0,0,0,0,0,0,0,0,3,0,34,2,19,0,23,0,0,6,0,6,1,2,0,11,3,0,0,1,0
2024-10-11,0,0,0,0,0,0,0,0,0,0,0,0,0,0,0,0,0,0,0,0,25,1,70,0,12,0,0,13,0,7,0,2,0,3,2,0,1,0,0
2024-10-12,0,0,0,0,0,0,0,0,0,0,0,0,0,0,0,0,0,0,3,0,18,2,16,0,6,0,0,5,0,3,0,1,0,2,0,0,3,0,0
2024-10-13,0,0,0,0,0,0,0,0,0,0,0,0,0,0,0,0,0,0,3,0,8,0,20,0,2,0,0,3,0,3,0,0,0,1,0,0,1,1,0
2024-10-14,0,0,0,0,0,0,0,0,0,0,0,0,0,0,0,0,0,0,4,0,16,2,11,0,7,0,0,0,0,6,0,2,0,1,0,0,0,0,0
2024-10-15,0,0,0,0,0,0,0,0,0,0,0,0,0,0,0,0,0,0,1,0,48,0,5,0,24,0,1,4,0,6,0,0,0,2,1,1,1,0,0
2024-10-16,0,0,0,0,0,0,0,0,0,0,0,0,0,0,0,0,0,0,0,0,40,2,3,2,18,0,0,4,0,21,0,0,0,0,0,0,0,2,0
2024-10-17,0,0,0,0,0,0,0,0,0,0,1,0,0,0,0,0,0,0,0,0,29,0,4,0,31,0,0,2,0,8,0,3,0,2,6,0,3,0,0
2024-10-18,0,0,0,0,0,0,0,0,0,0,0,4,0,0,0,0,0,0,2,0,22,1,12,1,12,0,1,1,0,12,0,4,0,1,0,0,2,0,0
2024-10-19,0,0,0,1,0,0,0,0,0,0,0,0,0,0,0,0,0,0,5,0,8,0,7,1,7,0,0,1,0,2,0,1,0,0,0,0,1,0,0
2024-10-20,0,0,0,0,0,0,0,0,0,0,0,0,0,0,0,0,0,0,0,0,14,0,3,0,12,0,0,2,0,8,0,3,0,2,3,0,0,0,0
2024-10-21,0,0,0,0,0,0,0,0,0,0,0,0,0,0,0,0,0,0,5,0,23,2,10,0,23,0,0,1,0,6,0,0,0,4,3,0,2,2,0
2024-10-22,0,0,0,0,0,0,0,0,0,0,0,0,0,0,0,0,0,0,5,0,14,2,16,0,29,0,3,8,0,8,0,0,0,2,0,0,0,4,0
2024-10-23,0,0,0,0,0,0,0,0,0,0,0,0,0,0,0,0,0,0,2,0,19,1,53,0,27,0,0,2,0,10,0,1,0,1,1,0,1,2,0
2024-10-24,0,0,0,0,0,0,0,0,0,0,0,1,0,0,0,0,0,0,4,0,16,1,85,0,11,0,0,5,0,4,0,0,0,3,0,0,0,0,0
2024-10-25,0,0,0,0,0,0,0,0,0,0,0,0,0,0,0,0,0,0,9,0,17,1,38,1,21,0,2,0,0,7,0,8,0,1,0,0,1,2,0
2024-10-26,0,0,0,0,0,0,0,0,0,0,0,1,0,0,0,0,0,0,4,0,12,1,18,0,6,0,0,5,0,12,0,1,0,1,0,0,0,1,0
2024-10-27,0,0,0,0,0,0,0,0,0,0,0,0,0,0,0,0,0,0,4,0,19,0,21,0,3,0,0,1,0,4,0,0,0,0,0,0,0,0,0
2024-10-28,0,0,0,0,0,0,0,0,0,0,0,0,0,0,0,0,0,0,2,0,47,3,12,0,5,0,1,2,0,8,0,3,0,7,0,0,2,1,0
2024-10-29,0,0,0,0,0,0,0,0,0,0,0,0,0,0,0,0,0,0,10,0,28,1,12,0,10,0,0,0,0,23,0,6,0,17,0,0,0,0,0
2024-10-30,0,0,0,0,0,0,0,0,0,0,0,0,0,0,0,0,0,0,2,0,33,1,5,0,17,0,1,4,0,33,0,13,0,12,0,0,1,1,0
2024-10-31,1,0,0,0,0,0,0,0,0,0,0,0,0,0,0,0,0,0,13,0,33,3,4,0,12,0,0,12,0,13,2,16,0,3,1,0,0,1,0
2024-11-01,0,0,0,0,0,0,0,0,0,0,0,0,0,0,0,0,0,0,12,0,20,0,5,0,21,0,0,4,0,14,0,8,0,0,0,0,1,0,0
2024-11-02,0,0,0,0,0,0,0,0,0,0,0,0,0,0,0,0,0,0,10,0,11,1,7,0,16,0,0,1,0,5,0,2,0,4,0,0,1,0,0
2024-11-03,0,0,0,0,0,0,0,0,0,0,0,0,0,0,0,0,0,0,6,0,14,0,4,0,4,0,0,1,0,16,0,0,0,0,0,0,0,0,0
2024-11-04,0,0,0,0,0,0,0,0,0,0,0,0,0,0,0,0,0,0,12,0,22,2,8,0,19,0,0,15,0,8,0,2,0,1,0,0,2,2,0
2024-11-05,0,0,0,0,0,0,0,0,0,0,0,0,0,0,0,0,0,0,0,0,23,0,6,0,7,0,2,34,0,5,0,5,0,3,1,0,1,0,0
2024-11-06,0,0,0,0,0,0,0,0,0,0,0,0,0,0,0,0,0,0,3,0,38,0,64,0,14,0,3,28,0,18,0,0,0,4,3,0,0,0,0
2024-11-07,0,0,0,0,0,0,0,0,0,0,0,0,0,0,0,0,0,0,9,0,31,0,28,0,21,0,0,22,0,15,0,1,0,1,2,0,2,0,0
2024-11-08,0,0,0,0,0,0,0,0,0,0,0,0,0,0,0,0,0,0,1,0,35,0,79,0,10,0,1,10,0,10,0,1,0,0,3,0,0,0,0
2024-11-09,0,0,0,0,0,0,0,0,0,0,0,1,0,0,0,0,0,0,0,0,14,0,43,0,10,0,0,10,0,7,0,0,0,1,1,0,1,0,0
2024-11-10,0,0,0,0,0,0,0,0,0,0,0,0,0,0,0,0,0,0,4,0,13,1,17,2,11,0,0,4,0,4,0,1,0,2,0,0,0,0,0
2024-11-11,0,0,0,0,0,0,0,0,0,0,0,2,0,0,0,8,0,0,3,0,55,10,72,0,15,0,0,12,0,18,1,4,0,4,0,0,0,0,0
2024-11-12,0,0,0,0,0,0,0,0,0,0,0,0,0,0,0,1,0,0,4,0,47,2,62,0,30,0,0,6,0,14,0,0,0,5,1,0,1,0,0
2024-11-13,0,0,0,0,0,0,0,0,0,0,0,1,0,0,0,0,0,1,3,0,43,4,29,0,24,0,0,14,0,12,2,0,0,5,0,0,0,2,0
2024-11-14,0,0,0,0,0,0,0,0,0,0,0,0,0,0,0,1,0,0,2,0,41,3,19,0,19,0,0,12,0,2,0,4,0,2,0,0,0,1,0
2024-11-15,0,0,0,0,0,0,0,0,0,0,0,1,0,0,0,0,0,0,3,0,45,2,14,0,30,0,0,19,0,6,0,2,0,2,0,0,0,0,0
2024-11-16,0,0,0,0,0,0,0,0,0,0,0,0,0,0,0,0,0,0,0,0,14,0,1,0,3,0,0,4,0,6,0,0,0,0,0,0,1,0,0
2024-11-17,0,0,0,0,0,0,0,0,0,0,0,0,0,0,0,0,0,0,0,0,29,1,5,0,12,0,0,12,0,3,0,0,0,1,0,0,1,0,0
2024-11-18,0,0,0,0,0,0,0,0,0,0,1,1,0,0,0,0,0,0,2,0,40,0,18,0,38,0,0,16,0,9,0,0,0,3,0,1,1,1,0
2024-11-19,0,0,0,0,0,0,0,0,0,0,0,1,0,0,0,0,0,0,2,0,22,0,9,1,33,0,1,5,0,11,1,2,0,1,0,0,2,0,0
2024-11-20,0,0,0,1,0,0,0,0,0,0,0,0,0,0,0,0,0,0,0,0,31,0,7,0,54,0,0,2,0,6,0,0,0,3,0,0,2,0,0
2024-11-21,0,0,0,0,0,0,0,0,0,0,0,1,0,0,0,0,0,0,0,0,38,1,8,0,38,0,0,6,0,11,0,1,0,3,0,0,0,0,0
2024-11-22,0,0,0,0,0,0,0,0,0,0,0,0,0,0,0,0,0,0,4,0,30,0,23,3,23,0,0,3,0,12,0,3,0,1,0,0,0,1,0
2024-11-23,0,0,0,0,0,0,0,0,0,0,0,0,0,0,0,1,0,0,1,0,19,2,3,0,3,0,0,7,0,6,0,0,0,0,0,0,0,0,0
2024-11-24,0,0,0,0,0,0,0,0,0,0,0,0,0,0,0,0,0,0,3,0,11,0,11,0,8,0,0,0,0,9,0,0,0,5,0,0,0,0,0
2024-11-25,0,0,0,0,0,0,0,0,0,0,0,0,0,0,0,0,0,0,0,0,27,8,15,0,24,0,0,8,0,7,0,2,0,0,0,0,0,0,0
2024-11-26,0,0,0,0,0,0,0,1,0,0,0,0,0,0,0,0,0,0,2,0,52,1,8,0,10,0,0,6,0,9,0,5,0,3,0,0,0,0,0
2024-11-27,0,0,0,0,0,0,0,0,0,0,1,1,0,0,0,0,0,0,0,0,42,1,1,0,19,0,0,5,0,6,0,4,0,2,0,0,1,0,0
2024-11-28,0,0,0,0,0,0,0,0,0,0,0,0,0,0,0,0,0,0,3,0,26,1,3,1,14,0,0,4,0,4,0,2,0,3,0,0,0,0,0
2024-11-29,0,0,0,0,0,0,0,0,0,0,0,0,0,0,0,2,0,0,1,0,27,1,13,3,15,0,0,3,0,15,0,2,0,4,0,0,1,0,0
2024-11-30,0,0,0,0,0,0,0,0,0,0,0,0,0,0,0,0,0,0,0,0,20,1,5,0,2,0,0,2,0,13,0,1,0,1,0,0,1,0,0
2024-12-01,0,0,0,0,0,0,0,0,0,0,0,1,0,0,0,0,0,0,0,0,14,0,7,0,5,0,0,0,0,5,0,1,0,2,0,0,1,0,0
2024-12-02,0,0,0,0,0,0,0,0,0,0,0,1,0,0,0,0,0,0,1,0,17,7,25,0,16,0,0,0,0,6,0,1,0,0,1,0,0,0,0
2024-12-03,0,0,0,0,0,0,0,0,0,0,0,0,0,0,0,0,0,0,10,0,22,0,6,0,14,0,0,11,0,9,0,6,0,0,5,0,0,0,0
2024-12-04,0,0,0,1,0,0,0,0,0,0,0,0,0,0,0,0,0,0,2,0,18,0,8,1,14,0,0,12,0,2,1,2,0,4,0,0,0,0,0
2024-12-05,0,0,0,0,0,0,0,0,0,0,1,0,0,0,0,0,0,0,5,0,41,8,35,0,18,0,0,6,0,46,0,3,0,4,0,0,1,0,0
2024-12-06,0,0,0,0,0,0,0,0,0,0,0,0,0,0,0,0,0,0,1,0,44,6,10,0,9,0,0,24,0,9,1,0,0,3,0,2,2,0,0
2024-12-07,0,0,0,0,0,0,0,0,0,0,0,0,0,0,0,0,0,0,0,0,19,3,12,0,4,0,0,9,0,12,0,0,0,2,0,1,0,1,0
2024-12-08,0,0,0,0,0,0,0,0,0,0,0,1,0,0,0,0,0,0,0,0,18,0,11,0,2,0,0,3,0,6,0,0,0,0,0,0,0,0,0
2024-12-09,0,0,0,0,0,0,0,0,0,0,0,0,0,0,0,0,0,0,5,0,36,0,18,0,24,0,0,16,0,7,1,3,0,7,3,0,1,1,0
2024-12-10,0,0,0,0,0,0,0,0,0,0,0,0,0,0,0,0,0,0,6,0,81,1,14,1,18,0,0,8,0,12,0,8,0,8,0,1,1,0,0
2024-12-11,0,0,0,0,0,0,0,0,0,0,0,0,0,0,0,0,0,0,12,0,46,1,60,0,13,0,0,14,0,11,0,2,0,5,0,0,0,0,0
2024-12-12,0,0,0,0,0,0,0,0,0,0,0,0,0,0,0,0,0,0,4,0,31,0,27,0,21,0,0,10,0,14,0,4,0,3,0,0,0,1,0
2024-12-13,0,0,0,0,0,0,0,0,0,0,0,0,0,0,0,0,0,0,3,0,22,0,30,0,20,0,0,15,0,7,2,1,0,9,0,0,0,3,0
2024-12-14,0,0,0,0,0,0,0,0,0,0,0,0,0,0,0,0,0,0,1,0,15,0,12,0,11,0,0,9,0,4,0,3,0,6,0,0,0,2,0
2024-12-15,0,0,0,0,0,0,0,0,0,0,0,0,0,0,0,0,0,0,0,0,17,0,4,0,4,0,0,2,0,11,0,4,0,3,0,0,0,1,0
2024-12-16,0,0,0,0,0,0,0,0,0,0,0,0,0,0,0,0,0,0,3,0,25,6,30,0,24,0,0,12,0,5,1,1,0,18,0,0,0,0,0
2024-12-17,0,0,0,0,0,0,0,0,0,0,0,2,0,0,0,0,0,0,9,0,30,0,33,0,26,0,0,3,0,7,0,3,0,4,0,0,6,1,0
2024-12-18,0,0,0,0,0,0,0,0,0,0,0,0,0,0,0,0,0,2,3,0,41,0,33,0,23,0,0,7,0,6,0,3,0,8,0,0,5,0,0
2024-12-19,0,0,0,0,0,0,0,0,0,0,0,0,0,0,0,0,0,0,4,0,17,0,30,1,26,0,0,10,0,4,0,4,0,15,0,0,7,0,0
2024-12-20,0,0,0,0,0,0,0,0,0,0,0,0,0,0,0,0,0,0,6,0,19,1,17,0,12,0,0,10,0,7,5,0,0,14,1,0,11,5,0
2024-12-21,0,0,0,0,0,0,0,0,0,0,0,0,0,0,0,0,0,0,3,0,14,1,15,0,13,0,0,7,0,5,4,3,0,2,1,0,0,13,0
2024-12-22,0,0,0,0,0,0,0,0,0,0,2,0,0,0,0,0,0,0,3,0,11,0,10,0,5,0,0,7,0,3,1,0,0,3,1,0,0,16,0
2024-12-23,0,0,0,0,0,0,0,0,0,0,0,1,0,0,0,0,0,0,1,0,22,0,7,0,20,0,0,8,0,4,0,3,0,5,0,0,2,18,0
2024-12-24,0,0,0,0,0,0,0,0,0,0,1,0,0,0,0,0,0,0,3,0,27,0,8,0,17,0,0,6,0,6,0,0,0,9,0,0,7,19,0
2024-12-25,0,0,0,0,0,0,0,0,0,0,0,0,0,0,0,0,0,0,2,0,16,1,3,0,5,0,0,3,0,6,0,0,0,0,0,0,0,1,0
2024-12-26,0,0,0,0,0,0,0,0,0,0,0,0,0,0,0,0,0,0,5,0,30,0,15,0,12,0,0,5,0,11,0,0,0,3,0,0,10,2,0
2024-12-27,0,0,0,0,0,0,0,0,0,0,0,1,0,0,0,0,0,0,2,0,37,3,22,0,20,0,0,7,0,20,1,1,0,6,0,0,4,9,0
2024-12-28,0,0,0,0,0,0,0,0,0,0,0,1,0,0,0,0,0,0,2,0,15,0,7,0,6,0,0,5,0,11,0,0,0,2,0,0,1,1,0
2024-12-29,0,0,0,0,0,0,0,0,0,0,0,0,0,0,0,0,0,0,2,0,11,0,7,0,4,0,0,4,0,4,0,0,0,5,0,0,0,1,0
2024-12-30,0,0,0,0,0,0,0,0,0,0,0,1,0,0,0,0,0,0,4,0,24,0,5,0,18,0,0,4,0,11,0,1,0,3,0,0,2,2,0
2024-12-31,0,0,0,0,0,0,0,0,0,0,0,1,0,0,0,0,0,0,0,0,28,1,8,1,12,0,0,4,0,17,0,1,0,3,0,2,5,3,0
2025-01-01,0,0,0,0,0,0,0,0,0,0,0,0,0,0,0,0,0,0,1,0,16,0,21,0,7,0,0,2,0,26,0,1,0,0,0,0,2,1,0
2025-01-02,0,0,0,0,0,0,0,0,0,0,0,0,0,0,0,0,0,0,0,0,27,1,25,0,6,0,1,1,0,19,0,3,0,4,0,0,10,0,0
2025-01-03,0,0,0,0,0,0,0,0,0,0,0,0,0,0,0,0,0,0,2,0,33,1,19,0,30,0,3,3,3,15,0,3,0,10,0,2,1,6,0
2025-01-04,0,0,0,0,0,0,0,0,0,0,0,0,0,0,0,0,0,0,3,0,27,1,11,0,9,0,0,8,0,4,0,2,0,0,0,0,0,2,0
2025-01-05,0,0,0,0,0,0,0,0,0,0,0,0,0,0,0,0,0,0,1,0,18,0,11,0,11,0,0,1,0,10,0,1,0,1,0,0,0,4,0
2025-01-06,0,0,0,0,0,0,0,0,0,0,0,0,0,0,0,0,0,0,1,0,26,0,15,0,40,0,4,3,0,9,2,1,0,13,0,0,6,3,0
2025-01-07,0,0,0,0,0,0,0,0,0,0,0,0,0,0,0,0,0,0,2,0,34,1,22,5,57,0,0,5,0,6,0,0,0,11,2,2,7,3,0
2025-01-08,0,0,0,0,0,0,0,0,0,0,0,0,0,0,0,0,0,0,4,0,23,1,12,1,46,0,0,7,0,10,0,3,0,14,0,0,3,1,0
2025-01-09,0,0,0,0,0,0,0,0,0,0,0,0,0,0,0,0,0,0,1,0,44,1,6,0,12,0,0,1,0,7,0,3,0,2,4,0,0,2,0
2025-01-10,0,0,0,0,0,0,0,0,0,0,0,0,0,0,0,0,0,0,6,0,32,2,9,0,16,0,0,1,0,7,0,1,0,10,0,0,3,2,0
2025-01-11,0,0,0,0,0,0,0,0,0,0,0,0,0,0,0,0,0,0,5,0,11,0,4,0,5,0,2,0,0,4,1,3,0,7,0,0,2,3,0
2025-01-12,0,0,0,0,0,0,0,0,0,0,0,0,0,0,0,0,0,0,1,0,18,0,5,1,4,0,0,1,0,5,1,0,0,3,0,0,0,0,0
2025-01-13,0,0,0,0,0,0,0,0,0,0,0,0,0,0,0,0,0,0,2,0,19,0,10,0,19,0,0,1,0,7,1,1,0,6,1,0,4,0,0
2025-01-14,0,0,0,0,0,0,0,0,0,0,0,0,0,0,0,0,0,0,9,0,21,1,13,0,18,0,0,3,0,11,0,0,0,5,1,0,0,1,0
2025-01-15,0,0,0,0,0,0,0,0,0,0,0,0,0,0,0,0,0,0,2,0,34,4,12,1,11,0,0,0,0,11,1,3,0,6,0,0,3,0,0
2025-01-16,0,0,0,0,0,0,0,0,0,0,0,0,0,0,0,0,0,0,8,0,49,1,14,0,11,0,0,3,0,3,0,1,0,0,0,0,0,0,0
2025-01-17,0,0,0,0,0,0,0,0,0,0,0,0,0,0,0,0,0,0,5,0,27,0,12,0,18,0,0,3,0,12,1,2,0,2,0,3,3,0,0
2025-01-18,0,0,0,0,0,0,0,0,0,0,0,0,0,0,0,0,0,0,2,0,11,1,5,0,7,0,0,2,0,4,0,2,0,1,0,0,0,0,0
2025-01-19,0,0,0,0,0,0,0,0,0,0,0,0,0,0,0,0,0,0,3,0,16,2,4,0,10,0,0,0,0,5,0,1,0,1,0,0,1,0,0
2025-01-20,0,0,0,0,0,0,0,0,0,0,0,0,0,0,0,0,0,0,0,0,14,0,14,0,4,0,0,2,0,6,0,0,0,3,0,0,3,3,0
2025-01-21,0,0,0,0,0,0,0,0,0,0,0,0,0,0,0,0,0,0,10,0,23,1,38,0,17,0,0,3,0,6,1,1,0,5,0,0,0,0,0
2025-01-22,0,0,0,0,0,0,0,0,0,0,2,0,0,0,0,0,0,0,8,0,22,0,24,0,21,0,0,5,0,12,0,9,0,9,1,0,0,1,0
2025-01-23,0,0,0,0,0,0,0,0,0,0,4,0,0,0,0,0,0,0,7,0,36,1,21,1,14,0,0,4,0,7,0,6,0,3,3,1,4,0,0
2025-01-24,0,0,0,0,0,0,0,0,0,0,0,0,0,0,0,0,0,0,4,0,30,0,25,1,13,0,1,8,0,7,0,1,0,4,1,0,0,1,0
2025-01-25,0,0,0,0,0,0,0,0,0,0,0,0,0,0,0,0,0,0,5,0,12,0,8,0,12,0,0,2,0,7,0,3,0,2,1,0,0,0,0
2025-01-26,0,0,0,0,0,0,0,0,0,0,0,0,0,0,0,0,0,0,4,0,6,5,12,0,8,0,0,1,0,5,0,2,0,0,1,0,0,0,0
2025-01-27,0,0,0,0,0,0,0,0,0,0,1,0,0,0,0,0,0,0,11,0,21,0,13,10,191,0,0,7,0,12,0,6,0,11,0,1,0,1,0
2025-01-28,0,0,0,0,0,0,0,0,0,0,0,0,0,0,0,0,0,0,5,0,15,2,20,0,143,0,0,1,0,9,1,3,0,8,0,0,0,0,0
2025-01-29,0,0,0,0,0,0,0,0,0,0,0,0,0,0,0,0,0,0,5,0,23,0,64,2,78,0,1,3,0,7,2,18,0,4,0,0,0,0,0
2025-01-30,0,0,0,0,0,0,0,0,0,0,5,0,0,0,0,0,0,0,18,0,28,0,28,4,60,0,1,8,0,4,0,19,0,7,1,1,1,0,0
2025-01-31,0,0,0,0,0,0,0,0,0,0,2,0,0,0,0,0,0,0,15,0,17,0,15,3,46,0,0,4,0,5,0,6,0,7,0,0,0,0,0
2025-02-01,0,0,0,0,0,0,0,0,0,0,0,0,0,0,0,0,0,0,3,0,10,1,18,0,35,0,0,2,0,7,0,3,0,2,0,0,0,0,0
2025-02-02,0,0,0,0,0,0,0,0,0,0,0,0,0,0,0,0,0,0,4,0,16,0,18,0,16,0,0,5,0,1,0,1,0,5,0,0,0,0,0
2025-02-03,0,0,0,0,0,0,0,0,0,0,1,0,0,0,0,0,0,0,3,0,21,0,18,1,55,0,0,31,0,4,0,2,0,9,0,0,0,0,0
2025-02-04,0,0,0,0,0,0,0,0,0,0,0,0,0,0,0,0,0,0,7,0,21,2,22,2,16,0,0,73,0,8,3,2,0,21,1,0,0,1,0
2025-02-05,0,0,0,0,0,0,0,0,0,0,0,0,0,0,0,0,0,0,2,0,17,0,16,4,25,0,0,38,0,13,4,4,0,34,0,0,0,0,0
2025-02-06,0,0,0,0,0,0,0,0,0,0,0,0,0,0,0,2,0,0,4,0,23,3,22,0,20,0,0,19,0,9,2,2,0,16,0,0,0,2,0
2025-02-07,0,0,0,0,0,0,0,0,0,0,0,0,0,0,0,0,0,0,3,0,23,2,24,0,27,0,0,35,0,9,1,3,0,11,0,0,0,2,0
2025-02-08,0,0,0,0,0,0,0,0,0,0,0,0,0,0,0,0,0,0,2,0,21,1,12,0,5,0,0,18,0,13,0,2,0,4,0,0,0,0,0
2025-02-09,0,0,0,0,0,0,0,0,0,0,0,0,0,0,0,0,0,0,1,0,16,0,16,2,9,0,0,12,0,3,0,2,0,7,0,0,1,0,0
2025-02-10,0,0,0,0,0,0,0,0,0,0,0,0,0,0,0,0,0,1,5,0,18,1,25,8,29,0,0,17,0,11,1,4,0,12,0,0,0,2,0
2025-02-11,0,1,0,0,0,0,0,0,0,0,1,0,0,0,0,0,0,2,7,0,21,0,61,0,37,0,0,16,0,4,0,2,0,4,0,0,0,4,0
2025-02-12,0,0,0,0,0,0,0,0,0,0,0,0,0,0,0,0,0,0,3,0,22,7,45,1,11,0,0,21,0,36,4,1,0,6,0,0,0,6,0
2025-02-13,0,0,0,0,0,0,0,0,0,0,0,0,0,0,0,0,0,0,7,0,40,0,36,3,13,0,1,27,0,27,5,3,0,6,0,1,1,0,0
2025-02-14,0,0,0,0,0,0,0,0,0,0,0,0,0,0,0,0,0,0,5,0,43,2,13,1,18,0,0,16,0,17,0,6,0,4,0,0,2,1,0
2025-02-15,0,0,0,0,0,0,0,0,0,0,0,0,0,0,0,0,0,0,5,0,13,0,8,1,11,0,0,6,0,11,0,1,0,2,0,0,0,0,0
2025-02-16,0,0,0,0,0,0,0,0,0,0,0,0,0,0,0,0,0,0,3,0,11,0,10,0,8,0,0,13,0,4,1,3,0,3,0,0,0,0,0
2025-02-17,0,0,0,1,0,0,0,0,0,0,0,0,0,0,0,0,0,0,6,0,19,0,23,0,11,0,0,17,0,4,2,2,0,6,0,0,0,0,0
2025-02-18,0,0,0,0,0,0,0,0,0,0,0,0,0,0,0,0,0,0,2,0,39,1,21,0,17,0,0,11,0,7,2,2,0,7,0,0,1,3,0
2025-02-19,0,0,0,0,0,0,0,0,0,0,0,0,0,0,0,0,0,0,2,0,39,0,12,1,27,0,0,41,0,2,7,17,0,10,0,0,0,1,0
2025-02-20,0,0,0,0,0,0,0,0,0,0,0,0,0,0,0,0,0,0,5,0,27,1,16,0,12,0,0,39,0,12,2,13,0,3,1,0,1,0,0
2025-02-21,0,0,0,0,0,0,0,0,0,0,0,0,0,0,0,0,0,0,3,0,19,0,21,0,22,0,0,17,0,8,0,6,0,3,0,0,3,0,0
2025-02-22,0,0,0,0,0,0,0,0,0,0,0,0,0,0,0,0,0,0,2,0,8,0,11,2,13,0,0,11,0,6,0,0,0,1,0,0,6,1,0
2025-02-23,0,0,0,0,0,0,0,0,0,0,0,0,0,0,0,0,0,0,1,0,10,0,9,1,12,0,0,8,0,3,0,1,0,2,0,0,0,0,0
2025-02-24,0,0,0,0,0,0,0,0,0,0,0,0,0,0,0,0,0,0,16,0,22,0,22,0,11,0,0,20,0,6,0,8,0,1,0,0,2,3,0
2025-02-25,0,1,0,0,0,0,0,0,0,0,0,0,0,0,0,0,0,0,4,0,23,1,34,0,27,0,0,6,0,6,0,6,0,2,0,0,8,1,0
2025-02-26,0,0,0,0,0,0,0,0,0,0,0,0,0,0,0,0,0,0,1,0,15,1,47,1,80,0,0,8,0,4,1,5,0,4,0,0,7,1,0
2025-02-27,0,0,0,0,0,0,0,0,0,0,0,0,0,0,0,0,0,0,4,0,22,1,51,2,63,0,0,6,0,4,1,1,0,4,1,0,1,6,0
2025-02-28,0,0,0,0,0,0,0,0,0,0,0,0,0,0,0,0,1,0,5,0,21,0,47,0,23,0,0,5,0,4,0,7,0,10,0,0,1,0,0
2025-03-01,0,0,0,0,0,0,0,0,0,0,0,0,0,0,0,0,0,0,1,0,4,2,20,2,7,0,0,2,0,5,0,7,0,5,0,0,0,0,0
2025-03-02,0,0,0,0,0,0,0,0,0,0,0,0,0,0,0,0,0,0,0,0,5,1,31,0,6,0,0,1,0,3,0,3,0,5,0,0,0,0,0
2025-03-03,0,0,0,0,0,0,0,0,0,0,0,0,0,0,0,0,0,0,0,0,23,0,26,0,30,0,0,6,0,13,0,5,0,10,0,0,4,0,0
2025-03-04,0,0,0,0,0,0,0,0,0,0,0,0,0,0,0,0,0,0,2,0,15,0,38,0,33,0,0,7,0,7,0,7,0,8,0,0,2,0,0
2025-03-05,0,0,0,0,0,0,0,0,0,0,0,0,0,0,0,0,0,0,0,0,21,0,46,2,12,0,0,6,0,16,0,0,0,4,0,0,0,8,0
2025-03-06,0,0,0,0,0,0,0,0,0,0,0,0,0,0,0,0,0,0,7,0,13,0,32,1,22,0,0,6,0,12,0,2,0,5,0,0,0,0,0
2025-03-07,0,0,0,0,0,0,0,0,0,0,0,0,0,0,0,0,0,0,2,0,15,1,43,0,16,0,0,4,0,12,0,1,0,3,0,0,1,0,0
2025-03-08,0,0,0,0,0,0,0,0,0,0,0,0,0,0,0,0,0,0,1,0,5,2,14,0,9,0,0,2,0,9,0,0,0,0,0,0,0,0,0
2025-03-09,0,0,0,0,0,0,0,0,0,0,0,0,0,0,0,0,0,0,3,0,5,1,28,0,9,0,0,2,0,2,0,0,0,1,0,0,0,0,0
2025-03-10,0,0,0,0,0,0,0,0,0,0,0,0,0,0,0,0,0,0,6,0,20,1,127,3,7,0,0,4,0,6,0,2,0,1,0,0,0,1,0
2025-03-11,0,0,0,0,0,0,0,0,0,0,0,0,0,0,0,0,0,6,3,0,17,2,114,1,13,0,0,3,0,6,0,2,0,3,0,0,2,0,0
2025-03-12,0,0,0,0,0,0,0,0,0,0,0,0,0,0,0,0,0,0,3,0,16,1,67,0,14,0,0,4,0,9,0,1,0,10,0,0,0,0,0
2025-03-13,0,0,0,0,0,0,0,0,0,0,1,0,0,0,0,0,0,0,3,0,22,0,54,0,16,0,0,11,0,11,0,2,0,4,0,0,1,0,0
2025-03-14,0,0,0,0,0,0,0,0,0,0,1,0,0,0,0,0,0,0,5,0,19,1,54,0,14,0,0,0,0,1,0,1,0,2,0,0,1,0,0
2025-03-15,0,0,0,0,0,0,0,0,0,0,0,0,0,0,0,0,0,0,0,0,9,0,35,0,5,0,0,1,0,3,0,0,0,1,0,0,0,0,0
2025-03-16,0,0,0,0,0,0,0,0,0,0,0,0,0,0,0,0,0,0,3,0,4,1,30,0,1,0,0,2,0,2,0,1,0,0,0,0,1,0,0
2025-03-17,0,1,0,0,0,0,0,0,0,0,0,0,0,0,0,0,0,0,1,0,14,1,51,0,10,0,0,1,0,10,0,0,0,1,0,0,0,0,0
2025-03-18,0,0,0,0,0,0,0,0,0,0,0,0,0,0,0,0,0,0,0,0,14,2,80,1,29,0,0,4,0,2,0,1,0,0,0,1,0,1,0
2025-03-19,0,0,0,0,0,0,0,0,0,0,0,0,0,0,0,0,0,0,5,0,14,0,85,0,15,0,0,3,0,11,0,1,0,2,0,1,0,1,0
2025-03-20,0,0,0,0,0,0,0,0,0,0,0,0,0,0,0,0,0,0,2,0,20,0,84,0,13,0,0,1,0,8,0,2,0,3,0,0,0,0,0
2025-03-21,0,0,0,0,0,0,0,0,0,0,0,0,0,0,0,0,0,0,5,0,18,0,97,0,11,0,0,2,0,12,0,2,0,1,0,1,1,0,0
2025-03-22,0,0,0,0,0,0,0,0,0,0,0,0,0,0,0,0,0,0,0,0,6,1,43,0,11,0,0,2,0,10,0,5,0,0,0,0,0,0,0
2025-03-23,0,0,0,0,0,0,0,0,0,0,0,0,0,0,0,0,0,0,1,0,16,1,42,0,2,0,0,0,0,2,0,1,0,0,0,0,0,0,0
2025-03-24,0,0,0,0,0,0,0,0,0,0,0,0,0,0,0,0,0,0,1,0,15,0,95,0,10,0,0,2,0,9,0,3,0,2,0,0,0,0,0
2025-03-25,0,0,0,0,0,0,0,0,0,0,0,0,0,0,0,0,0,0,8,0,78,2,83,0,11,0,0,1,0,5,0,4,0,5,0,0,0,0,0
2025-03-26,0,0,0,0,0,0,0,0,0,0,0,0,0,0,0,0,0,0,3,0,98,0,51,0,15,0,0,2,0,6,0,0,0,1,0,0,0,1,0
2025-03-27,0,0,0,0,0,0,0,0,0,0,0,0,0,0,0,0,0,0,1,0,59,0,41,0,18,0,0,1,0,9,0,1,0,2,0,0,7,1,0
2025-03-28,0,0,0,0,0,0,0,0,0,0,1,0,0,0,0,0,0,0,1,0,47,3,37,0,11,0,0,0,0,12,0,1,0,3,0,0,0,0,0
2025-03-29,0,0,0,0,0,0,0,0,0,0,0,0,0,0,0,0,0,0,1,0,15,0,25,0,11,0,0,2,0,1,0,0,0,1,0,0,3,0,0
2025-03-30,0,0,0,0,0,0,0,0,0,0,0,0,0,0,0,0,0,0,4,0,20,3,16,0,7,0,0,2,0,4,0,2,0,0,0,0,0,0,0
2025-03-31,0,0,0,0,0,0,0,0,0,0,0,0,0,0,0,0,0,0,1,0,33,1,46,0,12,0,0,2,0,3,1,0,0,2,0,0,1,0,0
2025-04-01,0,0,0,0,0,0,0,0,0,0,0,0,0,0,0,0,0,0,4,0,51,2,53,0,6,0,0,1,0,6,0,0,0,0,0,0,5,0,0
2025-04-02,0,0,0,0,0,0,0,0,0,0,0,0,0,0,0,0,0,0,3,0,32,0,80,0,8,0,0,1,0,13,0,0,0,1,0,0,7,0,0
2025-04-03,0,0,0,0,0,0,0,0,0,0,0,0,0,0,0,0,0,0,28,0,22,0,23,0,22,0,0,0,0,7,1,1,0,2,0,0,0,0,0
2025-04-04,0,0,0,0,0,0,0,0,0,0,0,0,0,0,0,0,0,0,13,0,82,3,29,1,15,0,0,0,0,15,0,1,0,1,0,0,0,0,0
2025-04-05,0,0,0,0,0,0,0,0,0,0,0,0,0,0,0,0,0,0,2,0,23,0,12,1,5,0,0,2,0,4,0,1,0,0,0,0,0,0,0
2025-04-06,0,0,0,0,0,0,0,0,0,0,0,0,0,0,0,0,0,0,4,0,21,0,22,0,6,0,0,2,0,1,0,1,0,4,0,0,0,0,0
2025-04-07,0,0,0,0,0,0,0,0,0,0,0,0,0,0,0,0,0,0,15,0,45,2,40,0,21,0,0,2,0,12,0,7,0,2,0,0,0,0,0
2025-04-08,0,0,0,0,0,0,0,0,0,0,0,0,0,0,0,0,0,0,11,0,24,0,25,0,17,0,0,1,0,4,1,3,0,0,0,0,0,0,0
2025-04-09,0,0,0,0,0,0,0,0,0,0,1,0,0,0,0,0,0,0,17,0,40,2,30,0,18,0,0,0,0,11,0,3,0,2,0,0,0,1,0
2025-04-10,0,0,0,0,0,0,0,0,0,0,0,0,0,0,0,0,0,0,16,0,30,0,30,1,11,0,0,0,0,12,0,6,0,2,0,2,0,1,0
2025-04-11,0,0,0,0,0,0,0,0,0,0,0,0,0,0,0,0,0,0,16,0,32,1,37,0,4,0,0,1,0,7,0,1,0,1,0,0,0,0,0
2025-04-12,0,0,0,0,0,0,0,0,0,0,0,0,0,0,0,0,0,0,24,0,15,2,6,0,11,0,0,5,1,4,0,2,0,2,0,0,1,0,0
2025-04-13,0,0,0,0,0,0,0,0,0,0,0,0,0,0,0,0,0,0,11,0,13,1,11,0,4,0,0,1,0,6,0,0,0,1,0,0,0,0,0
2025-04-14,0,0,0,0,0,0,0,0,0,0,1,0,0,0,0,0,0,0,9,0,32,0,10,0,18,0,0,1,0,2,0,1,0,1,0,0,0,0,0
2025-04-15,0,0,0,0,0,0,0,0,0,0,0,0,0,0,0,0,0,0,5,0,30,0,13,0,31,0,0,4,0,7,0,0,0,4,0,0,0,1,0
2025-04-16,0,0,0,0,0,0,0,0,0,0,0,0,0,0,0,0,0,0,3,0,32,0,26,0,51,0,0,1,0,6,0,0,0,10,0,0,1,5,0
2025-04-17,0,0,0,0,0,0,0,0,0,0,0,0,0,0,0,0,0,0,1,0,18,0,27,0,28,0,0,4,0,7,0,2,0,0,0,0,0,3,0
2025-04-18,0,0,0,0,0,0,0,0,0,0,0,0,0,0,0,0,0,0,1,0,25,0,19,0,7,0,0,6,0,3,0,1,0,0,0,0,0,1,0
2025-04-19,0,0,0,0,0,0,0,0,0,0,0,0,0,0,0,0,0,0,0,0,16,3,14,0,4,0,0,2,0,0,0,1,0,0,0,0,0,0,0
2025-04-20,0,0,0,0,0,0,0,0,0,0,0,0,0,0,0,0,0,0,0,0,11,0,10,0,5,0,0,4,0,3,0,0,0,1,0,0,0,1,0
2025-04-21,0,0,0,0,0,0,0,0,0,0,0,0,0,0,0,0,0,0,3,0,18,2,40,0,20,0,0,1,2,3,0,0,0,0,0,0,0,0,0
2025-04-22,0,0,0,0,0,0,0,0,0,0,0,0,0,0,0,0,0,0,2,0,28,2,127,1,17,0,0,1,0,3,0,0,0,0,0,0,0,0,0
2025-04-23,0,0,0,0,0,0,0,0,0,0,0,0,0,0,0,0,0,0,11,0,21,2,75,0,7,0,0,5,0,6,0,0,0,2,0,0,0,0,0
2025-04-24,0,0,0,0,0,0,0,0,0,0,2,0,0,0,0,0,0,0,5,0,46,0,24,0,7,0,0,5,0,5,0,2,0,0,0,0,0,0,0
2025-04-25,0,0,0,1,0,0,0,0,0,0,0,0,0,0,0,0,0,0,5,0,34,1,65,0,10,0,0,3,0,8,0,1,0,1,0,0,0,1,0
2025-04-26,0,0,0,0,0,0,0,0,0,0,0,0,0,0,0,0,0,0,0,0,5,0,28,0,7,0,0,3,0,6,0,0,0,1,0,0,0,1,0
2025-04-27,0,0,0,0,0,0,0,0,0,0,0,0,0,0,0,0,0,0,2,0,15,1,12,0,11,0,0,0,0,5,0,3,0,0,0,0,0,0,0
2025-04-28,0,0,0,0,0,0,0,0,0,0,0,0,0,0,0,0,0,0,1,0,20,1,25,0,11,0,0,4,0,12,0,2,0,1,0,0,0,0,0
2025-04-29,0,0,0,0,0,0,0,0,0,0,1,0,0,0,0,0,0,0,1,0,18,3,32,0,4,0,0,4,0,9,0,3,0,1,0,0,0,1,0
2025-04-30,0,0,0,0,0,0,0,0,0,0,1,0,0,0,0,0,0,0,8,0,21,2,29,0,8,0,0,5,0,5,0,18,0,2,0,0,0,0,0
2025-05-01,0,0,0,0,0,0,0,0,0,0,0,0,0,0,0,0,0,0,34,0,24,1,39,0,8,0,1,0,0,13,0,29,0,2,0,0,1,0,0
2025-05-02,0,0,0,0,0,0,0,0,0,0,0,0,0,0,0,0,0,0,13,0,16,3,18,0,17,0,0,10,0,7,0,4,0,1,0,0,0,0,0
2025-05-03,0,0,0,0,0,0,0,0,0,0,0,0,0,0,0,0,0,0,2,0,3,0,4,0,1,0,0,6,0,1,0,3,0,0,0,0,0,0,0
2025-05-04,0,0,0,1,0,0,0,0,0,0,0,0,0,0,0,0,0,0,2,0,5,1,8,0,1,0,0,8,0,4,0,2,0,1,0,0,0,0,0
2025-05-05,0,0,0,0,0,0,0,0,0,0,0,0,0,0,0,0,0,0,5,0,21,5,13,0,6,0,0,21,0,7,0,2,0,9,0,0,0,5,0
2025-05-06,0,0,0,0,0,0,0,0,0,0,0,0,0,0,0,0,0,0,10,0,14,3,24,0,9,0,0,37,0,2,0,1,0,21,0,0,0,0,0
2025-05-07,0,0,0,0,0,0,0,0,0,0,0,0,0,0,0,0,0,0,15,0,22,1,18,0,16,0,0,19,0,5,0,6,0,8,0,0,0,0,0
2025-05-08,0,0,0,0,0,0,0,0,0,0,5,0,0,0,0,0,0,0,15,0,23,1,11,0,19,0,0,11,0,10,0,4,0,3,0,0,0,0,0
2025-05-09,0,0,0,0,0,0,0,0,0,0,0,0,0,0,0,0,0,0,2,0,14,2,29,0,7,0,0,8,0,1,3,0,0,3,0,0,1,0,0
2025-05-10,0,0,0,1,0,0,0,0,0,0,0,0,0,0,0,0,0,0,1,0,13,0,4,0,3,0,0,4,0,3,0,2,0,0,0,0,0,0,0
2025-05-11,0,0,0,0,0,0,0,0,0,0,0,0,0,0,0,0,0,0,1,0,11,0,2,0,12,0,0,1,0,2,2,4,0,3,0,1,0,0,0
2025-05-12,0,0,0,0,0,0,0,0,0,0,1,0,0,0,0,0,0,0,8,0,33,0,33,0,12,0,0,4,0,7,0,3,0,1,0,0,0,0,0
2025-05-13,0,0,0,0,0,0,0,0,0,0,0,0,0,0,0,0,0,0,3,0,24,2,20,0,45,0,0,9,0,14,0,6,0,2,0,1,0,0,0
2025-05-14,0,0,0,0,0,0,0,0,0,0,0,0,0,0,0,0,0,0,10,0,31,3,28,0,36,0,0,14,0,5,0,2,0,11,0,0,0,0,0
2025-05-15,0,0,0,0,0,0,0,0,0,0,0,0,0,0,0,0,0,0,1,0,21,2,22,0,17,0,0,6,0,3,2,4,0,6,0,1,0,1,0
2025-05-16,0,0,0,0,0,0,0,0,0,0,0,0,0,0,0,0,0,0,4,0,28,7,17,0,21,0,0,3,0,5,0,0,0,2,0,10,0,1,0
2025-05-17,0,0,0,0,0,0,0,0,0,0,0,0,0,0,0,0,0,0,1,0,5,3,6,0,6,0,0,3,0,3,0,4,0,2,0,1,0,0,0
2025-05-18,0,0,0,0,0,0,0,0,0,0,0,0,0,0,0,0,0,0,1,0,10,0,14,0,12,0,0,0,0,2,0,1,0,5,0,1,0,0,0
2025-05-19,0,0,0,0,0,0,0,0,0,0,0,0,0,0,0,0,0,0,4,0,12,0,15,0,12,0,0,3,0,8,0,4,0,1,0,0,0,0,0
2025-05-20,0,0,0,0,0,0,0,0,0,0,0,0,0,0,0,0,0,0,2,0,17,1,27,0,12,0,0,4,0,6,0,3,0,5,0,1,0,0,0
2025-05-21,0,0,0,0,0,0,0,0,0,0,0,0,0,0,0,0,0,0,8,0,23,0,19,0,30,0,0,9,0,6,0,2,0,1,0,0,0,0,0
2025-05-22,0,0,0,0,0,0,0,0,0,0,0,0,0,0,0,0,0,1,3,0,31,2,20,0,22,0,0,6,0,7,1,2,0,4,0,0,0,0,0
2025-05-23,0,0,0,0,0,0,0,0,0,0,0,0,0,0,0,0,0,4,38,0,34,3,19,0,11,0,0,7,0,1,0,1,0,1,0,0,0,0,0
2025-05-24,0,0,0,0,0,0,0,0,0,0,0,0,0,0,0,0,0,0,8,0,16,1,10,0,8,0,0,2,0,2,0,1,0,0,0,0,0,0,0
2025-05-25,0,0,0,0,0,0,0,0,0,0,0,0,0,0,0,0,0,0,5,0,10,2,4,2,17,0,0,2,0,1,0,0,0,0,0,0,0,0,0
2025-05-26,0,0,0,0,0,0,0,0,0,0,0,0,0,0,0,0,0,0,9,0,15,1,11,0,12,0,0,2,0,1,0,2,0,3,0,0,0,0,0
2025-05-27,1,0,0,0,0,0,0,0,0,0,0,0,0,0,0,0,0,0,3,0,36,12,33,0,36,0,0,3,0,4,0,3,0,0,0,0,0,0,0
2025-05-28,0,0,0,0,0,0,0,0,0,0,0,0,0,0,0,1,0,0,5,0,111,3,17,0,64,0,0,6,0,2,0,2,0,2,0,0,0,0,0
2025-05-29,0,0,0,0,0,0,0,0,0,0,0,0,0,0,0,0,0,0,14,0,43,3,14,0,62,0,0,1,2,2,0,1,0,3,0,0,0,0,0
2025-05-30,0,0,0,0,0,0,0,0,0,0,0,0,0,0,0,0,0,0,3,0,19,0,13,0,14,0,0,12,0,7,0,1,0,1,0,1,0,0,0
2025-05-31,0,0,0,0,0,0,0,0,0,0,0,0,0,0,0,0,0,0,4,0,19,0,8,0,5,0,0,5,0,0,0,0,0,4,0,0,1,0,0
2025-06-01,0,0,0,0,0,0,0,0,0,0,0,0,0,0,0,0,0,0,2,0,10,0,1,0,3,0,0,4,0,3,0,0,0,2,0,1,0,0,0
2025-06-02,0,0,0,0,0,0,0,0,0,0,0,0,0,0,0,0,0,0,3,0,23,0,6,1,8,0,0,7,0,4,0,0,0,2,0,1,0,0,0
2025-06-03,0,0,0,0,0,0,0,0,0,0,0,0,0,0,0,0,0,0,13,0,25,1,10,0,15,0,0,3,0,6,0,3,0,4,0,0,0,0,0
2025-06-04,0,0,0,0,0,0,0,0,0,0,0,0,0,0,0,0,0,1,2,0,24,0,17,0,11,0,0,9,0,8,1,1,0,2,0,0,0,0,0
2025-06-05,0,0,0,0,0,0,0,0,0,0,0,0,0,0,0,0,0,0,1,0,35,0,117,0,10,0,0,13,0,9,0,4,0,1,0,0,1,0,0
2025-06-06,0,0,0,0,0,0,0,0,0,0,0,0,0,0,0,0,0,0,3,0,17,0,79,0,3,0,0,6,0,30,0,0,0,2,0,3,1,2,0
2025-06-07,0,0,0,0,0,0,0,0,0,0,0,0,0,0,0,0,0,0,1,0,14,0,20,0,2,0,0,3,0,13,0,0,0,0,0,1,0,0,0
2025-06-08,0,0,0,1,0,0,0,0,0,0,0,0,0,0,0,0,0,0,3,0,10,0,4,0,3,0,0,0,0,4,0,0,0,1,0,0,0,0,0
2025-06-09,0,0,0,0,0,0,0,0,0,0,0,0,0,0,0,0,0,0,17,0,31,1,35,0,11,0,0,4,0,6,0,5,0,3,0,0,0,0,0
2025-06-10,0,0,0,0,0,0,0,0,0,0,0,0,0,0,0,0,2,0,10,0,59,1,33,2,9,0,0,6,0,5,0,3,0,3,0,0,2,2,0
2025-06-11,0,0,0,0,0,0,0,0,0,0,0,0,0,0,0,0,0,0,6,0,48,0,29,0,16,0,0,13,0,1,2,0,0,2,0,0,1,1,0
2025-06-12,0,0,0,0,0,0,0,0,0,0,0,0,0,0,0,0,0,0,4,0,100,1,13,0,10,0,0,3,0,2,0,5,0,3,0,0,0,0,0
2025-06-13,0,0,0,0,0,0,0,0,0,0,0,0,0,0,0,0,0,0,6,0,42,0,14,0,4,0,0,5,0,9,0,2,0,2,0,1,0,0,0
2025-06-14,0,0,0,0,0,0,0,0,0,0,0,0,0,0,0,0,0,0,1,0,13,1,5,0,6,0,0,5,0,2,0,0,0,1,0,0,0,0,0
2025-06-15,0,0,0,0,0,0,0,0,0,0,0,0,0,0,0,0,0,0,3,0,14,0,8,0,1,0,0,4,0,1,1,1,0,0,0,0,1,0,0
2025-06-16,0,0,0,0,0,0,0,0,0,0,0,0,0,0,0,0,0,0,2,0,43,0,9,0,6,0,0,22,0,4,0,3,0,14,0,0,0,0,0
2025-06-17,0,0,0,0,0,0,0,0,0,0,0,0,0,0,0,0,0,0,7,0,38,1,5,0,9,0,0,3,0,5,0,2,0,6,0,0,0,0,0
2025-06-18,0,0,0,0,0,0,0,0,0,0,0,0,0,0,0,0,0,0,3,0,33,0,6,0,11,0,0,6,0,6,0,5,0,6,0,0,0,0,0
2025-06-19,0,0,0,0,0,0,0,0,0,0,0,0,0,0,0,0,0,0,2,0,16,0,8,0,2,0,0,3,0,4,0,1,0,1,0,0,0,0,0
2025-06-20,0,0,0,0,0,0,0,0,0,0,0,0,0,0,0,0,0,0,3,0,10,1,10,0,1,0,0,5,0,5,0,2,0,2,0,0,0,0,0
2025-06-21,0,0,0,0,0,0,0,0,0,0,0,0,0,0,0,0,0,0,0,0,8,1,1,0,0,0,0,5,0,2,0,0,0,0,1,0,0,0,0
2025-06-22,0,0,0,0,0,0,0,0,0,0,0,0,0,0,0,0,0,0,1,0,4,0,5,0,3,0,0,4,0,0,0,0,0,4,0,0,0,0,0
2025-06-23,0,0,0,0,0,0,0,0,0,0,0,0,0,0,0,0,0,0,1,0,10,0,38,0,5,0,0,2,0,6,0,2,0,1,1,0,0,0,0
2025-06-24,0,0,0,0,0,0,0,0,0,0,0,0,0,0,0,0,0,0,1,0,14,1,26,0,10,0,0,9,0,11,1,1,0,4,0,0,0,0,0
2025-06-25,0,0,0,0,0,0,0,0,0,0,0,0,0,0,0,0,0,0,1,0,19,0,28,0,22,0,0,13,0,13,4,1,0,4,0,1,0,0,0
2025-06-26,0,0,0,0,0,0,0,0,0,0,0,0,0,0,0,0,0,0,8,0,14,1,12,0,22,0,0,3,0,5,0,1,0,4,0,0,0,0,0
2025-06-27,0,0,0,0,0,0,0,0,0,0,0,0,0,0,0,0,0,0,4,0,11,0,12,0,13,0,0,5,0,8,0,8,0,2,0,0,0,0,0
2025-06-28,0,0,0,0,0,0,0,0,0,0,0,0,0,0,0,0,0,0,8,0,7,0,4,0,10,0,0,4,0,5,0,1,0,2,0,0,0,0,0
2025-06-29,0,0,0,0,0,0,0,0,0,0,0,0,0,0,0,0,0,0,1,0,6,0,8,0,5,0,0,4,0,3,0,1,0,1,0,0,0,0,0
2025-06-30,0,0,0,0,0,0,0,0,0,0,0,0,0,0,0,0,0,0,6,0,17,0,11,0,3,0,0,8,0,25,1,2,0,2,0,0,0,0,0
2025-07-01,0,0,0,0,0,0,0,0,0,0,0,0,0,0,0,0,0,0,5,0,13,0,46,1,9,0,0,10,0,31,0,0,0,1,0,0,0,0,0
2025-07-02,0,0,0,0,0,0,0,0,0,0,0,0,0,0,0,0,0,0,11,0,12,2,38,0,4,0,0,4,0,23,0,6,0,1,0,0,0,2,0
2025-07-03,0,0,0,0,0,0,0,0,0,0,0,0,0,0,0,0,0,0,5,0,13,1,11,0,13,0,0,6,0,12,0,4,0,1,0,1,0,0,0
2025-07-04,0,0,0,0,0,0,0,0,0,0,0,0,0,0,0,0,0,0,5,0,7,0,5,0,6,0,0,3,0,6,0,1,0,0,0,0,0,0,0
2025-07-05,0,0,0,0,0,0,0,0,0,0,0,0,0,0,0,0,0,0,4,0,7,1,9,0,4,0,0,5,0,9,0,1,0,1,0,0,0,1,0
2025-07-06,0,0,0,0,0,0,0,0,0,0,0,0,0,0,0,0,0,0,1,0,9,0,10,0,1,0,0,0,0,6,0,0,0,2,0,0,0,0,0
2025-07-07,0,0,0,0,0,0,0,0,0,0,0,0,0,0,0,0,0,0,9,0,18,3,36,0,3,0,0,3,0,6,0,2,0,1,1,0,1,0,0
2025-07-08,0,0,0,0,0,0,0,0,0,0,0,0,0,0,0,0,0,0,2,0,12,1,12,0,4,0,0,8,0,3,0,1,0,2,2,0,0,0,0
2025-07-09,0,0,0,0,0,0,0,0,0,0,0,0,0,0,0,0,0,0,2,0,17,1,17,0,31,0,2,5,0,7,0,3,0,0,0,0,0,4,0
2025-07-10,0,0,0,0,0,0,0,0,0,0,3,0,0,0,0,0,0,1,6,0,21,0,14,0,22,0,0,2,0,13,0,3,0,5,0,0,0,2,0
2025-07-11,0,0,0,0,0,0,0,0,0,0,0,0,0,0,0,0,0,0,1,0,20,2,11,0,20,0,0,5,0,10,0,1,0,10,0,0,0,1,0
2025-07-12,0,0,0,0,0,0,0,0,0,0,0,0,0,0,0,0,0,0,5,0,14,2,5,0,4,0,0,2,0,5,0,1,0,3,0,0,1,0,0
2025-07-13,0,0,0,0,0,0,0,0,0,0,0,0,0,0,0,0,0,0,0,0,11,2,3,1,17,0,0,2,0,5,0,0,0,8,0,0,0,0,0
2025-07-14,0,0,0,0,0,0,0,0,0,0,0,0,0,0,0,0,0,0,2,0,18,0,11,0,10,0,5,7,0,4,0,2,0,0,0,0,5,0,0
2025-07-15,0,0,0,0,0,0,0,0,0,0,0,0,0,0,0,0,0,0,9,0,10,0,9,2,46,0,0,8,0,11,0,0,0,12,0,0,3,0,0
2025-07-16,0,0,0,0,0,0,0,0,0,0,0,0,0,0,0,0,0,0,0,0,18,0,8,0,15,0,0,5,0,10,0,1,0,6,0,0,0,0,0
2025-07-17,0,0,0,0,0,0,0,0,0,0,0,0,0,0,0,0,0,0,2,0,14,1,12,0,6,0,0,7,0,11,0,0,0,4,0,4,0,0,0
2025-07-18,0,0,0,0,0,0,0,0,0,0,0,0,0,0,0,0,0,0,5,0,9,0,16,0,11,0,4,18,0,3,0,3,0,2,0,8,1,0,0
2025-07-19,0,0,0,0,0,0,0,0,0,0,0,0,0,0,0,0,0,0,1,0,6,0,6,0,3,0,0,23,0,5,0,2,0,2,0,1,1,0,0
2025-07-20,0,0,0,0,0,0,0,0,0,0,0,0,0,0,0,0,0,0,2,0,6,0,6,0,5,0,0,16,0,11,0,1,0,0,0,0,0,0,0
2025-07-21,0,0,0,0,0,0,0,0,0,0,0,0,0,0,0,0,0,0,8,0,18,0,8,0,9,0,0,132,0,14,0,7,0,0,5,3,2,1,0
2025-07-22,0,0,0,0,0,0,0,0,0,0,0,0,0,0,0,0,0,0,4,0,21,4,22,0,14,0,0,69,0,12,1,3,0,2,1,3,5,21,0
2025-07-23,0,0,0,0,0,0,0,0,0,0,0,0,0,0,0,0,0,0,1,0,23,8,33,1,8,0,1,2,0,9,8,2,0,0,23,10,7,14,0
2025-07-24,0,0,0,0,0,0,0,0,0,0,1,0,0,0,0,0,0,0,1,0,14,0,39,1,19,0,0,8,0,12,6,2,0,14,6,2,0,1,0
2025-07-25,0,0,0,0,0,0,0,0,0,0,1,0,0,0,0,0,0,0,5,0,9,2,45,2,67,0,0,5,0,10,4,2,0,6,1,0,2,4,0
2025-07-26,0,0,0,0,0,0,0,0,0,0,0,0,0,0,0,0,0,0,0,0,4,2,4,0,10,0,0,1,0,2,0,3,0,2,0,0,0,0,0
2025-07-27,0,0,0,0,0,0,0,0,0,0,0,0,0,0,0,0,0,0,3,0,7,0,5,0,6,0,0,3,0,3,0,0,0,3,0,0,1,4,0
2025-07-28,0,0,0,0,0,0,0,0,0,0,0,0,0,0,0,0,0,0,3,0,20,0,39,0,11,0,0,14,0,15,0,3,0,13,0,0,0,7,0
2025-07-29,0,0,0,0,0,0,0,0,0,0,0,0,0,0,0,0,0,0,1,0,42,0,7,0,12,0,0,6,2,9,0,4,0,13,0,1,0,0,0
2025-07-30,0,0,0,0,0,0,0,0,0,0,0,0,0,0,0,0,0,0,7,0,40,1,7,2,18,0,0,1,0,32,0,21,0,14,0,0,1,0,0
2025-07-31,0,0,0,0,0,0,0,0,0,0,0,0,0,0,0,0,0,0,22,0,26,2,9,0,18,0,0,13,0,20,1,25,0,11,1,0,1,0,0
2025-08-01,0,0,0,0,0,0,0,0,0,0,0,0,0,0,0,0,0,0,11,0,19,4,16,0,11,0,0,8,0,11,0,5,0,6,0,0,2,0,0
2025-08-02,0,0,0,1,0,0,0,0,0,0,0,0,0,0,0,0,0,0,3,0,4,3,4,0,12,0,0,4,0,3,0,3,0,2,0,0,0,0,0
2025-08-03,0,0,0,0,0,0,0,0,0,0,0,0,0,0,0,0,0,0,2,0,4,0,1,0,13,0,0,5,0,1,0,0,0,5,0,0,0,0,0
2025-08-04,0,0,0,0,0,0,0,0,0,0,0,0,0,0,0,0,0,0,3,0,15,2,12,0,10,0,0,23,0,5,0,2,0,5,0,0,1,0,0
2025-08-05,0,0,0,0,0,0,0,0,0,0,0,0,0,0,0,0,0,0,6,0,16,0,21,0,14,0,0,31,0,4,0,3,0,19,2,0,0,0,0
2025-08-06,0,0,0,0,0,0,0,0,0,0,0,0,0,0,0,0,0,0,15,0,19,1,14,1,17,0,1,14,0,2,0,5,0,22,0,0,1,0,0
2025-08-07,0,0,0,0,0,0,0,0,0,0,0,0,0,0,0,0,0,0,9,0,13,3,10,0,21,0,0,19,0,3,0,1,0,14,0,0,0,0,0
2025-08-08,0,0,0,0,0,0,0,0,0,0,0,0,0,0,0,0,0,0,14,0,16,1,14,0,8,0,0,17,0,11,0,2,0,5,0,0,1,3,0
2025-08-09,0,0,0,0,0,0,0,0,0,0,0,0,0,0,0,0,0,0,3,0,7,0,5,0,7,0,0,7,0,1,0,1,0,3,0,0,0,0,0
2025-08-10,0,0,0,0,0,0,0,0,0,0,0,0,0,0,0,0,0,0,1,0,8,0,1,0,14,0,0,6,0,4,0,0,0,8,0,0,0,1,0
2025-08-11,0,0,0,0,0,0,0,0,0,0,0,0,0,0,0,0,0,0,4,0,13,9,15,0,28,0,0,17,0,13,0,0,0,18,0,0,0,14,0
2025-08-12,0,0,0,0,0,0,0,0,0,0,1,0,0,0,0,0,0,0,3,0,21,3,15,0,19,0,2,6,0,5,0,1,0,8,0,1,0,18,0
2025-08-13,0,0,0,0,0,0,0,0,0,0,0,0,0,0,0,0,0,0,6,0,14,2,5,2,8,0,0,3,0,14,0,1,0,11,0,1,0,18,0
2025-08-14,0,0,0,0,0,0,0,0,0,0,0,0,0,0,0,0,0,0,2,0,20,1,0,0,15,0,2,9,0,11,0,2,0,4,0,0,3,7,0
2025-08-15,0,0,0,0,0,0,0,0,0,0,0,0,0,0,0,0,0,0,1,0,16,0,4,0,12,0,0,3,0,5,0,1,0,5,0,1,0,5,0
2025-08-16,0,0,0,0,0,0,0,0,0,0,0,0,0,0,0,0,0,0,3,0,11,0,2,0,9,0,0,2,0,0,0,3,0,2,0,0,0,3,0
2025-08-17,0,0,0,0,0,0,0,0,0,0,0,0,0,0,0,0,0,0,3,0,9,1,2,0,0,0,0,0,0,0,3,0,0,2,0,0,0,1,0
2025-08-18,0,0,0,0,0,0,0,0,0,0,0,0,0,0,0,0,0,0,0,0,17,1,9,0,13,0,0,7,0,2,0,2,0,4,0,0,0,0,0
2025-08-19,0,0,0,0,0,0,0,0,0,0,0,0,0,1,0,0,0,0,0,0,11,1,2,0,8,0,0,25,0,5,0,2,0,3,0,0,1,2,0
2025-08-20,0,0,0,0,0,0,0,0,0,0,0,0,0,0,0,0,0,0,2,0,19,2,14,0,9,0,0,26,1,4,0,2,0,4,0,0,0,0,0
2025-08-21,0,0,0,0,0,0,0,0,0,0,1,0,0,0,0,0,0,0,4,0,11,0,7,0,15,0,2,8,0,9,0,4,0,2,0,0,3,0,0
2025-08-22,0,0,0,0,0,0,0,0,0,0,0,0,0,0,0,0,0,0,3,0,13,1,3,0,13,0,0,5,0,4,0,4,0,1,0,0,7,0,0
2025-08-23,0,0,0,0,0,0,0,0,0,0,0,0,0,0,0,0,0,0,2,0,3,0,2,0,4,0,0,1,0,1,0,1,0,0,0,0,0,3,0
2025-08-24,0,0,0,0,0,0,0,0,0,0,0,0,0,0,0,0,0,0,5,0,3,1,0,0,6,0,0,5,0,2,0,0,0,1,0,0,1,0,0
2025-08-25,0,0,0,0,0,0,0,0,0,0,0,0,0,0,0,0,0,0,3,0,8,0,8,1,21,0,0,2,0,5,0,5,0,1,0,0,1,9,0
2025-08-26,0,0,0,0,0,0,0,0,0,0,0,0,0,0,0,0,0,0,2,0,8,0,7,0,16,0,1,9,0,5,0,2,0,1,0,0,4,18,0
2025-08-27,0,0,0,0,0,0,0,0,0,0,0,0,0,0,0,0,0,0,3,0,13,2,8,0,65,0,0,7,0,5,0,1,0,6,0,0,2,1,0
2025-08-28,0,0,0,0,0,0,0,0,0,0,0,0,0,0,0,0,0,0,4,0,17,0,12,0,41,0,1,4,0,9,0,0,0,0,0,0,1,3,0
2025-08-29,0,0,0,0,0,0,0,0,0,0,0,0,0,0,0,0,0,0,5,0,17,2,7,1,20,0,2,3,0,10,0,0,0,6,0,0,1,11,0
2025-08-30,0,0,0,0,0,0,0,0,0,0,0,0,0,0,0,0,0,0,0,0,6,0,3,0,1,0,0,4,0,4,0,0,0,1,0,0,0,1,0
2025-08-31,0,0,0,0,0,0,0,0,0,0,0,0,0,0,0,0,0,0,2,0,12,0,1,0,4,0,0,1,0,1,0,1,0,1,0,0,0,6,0
2025-09-01,0,0,0,0,0,0,0,0,0,0,0,0,0,0,0,0,0,0,0,0,7,0,6,0,3,0,0,0,0,3,0,1,0,0,0,1,1,1,0
2025-09-02,0,0,0,0,0,0,0,0,0,0,1,0,0,0,0,0,0,0,6,0,19,0,11,0,12,0,0,7,0,9,0,1,0,0,0,0,0,0,0
2025-09-03,0,0,0,0,0,0,0,0,0,0,0,0,0,0,0,0,0,0,9,0,19,0,5,0,7,0,0,2,0,7,0,1,0,0,1,0,0,5,0
2025-09-04,0,0,0,0,0,0,0,0,0,0,3,0,0,0,0,0,0,0,3,0,17,0,3,0,6,0,0,2,0,16,0,1,0,0,0,0,1,0,0
2025-09-05,0,0,0,0,0,0,0,0,0,0,0,0,0,0,0,0,0,0,4,0,22,1,14,0,9,0,0,5,0,19,0,0,0,1,0,0,0,1,0
2025-09-06,0,0,0,0,0,0,0,0,0,0,0,0,0,0,0,0,0,0,1,0,7,0,4,0,5,0,0,0,0,13,0,1,0,0,0,0,0,0,0
2025-09-07,0,0,0,0,0,0,0,0,0,0,0,0,0,0,0,0,0,0,0,0,5,0,3,0,0,0,0,3,0,3,0,0,0,0,0,0,0,0,0
2025-09-08,0,0,0,0,0,0,0,0,0,0,1,0,0,0,0,0,0,0,28,0,16,2,10,1,3,0,2,5,0,18,0,8,0,1,0,0,0,0,0
2025-09-09,0,0,0,0,0,0,0,0,0,0,0,0,0,0,0,0,0,0,5,0,63,0,2,2,4,0,0,1,0,13,0,6,0,0,0,0,0,0,0
2025-09-10,0,0,0,0,0,0,0,0,0,0,0,0,0,0,0,0,0,0,9,0,74,0,2,0,4,0,0,3,0,22,0,1,0,1,0,0,0,0,0
2025-09-11,0,0,0,0,0,0,0,0,0,0,0,0,0,0,0,0,0,0,3,0,29,0,0,1,9,0,0,1,0,15,0,2,0,0,0,0,0,0,0
2025-09-12,0,0,0,0,0,0,0,0,0,0,0,0,0,0,0,0,0,0,6,0,18,2,16,0,6,0,0,1,0,12,0,1,0,0,0,0,0,1,0
2025-09-13,0,0,0,0,0,0,0,0,0,0,0,0,0,0,0,0,0,0,2,0,14,0,10,0,0,0,0,3,0,1,0,2,0,1,0,0,2,0,0
2025-09-14,0,0,0,0,0,0,0,0,0,0,0,0,0,0,0,0,0,0,1,0,12,0,4,0,3,0,0,4,0,2,0,1,0,0,0,0,0,0,0
2025-09-15,0,0,0,0,0,0,0,0,0,0,0,0,0,0,0,0,0,0,4,0,22,0,25,0,12,0,0,3,0,3,0,2,0,0,0,0,0,0,0
2025-09-16,0,0,0,0,0,0,0,0,0,0,0,0,0,0,0,0,0,0,2,0,17,1,14,0,11,0,0,0,0,3,0,3,0,1,1,1,0,1,0
2025-09-17,0,0,0,0,0,0,0,0,0,0,0,0,0,0,0,0,0,0,1,0,20,0,4,0,17,0,0,1,0,6,0,1,0,0,0,0,3,0,0
2025-09-18,0,0,0,0,0,0,0,0,0,0,0,0,0,0,0,0,0,0,1,0,19,0,6,0,28,0,0,5,0,10,1,0,0,1,0,0,0,0,0
2025-09-19,0,0,0,0,0,0,0,0,0,0,0,0,0,0,0,0,0,0,2,0,13,1,8,0,15,0,0,7,1,4,0,2,0,9,0,0,1,0,0
2025-09-20,0,0,0,0,0,0,0,0,0,0,0,0,0,0,0,0,0,0,5,0,5,0,1,0,4,0,0,2,0,2,0,4,0,0,0,0,0,0,0
2025-09-21,0,0,0,0,0,0,0,0,0,0,0,0,0,0,0,0,0,0,1,0,14,0,5,0,2,0,0,0,0,1,0,0,0,1,0,0,1,0,0
2025-09-22,0,0,0,0,0,0,0,0,0,0,0,0,0,0,0,0,0,0,7,0,33,3,17,0,25,0,0,6,5,6,0,4,0,1,0,0,1,0,0
2025-09-23,0,0,0,0,0,0,0,0,0,0,2,0,0,0,0,0,0,0,3,0,12,0,3,0,19,0,0,6,0,7,0,2,0,2,0,1,0,0,0
2025-09-24,0,0,0,0,0,0,0,0,0,0,0,0,0,0,0,0,0,0,5,0,18,0,4,0,12,0,0,1,1,4,0,0,0,3,0,0,1,0,0
2025-09-25,0,0,0,0,0,0,0,0,0,0,2,0,0,0,0,0,0,0,4,0,16,1,11,0,6,0,0,1,0,3,1,0,0,1,0,0,0,0,0
2025-09-26,0,0,0,0,0,0,0,0,0,0,0,0,0,0,0,0,0,0,8,0,19,0,12,0,12,0,0,2,0,5,0,2,0,0,0,0,0,0,0
2025-09-27,0,0,0,0,0,0,0,0,0,0,0,0,0,0,0,0,0,0,2,0,16,0,6,0,5,0,0,3,0,2,0,2,0,0,0,0,0,0,0
2025-09-28,0,0,0,0,0,0,0,0,0,0,0,0,0,0,0,0,0,0,3,0,15,1,4,0,6,0,0,2,0,4,0,1,0,1,0,0,3,0,0
2025-09-29,0,0,0,0,0,0,0,0,0,0,0,0,0,0,0,0,0,0,5,0,17,1,12,0,5,0,0,1,0,10,0,1,0,0,0,0,0,6,0
2025-09-30,0,0,0,0,0,0,0,0,0,0,0,0,0,0,0,0,0,0,0,0,24,0,9,0,17,0,0,2,0,5,1,0,0,0,0,1,1,3,0
2025-10-01,0,0,0,0,0,0,0,0,0,0,0,0,0,0,0,0,0,0,2,0,28,0,9,0,5,0,0,3,0,4,0,2,0,8,0,0,3,0,0
2025-10-02,0,0,0,0,0,0,0,0,0,0,1,0,0,0,0,0,0,0,4,0,32,1,23,0,11,0,0,0,5,7,0,4,0,2,0,0,0,0,0
2025-10-03,0,0,0,0,0,0,0,0,0,0,1,0,0,0,0,0,0,0,1,0,69,3,12,0,7,0,0,5,2,9,0,1,0,0,0,0,1,0,0
2025-10-04,0,5,0,0,0,0,0,0,0,0,0,0,0,0,0,0,0,0,1,0,21,1,3,0,1,0,0,5,0,1,0,0,0,0,0,0,0,0,0
2025-10-05,0,2,0,0,0,0,0,0,0,0,0,0,0,0,0,0,0,0,0,0,13,5,6,0,4,0,0,0,1,3,0,1,0,0,0,0,1,1,0
2025-10-06,0,0,0,0,0,0,0,0,0,0,0,0,0,0,0,0,0,0,0,0,33,3,24,0,15,0,0,8,0,18,0,3,0,93,0,0,0,0,0
2025-10-07,0,0,0,0,0,0,0,0,0,0,0,0,0,0,0,0,0,0,7,0,46,1,13,0,13,0,0,1,0,11,0,2,0,20,0,1,0,5,0
2025-10-08,0,0,0,0,0,0,0,0,0,0,1,0,0,0,0,0,0,0,0,0,74,2,2,1,17,0,0,0,0,10,0,3,0,26,1,0,1,0,0
2025-10-09,0,0,0,0,0,0,0,0,0,0,2,0,0,0,0,0,0,0,5,0,61,1,20,0,27,0,2,1,0,4,0,4,0,19,0,0,0,5,0
2025-10-10,0,0,0,0,0,0,0,0,0,0,2,0,0,0,0,0,0,1,5,0,29,0,1,0,14,0,0,2,0,8,0,0,0,5,0,1,0,3,0
2025-10-11,0,0,0,0,0,0,0,0,0,0,0,0,0,0,0,0,0,0,1,0,9,0,3,0,9,0,0,1,0,1,0,0,0,2,0,0,0,0,0
2025-10-12,0,0,0,0,0,0,0,0,0,0,0,0,0,0,0,0,0,0,1,0,5,0,0,0,2,0,0,1,0,1,0,1,0,1,0,0,0,1,0
2025-10-13,0,0,0,0,0,0,0,0,0,0,1,0,0,0,0,0,0,0,0,0,28,1,4,0,6,0,0,0,0,3,0,0,0,5,0,0,0,1,0
2025-10-14,0,0,0,0,0,0,0,0,0,0,0,0,0,0,0,0,0,0,1,0,18,0,1,3,10,0,0,7,0,2,0,2,0,6,0,0,0,0,0
2025-10-15,0,0,0,0,0,0,0,0,0,0,1,0,0,0,0,0,0,0,5,0,24,0,5,2,10,0,0,3,0,5,0,3,0,7,0,0,0,0,0
2025-10-16,0,0,0,1,0,0,0,0,0,0,1,0,0,0,0,0,0,0,2,0,28,3,5,1,13,0,0,5,0,3,0,0,0,2,0,0,1,2,0
2025-10-17,0,0,0,0,0,0,0,0,0,0,0,0,0,0,0,0,0,0,1,0,17,1,5,1,10,0,0,0,0,2,0,0,0,2,0,0,0,0,0
2025-10-18,0,0,0,0,0,0,0,0,0,0,0,0,0,0,0,0,0,0,2,0,11,0,2,0,9,0,0,0,0,5,0,0,0,1,0,0,0,0,0
2025-10-19,0,0,0,0,0,0,0,0,0,0,0,0,0,0,0,0,0,0,0,0,7,1,0,1,4,0,0,0,0,0,0,0,0,1,0,0,0,0,0
2025-10-20,0,0,0,0,0,0,0,0,0,0,0,0,0,0,0,0,0,0,6,0,25,1,4,0,10,0,0,2,0,15,0,0,0,4,0,1,0,0,0
2025-10-21,0,0,0,0,0,0,0,0,0,0,0,0,0,0,0,0,0,0,7,0,33,3,5,2,2,0,0,0,0,2,0,0,0,2,1,1,0,0,0
2025-10-22,0,0,0,1,0,0,0,0,0,0,1,0,0,0,0,0,0,0,0,0,44,5,21,0,6,0,0,1,0,8,0,1,0,2,1,0,0,2,0
2025-10-23,0,0,0,0,0,0,0,0,0,0,1,0,0,0,0,0,0,0,3,0,35,3,19,1,8,0,0,0,0,5,2,0,0,1,1,0,0,0,0
2025-10-24,0,0,0,0,0,0,0,0,0,0,0,0,0,0,0,0,0,0,4,0,29,4,8,2,13,0,0,3,0,7,0,0,0,7,6,0,0,0,0
2025-10-25,0,0,0,0,0,0,0,0,0,0,0,0,0,0,0,0,0,0,0,0,17,0,4,0,3,0,0,0,0,6,0,0,0,6,0,0,0,0,0
2025-10-26,0,0,0,0,0,0,0,0,0,0,0,0,0,0,0,0,0,0,0,0,7,1,2,0,6,0,0,1,0,1,0,2,0,3,0,0,0,0,0
2025-10-27,0,0,0,0,0,0,0,0,0,0,0,0,0,0,0,0,0,0,5,0,38,1,10,0,15,0,0,3,0,5,2,0,0,9,1,0,0,2,0
2025-10-28,1,0,0,0,0,0,0,0,0,0,0,0,0,0,0,0,0,0,5,0,41,4,5,31,52,0,0,8,0,4,0,10,0,9,1,0,0,0,0
2025-10-29,0,0,0,0,0,0,0,0,0,0,0,0,0,0,0,0,0,0,2,0,18,1,13,7,51,0,0,4,0,4,0,11,0,6,0,0,0,1,0
2025-10-30,0,0,0,0,0,0,0,0,0,0,0,0,0,0,0,0,0,0,13,0,14,1,4,2,17,0,0,6,0,3,2,9,0,4,0,0,0,0,0
2025-10-31,0,0,0,0,0,0,0,0,0,0,0,0,0,0,0,0,0,0,4,0,19,3,4,1,18,0,0,8,0,5,0,4,0,0,0,0,1,1,0
2025-11-01,0,0,0,0,0,0,0,0,0,0,0,0,0,0,0,0,0,0,2,0,9,1,5,4,7,0,0,3,0,3,0,2,0,0,0,0,0,0,0
2025-11-02,0,0,0,0,0,0,0,0,0,0,0,0,0,0,0,0,0,0,5,0,12,1,8,1,11,0,0,3,0,3,0,2,0,5,0,0,2,0,0
2025-11-03,0,0,0,0,0,0,0,0,0,0,0,0,0,0,0,0,0,0,3,0,14,0,12,2,29,0,1,19,0,4,0,5,0,9,0,0,0,1,0
2025-11-04,0,0,0,0,0,0,0,0,0,0,0,0,0,0,0,0,0,0,2,0,24,0,4,1,19,0,0,27,0,1,0,4,0,13,0,0,0,0,0
2025-11-05,0,0,0,0,0,0,0,0,0,0,0,0,0,0,0,0,0,0,3,0,9,1,9,1,9,0,0,9,0,12,0,6,0,7,0,0,0,0,0
2025-11-06,0,0,0,0,0,0,0,0,0,0,0,0,0,0,0,0,0,0,4,0,16,1,26,1,29,0,0,3,0,10,0,2,0,8,0,0,0,0,0
2025-11-07,0,0,0,0,0,0,0,0,0,0,1,0,0,0,0,0,0,0,0,0,20,2,13,1,17,0,0,5,0,1,0,2,0,4,0,0,0,0,0
2025-11-08,0,0,0,0,0,0,0,0,0,0,0,0,0,0,0,0,0,0,0,0,7,1,0,1,5,0,0,3,0,0,0,2,0,0,0,0,0,0,0
2025-11-09,0,0,0,0,0,0,0,0,0,0,0,0,0,0,0,0,0,0,0,0,7,1,0,0,0,0,0,0,0,0,0,2,0,0,0,0,0,0,0
2025-11-10,0,0,0,0,0,0,0,0,0,0,0,0,0,0,0,0,0,0,2,0,11,1,8,0,9,0,0,5,0,4,0,2,0,0,0,0,0,0,0
2025-11-11,0,0,0,0,0,0,0,0,0,0,0,0,0,0,0,4,0,0,5,0,12,1,7,0,23,0,0,4,0,4,0,2,0,10,0,0,0,0,0
2025-11-12,0,0,0,0,0,0,0,0,0,0,0,0,0,0,0,0,0,0,2,0,21,0,1,0,11,0,0,4,0,4,0,3,0,11,0,0,0,0,0
2025-11-13,0,0,0,0,0,0,0,0,0,0,0,0,0,0,0,0,0,0,4,0,21,3,5,0,10,0,0,7,0,6,0,1,0,1,0,0,0,0,0
2025-11-14,0,0,0,0,0,0,0,0,0,0,0,0,0,0,0,0,0,0,3,0,23,0,17,0,11,0,0,2,0,7,0,2,0,0,0,1,0,0,0
2025-11-15,0,0,0,0,0,0,0,0,0,0,0,0,0,0,0,0,0,0,0,0,7,0,4,0,11,0,0,3,0,6,0,0,0,2,0,0,0,0,0
2025-11-16,0,0,0,0,0,0,0,0,0,0,0,0,0,0,0,0,0,0,1,0,4,0,0,0,5,0,0,1,0,6,0,0,0,0,0,0,0,0,0
2025-11-17,0,0,0,0,0,0,0,0,0,0,0,0,0,0,0,0,0,0,2,0,28,1,15,0,42,0,0,5,0,11,0,0,0,5,0,2,0,0,0
2025-11-18,0,0,0,0,0,0,0,0,0,0,0,0,0,0,0,0,0,0,2,0,20,1,7,0,33,0,0,3,0,7,0,7,0,2,0,0,0,0,0
2025-11-19,0,0,0,0,0,0,0,0,0,0,0,0,0,0,0,0,0,0,1,0,14,0,11,0,100,0,0,4,0,2,0,1,0,4,0,0,0,0,0
2025-11-20,0,0,0,0,0,0,0,0,0,0,0,0,0,0,0,0,0,0,1,0,20,0,4,0,70,0,0,2,0,5,0,3,0,4,0,0,0,1,0
2025-11-21,0,0,0,0,0,0,0,0,0,0,0,0,0,0,0,0,0,0,1,0,21,0,3,0,41,0,0,5,0,4,0,2,0,1,0,0,0,1,0
2025-11-22,0,0,0,0,0,0,0,0,0,0,0,0,0,0,0,0,0,0,0,0,6,0,2,0,8,0,0,2,0,3,0,3,0,0,0,0,0,0,0
2025-11-23,0,0,0,0,0,0,0,0,0,0,0,0,0,0,0,0,0,0,2,0,6,1,4,0,7,0,0,1,0,2,0,3,0,1,0,0,1,0,0
2025-11-24,1,0,0,0,0,0,0,0,0,0,0,0,0,0,0,0,0,0,1,0,11,1,6,0,11,0,0,3,0,0,0,3,0,7,0,1,0,0,0
2025-11-25,0,0,0,0,0,0,0,0,0,0,0,0,0,0,0,0,0,0,2,0,5,0,3,1,35,0,0,3,0,2,0,2,0,9,0,0,1,0,0
2025-11-26,0,0,0,0,0,0,0,0,0,0,0,0,0,0,0,0,0,0,0,0,15,1,3,0,16,0,0,1,0,6,0,1,0,1,0,5,0,0,0
2025-11-27,0,0,0,0,0,0,0,0,0,0,0,0,0,0,0,0,0,0,1,0,25,0,3,0,10,0,0,1,0,1,0,2,0,2,0,0,0,0,0
2025-11-28,0,0,0,0,0,0,0,0,0,0,0,0,0,0,0,0,0,0,1,0,34,0,3,0,15,0,0,0,0,7,0,2,0,1,0,2,0,0,0
2025-11-29,0,0,0,0,0,0,0,0,0,0,0,0,0,0,0,0,0,0,1,0,14,0,0,0,7,0,0,1,0,2,0,0,0,0,0,0,0,0,0
2025-11-30,0,0,0,1,0,0,0,0,0,0,0,0,0,0,0,0,0,0,0,0,21,1,1,0,12,0,0,0,0,0,0,1,0,0,0,0,0,0,0
2025-12-01,0,0,0,0,0,0,0,0,0,0,0,0,0,0,0,0,0,0,5,0,16,1,5,0,24,0,0,2,0,0,0,0,0,0,0,0,0,0,0
2025-12-02,0,0,0,0,0,0,0,0,0,0,0,0,0,0,0,0,0,0,11,0,24,0,9,0,24,0,0,2,0,5,0,3,0,4,0,0,0,0,0
2025-12-03,0,0,0,0,0,0,0,0,0,0,0,0,0,0,0,0,0,0,7,0,22,0,9,0,14,0,0,2,0,7,0,13,0,4,0,1,0,0,0
2025-12-04,0,1,0,0,0,0,0,0,0,0,0,0,0,0,0,0,0,0,15,0,22,0,13,0,10,0,0,3,0,3,0,4,0,2,0,0,0,0,0
2025-12-05,0,0,0,0,0,0,0,0,0,0,0,0,0,0,0,0,0,0,2,0,18,0,9,0,18,0,0,12,0,0,0,4,0,4,0,3,0,0,0
2025-12-06,0,0,0,0,0,0,0,0,0,0,0,0,0,0,0,0,0,0,4,0,11,0,2,0,4,0,0,0,0,5,0,1,0,0,0,0,0,0,0
2025-12-07,0,0,0,0,0,0,0,0,0,0,0,0,0,0,0,0,0,0,1,0,12,2,2,0,7,0,0,3,0,2,0,1,0,1,0,2,0,0,0
2025-12-08,0,0,0,0,0,0,0,0,0,0,0,0,0,0,0,0,0,0,10,0,22,0,16,0,21,0,0,1,0,13,0,8,0,3,0,0,0,0,0
2025-12-09,0,0,0,0,0,0,0,0,0,0,0,0,0,0,0,0,0,0,3,0,45,0,5,0,25,0,0,2,0,1,0,7,0,5,0,0,0,0,0
2025-12-10,0,0,0,0,0,0,0,0,0,0,0,0,0,0,0,0,0,0,3,0,39,0,5,0,17,0,0,7,0,6,0,1,0,1,0,0,0,2,0
2025-12-11,0,0,0,0,0,0,0,0,0,0,1,0,0,0,0,0,0,0,3,0,35,1,8,0,15,0,0,2,0,7,0,2,0,3,0,4,0,0,0
2025-12-12,0,0,0,0,0,0,0,0,0,0,0,0,0,0,0,0,0,0,1,0,17,0,8,0,17,0,0,1,0,6,0,1,0,2,0,0,1,7,0
2025-12-13,0,0,0,0,0,0,0,0,0,0,0,0,0,0,0,0,0,0,0,0,10,0,0,0,9,0,1,6,0,5,0,0,0,0,0,0,1,1,0
2025-12-14,0,0,0,0,0,0,0,0,0,0,0,0,0,0,0,0,0,0,0,0,7,2,5,0,4,0,0,2,0,0,0,0,0,0,0,0,0,1,0
2025-12-15,0,0,0,0,0,0,0,0,0,0,0,0,0,0,0,0,0,0,4,0,18,0,12,1,11,0,0,7,0,3,0,0,0,1,0,0,0,0,0
2025-12-16,0,0,0,0,0,0,0,0,0,0,0,0,0,0,0,0,0,0,4,0,26,3,26,0,8,0,0,2,0,4,1,2,0,1,0,0,0,2,0
2025-12-17,0,0,0,0,0,0,0,0,0,0,0,0,0,0,0,0,0,0,2,0,14,0,19,0,10,0,0,3,0,4,0,0,0,1,0,1,0,1,0
2025-12-18,0,0,0,0,0,0,0,0,0,0,0,0,0,0,0,0,0,0,1,0,10,2,13,0,9,0,0,2,0,5,0,0,0,0,0,1,0,1,0
2025-12-19,0,0,0,0,0,0,0,0,0,0,0,0,0,0,0,0,0,0,4,0,11,1,12,0,14,0,1,2,0,1,0,0,0,3,0,0,0,1,0
2025-12-20,0,0,0,0,0,0,0,0,0,0,0,0,0,0,0,0,0,0,1,0,3,1,6,0,5,0,0,3,0,0,1,0,0,1,0,0,0,0,0
2025-12-21,0,0,0,0,0,0,0,0,0,0,0,0,0,0,0,0,0,0,0,0,2,3,2,1,1,0,0,2,0,2,0,0,0,1,0,0,0,0,0
2025-12-22,0,0,0,0,0,0,0,0,0,0,0,0,0,0,0,1,0,1,6,0,10,1,9,0,13,0,0,3,0,1,0,3,0,0,0,0,0,1,0
2025-12-23,0,0,0,0,0,0,0,0,0,0,0,0,0,0,0,0,0,0,1,0,9,3,9,0,15,0,0,1,0,6,0,1,0,0,0,0,0,0,0
2025-12-24,0,0,0,0,0,0,0,0,0,0,0,0,0,0,0,0,0,0,2,0,5,0,4,0,9,0,0,1,0,3,0,0,0,1,0,0,0,0,0
2025-12-25,0,0,0,0,0,0,0,0,0,0,0,0,0,0,0,0,0,0,3,0,5,0,4,0,8,0,0,1,0,0,0,2,0,0,0,0,0,0,0
2025-12-26,0,0,0,0,0,0,0,0,0,0,0,0,0,0,0,0,0,0,2,0,12,1,1,0,13,0,0,0,0,1,0,0,0,3,0,0,0,0,0
2025-12-27,0,0,0,0,0,0,0,0,0,0,0,0,0,0,0,0,0,0,0,0,8,1,0,0,5,0,0,4,0,6,0,0,0,0,0,0,0,0,0
2025-12-28,0,0,0,0,0,0,0,0,0,0,0,0,0,0,0,0,0,0,2,0,8,0,0,0,4,0,0,0,0,5,0,0,0,2,0,0,0,0,0
2025-12-29,0,0,0,0,0,0,0,0,0,0,0,0,0,0,0,0,0,0,1,0,11,0,9,1,22,0,0,2,0,1,0,1,0,1,0,0,1,0,0
2025-12-30,0,0,0,0,0,0,0,0,0,0,0,0,0,0,0,0,0,0,1,0,7,1,13,0,8,0,0,3,0,2,0,0,0,1,1,0,0,1,0
2025-12-31,0,0,0,0,0,0,0,0,0,0,0,0,0,0,0,0,0,0,1,0,9,0,17,0,14,0,0,0,0,3,0,1,0,0,0,0,0,0,0
2026-01-01,0,0,0,0,0,0,0,0,0,0,0,0,0,0,0,0,0,0,0,0,7,0,2,0,1,0,0,1,0,3,0,0,0,1,0,0,0,0,0
2026-01-02,0,0,0,0,0,0,0,0,0,0,0,0,0,0,0,0,0,0,4,0,13,4,36,0,8,0,0,0,0,3,0,1,0,1,0,0,1,0,0
2026-01-03,0,0,0,0,0,0,0,0,0,0,0,0,0,0,0,0,0,0,2,0,8,1,10,0,1,0,0,2,0,1,0,0,0,0,0,0,1,1,0
2026-01-04,0,0,0,0,0,0,0,0,0,0,0,0,0,0,0,0,0,0,0,0,1,1,4,0,2,0,0,1,0,0,0,0,0,0,1,0,0,0,0
2026-01-05,0,0,0,0,0,0,0,0,0,0,0,0,0,0,0,0,0,0,1,0,11,0,11,0,19,0,0,10,0,3,0,4,0,3,0,2,0,0,0
2026-01-06,1,0,0,0,0,0,0,0,0,0,0,0,0,0,0,0,0,0,7,0,14,2,15,0,32,0,0,2,0,4,0,1,0,3,1,2,1,0,0
2026-01-07,0,0,0,0,0,0,0,0,0,0,0,0,0,0,0,0,0,0,14,0,21,0,10,0,18,0,0,4,0,2,0,0,0,0,0,1,1,2,0
2026-01-08,0,0,0,0,0,0,0,0,0,0,0,0,0,0,0,0,0,0,8,0,13,0,8,0,9,0,0,1,0,5,0,2,0,2,0,2,0,2,0
2026-01-09,0,0,0,0,0,0,0,0,0,0,1,0,0,0,0,0,0,0,7,0,10,3,6,0,7,0,0,3,0,3,0,1,0,3,1,1,0,0,0
2026-01-10,0,0,0,0,0,0,0,0,0,0,0,0,0,0,0,0,0,0,0,0,5,2,2,0,4,0,0,0,0,2,0,1,0,1,0,0,0,0,0
2026-01-11,0,0,0,0,0,0,0,0,0,0,0,0,0,0,0,0,0,0,1,0,7,2,1,0,1,0,0,0,0,2,0,2,0,1,0,0,0,0,0
2026-01-12,0,0,0,0,0,0,0,0,0,0,2,0,0,0,0,0,0,0,10,0,9,1,3,0,13,0,0,1,0,3,0,2,0,4,0,0,0,0,0
2026-01-13,0,0,0,0,0,0,0,0,0,0,0,0,0,0,0,0,0,0,9,0,19,2,3,0,14,0,0,2,0,7,1,2,0,6,0,0,0,0,0
2026-01-14,0,0,0,0,0,0,0,0,0,0,0,0,0,0,0,0,0,0,2,0,15,4,3,0,10,0,0,4,0,2,0,0,0,2,0,0,0,0,0
2026-01-15,0,0,0,0,0,0,0,0,0,0,0,0,0,0,0,0,0,0,1,0,14,0,8,0,3,0,0,5,0,6,0,7,0,0,0,0,0,0,0
2026-01-16,0,0,0,0,0,0,0,0,0,0,0,0,0,0,0,0,0,0,2,0,11,0,3,0,5,0,0,1,0,4,0,2,0,4,0,3,0,0,0
2026-01-17,0,0,0,0,0,0,0,0,0,0,0,0,0,0,0,0,0,0,0,0,6,0,2,0,5,0,0,1,0,2,0,2,0,1,0,0,0,0,0
2026-01-18,0,0,0,0,0,0,0,0,0,0,0,0,0,0,0,0,0,0,4,0,8,0,6,0,1,0,0,2,0,1,0,1,0,0,0,0,0,0,0
2026-01-19,0,0,0,0,0,0,0,0,0,0,0,0,0,0,0,0,0,0,0,0,5,1,5,0,1,0,0,3,0,3,0,2,0,0,0,0,0,0,0
2026-01-20,0,0,0,0,0,0,0,0,0,0,0,0,0,0,0,0,0,0,5,0,17,0,7,0,2,0,0,0,0,4,0,2,0,0,0,0,0,0,0
2026-01-21,0,0,0,0,0,0,0,0,0,0,0,0,0,0,0,0,0,0,2,0,21,1,7,0,10,0,0,0,0,1,0,8,0,3,1,0,0,0,0
2026-01-22,0,0,0,0,0,0,0,0,0,0,0,0,0,0,0,0,0,0,2,0,14,1,8,0,6,0,0,1,0,7,0,4,0,1,1,1,0,0,0
2026-01-23,0,0,0,0,0,0,0,0,0,0,0,0,0,0,0,0,0,0,1,0,15,0,8,0,11,0,0,1,0,4,0,1,0,1,0,0,0,0,0
2026-01-24,0,0,0,0,0,0,0,0,0,0,0,0,0,0,0,0,0,0,3,0,13,0,1,0,4,0,0,0,0,1,0,1,0,2,0,1,0,0,0
2026-01-25,0,0,0,0,0,0,0,0,0,0,0,0,0,0,0,0,0,0,0,0,5,2,3,0,4,0,0,2,0,0,0,0,0,2,0,0,0,0,0
2026-01-26,0,0,0,0,0,0,0,0,0,0,0,0,0,0,0,0,0,0,6,0,47,0,6,0,11,0,1,2,0,2,0,4,0,1,0,2,0,0,0
2026-01-27,0,0,0,0,0,0,0,0,0,0,0,0,0,0,0,0,0,0,9,0,14,0,3,0,8,0,0,1,0,5,0,8,0,1,0,0,1,0,0
2026-01-28,0,0,0,0,0,0,0,0,0,0,0,0,0,0,0,0,0,0,2,0,16,0,20,0,12,0,0,2,0,4,0,15,0,2,0,0,1,0,0
2026-01-29,0,0,0,0,0,0,0,0,0,0,0,0,0,0,0,0,0,0,11,0,14,2,20,0,11,0,0,5,0,6,1,28,0,1,0,0,0,0,0
2026-01-30,0,0,0,0,0,0,0,0,0,0,0,0,0,0,0,0,0,0,4,0,37,2,4,0,8,0,0,5,0,4,0,14,0,0,0,0,0,0,0
2026-01-31,0,0,0,0,0,0,0,0,0,0,0,0,0,0,0,0,0,0,0,0,66,0,12,0,12,0,0,1,0,2,0,11,0,0,0,0,0,0,0
2026-02-01,0,0,0,2,0,0,0,0,0,0,0,0,0,0,0,0,0,0,1,0,17,1,4,0,9,0,0,7,0,3,0,7,0,1,0,0,0,0,0
2026-02-02,0,0,0,0,0,0,0,0,0,0,0,0,0,0,0,0,0,0,4,0,40,1,8,0,11,0,0,19,1,11,0,4,0,0,0,0,0,0,0
2026-02-03,0,0,0,0,0,0,0,0,0,0,0,0,0,0,0,0,0,0,2,0,60,0,9,0,7,0,0,11,1,1,0,16,0,12,0,0,0,0,0
2026-02-04,0,0,0,0,0,0,0,0,0,0,0,0,0,0,0,0,0,0,1,0,29,0,3,0,5,0,0,9,0,10,0,3,0,13,0,0,0,0,0
2026-02-05,0,0,0,0,0,0,0,0,0,0,0,0,0,0,0,0,0,0,6,0,31,1,2,3,12,0,0,4,0,4,0,4,0,1,0,1,4,0,0
2026-02-06,0,0,0,0,0,0,0,0,0,0,0,0,0,0,0,0,0,0,3,0,19,1,2,0,11,0,0,5,0,3,0,11,0,1,0,0,0,0,0
2026-02-07,0,0,0,0,0,0,0,0,0,0,0,0,0,0,0,0,0,0,0,0,13,2,2,0,9,0,1,0,0,1,2,4,0,2,1,0,0,0,0
2026-02-08,0,0,0,0,0,0,0,0,0,0,0,0,0,0,0,0,0,0,0,0,12,1,2,0,0,0,0,1,0,0,4,3,0,0,0,0,0,0,0
2026-02-09,0,0,0,0,0,0,0,0,0,0,0,0,0,0,0,0,0,0,0,0,15,1,5,2,5,0,3,2,0,7,1,6,0,0,0,0,0,1,0
2026-02-10,0,0,0,0,0,0,0,0,0,0,2,0,0,0,0,0,0,0,1,0,16,0,2,0,3,0,0,1,0,11,0,3,0,0,0,0,0,0,0
2026-02-11,0,0,0,0,0,0,0,0,0,0,0,0,0,0,0,0,0,0,1,0,21,1,2,0,3,0,0,1,0,8,7,13,0,0,0,0,1,0,0
2026-02-12,0,0,0,0,0,0,0,0,0,0,0,0,0,0,0,0,0,0,0,0,10,0,5,1,6,0,0,3,0,5,1,8,0,2,0,0,0,0,0
2026-02-13,0,0,0,0,0,0,0,0,0,0,0,0,0,0,0,0,0,0,1,0,16,1,3,3,3,0,0,0,0,6,0,1,0,1,0,0,0,0,0
2026-02-14,0,0,0,0,0,0,0,0,0,0,0,0,0,0,0,0,0,0,0,0,7,0,1,1,6,0,0,1,0,3,0,4,0,0,0,0,0,0,0
2026-02-15,0,0,0,0,0,0,0,0,0,0,0,0,0,0,0,0,0,0,0,0,11,0,0,0,8,0,0,0,0,2,0,2,0,0,0,0,0,0,0
2026-02-16,0,0,0,0,0,0,0,0,0,0,0,0,0,0,0,0,0,0,0,0,10,1,4,0,4,0,1,5,0,0,0,4,0,0,0,1,0,0,0
2026-02-17,0,0,0,0,0,0,0,0,0,0,0,0,0,0,0,0,0,0,1,0,17,0,0,0,8,0,0,8,0,4,0,1,0,0,0,0,0,0,0
2026-02-18,0,0,0,0,0,0,0,0,0,0,0,0,0,0,0,0,0,0,4,0,14,0,1,0,4,0,0,6,0,3,0,2,0,0,0,0,0,0,0
2026-02-19,0,0,0,0,0,0,0,0,0,0,0,0,0,0,0,0,0,0,1,0,16,2,2,0,5,0,0,6,0,2,0,2,0,0,0,0,0,0,0
2026-02-20,0,0,0,0,0,0,0,0,0,0,0,0,0,0,0,0,0,0,2,0,11,0,5,2,17,0,0,1,0,3,0,10,0,0,0,0,0,1,0
2026-02-21,0,0,0,1,0,0,0,0,0,0,0,0,0,0,0,0,0,0,1,0,12,0,0,0,3,0,0,0,0,0,0,1,0,0,2,0,0,0,0
2026-02-22,0,0,0,0,0,0,0,0,0,0,0,0,0,0,0,0,0,0,0,0,8,2,0,0,8,0,0,0,0,0,0,1,0,0,0,0,0,0,0
2026-02-23,0,0,0,0,0,0,0,0,0,0,0,0,0,0,0,0,0,0,0,0,11,1,7,0,8,0,0,0,0,7,0,8,0,0,0,0,0,0,0
2026-02-24,0,0,0,0,0,0,0,0,0,0,0,0,0,0,0,0,0,0,5,0,11,1,1,0,17,0,0,1,0,2,0,7,0,12,0,0,0,0,0
2026-02-25,0,0,0,0,0,0,0,0,0,0,2,0,0,0,0,0,0,0,1,0,12,0,0,0,50,0,0,1,0,2,0,2,0,1,0,0,1,0,0
2026-02-26,0,0,0,0,0,0,0,0,0,0,0,0,0,0,0,0,0,0,1,0,10,0,0,0,37,0,0,0,0,4,0,1,0,3,0,0,0,0,0
2026-02-27,0,0,0,0,0,0,0,0,0,0,0,0,0,0,0,0,0,0,0,0,12,0,1,0,18,0,0,1,0,3,0,5,0,0,0,0,0,0,0
2026-02-28,0,0,0,0,0,0,0,0,0,0,0,0,0,0,0,0,0,0,1,0,7,0,2,0,9,0,0,0,0,1,0,1,0,1,0,0,0,0,0
2026-03-01,0,0,0,0,0,0,0,0,0,0,0,0,0,0,0,0,0,0,0,0,4,1,1,0,5,0,0,3,0,2,0,3,0,1,0,0,0,0,0
2026-03-02,0,0,0,0,0,0,0,0,0,0,0,0,0,0,0,0,0,0,3,0,12,1,2,0,4,0,0,4,0,0,0,2,0,0,0,0,0,0,0
2026-03-03,0,0,0,0,0,0,0,0,0,0,0,0,0,0,0,0,0,0,0,0,12,2,4,0,1,0,0,3,0,2,0,6,0,0,0,0,0,0,0
2026-03-04,0,1,0,0,0,0,0,0,0,0,0,0,0,0,0,0,0,0,0,0,13,1,4,0,9,0,0,2,0,0,0,3,0,0,0,0,0,0,0
2026-03-05,0,0,0,0,0,0,0,0,0,0,0,0,0,0,0,0,0,0,5,0,4,2,3,1,11,0,0,1,0,2,0,1,0,0,0,0,0,0,0
2026-03-06,0,0,0,0,0,0,0,0,0,0,0,0,0,0,0,0,0,0,7,0,11,0,0,0,3,0,0,2,0,4,0,2,0,2,0,0,0,0,0
2026-03-07,0,0,0,0,0,0,0,0,0,0,0,0,0,0,0,0,0,0,2,0,7,1,0,0,3,0,0,4,0,3,0,3,0,0,0,0,0,0,0
2026-03-08,0,0,0,0,0,0,0,0,0,0,0,0,0,0,0,0,0,0,0,0,6,1,0,0,6,0,0,1,0,1,0,0,0,1,0,0,0,0,0
2026-03-09,0,0,0,0,0,0,0,0,0,0,0,0,0,0,0,0,0,0,0,0,9,0,4,0,4,0,0,1,0,1,0,0,0,3,0,0,0,0,0
2026-03-10,0,0,0,0,0,0,0,0,0,0,0,0,0,0,0,0,0,0,0,0,12,1,3,0,4,0,0,1,1,3,0,2,0,1,0,0,1,0,0
2026-03-11,0,0,0,0,0,0,0,0,0,0,0,0,0,0,0,1,0,0,0,0,14,0,5,0,12,0,0,5,0,3,0,3,0,1,0,0,0,0,0
2026-03-12,0,0,0,0,0,0,0,0,0,0,0,0,0,0,0,0,0,0,0,0,10,0,3,0,6,0,0,1,0,3,0,0,0,0,0,0,0,0,0
2026-03-13,0,0,0,0,0,0,0,0,0,0,0,0,0,0,0,0,0,0,1,0,10,0,3,0,5,0,0,0,0,1,0,1,0,2,0,0,0,0,0
2026-03-14,0,0,0,0,0,0,0,0,0,0,0,0,0,0,0,0,0,0,1,0,3,0,3,0,2,0,0,0,0,3,0,0,0,0,0,0,0,0,0
2026-03-15,0,0,0,0,0,0,0,0,0,0,0,0,0,0,0,0,0,0,0,0,2,1,1,2,3,0,0,0,0,3,0,0,0,1,0,0,0,0,0
2026-03-16,0,0,0,0,0,0,0,0,0,0,0,0,0,0,0,0,0,0,2,0,8,0,4,0,15,0,0,0,0,6,0,1,0,0,0,0,1,0,0
2026-03-17,0,0,0,0,0,0,0,0,0,0,0,0,0,0,0,0,0,0,0,0,11,3,1,1,16,0,0,0,0,0,0,0,0,0,0,0,0,0,0
2026-03-18,0,0,0,0,0,0,0,0,0,0,0,0,0,0,0,0,0,0,3,0,10,1,0,0,6,0,0,0,0,1,0,4,0,1,0,0,0,0,0
2026-03-19,0,0,0,0,0,0,0,0,0,0,0,0,0,0,0,0,0,0,0,0,9,0,0,0,6,0,0,1,0,2,0,1,0,0,1,0,1,0,0
2026-03-20,0,0,0,0,0,0,0,0,0,0,0,0,0,0,0,1,0,0,0,0,11,0,0,0,14,0,0,0,0,0,0,11,0,0,0,0,0,0,0
2026-03-21,0,0,0,0,0,0,0,0,0,0,0,0,0,0,0,0,0,0,0,0,3,1,0,0,3,0,0,3,0,2,0,0,0,0,0,0,0,0,0
2026-03-22,0,0,0,0,0,0,0,0,0,0,0,0,0,0,0,0,0,0,0,0,4,1,2,0,2,0,0,0,0,1,0,0,0,0,0,0,0,0,0
2026-03-23,0,0,0,0,0,0,0,0,0,0,0,0,0,0,0,0,0,0,1,0,14,0,5,0,4,0,0,1,0,2,0,1,0,0,0,0,0,0,0
2026-03-24,0,0,0,0,0,0,0,0,0,0,0,0,0,0,0,1,0,0,3,0,23,0,2,1,2,0,0,1,0,1,0,4,0,0,0,0,0,0,0
2026-03-25,0,0,0,0,0,0,0,0,0,0,0,0,0,0,0,0,0,0,1,0,16,0,1,0,4,0,0,2,0,5,0,3,0,2,0,0,0,0,0
2026-03-26,0,0,0,0,0,0,0,0,0,0,0,0,0,0,0,0,0,0,0,0,17,0,1,0,9,0,0,0,0,1,0,9,0,2,0,0,0,0,0
2026-03-27,0,0,0,0,0,0,0,0,0,0,0,0,0,0,0,0,0,0,0,0,15,0,3,0,8,0,0,1,0,2,0,12,0,0,0,0,0,0,0
2026-03-28,0,0,0,0,0,0,0,0,0,0,0,0,0,0,0,0,0,0,1,0,7,1,1,0,3,0,0,1,0,2,0,3,0,0,0,0,0,0,0
2026-03-29,0,0,0,0,0,0,0,0,0,0,0,0,0,0,0,0,0,0,0,0,4,0,0,0,3,0,0,0,0,1,0,5,0,0,0,0,0,0,0
2026-03-30,0,0,0,0,0,0,0,0,0,0,0,0,0,0,0,0,0,0,4,0,18,0,5,0,7,0,0,1,0,8,0,5,0,2,0,0,0,0,0
2026-03-31,0,0,0,0,0,0,0,0,0,0,0,0,0,0,0,0,0,0,3,0,16,1,1,0,7,0,0,0,0,2,0,3,0,0,0,0,1,0,0
2026-04-01,0,0,0,0,0,0,0,0,0,0,0,0,0,0,0,0,0,0,2,0,12,1,9,0,2,0,0,2,0,7,0,1,0,1,0,1,0,0,0
2026-04-02,0,0,0,0,0,0,0,0,0,0,0,0,0,0,0,1,0,0,2,0,6,1,7,0,2,0,0,1,0,1,0,4,0,3,0,0,0,0,0
2026-04-03,0,0,0,0,0,0,0,0,0,0,0,0,0,0,0,0,0,0,0,0,6,0,5,0,2,0,0,0,0,1,0,1,0,0,0,0,0,0,0
2026-04-04,0,0,0,0,0,0,0,0,0,0,0,0,0,0,0,0,0,0,6,0,6,1,1,0,5,0,0,0,0,0,0,1,0,0,0,0,0,0,0
2026-04-05,0,0,0,0,0,0,0,0,0,0,0,0,0,0,0,1,0,0,4,0,3,1,0,0,3,0,0,1,0,0,0,0,0,0,0,2,0,0,0
2026-04-06,0,0,0,0,0,0,0,0,0,0,0,0,0,0,0,0,0,0,3,0,7,2,10,1,2,0,0,0,0,1,1,2,0,2,1,0,0,0,0
2026-04-07,0,0,0,0,0,0,0,0,0,0,0,0,0,0,0,0,0,0,7,0,7,2,8,0,3,0,0,0,0,0,0,0,0,0,0,1,0,0,0
2026-04-08,0,0,0,0,0,0,0,0,0,0,0,0,0,0,0,0,0,0,3,0,12,2,8,0,5,0,0,0,0,1,0,6,0,3,0,0,0,0,0
2026-04-09,1,0,0,0,0,0,0,0,0,0,0,0,0,0,0,0,0,0,0,0,5,0,3,0,4,0,0,0,0,3,0,3,0,1,0,1,0,0,0
2026-04-10,0,0,0,0,0,0,0,0,0,0,0,0,0,0,0,3,0,0,1,0,4,1,4,0,2,0,0,9,0,2,0,6,0,1,0,0,0,0,0
2026-04-11,0,0,0,0,0,0,0,0,0,0,0,0,0,0,0,0,0,0,1,0,5,1,1,0,2,0,0,6,0,0,1,2,0,0,0,0,0,0,0
2026-04-12,0,0,0,0,0,0,0,0,0,0,0,0,0,0,0,0,0,0,0,0,12,1,3,0,7,0,0,2,0,2,0,2,0,0,0,0,1,0,0
2026-04-13,0,0,0,0,0,0,0,0,0,0,0,0,0,0,0,2,0,0,1,0,9,0,3,0,5,0,0,7,0,3,1,9,0,0,0,1,0,0,0
2026-04-14,0,0,0,0,0,0,0,0,0,0,0,0,0,0,0,0,0,0,2,0,10,0,4,0,5,0,0,1,0,0,0,3,0,0,0,0,0,0,0
2026-04-15,0,0,0,0,0,0,0,0,0,0,0,0,0,0,0,0,0,0,5,0,12,3,10,0,8,0,0,1,0,5,0,5,0,0,0,0,0,0,0
2026-04-16,0,0,0,0,1,0,0,0,0,0,0,0,0,0,0,1,0,0,3,0,15,0,5,3,3,0,0,0,0,2,2,6,0,1,0,0,0,0,0
2026-04-17,0,0,0,0,0,0,0,0,0,0,0,0,0,0,0,1,0,0,6,0,8,2,8,0,6,0,0,1,0,1,0,4,0,4,0,1,0,0,0
2026-04-18,0,0,0,0,0,0,0,0,0,0,0,0,0,0,0,0,0,0,0,0,2,1,5,0,4,0,0,2,0,3,0,3,0,1,0,0,0,0,0
2026-04-19,0,0,0,0,0,0,0,0,0,0,0,0,0,0,0,0,0,0,0,0,4,1,3,0,2,0,0,2,0,2,0,2,0,1,0,1,0,0,0
2026-04-20,0,0,0,0,0,0,0,0,0,0,0,0,0,0,0,2,0,0,11,0,13,1,3,0,2,0,0,1,0,5,0,7,0,0,0,0,0,0,0
2026-04-21,0,0,0,0,0,0,0,0,0,0,0,0,0,0,0,0,0,0,4,0,13,0,4,0,6,0,0,1,0,3,0,4,0,2,0,0,0,0,0
2026-04-22,0,0,0,0,0,0,0,0,0,0,0,0,0,0,0,0,0,0,6,0,13,0,18,0,12,0,0,1,0,2,1,4,0,8,0,0,0,0,0
2026-04-23,0,0,0,0,0,0,0,0,0,0,0,0,0,0,0,0,0,0,4,0,20,0,8,0,8,0,0,5,0,4,0,3,0,3,0,0,0,0,0
2026-04-24,0,0,0,0,0,0,0,0,0,0,0,0,0,0,0,0,0,0,4,0,13,0,3,0,10,0,0,2,0,3,1,1,0,18,0,0,0,0,0
2026-04-25,0,0,0,0,0,0,0,0,0,0,0,0,0,0,0,0,0,0,0,0,4,1,1,0,5,0,0,1,0,1,0,1,0,4,0,0,0,0,0
2026-04-26,0,0,0,0,0,0,0,0,0,0,0,0,0,0,0,0,0,0,2,0,6,0,2,0,1,0,0,1,0,0,0,1,0,1,0,0,0,0,0
2026-04-27,0,0,0,0,0,0,0,0,0,0,0,0,0,0,0,0,0,0,1,0,16,0,3,2,5,0,0,1,0,5,1,4,0,2,0,0,0,0,0
2026-04-28,0,0,0,0,0,0,0,0,0,0,0,0,0,0,0,0,0,0,2,0,9,0,5,3,4,0,0,3,1,8,1,4,0,3,0,1,0,0,0
2026-04-29,0,0,0,0,0,0,0,0,0,0,0,0,0,0,0,0,0,0,2,0,12,0,2,3,9,0,0,2,0,11,0,16,0,2,0,0,0,0,0
2026-04-30,0,0,0,0,0,0,0,0,0,0,0,0,0,0,0,0,0,0,19,0,10,0,3,2,2,0,0,1,0,0,1,12,0,1,0,2,0,0,0
2026-05-01,0,0,0,0,0,0,0,0,0,0,0,0,0,0,0,3,0,0,5,0,46,2,1,5,4,0,0,1,0,4,1,1,0,1,0,0,0,0,0
2026-05-02,0,0,0,0,0,0,0,0,0,0,0,0,0,0,0,0,0,0,3,0,39,1,1,2,2,0,0,2,0,3,0,2,0,0,0,0,0,0,0
2026-05-03,0,0,0,0,0,0,0,0,0,0,0,0,0,0,0,0,0,0,0,0,47,0,0,2,5,0,0,0,0,0,0,4,0,2,0,0,0,0,0
2026-05-04,0,0,0,0,0,0,0,0,0,0,0,0,0,0,0,0,0,0,2,0,106,0,1,0,6,0,0,9,0,5,3,3,0,3,0,0,0,0,0
2026-05-05,0,0,0,0,0,0,0,0,0,0,0,0,0,0,0,1,0,0,2,0,71,0,1,1,14,0,0,5,0,1,0,3,0,11,0,0,0,0,0
2026-05-06,0,0,0,0,0,0,0,0,0,0,0,0,0,0,0,0,0,0,1,0,31,0,2,1,7,0,0,0,0,6,0,0,0,39,0,0,0,0,0
2026-05-07,0,0,0,0,0,0,0,0,0,0,0,0,0,0,0,0,1,0,3,0,36,0,2,3,8,0,0,1,0,3,0,1,0,11,1,0,0,0,0
2026-05-08,0,0,0,0,0,0,0,0,0,0,0,0,0,0,0,0,0,0,10,0,26,0,4,0,7,0,0,1,0,4,1,1,0,16,0,0,0,0,0
2026-05-09,0,0,0,0,0,0,0,0,0,0,0,0,0,0,0,0,0,0,3,0,31,1,1,0,5,0,0,0,0,1,0,1,0,10,1,0,1,0,0
2026-05-10,0,0,0,0,0,0,0,0,0,0,0,0,0,0,0,0,0,0,1,0,12,0,2,0,0,0,0,0,0,2,1,0,0,3,0,0,0,0,0
2026-05-11,0,0,0,0,0,0,0,0,0,0,0,0,0,0,0,0,0,0,4,0,33,4,8,2,9,0,0,1,0,1,0,2,0,18,0,0,0,0,0
2026-05-12,0,0,0,0,0,0,0,0,0,0,0,0,0,0,0,0,0,0,1,0,60,1,4,0,11,0,0,2,0,5,0,7,0,6,0,2,0,0,0
2026-05-13,0,0,0,0,0,0,0,0,0,0,0,0,0,0,0,5,0,0,6,0,32,2,4,4,12,0,0,2,0,0,1,2,0,2,0,1,1,0,0
2026-05-14,0,0,0,0,0,0,0,0,0,0,0,0,0,0,0,1,0,0,4,0,38,0,3,3,21,0,0,2,0,5,0,2,0,5,0,3,1,0,0
2026-05-15,0,0,0,0,0,0,0,0,0,0,0,0,0,0,0,0,0,0,7,0,18,0,2,0,21,0,0,1,0,4,0,4,0,8,0,0,0,0,0
2026-05-16,0,0,0,0,0,0,0,0,0,0,0,0,0,0,0,0,0,0,4,0,19,1,0,2,17,0,0,1,0,2,0,12,0,0,0,0,0,0,0
2026-05-17,0,0,0,0,0,0,0,0,0,0,0,0,0,0,0,0,0,0,1,0,11,0,1,1,6,0,0,2,0,1,0,3,0,2,0,0,0,0,0
2026-05-18,0,0,0,0,0,0,0,0,0,0,0,0,0,0,0,0,0,0,1,0,11,3,3,1,14,0,0,1,0,3,0,3,0,2,0,3,0,0,0
2026-05-19,0,0,0,0,0,0,0,0,0,0,0,0,0,0,0,0,0,0,2,0,9,2,7,0,14,0,0,0,0,6,0,5,0,2,0,0,1,0,0
2026-05-20,0,0,0,0,0,0,0,0,0,0,0,0,0,0,0,0,0,0,2,0,19,0,2,0,53,0,0,0,0,0,0,2,0,4,0,0,1,0,0
2026-05-21,0,0,0,0,0,0,0,0,0,0,0,0,0,0,0,0,0,0,0,0,14,0,3,0,29,0,0,1,0,2,0,3,0,5,0,1,3,0,0
2026-05-22,0,0,0,1,0,0,0,0,0,0,0,0,0,0,0,0,0,1,10,0,12,1,0,1,12,0,0,1,0,0,3,3,0,1,0,1,0,0,0
2026-05-23,0,0,0,0,0,0,0,0,0,0,0,0,0,0,0,0,0,0,3,0,13,3,1,3,11,0,0,2,0,1,1,1,0,1,0,1,1,0,0
2026-05-24,0,0,0,0,0,0,0,0,0,0,0,0,0,0,0,0,0,0,0,0,10,2,1,1,11,0,0,1,0,0,0,0,0,2,0,0,0,0,0
2026-05-25,0,0,0,0,0,0,0,0,0,0,0,0,0,0,0,0,0,0,0,0,6,2,1,2,7,0,0,0,0,1,2,3,0,2,0,0,3,0,0
2026-05-26,0,0,0,0,0,0,0,0,0,0,0,0,0,0,0,0,0,0,0,0,10,0,2,2,8,0,0,3,0,3,1,1,0,9,0,0,2,0,0
2026-05-27,0,0,0,0,0,0,0,0,0,0,2,0,0,0,0,0,0,0,1,0,23,0,4,4,8,0,0,0,0,12,2,6,0,0,0,0,1,0,0
2026-05-28,0,0,0,0,0,0,0,0,0,0,0,0,0,0,0,0,0,0,0,0,16,2,5,5,4,0,0,3,0,7,2,2,0,6,0,8,0,0,0
2026-05-29,0,0,0,0,0,0,0,0,0,0,0,0,0,0,0,1,0,0,1,0,9,1,6,0,15,0,0,2,0,9,2,5,0,8,0,23,0,0,0
2026-05-30,0,0,0,0,0,0,0,0,0,0,0,0,0,0,0,0,0,0,3,0,11,1,0,2,7,0,0,2,0,1,0,7,0,1,0,46,0,0,0
2026-05-31,0,0,0,0,0,0,0,0,0,0,0,0,0,0,0,0,0,0,1,0,5,0,1,3,7,0,0,1,0,6,4,2,0,3,0,64,0,0,0
2026-06-01,0,0,0,0,0,0,0,0,0,0,0,0,0,0,0,0,0,0,2,0,10,7,7,4,25,0,0,0,0,3,1,4,0,9,0,122,1,0,0
2026-06-02,0,0,0,0,0,0,0,0,0,0,0,0,0,0,0,1,0,0,3,0,39,3,0,2,25,0,0,0,0,7,5,5,0,0,0,92,0,0,0
2026-06-03,0,0,0,0,0,0,0,0,0,0,0,0,0,0,0,0,0,0,0,0,34,0,5,7,6,0,0,5,0,5,7,6,0,1,0,34,0,0,0
2026-06-04,0,0,0,0,0,0,0,0,0,0,0,0,0,0,0,3,0,0,2,0,11,0,3,3,11,0,0,5,0,4,0,2,0,3,0,3,0,0,0
2026-06-05,0,0,0,0,0,0,0,0,0,0,0,0,0,0,0,0,0,0,3,0,6,0,2,3,6,0,0,0,0,3,0,0,0,2,0,0,0,0,0
2026-06-06,0,0,0,0,0,0,0,0,0,0,0,0,0,0,0,0,0,0,2,0,17,1,1,0,8,0,0,0,0,4,2,0,0,2,0,6,0,0,0
2026-06-07,0,0,0,0,0,0,0,0,0,0,0,0,0,0,0,0,0,0,3,0,9,1,3,0,6,0,0,0,0,2,0,0,0,2,0,0,0,0,0
2026-06-08,0,0,0,0,0,0,0,0,0,0,0,0,0,0,0,0,0,0,1,0,11,1,5,4,16,0,0,1,0,6,0,1,0,2,0,1,0,0,0
2026-06-09,0,0,0,0,0,0,0,0,0,0,0,0,0,0,0,0,0,0,5,0,11,0,3,1,5,0,0,0,0,1,0,2,0,2,0,4,0,0,0
2026-06-10,0,0,0,0,0,0,0,0,0,0,0,0,0,0,0,0,0,0,2,0,8,1,9,1,7,0,0,1,0,2,0,3,0,1,1,0,0,0,0
2026-06-11,0,0,0,0,0,0,0,0,0,0,0,0,0,0,0,0,0,0,1,0,6,5,3,0,6,0,0,1,0,1,4,3,0,0,1,3,0,0,0
2026-06-12,0,0,0,0,0,0,0,0,0,0,0,0,0,0,0,0,0,0,2,0,11,0,7,0,7,0,0,0,0,18,0,5,0,0,0,18,0,0,0
2026-06-13,0,0,0,0,0,0,0,0,0,0,0,0,0,0,0,0,0,0,5,0,8,2,3,0,3,0,0,0,0,2,0,0,0,1,0,0,0,0,0
2026-06-14,0,0,0,0,0,0,0,0,0,0,0,0,0,0,0,0,0,0,0,0,5,0,1,2,1,0,0,0,0,0,0,3,0,0,0,0,0,0,0
2026-06-15,0,0,0,0,0,0,0,0,0,0,1,0,0,0,0,0,0,0,1,0,7,0,5,1,8,0,0,1,0,2,1,1,0,2,0,1,0,0,0
2026-06-16,0,0,0,0,0,0,0,0,0,0,0,0,0,0,0,0,0,0,0,0,11,2,10,0,6,0,0,0,0,3,0,7,0,1,0,0,1,0,0
2026-06-17,0,0,0,0,0,0,0,0,0,0,0,0,0,0,0,0,0,0,1,0,10,0,3,0,2,0,0,2,0,9,0,6,0,0,0,0,0,0,0
2026-06-18,0,0,0,0,0,0,0,0,0,0,0,0,0,0,0,1,0,0,8,0,12,1,8,0,5,0,0,0,0,5,2,18,0,1,0,0,0,0,0
2026-06-19,0,0,0,0,0,0,0,0,0,0,0,0,0,0,0,0,0,0,0,0,3,2,0,3,3,0,0,0,0,1,0,3,0,1,0,0,0,0,0
2026-06-20,0,0,0,0,0,0,0,0,0,0,0,0,0,0,0,0,0,0,1,0,4,1,2,1,1,0,0,1,0,2,0,1,0,1,0,0,0,0,0
2026-06-21,0,0,0,0,0,0,0,0,0,0,0,0,0,0,0,0,0,0,1,0,5,0,1,0,5,0,0,1,0,0,0,1,0,1,0,0,0,0,0
2026-06-22,0,0,0,0,0,0,0,0,0,0,0,0,0,0,0,0,0,0,1,0,11,3,0,0,1,0,0,1,0,2,0,7,0,1,0,0,0,0,0
2026-06-23,0,0,0,0,0,0,0,0,0,0,0,0,0,0,0,1,0,0,1,0,15,1,2,1,5,0,0,3,0,3,0,4,0,2,0,0,0,0,0
2026-06-24,0,0,0,0,0,0,0,0,0,0,0,0,0,0,0,0,0,0,5,0,16,4,1,6,7,0,0,2,0,7,2,11,0,0,0,1,6,0,0
2026-06-25,0,0,0,0,0,0,0,0,0,0,0,0,0,0,0,0,1,0,7,0,11,3,6,1,7,0,0,4,0,12,2,19,0,4,0,1,0,0,0
2026-06-26,0,0,0,0,0,0,0,0,0,0,0,0,0,0,0,1,0,0,3,0,17,1,0,0,8,0,0,1,0,9,2,8,0,1,1,0,0,0,0
2026-06-27,0,0,0,0,0,0,0,0,0,0,0,0,0,0,0,0,0,0,5,0,10,2,0,0,5,0,0,0,0,2,1,6,0,1,0,0,0,0,0
2026-06-28,0,0,0,0,0,0,0,0,0,0,0,0,0,0,0,0,0,0,0,0,9,1,2,0,7,0,0,1,0,4,0,5,0,1,0,0,0,0,0
2026-06-29,0,0,0,0,0,0,0,0,0,0,0,0,0,0,0,0,0,0,1,0,10,0,5,0,6,0,0,1,0,2,4,10,0,1,0,0,0,0,0
2026-06-30,0,0,0,0,0,0,0,0,0,0,0,0,0,0,0,0,0,0,0,0,19,1,1,6,3,0,0,3,0,2,2,2,0,4,1,0,0,0,0
