ticker,fecha,evento_inicio,tweets,paginas,costo_usd,tope_dia_tocado,descargado_utc
GME,2021-01-06,2021-01-13,26,3,0.0039,False,2026-07-30T03:18:24+00:00
GME,2021-01-07,2021-01-13,13,2,0.0019,False,2026-07-30T03:18:26+00:00
GME,2021-01-08,2021-01-13,31,3,0.0046,False,2026-07-30T03:18:30+00:00
GME,2021-01-09,2021-01-13,12,2,0.0018,False,2026-07-30T03:18:32+00:00
GME,2021-01-10,2021-01-13,4,2,0.0006,False,2026-07-30T03:18:34+00:00
GME,2021-01-11,2021-01-13,147,9,0.022,False,2026-07-30T03:18:49+00:00
GME,2021-01-12,2021-01-13,39,3,0.0058,False,2026-07-30T03:18:53+00:00
GME,2021-01-13,2021-01-13,742,39,0.1113,False,2026-07-30T03:19:57+00:00
GME,2021-01-14,2021-01-13,576,30,0.0864,False,2026-07-30T03:20:56+00:00
GME,2021-01-15,2021-01-13,306,17,0.0459,False,2026-07-30T03:21:24+00:00
GME,2021-01-16,2021-01-13,98,6,0.0147,False,2026-07-30T03:21:34+00:00
GME,2021-01-17,2021-01-13,111,7,0.0166,False,2026-07-30T03:21:48+00:00
GME,2021-01-18,2021-01-13,141,9,0.0211,False,2026-07-30T03:22:03+00:00
GME,2021-01-19,2021-01-13,548,29,0.0822,False,2026-07-30T03:22:51+00:00
GME,2021-01-20,2021-01-13,436,23,0.0654,False,2026-07-30T03:23:29+00:00
GME,2021-01-21,2021-01-13,765,40,0.1147,False,2026-07-30T03:24:34+00:00
GME,2021-01-22,2021-01-13,2693,136,0.4039,False,2026-07-30T03:28:23+00:00
GME,2021-01-23,2021-01-13,698,36,0.1047,False,2026-07-30T03:29:23+00:00
GME,2021-01-24,2021-01-13,635,33,0.0952,False,2026-07-30T03:30:22+00:00
GME,2021-01-25,2021-01-13,4882,246,0.7323,False,2026-07-30T03:37:27+00:00
GME,2021-01-26,2021-01-13,8797,441,1.3195,False,2026-07-30T03:50:40+00:00
GME,2021-01-27,2021-01-13,20241,1014,3.0361,False,2026-07-30T04:21:02+00:00
GME,2021-01-28,2021-01-13,33130,1658,4.9695,False,2026-07-30T05:11:45+00:00
GME,2021-01-29,2021-01-13,17531,878,2.6296,False,2026-07-30T05:58:51+00:00
GME,2021-01-30,2021-01-13,3680,185,0.552,False,2026-07-30T06:05:38+00:00
GME,2021-01-31,2021-01-13,3224,163,0.4836,False,2026-07-30T06:11:10+00:00
GME,2021-02-01,2021-01-13,5016,252,0.7524,False,2026-07-30T06:20:09+00:00
GME,2021-02-02,2021-01-13,4640,234,0.696,False,2026-07-30T06:28:05+00:00
GME,2021-02-03,2021-01-13,2234,113,0.3351,False,2026-07-30T06:31:39+00:00
GME,2021-02-04,2021-01-13,1786,91,0.2679,False,2026-07-30T06:34:31+00:00
GME,2021-02-05,2021-01-13,1812,92,0.2718,False,2026-07-30T06:37:33+00:00
GME,2021-02-06,2021-01-13,470,25,0.0705,False,2026-07-30T06:38:21+00:00
GME,2021-02-07,2021-01-13,348,19,0.0522,False,2026-07-30T06:38:55+00:00
GME,2021-02-08,2021-01-13,551,29,0.0826,False,2026-07-30T06:39:43+00:00
GME,2021-02-09,2021-01-13,515,27,0.0772,False,2026-07-30T06:40:33+00:00
GME,2021-02-10,2021-01-13,813,42,0.1219,False,2026-07-30T06:41:45+00:00
GME,2021-02-11,2021-01-13,440,24,0.066,False,2026-07-30T06:42:24+00:00
AMC,2021-01-08,2021-01-15,14,2,0.0021,False,2026-07-30T06:42:26+00:00
AMC,2021-01-09,2021-01-15,5,2,0.0007,False,2026-07-30T06:42:28+00:00
AMC,2021-01-10,2021-01-15,4,2,0.0006,False,2026-07-30T06:42:30+00:00
AMC,2021-01-11,2021-01-15,18,2,0.0027,False,2026-07-30T06:42:33+00:00
AMC,2021-01-12,2021-01-15,29,3,0.0043,False,2026-07-30T06:42:36+00:00
AMC,2021-01-13,2021-01-15,17,2,0.0025,False,2026-07-30T06:42:38+00:00
AMC,2021-01-14,2021-01-15,15,2,0.0022,False,2026-07-30T06:42:40+00:00
AMC,2021-01-15,2021-01-15,331,18,0.0496,False,2026-07-30T06:43:08+00:00
AMC,2021-01-16,2021-01-15,76,5,0.0114,False,2026-07-30T06:43:15+00:00
AMC,2021-01-17,2021-01-15,117,7,0.0175,False,2026-07-30T06:43:26+00:00
AMC,2021-01-18,2021-01-15,76,5,0.0114,False,2026-07-30T06:43:34+00:00
AMC,2021-01-19,2021-01-15,859,44,0.1288,False,2026-07-30T06:44:51+00:00
AMC,2021-01-20,2021-01-15,569,30,0.0853,False,2026-07-30T06:45:42+00:00
AMC,2021-01-21,2021-01-15,446,24,0.0669,False,2026-07-30T06:46:21+00:00
AMC,2021-01-22,2021-01-15,791,41,0.1186,False,2026-07-30T06:47:28+00:00
AMC,2021-01-23,2021-01-15,230,13,0.0345,False,2026-07-30T06:47:49+00:00
AMC,2021-01-24,2021-01-15,200,11,0.03,False,2026-07-30T06:48:09+00:00
AMC,2021-01-25,2021-01-15,2054,104,0.3081,False,2026-07-30T06:51:00+00:00
AMC,2021-01-26,2021-01-15,3414,172,0.5121,False,2026-07-30T06:55:56+00:00
AMC,2021-01-27,2021-01-15,26541,1329,3.9811,False,2026-07-30T07:39:49+00:00
AMC,2021-01-28,2021-01-15,32443,1624,4.8664,False,2026-07-30T08:30:33+00:00
AMC,2021-01-29,2021-01-15,20683,1036,3.1024,False,2026-07-30T09:00:44+00:00
AMC,2021-01-30,2021-01-15,2479,125,0.3718,False,2026-07-30T09:04:43+00:00
AMC,2021-01-31,2021-01-15,2291,116,0.3436,False,2026-07-30T09:08:08+00:00
AMC,2021-02-01,2021-01-15,5852,294,0.8778,False,2026-07-30T09:17:01+00:00
AMC,2021-02-02,2021-01-15,4463,225,0.6694,False,2026-07-30T09:23:34+00:00
AMC,2021-02-03,2021-01-15,3024,153,0.4536,False,2026-07-30T09:28:32+00:00
AMC,2021-02-04,2021-01-15,2040,104,0.306,False,2026-07-30T09:31:49+00:00
AMC,2021-02-05,2021-01-15,1763,90,0.2644,False,2026-07-30T09:34:27+00:00
AMC,2021-02-06,2021-01-15,451,24,0.0676,False,2026-07-30T09:35:11+00:00
AMC,2021-02-07,2021-01-15,379,20,0.0568,False,2026-07-30T09:35:45+00:00
AMC,2021-02-08,2021-01-15,739,38,0.1108,False,2026-07-30T09:36:58+00:00
AMC,2021-02-09,2021-01-15,731,38,0.1096,False,2026-07-30T09:38:12+00:00
AMC,2021-02-10,2021-01-15,1332,68,0.1998,False,2026-07-30T09:40:13+00:00
RDDT,2024-10-22,2024-10-29,3,2,0.0004,False,2026-07-30T09:40:16+00:00
RDDT,2024-10-23,2024-10-29,5,2,0.0007,False,2026-07-30T09:40:19+00:00
RDDT,2024-10-24,2024-10-29,5,2,0.0007,False,2026-07-30T09:40:21+00:00
RDDT,2024-10-25,2024-10-29,13,2,0.0019,False,2026-07-30T09:40:23+00:00
RDDT,2024-10-26,2024-10-29,4,2,0.0006,False,2026-07-30T09:40:26+00:00
RDDT,2024-10-27,2024-10-29,4,2,0.0006,False,2026-07-30T09:40:28+00:00
RDDT,2024-10-28,2024-10-29,16,2,0.0024,False,2026-07-30T09:40:30+00:00
RDDT,2024-10-29,2024-10-29,243,14,0.0364,False,2026-07-30T09:40:54+00:00
RDDT,2024-10-30,2024-10-29,378,20,0.0567,False,2026-07-30T09:41:27+00:00
RDDT,2024-10-31,2024-10-29,129,8,0.0193,False,2026-07-30T09:41:45+00:00
RDDT,2024-11-01,2024-10-29,50,4,0.0075,False,2026-07-30T09:41:51+00:00
RDDT,2024-11-02,2024-10-29,22,3,0.0033,False,2026-07-30T09:41:55+00:00
RDDT,2024-11-03,2024-10-29,17,2,0.0025,False,2026-07-30T09:41:58+00:00
RDDT,2024-11-04,2024-10-29,32,3,0.0048,False,2026-07-30T09:42:02+00:00
RDDT,2024-11-05,2024-10-29,89,6,0.0133,False,2026-07-30T09:42:12+00:00
RDDT,2024-11-06,2024-10-29,51,4,0.0076,False,2026-07-30T09:42:17+00:00
RDDT,2024-11-07,2024-10-29,42,4,0.0063,False,2026-07-30T09:42:23+00:00
RDDT,2024-11-08,2024-10-29,26,3,0.0039,False,2026-07-30T09:42:26+00:00
RDDT,2024-11-09,2024-10-29,18,2,0.0027,False,2026-07-30T09:42:28+00:00
RDDT,2024-11-10,2024-10-29,17,2,0.0025,False,2026-07-30T09:42:31+00:00
RDDT,2024-11-11,2024-10-29,24,3,0.0036,False,2026-07-30T09:42:36+00:00
RDDT,2024-11-12,2024-10-29,17,2,0.0025,False,2026-07-30T09:42:39+00:00
RDDT,2024-11-13,2024-10-29,16,2,0.0024,False,2026-07-30T09:42:41+00:00
RDDT,2024-11-14,2024-10-29,21,3,0.0031,False,2026-07-30T09:42:45+00:00
RDDT,2024-11-15,2024-10-29,36,3,0.0054,False,2026-07-30T09:42:49+00:00
RDDT,2024-11-16,2024-10-29,18,2,0.0027,False,2026-07-30T09:42:51+00:00
RDDT,2024-11-17,2024-10-29,12,2,0.0018,False,2026-07-30T09:42:53+00:00
RDDT,2024-11-18,2024-10-29,14,2,0.0021,False,2026-07-30T09:42:55+00:00
RDDT,2024-11-19,2024-10-29,65,5,0.0097,False,2026-07-30T09:43:05+00:00
RDDT,2024-11-20,2024-10-29,33,3,0.0049,False,2026-07-30T09:43:09+00:00
RDDT,2024-11-21,2024-10-29,103,7,0.0154,False,2026-07-30T09:43:20+00:00
RDDT,2024-11-22,2024-10-29,36,3,0.0054,False,2026-07-30T09:43:23+00:00
RDDT,2024-11-23,2024-10-29,14,2,0.0021,False,2026-07-30T09:43:33+00:00
RDDT,2024-11-24,2024-10-29,13,2,0.0019,False,2026-07-30T09:43:35+00:00
RDDT,2024-11-25,2024-10-29,36,3,0.0054,False,2026-07-30T09:43:39+00:00
RDDT,2024-11-26,2024-10-29,14,2,0.0021,False,2026-07-30T09:43:42+00:00
RDDT,2024-11-27,2024-10-29,30,3,0.0045,False,2026-07-30T09:43:46+00:00
RDDT,2024-11-28,2024-10-29,16,2,0.0024,False,2026-07-30T09:43:48+00:00
RDDT,2024-11-29,2024-10-29,15,2,0.0022,False,2026-07-30T09:43:51+00:00
RDDT,2024-11-30,2024-10-29,9,2,0.0013,False,2026-07-30T09:43:53+00:00
RDDT,2024-12-01,2024-10-29,10,2,0.0015,False,2026-07-30T09:43:55+00:00
RDDT,2024-12-02,2024-10-29,20,3,0.003,False,2026-07-30T09:43:59+00:00
RDDT,2024-12-03,2024-10-29,54,4,0.0081,False,2026-07-30T09:44:05+00:00
RDDT,2024-12-04,2024-10-29,29,3,0.0043,False,2026-07-30T09:44:09+00:00
RDDT,2024-12-05,2024-10-29,22,3,0.0033,False,2026-07-30T09:44:13+00:00
RDDT,2024-12-06,2024-10-29,55,4,0.0082,False,2026-07-30T09:44:19+00:00
RDDT,2024-12-07,2024-10-29,13,2,0.0019,False,2026-07-30T09:44:21+00:00
RDDT,2024-12-08,2024-10-29,19,2,0.0028,False,2026-07-30T09:44:24+00:00
RDDT,2024-12-09,2024-10-29,120,8,0.018,False,2026-07-30T09:44:37+00:00
RDDT,2024-12-10,2024-10-29,57,4,0.0085,False,2026-07-30T09:44:43+00:00
RDDT,2024-12-11,2024-10-29,59,4,0.0088,False,2026-07-30T09:44:49+00:00
RDDT,2024-12-12,2024-10-29,17,2,0.0025,False,2026-07-30T09:44:51+00:00
RDDT,2024-12-13,2024-10-29,22,3,0.0033,False,2026-07-30T09:44:55+00:00
RDDT,2024-12-14,2024-10-29,15,2,0.0022,False,2026-07-30T09:44:58+00:00
RDDT,2024-12-15,2024-10-29,21,3,0.0031,False,2026-07-30T09:45:06+00:00
RDDT,2024-12-16,2024-10-29,36,3,0.0054,False,2026-07-30T09:45:10+00:00
RDDT,2024-12-17,2024-10-29,19,2,0.0028,False,2026-07-30T09:45:13+00:00
RDDT,2024-12-18,2024-10-29,17,2,0.0025,False,2026-07-30T09:45:15+00:00
RDDT,2024-12-19,2024-10-29,14,2,0.0021,False,2026-07-30T09:45:19+00:00
RDDT,2024-12-20,2024-10-29,51,4,0.0076,False,2026-07-30T09:45:27+00:00
RDDT,2024-12-21,2024-10-29,9,2,0.0013,False,2026-07-30T09:45:30+00:00
RDDT,2024-12-22,2024-10-29,12,2,0.0018,False,2026-07-30T09:45:32+00:00
RDDT,2024-12-23,2024-10-29,20,3,0.003,False,2026-07-30T09:45:36+00:00
RDDT,2024-12-24,2024-10-29,47,4,0.007,False,2026-07-30T09:45:41+00:00
RDDT,2024-12-25,2024-10-29,12,2,0.0018,False,2026-07-30T09:45:42+00:00
RDDT,2024-12-26,2024-10-29,35,3,0.0052,False,2026-07-30T09:45:47+00:00
RDDT,2024-12-27,2024-10-29,23,3,0.0034,False,2026-07-30T09:45:51+00:00
RDDT,2024-12-28,2024-10-29,10,2,0.0015,False,2026-07-30T09:45:52+00:00
RDDT,2024-12-29,2024-10-29,11,2,0.0016,False,2026-07-30T09:45:54+00:00
RDDT,2024-12-30,2024-10-29,18,2,0.0027,False,2026-07-30T09:45:57+00:00
RDDT,2024-12-31,2024-10-29,22,3,0.0033,False,2026-07-30T09:46:01+00:00
RDDT,2025-01-01,2024-10-29,12,2,0.0018,False,2026-07-30T09:46:03+00:00
RDDT,2025-01-02,2024-10-29,15,2,0.0022,False,2026-07-30T09:46:06+00:00
RDDT,2025-01-03,2024-10-29,47,4,0.007,False,2026-07-30T09:46:11+00:00
RDDT,2025-01-04,2024-10-29,20,3,0.003,False,2026-07-30T09:46:16+00:00
RDDT,2025-01-05,2024-10-29,26,3,0.0039,False,2026-07-30T09:46:19+00:00
RDDT,2025-01-06,2024-10-29,42,4,0.0063,False,2026-07-30T09:46:25+00:00
RDDT,2025-01-07,2024-10-29,13,2,0.0019,False,2026-07-30T09:46:27+00:00
RDDT,2025-01-08,2024-10-29,20,3,0.003,False,2026-07-30T09:46:31+00:00
RDDT,2025-01-09,2024-10-29,16,2,0.0024,False,2026-07-30T09:46:33+00:00
RDDT,2025-01-10,2024-10-29,21,3,0.0031,False,2026-07-30T09:46:37+00:00
RDDT,2025-01-11,2024-10-29,14,2,0.0021,False,2026-07-30T09:46:40+00:00
RDDT,2025-01-12,2024-10-29,8,2,0.0012,False,2026-07-30T09:46:43+00:00
RDDT,2025-01-13,2024-10-29,8,2,0.0012,False,2026-07-30T09:46:45+00:00
RDDT,2025-01-14,2024-10-29,23,3,0.0034,False,2026-07-30T09:46:49+00:00
RDDT,2025-01-15,2024-10-29,26,3,0.0039,False,2026-07-30T09:46:53+00:00
RDDT,2025-01-16,2024-10-29,20,3,0.003,False,2026-07-30T09:46:56+00:00
RDDT,2025-01-17,2024-10-29,41,4,0.0061,False,2026-07-30T09:47:01+00:00
RDDT,2025-01-18,2024-10-29,14,2,0.0021,False,2026-07-30T09:47:04+00:00
RDDT,2025-01-19,2024-10-29,13,2,0.0019,False,2026-07-30T09:47:07+00:00
RDDT,2025-01-20,2024-10-29,18,2,0.0027,False,2026-07-30T09:47:09+00:00
RDDT,2025-01-21,2024-10-29,81,6,0.0121,False,2026-07-30T09:47:18+00:00
RDDT,2025-01-22,2024-10-29,45,4,0.0067,False,2026-07-30T09:47:25+00:00
RDDT,2025-01-23,2024-10-29,32,3,0.0048,False,2026-07-30T09:47:29+00:00
RDDT,2025-01-24,2024-10-29,14,2,0.0021,False,2026-07-30T09:47:32+00:00
RDDT,2025-01-25,2024-10-29,13,2,0.0019,False,2026-07-30T09:47:35+00:00
RDDT,2025-01-26,2024-10-29,13,2,0.0019,False,2026-07-30T09:47:38+00:00
RDDT,2025-01-27,2024-10-29,29,3,0.0043,False,2026-07-30T09:47:42+00:00
RDDT,2025-01-28,2024-10-29,73,5,0.0109,False,2026-07-30T09:47:49+00:00
RDDT,2025-01-29,2024-10-29,66,5,0.0099,False,2026-07-30T09:47:56+00:00
RDDT,2025-01-30,2024-10-29,32,3,0.0048,False,2026-07-30T09:48:00+00:00
RDDT,2025-01-31,2024-10-29,18,2,0.0027,False,2026-07-30T09:48:03+00:00
RDDT,2025-02-01,2024-10-29,12,2,0.0018,False,2026-07-30T09:48:06+00:00
RDDT,2025-02-02,2024-10-29,13,2,0.0019,False,2026-07-30T09:48:09+00:00
RDDT,2025-02-03,2024-10-29,33,3,0.0049,False,2026-07-30T09:48:13+00:00
RDDT,2025-02-04,2024-10-29,66,5,0.0099,False,2026-07-30T09:48:20+00:00
RDDT,2025-02-05,2024-10-29,29,3,0.0043,False,2026-07-30T09:48:23+00:00
RDDT,2025-02-06,2024-10-29,39,3,0.0058,False,2026-07-30T09:48:28+00:00
RDDT,2025-02-07,2024-10-29,43,4,0.0064,False,2026-07-30T09:48:33+00:00
RDDT,2025-02-08,2024-10-29,45,4,0.0067,False,2026-07-30T09:48:38+00:00
RDDT,2025-02-09,2024-10-29,41,4,0.0061,False,2026-07-30T09:48:44+00:00
RDDT,2025-02-10,2024-10-29,44,4,0.0066,False,2026-07-30T09:48:49+00:00
RDDT,2025-02-11,2024-10-29,33,3,0.0049,False,2026-07-30T09:48:53+00:00
RDDT,2025-02-12,2024-10-29,247,14,0.037,False,2026-07-30T09:49:18+00:00
RDDT,2025-02-13,2024-10-29,189,11,0.0283,False,2026-07-30T09:49:38+00:00
RDDT,2025-02-14,2024-10-29,46,4,0.0069,False,2026-07-30T09:49:45+00:00
RDDT,2025-02-15,2024-10-29,15,2,0.0022,False,2026-07-30T09:49:47+00:00
RDDT,2025-02-16,2024-10-29,22,3,0.0033,False,2026-07-30T09:49:51+00:00
RDDT,2025-02-17,2024-10-29,22,3,0.0033,False,2026-07-30T09:49:55+00:00
RDDT,2025-02-18,2024-10-29,25,3,0.0037,False,2026-07-30T09:49:59+00:00
RDDT,2025-02-19,2024-10-29,22,3,0.0033,False,2026-07-30T09:50:06+00:00
RDDT,2025-02-20,2024-10-29,57,4,0.0085,False,2026-07-30T09:50:12+00:00
RDDT,2025-02-21,2024-10-29,36,3,0.0054,False,2026-07-30T09:50:17+00:00
RDDT,2025-02-22,2024-10-29,15,2,0.0022,False,2026-07-30T09:50:19+00:00
RDDT,2025-02-23,2024-10-29,16,2,0.0024,False,2026-07-30T09:50:22+00:00
RDDT,2025-02-24,2024-10-29,21,3,0.0031,False,2026-07-30T09:50:26+00:00
RDDT,2025-02-25,2024-10-29,29,3,0.0043,False,2026-07-30T09:50:30+00:00
RDDT,2025-02-26,2024-10-29,23,3,0.0034,False,2026-07-30T09:50:34+00:00
RDDT,2025-02-27,2024-10-29,18,2,0.0027,False,2026-07-30T09:50:36+00:00
RDDT,2025-02-28,2024-10-29,14,2,0.0021,False,2026-07-30T09:50:39+00:00
RDDT,2025-03-01,2024-10-29,8,2,0.0012,False,2026-07-30T09:50:41+00:00
RDDT,2025-03-02,2024-10-29,7,2,0.001,False,2026-07-30T09:50:44+00:00
RDDT,2025-03-03,2024-10-29,24,3,0.0036,False,2026-07-30T09:50:48+00:00
RDDT,2025-03-04,2024-10-29,26,3,0.0039,False,2026-07-30T09:50:52+00:00
RDDT,2025-03-05,2024-10-29,29,3,0.0043,False,2026-07-30T09:50:56+00:00
RDDT,2025-03-06,2024-10-29,31,3,0.0046,False,2026-07-30T09:51:00+00:00
RDDT,2025-03-07,2024-10-29,29,3,0.0043,False,2026-07-30T09:51:04+00:00
RDDT,2025-03-08,2024-10-29,15,2,0.0022,False,2026-07-30T09:51:07+00:00
RDDT,2025-03-09,2024-10-29,19,2,0.0028,False,2026-07-30T09:51:09+00:00
RDDT,2025-03-10,2024-10-29,79,5,0.0118,False,2026-07-30T09:51:17+00:00
RDDT,2025-03-11,2024-10-29,58,4,0.0087,False,2026-07-30T09:51:24+00:00
RDDT,2025-03-12,2024-10-29,33,3,0.0049,False,2026-07-30T09:51:28+00:00
RDDT,2025-03-13,2024-10-29,24,3,0.0036,False,2026-07-30T09:51:32+00:00
RDDT,2025-03-14,2024-10-29,13,2,0.0019,False,2026-07-30T09:51:34+00:00
RDDT,2025-03-15,2024-10-29,9,2,0.0013,False,2026-07-30T09:51:36+00:00
RDDT,2025-03-16,2024-10-29,7,2,0.001,False,2026-07-30T09:51:38+00:00
RDDT,2025-03-17,2024-10-29,73,5,0.0109,False,2026-07-30T09:51:45+00:00
RDDT,2025-03-18,2024-10-29,47,4,0.007,False,2026-07-30T09:51:52+00:00
RDDT,2025-03-19,2024-10-29,39,3,0.0058,False,2026-07-30T09:51:57+00:00
RDDT,2025-03-20,2024-10-29,89,6,0.0133,False,2026-07-30T09:52:05+00:00
RDDT,2025-03-21,2024-10-29,22,3,0.0033,False,2026-07-30T09:52:08+00:00
RDDT,2025-03-22,2024-10-29,6,2,0.0009,False,2026-07-30T09:52:10+00:00
RDDT,2025-03-23,2024-10-29,9,2,0.0013,False,2026-07-30T09:52:14+00:00
RDDT,2025-03-24,2024-10-29,18,2,0.0027,False,2026-07-30T09:52:17+00:00
RDDT,2025-03-25,2024-10-29,14,2,0.0021,False,2026-07-30T09:52:20+00:00
RDDT,2025-03-26,2024-10-29,11,2,0.0016,False,2026-07-30T09:52:23+00:00
RDDT,2025-03-27,2024-10-29,20,3,0.003,False,2026-07-30T09:52:27+00:00
RDDT,2025-03-28,2024-10-29,29,3,0.0043,False,2026-07-30T09:52:31+00:00
RDDT,2025-03-29,2024-10-29,8,2,0.0012,False,2026-07-30T09:52:33+00:00
RDDT,2025-03-30,2024-10-29,21,3,0.0031,False,2026-07-30T09:52:37+00:00
RDDT,2025-03-31,2024-10-29,28,3,0.0042,False,2026-07-30T09:52:41+00:00
RDDT,2025-04-01,2024-10-29,17,2,0.0025,False,2026-07-30T09:52:44+00:00
RDDT,2025-04-02,2024-10-29,9,2,0.0013,False,2026-07-30T09:52:46+00:00
RDDT,2025-04-03,2024-10-29,22,3,0.0033,False,2026-07-30T09:52:50+00:00
RDDT,2025-04-04,2024-10-29,18,2,0.0027,False,2026-07-30T09:52:53+00:00
RDDT,2025-04-05,2024-10-29,9,2,0.0013,False,2026-07-30T09:52:55+00:00
RDDT,2025-04-06,2024-10-29,10,2,0.0015,False,2026-07-30T09:52:57+00:00
RDDT,2025-04-07,2024-10-29,24,3,0.0036,False,2026-07-30T09:53:01+00:00
RDDT,2025-04-08,2024-10-29,10,2,0.0015,False,2026-07-30T09:53:03+00:00
RDDT,2025-04-09,2024-10-29,19,2,0.0028,False,2026-07-30T09:53:06+00:00
RDDT,2025-04-10,2024-10-29,8,2,0.0012,False,2026-07-30T09:53:08+00:00
RDDT,2025-04-11,2024-10-29,8,2,0.0012,False,2026-07-30T09:53:11+00:00
RDDT,2025-04-12,2024-10-29,6,2,0.0009,False,2026-07-30T09:53:14+00:00
RDDT,2025-04-13,2024-10-29,7,2,0.001,False,2026-07-30T09:53:15+00:00
RDDT,2025-04-14,2024-10-29,5,2,0.0007,False,2026-07-30T09:53:18+00:00
RDDT,2025-04-15,2024-10-29,12,2,0.0018,False,2026-07-30T09:53:20+00:00
RDDT,2025-04-16,2024-10-29,19,2,0.0028,False,2026-07-30T09:53:22+00:00
RDDT,2025-04-17,2024-10-29,8,2,0.0012,False,2026-07-30T09:53:24+00:00
RDDT,2025-04-18,2024-10-29,8,2,0.0012,False,2026-07-30T09:53:33+00:00
RDDT,2025-04-19,2024-10-29,6,2,0.0009,False,2026-07-30T09:53:35+00:00
RDDT,2025-04-20,2024-10-29,4,2,0.0006,False,2026-07-30T09:53:37+00:00
RDDT,2025-04-21,2024-10-29,13,2,0.0019,False,2026-07-30T09:53:40+00:00
RDDT,2025-04-22,2024-10-29,14,2,0.0021,False,2026-07-30T09:53:42+00:00
RDDT,2025-04-23,2024-10-29,17,2,0.0025,False,2026-07-30T09:53:45+00:00
RDDT,2025-04-24,2024-10-29,17,2,0.0025,False,2026-07-30T09:53:47+00:00
RDDT,2025-04-25,2024-10-29,21,3,0.0031,False,2026-07-30T09:53:51+00:00
RDDT,2025-04-26,2024-10-29,6,2,0.0009,False,2026-07-30T09:53:53+00:00
RDDT,2025-04-27,2024-10-29,9,2,0.0013,False,2026-07-30T09:53:55+00:00
RDDT,2025-04-28,2024-10-29,20,2,0.003,False,2026-07-30T09:53:57+00:00
RDDT,2025-04-29,2024-10-29,21,3,0.0031,False,2026-07-30T09:54:01+00:00
RDDT,2025-04-30,2024-10-29,14,2,0.0021,False,2026-07-30T09:54:03+00:00
RDDT,2025-05-01,2024-10-29,174,10,0.0261,False,2026-07-30T09:54:23+00:00
RDDT,2025-05-02,2024-10-29,122,8,0.0183,False,2026-07-30T09:54:37+00:00
RDDT,2025-05-03,2024-10-29,16,2,0.0024,False,2026-07-30T09:54:40+00:00
RDDT,2025-05-04,2024-10-29,14,2,0.0021,False,2026-07-30T09:54:42+00:00
RDDT,2025-05-05,2024-10-29,32,3,0.0048,False,2026-07-30T09:54:47+00:00
RDDT,2025-05-06,2024-10-29,23,3,0.0034,False,2026-07-30T09:54:56+00:00
RDDT,2025-05-07,2024-10-29,16,2,0.0024,False,2026-07-30T09:54:59+00:00
RDDT,2025-05-08,2024-10-29,12,2,0.0018,False,2026-07-30T09:55:05+00:00
RDDT,2025-05-09,2024-10-29,18,2,0.0027,False,2026-07-30T09:55:08+00:00
RDDT,2025-05-10,2024-10-29,8,2,0.0012,False,2026-07-30T09:55:10+00:00
RDDT,2025-05-11,2024-10-29,4,2,0.0006,False,2026-07-30T09:55:13+00:00
RDDT,2025-05-12,2024-10-29,20,2,0.003,False,2026-07-30T09:55:16+00:00
RDDT,2025-05-13,2024-10-29,29,3,0.0043,False,2026-07-30T09:55:20+00:00
RDDT,2025-05-14,2024-10-29,148,9,0.0222,False,2026-07-30T09:55:33+00:00
RDDT,2025-05-15,2024-10-29,51,4,0.0076,False,2026-07-30T09:55:40+00:00
RDDT,2025-05-16,2024-10-29,29,3,0.0043,False,2026-07-30T09:55:43+00:00
RDDT,2025-05-17,2024-10-29,9,2,0.0013,False,2026-07-30T09:55:46+00:00
RDDT,2025-05-18,2024-10-29,10,2,0.0015,False,2026-07-30T09:55:48+00:00
RDDT,2025-05-19,2024-10-29,44,4,0.0066,False,2026-07-30T09:55:56+00:00
RDDT,2025-05-20,2024-10-29,28,3,0.0042,False,2026-07-30T09:56:01+00:00
RDDT,2025-05-21,2024-10-29,52,4,0.0078,False,2026-07-30T09:56:07+00:00
RDDT,2025-05-22,2024-10-29,25,3,0.0037,False,2026-07-30T09:56:10+00:00
RDDT,2025-05-23,2024-10-29,31,3,0.0046,False,2026-07-30T09:56:15+00:00
RDDT,2025-05-24,2024-10-29,10,2,0.0015,False,2026-07-30T09:56:18+00:00
RDDT,2025-05-25,2024-10-29,5,2,0.0007,False,2026-07-30T09:56:20+00:00
RDDT,2025-05-26,2024-10-29,16,2,0.0024,False,2026-07-30T09:56:22+00:00
RDDT,2025-05-27,2024-10-29,17,2,0.0025,False,2026-07-30T09:56:25+00:00
RDDT,2025-05-28,2024-10-29,32,3,0.0048,False,2026-07-30T09:56:29+00:00
RDDT,2025-05-29,2024-10-29,38,3,0.0057,False,2026-07-30T09:56:33+00:00
RDDT,2025-05-30,2024-10-29,16,2,0.0024,False,2026-07-30T09:56:36+00:00
RDDT,2025-05-31,2024-10-29,8,2,0.0012,False,2026-07-30T09:56:38+00:00
RDDT,2025-06-01,2024-10-29,13,2,0.0019,False,2026-07-30T09:56:40+00:00
RDDT,2025-06-02,2024-10-29,18,2,0.0027,False,2026-07-30T09:56:43+00:00
RDDT,2025-06-03,2024-10-29,19,2,0.0028,False,2026-07-30T09:56:46+00:00
RDDT,2025-06-04,2024-10-29,57,4,0.0085,False,2026-07-30T09:56:53+00:00
RDDT,2025-06-05,2024-10-29,19,2,0.0028,False,2026-07-30T09:56:56+00:00
RDDT,2025-06-06,2024-10-29,29,3,0.0043,False,2026-07-30T09:57:01+00:00
RDDT,2025-06-07,2024-10-29,18,2,0.0027,False,2026-07-30T09:57:04+00:00
RDDT,2025-06-08,2024-10-29,17,2,0.0025,False,2026-07-30T09:57:06+00:00
RDDT,2025-06-09,2024-10-29,15,2,0.0022,False,2026-07-30T09:57:08+00:00
RDDT,2025-06-10,2024-10-29,8,2,0.0012,False,2026-07-30T09:57:11+00:00
RDDT,2025-06-11,2024-10-29,19,2,0.0028,False,2026-07-30T09:57:14+00:00
RDDT,2025-06-12,2024-10-29,8,2,0.0012,False,2026-07-30T09:57:16+00:00
RDDT,2025-06-13,2024-10-29,15,2,0.0022,False,2026-07-30T09:57:19+00:00
RDDT,2025-06-14,2024-10-29,7,2,0.001,False,2026-07-30T09:57:21+00:00
RDDT,2025-06-15,2024-10-29,9,2,0.0013,False,2026-07-30T09:57:24+00:00
RDDT,2025-06-16,2024-10-29,74,5,0.0111,False,2026-07-30T09:57:32+00:00
RDDT,2025-06-17,2024-10-29,194,11,0.0291,False,2026-07-30T09:57:50+00:00
RDDT,2025-06-18,2024-10-29,65,5,0.0097,False,2026-07-30T09:57:57+00:00
RDDT,2025-06-19,2024-10-29,21,3,0.0031,False,2026-07-30T09:58:01+00:00
RDDT,2025-06-20,2024-10-29,59,4,0.0088,False,2026-07-30T09:58:06+00:00
RDDT,2025-06-21,2024-10-29,11,2,0.0016,False,2026-07-30T09:58:10+00:00
RDDT,2025-06-22,2024-10-29,14,2,0.0021,False,2026-07-30T09:58:14+00:00
RDDT,2025-06-23,2024-10-29,15,2,0.0022,False,2026-07-30T09:58:17+00:00
RDDT,2025-06-24,2024-10-29,35,3,0.0052,False,2026-07-30T09:58:22+00:00
RDDT,2025-06-25,2024-10-29,47,4,0.007,False,2026-07-30T09:58:26+00:00
RDDT,2025-06-26,2024-10-29,24,3,0.0036,False,2026-07-30T09:58:30+00:00
RDDT,2025-06-27,2024-10-29,15,2,0.0022,False,2026-07-30T09:58:33+00:00
RDDT,2025-06-28,2024-10-29,8,2,0.0012,False,2026-07-30T09:58:35+00:00
RDDT,2025-06-29,2024-10-29,11,2,0.0016,False,2026-07-30T09:58:38+00:00
RDDT,2025-06-30,2024-10-29,41,4,0.0061,False,2026-07-30T09:58:44+00:00
RDDT,2025-07-01,2024-10-29,20,3,0.003,False,2026-07-30T09:58:47+00:00
RDDT,2025-07-02,2024-10-29,65,5,0.0097,False,2026-07-30T09:58:57+00:00
RDDT,2025-07-03,2024-10-29,19,2,0.0028,False,2026-07-30T09:59:00+00:00
RDDT,2025-07-04,2024-10-29,9,2,0.0013,False,2026-07-30T09:59:02+00:00
RDDT,2025-07-05,2024-10-29,8,2,0.0012,False,2026-07-30T09:59:05+00:00
RDDT,2025-07-06,2024-10-29,10,2,0.0015,False,2026-07-30T09:59:07+00:00
RDDT,2025-07-07,2024-10-29,16,2,0.0024,False,2026-07-30T09:59:10+00:00
RDDT,2025-07-08,2024-10-29,19,2,0.0028,False,2026-07-30T09:59:12+00:00
RDDT,2025-07-09,2024-10-29,20,3,0.003,False,2026-07-30T09:59:16+00:00
NOK,2021-01-07,2021-01-14,0,1,0.0,False,2026-07-30T09:59:17+00:00
NOK,2021-01-08,2021-01-14,5,2,0.0007,False,2026-07-30T09:59:18+00:00
NOK,2021-01-09,2021-01-14,0,1,0.0,False,2026-07-30T09:59:19+00:00
NOK,2021-01-10,2021-01-14,1,2,0.0001,False,2026-07-30T09:59:21+00:00
NOK,2021-01-11,2021-01-14,6,2,0.0009,False,2026-07-30T09:59:23+00:00
NOK,2021-01-12,2021-01-14,1,2,0.0001,False,2026-07-30T09:59:25+00:00
NOK,2021-01-13,2021-01-14,6,2,0.0009,False,2026-07-30T09:59:27+00:00
NOK,2021-01-14,2021-01-14,38,3,0.0057,False,2026-07-30T09:59:31+00:00
NOK,2021-01-15,2021-01-14,16,2,0.0024,False,2026-07-30T09:59:33+00:00
NOK,2021-01-16,2021-01-14,1,2,0.0001,False,2026-07-30T09:59:35+00:00
NOK,2021-01-17,2021-01-14,6,2,0.0009,False,2026-07-30T09:59:38+00:00
NOK,2021-01-18,2021-01-14,1,2,0.0001,False,2026-07-30T09:59:40+00:00
NOK,2021-01-19,2021-01-14,11,2,0.0016,False,2026-07-30T09:59:42+00:00
NOK,2021-01-20,2021-01-14,13,2,0.0019,False,2026-07-30T09:59:44+00:00
NOK,2021-01-21,2021-01-14,17,2,0.0025,False,2026-07-30T09:59:47+00:00
NOK,2021-01-22,2021-01-14,13,2,0.0019,False,2026-07-30T09:59:49+00:00
NOK,2021-01-23,2021-01-14,5,2,0.0007,False,2026-07-30T09:59:51+00:00
NOK,2021-01-24,2021-01-14,20,2,0.003,False,2026-07-30T09:59:53+00:00
NOK,2021-01-25,2021-01-14,393,21,0.0589,False,2026-07-30T10:00:33+00:00
NOK,2021-01-26,2021-01-14,491,26,0.0736,False,2026-07-30T10:01:23+00:00
NOK,2021-01-27,2021-01-14,6241,314,0.9361,False,2026-07-30T10:10:08+00:00
NOK,2021-01-29,2021-01-14,5349,269,0.8023,False,2026-07-30T10:31:45+00:00
NOK,2021-01-30,2021-01-14,549,29,0.0823,False,2026-07-30T10:32:37+00:00
NOK,2021-01-31,2021-01-14,535,28,0.0802,False,2026-07-30T10:33:26+00:00
NOK,2021-02-01,2021-01-14,1189,61,0.1783,False,2026-07-30T10:35:24+00:00
NOK,2021-02-02,2021-01-14,708,37,0.1062,False,2026-07-30T10:36:29+00:00
NOK,2021-02-03,2021-01-14,310,17,0.0465,False,2026-07-30T10:36:57+00:00
NOK,2021-02-04,2021-01-14,293,16,0.0439,False,2026-07-30T10:37:23+00:00
NOK,2021-02-05,2021-01-14,188,11,0.0282,False,2026-07-30T10:37:45+00:00
BBBY,2022-07-29,2022-08-05,43,4,0.0064,False,2026-07-30T10:37:51+00:00
BBBY,2022-07-30,2022-08-05,12,2,0.0018,False,2026-07-30T10:37:53+00:00
BBBY,2022-07-31,2022-08-05,10,2,0.0015,False,2026-07-30T10:37:55+00:00
BBBY,2022-08-01,2022-08-05,118,7,0.0177,False,2026-07-30T10:38:11+00:00
BBBY,2022-08-02,2022-08-05,119,7,0.0178,False,2026-07-30T10:38:21+00:00
BBBY,2022-08-03,2022-08-05,78,5,0.0117,False,2026-07-30T10:38:31+00:00
BBBY,2022-08-04,2022-08-05,75,5,0.0112,False,2026-07-30T10:38:37+00:00
BBBY,2022-08-05,2022-08-05,268,15,0.0402,False,2026-07-30T10:39:02+00:00
BBBY,2022-08-06,2022-08-05,48,4,0.0072,False,2026-07-30T10:39:09+00:00
BBBY,2022-08-07,2022-08-05,74,5,0.0111,False,2026-07-30T10:39:17+00:00
BBBY,2022-08-08,2022-08-05,645,34,0.0967,False,2026-07-30T10:40:21+00:00
BBBY,2022-08-09,2022-08-05,356,19,0.0534,False,2026-07-30T10:40:54+00:00
BBBY,2022-08-10,2022-08-05,239,13,0.0358,False,2026-07-30T10:41:16+00:00
BBBY,2022-08-11,2022-08-05,147,9,0.022,False,2026-07-30T10:41:30+00:00
BBBY,2022-08-12,2022-08-05,347,19,0.052,False,2026-07-30T10:42:01+00:00
BBBY,2022-08-13,2022-08-05,63,5,0.0094,False,2026-07-30T10:42:08+00:00
BBBY,2022-08-14,2022-08-05,94,6,0.0141,False,2026-07-30T10:42:20+00:00
BBBY,2022-08-15,2022-08-05,636,33,0.0954,False,2026-07-30T10:43:24+00:00
BBBY,2022-08-16,2022-08-05,2044,104,0.3066,False,2026-07-30T10:46:51+00:00
BBBY,2022-08-17,2022-08-05,2034,103,0.3051,False,2026-07-30T10:49:58+00:00
BBBY,2022-08-18,2022-08-05,2152,109,0.3228,False,2026-07-30T10:53:28+00:00
BBBY,2022-08-19,2022-08-05,1168,60,0.1752,False,2026-07-30T10:55:25+00:00
BBBY,2022-08-20,2022-08-05,197,11,0.0295,False,2026-07-30T10:55:54+00:00
BBBY,2022-08-21,2022-08-05,139,8,0.0208,False,2026-07-30T10:56:07+00:00
BBBY,2022-08-22,2022-08-05,334,18,0.0501,False,2026-07-30T10:56:37+00:00
BBBY,2022-08-23,2022-08-05,171,10,0.0256,False,2026-07-30T10:56:52+00:00
BBBY,2022-08-24,2022-08-05,535,28,0.0802,False,2026-07-30T10:57:39+00:00
BBBY,2022-08-25,2022-08-05,177,10,0.0265,False,2026-07-30T10:57:54+00:00
BBBY,2022-08-26,2022-08-05,182,11,0.0273,False,2026-07-30T10:58:12+00:00
BBBY,2022-08-27,2022-08-05,51,4,0.0076,False,2026-07-30T10:58:17+00:00
BBBY,2022-08-28,2022-08-05,55,4,0.0082,False,2026-07-30T10:58:23+00:00
BBBY,2022-08-29,2022-08-05,434,23,0.0651,False,2026-07-30T10:59:01+00:00
BBBY,2022-08-30,2022-08-05,366,20,0.0549,False,2026-07-30T10:59:37+00:00
BBBY,2022-08-31,2022-08-05,547,29,0.082,False,2026-07-30T11:00:31+00:00
BBBY,2022-09-01,2022-08-05,122,8,0.0183,False,2026-07-30T11:00:44+00:00
BBBY,2022-09-02,2022-08-05,69,5,0.0103,False,2026-07-30T11:00:52+00:00
BBBY,2022-09-03,2022-08-05,20,2,0.003,False,2026-07-30T11:00:55+00:00
BBBY,2022-09-04,2022-08-05,304,17,0.0456,False,2026-07-30T11:01:24+00:00
BBBY,2022-09-05,2022-08-05,125,8,0.0187,False,2026-07-30T11:01:36+00:00
BBBY,2022-09-06,2022-08-05,217,12,0.0325,False,2026-07-30T11:01:56+00:00
BBBY,2022-09-07,2022-08-05,95,6,0.0142,False,2026-07-30T11:02:08+00:00
AAPL,2020-07-23,2020-07-30,340,19,0.051,False,2026-07-30T11:02:43+00:00
AAPL,2020-07-24,2020-07-30,266,15,0.0399,False,2026-07-30T11:03:06+00:00
AAPL,2020-07-25,2020-07-30,102,7,0.0153,False,2026-07-30T11:03:17+00:00
AAPL,2020-07-26,2020-07-30,87,6,0.013,False,2026-07-30T11:03:26+00:00
AAPL,2020-07-27,2020-07-30,221,13,0.0331,False,2026-07-30T11:03:47+00:00
AAPL,2020-07-28,2020-07-30,143,9,0.0214,False,2026-07-30T11:04:02+00:00
AAPL,2020-07-29,2020-07-30,249,14,0.0373,False,2026-07-30T11:04:24+00:00
AAPL,2020-07-30,2020-07-30,1117,57,0.1675,False,2026-07-30T11:06:11+00:00
AAPL,2020-07-31,2020-07-30,1176,60,0.1764,False,2026-07-30T11:08:12+00:00
AAPL,2020-08-01,2020-07-30,223,13,0.0334,False,2026-07-30T11:08:34+00:00
AAPL,2020-08-02,2020-07-30,174,10,0.0261,False,2026-07-30T11:08:50+00:00
AAPL,2020-08-03,2020-07-30,531,28,0.0796,False,2026-07-30T11:09:40+00:00
AAPL,2020-08-04,2020-07-30,351,19,0.0526,False,2026-07-30T11:10:16+00:00
AAPL,2020-08-05,2020-07-30,277,15,0.0415,False,2026-07-30T11:10:41+00:00
AAPL,2020-08-06,2020-07-30,587,31,0.088,False,2026-07-30T11:11:36+00:00
AAPL,2020-08-07,2020-07-30,285,16,0.0427,False,2026-07-30T11:12:02+00:00
AAPL,2020-08-08,2020-07-30,90,6,0.0135,False,2026-07-30T11:12:11+00:00
AAPL,2020-08-09,2020-07-30,100,7,0.015,False,2026-07-30T11:12:20+00:00
AAPL,2020-08-10,2020-07-30,265,15,0.0397,False,2026-07-30T11:12:46+00:00
AAPL,2020-08-11,2020-07-30,294,16,0.0441,False,2026-07-30T11:13:14+00:00
AAPL,2020-08-12,2020-07-30,280,16,0.042,False,2026-07-30T11:13:42+00:00
AAPL,2020-08-13,2020-07-30,564,30,0.0846,False,2026-07-30T11:14:34+00:00
AAPL,2020-08-14,2020-07-30,340,19,0.051,False,2026-07-30T11:15:11+00:00
AAPL,2020-08-15,2020-07-30,132,8,0.0198,False,2026-07-30T11:15:25+00:00
AAPL,2020-08-16,2020-07-30,110,7,0.0165,False,2026-07-30T11:15:36+00:00
AAPL,2020-08-17,2020-07-30,256,14,0.0384,False,2026-07-30T11:15:59+00:00
AAPL,2020-08-18,2020-07-30,229,13,0.0343,False,2026-07-30T11:16:19+00:00
AAPL,2020-08-19,2020-07-30,686,36,0.1029,False,2026-07-30T11:17:24+00:00
AAPL,2020-08-20,2020-07-30,439,23,0.0658,False,2026-07-30T11:18:10+00:00
AAPL,2020-08-21,2020-07-30,1020,53,0.153,False,2026-07-30T11:19:47+00:00
AAPL,2020-08-22,2020-07-30,289,16,0.0433,False,2026-07-30T11:20:19+00:00
AAPL,2020-08-23,2020-07-30,249,14,0.0373,False,2026-07-30T11:20:43+00:00
AAPL,2020-08-24,2020-07-30,829,43,0.1243,False,2026-07-30T11:21:59+00:00
AAPL,2020-08-25,2020-07-30,511,27,0.0766,False,2026-07-30T11:22:44+00:00
AAPL,2020-08-26,2020-07-30,422,23,0.0633,False,2026-07-30T11:23:24+00:00
AAPL,2020-08-27,2020-07-30,298,16,0.0447,False,2026-07-30T11:23:56+00:00
AAPL,2020-08-28,2020-07-30,417,22,0.0625,False,2026-07-30T11:24:34+00:00
AAPL,2020-08-29,2020-07-30,226,13,0.0339,False,2026-07-30T11:24:58+00:00
AAPL,2020-08-30,2020-07-30,268,15,0.0402,False,2026-07-30T11:25:27+00:00
AAPL,2020-08-31,2020-07-30,1292,66,0.1938,False,2026-07-30T11:27:26+00:00
AAPL,2020-09-01,2020-07-30,635,33,0.0952,False,2026-07-30T11:28:25+00:00
AAPL,2020-09-02,2020-07-30,542,29,0.0813,False,2026-07-30T11:29:15+00:00
AAPL,2020-09-03,2020-07-30,616,32,0.0924,False,2026-07-30T11:30:26+00:00
AAPL,2020-09-04,2020-07-30,767,40,0.115,False,2026-07-30T11:31:38+00:00
AAPL,2020-09-05,2020-07-30,177,10,0.0265,False,2026-07-30T11:31:56+00:00
AAPL,2020-09-06,2020-07-30,119,7,0.0178,False,2026-07-30T11:32:13+00:00
AAPL,2020-09-07,2020-07-30,129,8,0.0193,False,2026-07-30T11:32:30+00:00
AAPL,2020-09-08,2020-07-30,612,32,0.0918,False,2026-07-30T11:33:27+00:00
AAPL,2020-09-09,2020-07-30,415,22,0.0622,False,2026-07-30T11:34:08+00:00
AAPL,2020-09-10,2020-07-30,351,19,0.0526,False,2026-07-30T11:34:40+00:00
AAPL,2020-09-11,2020-07-30,384,21,0.0576,False,2026-07-30T11:35:20+00:00
AAPL,2020-09-12,2020-07-30,144,9,0.0216,False,2026-07-30T11:35:34+00:00
AAPL,2020-09-13,2020-07-30,140,9,0.021,False,2026-07-30T11:35:49+00:00
AAPL,2020-09-14,2020-07-30,339,18,0.0508,False,2026-07-30T11:36:23+00:00
AAPL,2020-09-15,2020-07-30,987,51,0.148,False,2026-07-30T11:37:53+00:00
AAPL,2020-09-16,2020-07-30,427,23,0.064,False,2026-07-30T11:38:32+00:00
AAPL,2020-09-17,2020-07-30,440,24,0.066,False,2026-07-30T11:39:12+00:00
AAPL,2020-09-18,2020-07-30,469,25,0.0703,False,2026-07-30T11:40:04+00:00
AAPL,2020-09-19,2020-07-30,154,9,0.0231,False,2026-07-30T11:40:19+00:00
AAPL,2020-09-20,2020-07-30,118,7,0.0177,False,2026-07-30T11:40:30+00:00
AAPL,2020-09-21,2020-07-30,531,28,0.0796,False,2026-07-30T11:41:19+00:00
AAPL,2020-09-22,2020-07-30,349,19,0.0523,False,2026-07-30T11:41:52+00:00
AAPL,2020-09-23,2020-07-30,266,15,0.0399,False,2026-07-30T11:42:23+00:00
AAPL,2020-09-24,2020-07-30,304,17,0.0456,False,2026-07-30T11:42:51+00:00
AAPL,2020-09-25,2020-07-30,340,19,0.051,False,2026-07-30T11:43:27+00:00
AAPL,2020-09-26,2020-07-30,99,6,0.0148,False,2026-07-30T11:43:38+00:00
AAPL,2020-09-27,2020-07-30,88,6,0.0132,False,2026-07-30T11:43:46+00:00
AAPL,2020-09-28,2020-07-30,245,14,0.0367,False,2026-07-30T11:44:12+00:00
AAPL,2020-09-29,2020-07-30,182,11,0.0273,False,2026-07-30T11:44:28+00:00
AAPL,2020-09-30,2020-07-30,224,13,0.0336,False,2026-07-30T11:44:50+00:00
PLTR,2020-10-30,2020-11-06,28,3,0.0042,False,2026-07-30T11:44:54+00:00
PLTR,2020-10-31,2020-11-06,9,2,0.0013,False,2026-07-30T11:44:56+00:00
PLTR,2020-11-01,2020-11-06,12,2,0.0018,False,2026-07-30T11:44:58+00:00
PLTR,2020-11-02,2020-11-06,24,3,0.0036,False,2026-07-30T11:45:07+00:00
PLTR,2020-11-03,2020-11-06,43,4,0.0064,False,2026-07-30T11:45:12+00:00
PLTR,2020-11-04,2020-11-06,26,3,0.0039,False,2026-07-30T11:45:17+00:00
PLTR,2020-11-05,2020-11-06,172,10,0.0258,False,2026-07-30T11:45:33+00:00
PLTR,2020-11-06,2020-11-06,290,16,0.0435,False,2026-07-30T11:46:00+00:00
PLTR,2020-11-07,2020-11-06,62,5,0.0093,False,2026-07-30T11:46:08+00:00
PLTR,2020-11-08,2020-11-06,31,3,0.0046,False,2026-07-30T11:46:12+00:00
PLTR,2020-11-09,2020-11-06,142,9,0.0213,False,2026-07-30T11:46:26+00:00
PLTR,2020-11-10,2020-11-06,71,5,0.0106,False,2026-07-30T11:46:34+00:00
PLTR,2020-11-11,2020-11-06,221,13,0.0331,False,2026-07-30T11:46:54+00:00
PLTR,2020-11-12,2020-11-06,387,21,0.058,False,2026-07-30T11:47:28+00:00
PLTR,2020-11-13,2020-11-06,183,11,0.0274,False,2026-07-30T11:47:46+00:00
PLTR,2020-11-14,2020-11-06,74,5,0.0111,False,2026-07-30T11:47:55+00:00
PLTR,2020-11-15,2020-11-06,45,4,0.0067,False,2026-07-30T11:48:01+00:00
PLTR,2020-11-16,2020-11-06,122,8,0.0183,False,2026-07-30T11:48:15+00:00
PLTR,2020-11-17,2020-11-06,382,21,0.0573,False,2026-07-30T11:48:51+00:00
PLTR,2020-11-18,2020-11-06,239,13,0.0358,False,2026-07-30T11:49:13+00:00
PLTR,2020-11-19,2020-11-06,151,9,0.0226,False,2026-07-30T11:49:27+00:00
PLTR,2020-11-20,2020-11-06,142,9,0.0213,False,2026-07-30T11:49:40+00:00
PLTR,2020-11-21,2020-11-06,36,3,0.0054,False,2026-07-30T11:49:44+00:00
PLTR,2020-11-22,2020-11-06,35,3,0.0052,False,2026-07-30T11:49:48+00:00
PLTR,2020-11-23,2020-11-06,313,17,0.0469,False,2026-07-30T11:50:20+00:00
PLTR,2020-11-24,2020-11-06,335,18,0.0502,False,2026-07-30T11:50:48+00:00
PLTR,2020-11-25,2020-11-06,723,38,0.1084,False,2026-07-30T11:51:59+00:00
PLTR,2020-11-26,2020-11-06,192,11,0.0288,False,2026-07-30T11:52:20+00:00
PLTR,2020-11-27,2020-11-06,679,35,0.1018,False,2026-07-30T11:53:21+00:00
PLTR,2020-11-28,2020-11-06,135,8,0.0202,False,2026-07-30T11:53:34+00:00
PLTR,2020-11-29,2020-11-06,118,7,0.0177,False,2026-07-30T11:53:45+00:00
PLTR,2020-11-30,2020-11-06,239,13,0.0358,False,2026-07-30T11:54:18+00:00
PLTR,2020-12-01,2020-11-06,220,13,0.033,False,2026-07-30T11:54:41+00:00
PLTR,2020-12-02,2020-11-06,403,22,0.0604,False,2026-07-30T11:55:22+00:00
PLTR,2020-12-03,2020-11-06,273,15,0.0409,False,2026-07-30T11:55:46+00:00
PLTR,2020-12-04,2020-11-06,109,7,0.0163,False,2026-07-30T11:55:58+00:00
PLTR,2020-12-05,2020-11-06,51,4,0.0076,False,2026-07-30T11:56:04+00:00
PLTR,2020-12-06,2020-11-06,65,5,0.0097,False,2026-07-30T11:56:11+00:00
PLTR,2020-12-07,2020-11-06,502,27,0.0753,False,2026-07-30T11:56:59+00:00
PLTR,2020-12-08,2020-11-06,284,16,0.0426,False,2026-07-30T11:57:25+00:00
PLTR,2020-12-09,2020-11-06,137,8,0.0205,False,2026-07-30T11:57:37+00:00
PLTR,2020-12-10,2020-11-06,120,7,0.018,False,2026-07-30T11:57:48+00:00
PLTR,2020-12-11,2020-11-06,81,6,0.0121,False,2026-07-30T11:57:57+00:00
PLTR,2020-12-12,2020-11-06,42,4,0.0063,False,2026-07-30T11:58:02+00:00
PLTR,2020-12-13,2020-11-06,53,4,0.0079,False,2026-07-30T11:58:08+00:00
PLTR,2020-12-14,2020-11-06,112,7,0.0168,False,2026-07-30T11:58:19+00:00
PLTR,2020-12-15,2020-11-06,108,7,0.0162,False,2026-07-30T11:58:29+00:00
TSLA,2020-11-10,2020-11-17,468,25,0.0702,False,2026-07-30T11:59:10+00:00
TSLA,2020-11-11,2020-11-17,460,24,0.069,False,2026-07-30T11:59:50+00:00
TSLA,2020-11-12,2020-11-17,470,25,0.0705,False,2026-07-30T12:00:46+00:00
TSLA,2020-11-13,2020-11-17,585,31,0.0877,False,2026-07-30T12:02:07+00:00
TSLA,2020-11-14,2020-11-17,235,13,0.0352,False,2026-07-30T12:02:45+00:00
TSLA,2020-11-15,2020-11-17,215,12,0.0322,False,2026-07-30T12:03:09+00:00
TSLA,2020-11-16,2020-11-17,1570,80,0.2355,False,2026-07-30T12:06:52+00:00
TSLA,2020-11-17,2020-11-17,1998,101,0.2997,False,2026-07-30T12:10:07+00:00
TSLA,2020-11-18,2020-11-17,1960,100,0.294,False,2026-07-30T12:13:18+00:00
TSLA,2020-11-19,2020-11-17,1490,76,0.2235,False,2026-07-30T12:15:42+00:00
TSLA,2020-11-20,2020-11-17,786,41,0.1179,False,2026-07-30T12:16:54+00:00
TSLA,2020-11-21,2020-11-17,356,19,0.0534,False,2026-07-30T12:17:30+00:00
TSLA,2020-11-22,2020-11-17,339,18,0.0508,False,2026-07-30T12:18:04+00:00
TSLA,2020-11-23,2020-11-17,1302,67,0.1953,False,2026-07-30T12:20:07+00:00
TSLA,2020-11-24,2020-11-17,1760,89,0.264,False,2026-07-30T12:22:50+00:00
TSLA,2020-11-25,2020-11-17,1260,64,0.189,False,2026-07-30T12:24:59+00:00
TSLA,2020-11-26,2020-11-17,560,29,0.084,False,2026-07-30T12:25:54+00:00
TSLA,2020-11-27,2020-11-17,1133,58,0.1699,False,2026-07-30T12:27:39+00:00
TSLA,2020-11-28,2020-11-17,526,28,0.0789,False,2026-07-30T12:28:29+00:00
TSLA,2020-11-29,2020-11-17,522,28,0.0783,False,2026-07-30T12:29:21+00:00
TSLA,2020-11-30,2020-11-17,1457,74,0.2185,False,2026-07-30T12:31:43+00:00
TSLA,2020-12-01,2020-11-17,1136,58,0.1704,False,2026-07-30T12:33:30+00:00
TSLA,2020-12-02,2020-11-17,1203,62,0.1804,False,2026-07-30T12:35:33+00:00
TSLA,2020-12-03,2020-11-17,1295,66,0.1942,False,2026-07-30T12:37:40+00:00
TSLA,2020-12-04,2020-11-17,907,47,0.136,False,2026-07-30T12:39:05+00:00
TSLA,2020-12-05,2020-11-17,459,24,0.0688,False,2026-07-30T12:39:49+00:00
TSLA,2020-12-06,2020-11-17,396,21,0.0594,False,2026-07-30T12:40:30+00:00
TSLA,2020-12-07,2020-11-17,1893,96,0.2839,False,2026-07-30T12:43:33+00:00
TSLA,2020-12-08,2020-11-17,2150,109,0.3225,False,2026-07-30T12:47:23+00:00
TSLA,2020-12-09,2020-11-17,1418,72,0.2127,False,2026-07-30T12:49:39+00:00
TSLA,2020-12-10,2020-11-17,1493,76,0.2239,False,2026-07-30T12:52:07+00:00
TSLA,2020-12-11,2020-11-17,927,48,0.139,False,2026-07-30T12:53:34+00:00
TSLA,2020-12-12,2020-11-17,480,25,0.072,False,2026-07-30T12:54:29+00:00
TSLA,2020-12-13,2020-11-17,491,26,0.0736,False,2026-07-30T12:55:24+00:00
TSLA,2020-12-14,2020-11-17,1014,52,0.1521,False,2026-07-30T12:57:01+00:00
TSLA,2020-12-15,2020-11-17,983,51,0.1474,False,2026-07-30T12:58:32+00:00
TSLA,2020-12-16,2020-11-17,927,48,0.139,False,2026-07-30T12:59:57+00:00
TSLA,2020-12-17,2020-11-17,1383,71,0.2074,False,2026-07-30T13:02:27+00:00
TSLA,2020-12-18,2020-11-17,2954,149,0.4431,False,2026-07-30T13:07:04+00:00
TSLA,2020-12-19,2020-11-17,882,46,0.1323,False,2026-07-30T13:08:31+00:00
TSLA,2020-12-20,2020-11-17,878,45,0.1317,False,2026-07-30T13:09:54+00:00
TSLA,2020-12-21,2020-11-17,1558,79,0.2337,False,2026-07-30T13:12:29+00:00
TSLA,2020-12-22,2020-11-17,1380,70,0.207,False,2026-07-30T13:14:31+00:00
TSLA,2020-12-23,2020-11-17,926,48,0.1389,False,2026-07-30T13:16:03+00:00
TSLA,2020-12-24,2020-11-17,592,31,0.0888,False,2026-07-30T13:16:56+00:00
TSLA,2020-12-25,2020-11-17,292,16,0.0438,False,2026-07-30T13:17:33+00:00
TSLA,2020-12-26,2020-11-17,360,20,0.054,False,2026-07-30T13:18:11+00:00
TSLA,2020-12-27,2020-11-17,435,23,0.0652,False,2026-07-30T13:18:59+00:00
TSLA,2020-12-28,2020-11-17,813,42,0.1219,False,2026-07-30T13:20:23+00:00
TSLA,2020-12-30,2020-11-17,1230,63,0.1845,False,2026-07-30T13:23:13+00:00
NVDA,2024-05-15,2024-05-22,726,38,0.1089,False,2026-07-30T13:24:23+00:00
NVDA,2024-05-16,2024-05-22,455,24,0.0682,False,2026-07-30T13:25:16+00:00
NVDA,2024-05-17,2024-05-22,514,27,0.0771,False,2026-07-30T13:26:08+00:00
NVDA,2024-05-18,2024-05-22,269,15,0.0403,False,2026-07-30T13:26:36+00:00
NVDA,2024-05-19,2024-05-22,408,22,0.0612,False,2026-07-30T13:27:15+00:00
NVDA,2024-05-20,2024-05-22,943,49,0.1414,False,2026-07-30T13:28:51+00:00
NVDA,2024-05-21,2024-05-22,1099,56,0.1648,False,2026-07-30T13:30:55+00:00
NVDA,2024-05-22,2024-05-22,679,35,0.1018,False,2026-07-30T13:32:02+00:00
NVDA,2024-05-23,2024-05-22,3438,173,0.5157,False,2026-07-30T13:37:40+00:00
NVDA,2024-05-24,2024-05-22,1128,58,0.1692,False,2026-07-30T13:39:26+00:00
NVDA,2024-05-25,2024-05-22,456,24,0.0684,False,2026-07-30T13:40:21+00:00
NVDA,2024-05-26,2024-05-22,333,18,0.0499,False,2026-07-30T13:40:53+00:00
NVDA,2024-05-27,2024-05-22,391,21,0.0586,False,2026-07-30T13:41:31+00:00
NVDA,2024-05-28,2024-05-22,1992,101,0.2988,False,2026-07-30T13:44:47+00:00
NVDA,2024-05-29,2024-05-22,1278,65,0.1917,False,2026-07-30T13:47:07+00:00
NVDA,2024-05-30,2024-05-22,914,47,0.1371,False,2026-07-30T13:48:33+00:00
NVDA,2024-05-31,2024-05-22,644,34,0.0966,False,2026-07-30T13:49:43+00:00
NVDA,2024-06-01,2024-05-22,249,14,0.0373,False,2026-07-30T13:50:18+00:00
NVDA,2024-06-02,2024-05-22,428,23,0.0642,False,2026-07-30T13:51:13+00:00
NVDA,2024-06-03,2024-05-22,935,48,0.1402,False,2026-07-30T13:52:50+00:00
NVDA,2024-06-04,2024-05-22,970,50,0.1455,False,2026-07-30T13:54:29+00:00
NVDA,2024-06-05,2024-05-22,2331,118,0.3496,False,2026-07-30T13:58:18+00:00
NVDA,2024-06-06,2024-05-22,1920,98,0.288,False,2026-07-30T14:01:50+00:00
NVDA,2024-06-07,2024-05-22,865,45,0.1297,False,2026-07-30T14:03:52+00:00
NVDA,2024-06-08,2024-05-22,426,23,0.0639,False,2026-07-30T14:04:56+00:00
NVDA,2024-06-09,2024-05-22,404,22,0.0606,False,2026-07-30T14:06:00+00:00
NVDA,2024-06-10,2024-05-22,1226,63,0.1839,False,2026-07-30T14:08:21+00:00
NVDA,2024-06-11,2024-05-22,670,35,0.1005,False,2026-07-30T14:09:28+00:00
NOK,2021-01-28,2021-01-14,11744,589,1.7616,False,2026-07-30T16:42:35+00:00
TSLA,2020-12-29,2020-11-17,775,40,0.1162,False,2026-07-30T16:43:45+00:00
NVDA,2024-06-12,2024-05-22,680,36,0.102,False,2026-07-30T16:44:48+00:00
NVDA,2024-06-13,2024-05-22,770,40,0.1155,False,2026-07-30T16:46:08+00:00
NVDA,2024-06-14,2024-05-22,864,45,0.1296,False,2026-07-30T16:47:31+00:00
NVDA,2024-06-15,2024-05-22,411,22,0.0616,False,2026-07-30T16:48:16+00:00
NVDA,2024-06-16,2024-05-22,346,19,0.0519,False,2026-07-30T16:48:51+00:00
NVDA,2024-06-17,2024-05-22,801,42,0.1201,False,2026-07-30T16:50:17+00:00
NVDA,2024-06-18,2024-05-22,1905,97,0.2857,False,2026-07-30T16:53:19+00:00
NVDA,2024-06-19,2024-05-22,1077,55,0.1615,False,2026-07-30T16:55:16+00:00
NVDA,2024-06-20,2024-05-22,2038,103,0.3057,False,2026-07-30T16:58:56+00:00
NVDA,2024-06-21,2024-05-22,1350,69,0.2025,False,2026-07-30T17:03:02+00:00
NVDA,2024-06-22,2024-05-22,448,24,0.0672,False,2026-07-30T17:03:46+00:00
NVDA,2024-06-23,2024-05-22,456,24,0.0684,False,2026-07-30T17:04:37+00:00
NVDA,2024-06-24,2024-05-22,1740,89,0.261,False,2026-07-30T17:07:31+00:00
NVDA,2024-06-25,2024-05-22,1710,87,0.2565,False,2026-07-30T17:10:39+00:00
NVDA,2024-06-26,2024-05-22,1121,58,0.1681,False,2026-07-30T17:12:29+00:00
NVDA,2024-06-27,2024-05-22,580,31,0.087,False,2026-07-30T17:13:33+00:00
NVDA,2024-06-28,2024-05-22,496,26,0.0744,False,2026-07-30T17:14:34+00:00
NVDA,2024-06-29,2024-05-22,213,12,0.0319,False,2026-07-30T17:14:55+00:00
NVDA,2024-06-30,2024-05-22,264,15,0.0396,False,2026-07-30T17:15:28+00:00
NVDA,2024-07-01,2024-05-22,578,30,0.0867,False,2026-07-30T17:16:26+00:00
NVDA,2024-07-02,2024-05-22,533,28,0.0799,False,2026-07-30T17:17:18+00:00
NVDA,2024-07-03,2024-05-22,996,51,0.1494,False,2026-07-30T17:18:58+00:00
NVDA,2024-07-04,2024-05-22,250,14,0.0375,False,2026-07-30T17:19:29+00:00
NVDA,2024-07-05,2024-05-22,501,27,0.0751,False,2026-07-30T17:20:23+00:00
NVDA,2024-07-06,2024-05-22,280,16,0.042,False,2026-07-30T17:20:54+00:00
NVDA,2024-07-07,2024-05-22,231,13,0.0347,False,2026-07-30T17:21:17+00:00
NVDA,2024-07-08,2024-05-22,619,32,0.0928,False,2026-07-30T17:22:30+00:00
NVDA,2024-07-09,2024-05-22,817,42,0.1225,False,2026-07-30T17:23:55+00:00
NVDA,2024-07-10,2024-05-22,663,35,0.0994,False,2026-07-30T17:25:10+00:00
NVDA,2024-07-11,2024-05-22,682,36,0.1023,False,2026-07-30T17:26:19+00:00
NVDA,2024-07-12,2024-05-22,514,27,0.0771,False,2026-07-30T17:27:17+00:00
NVDA,2024-07-13,2024-05-22,162,10,0.0243,False,2026-07-30T17:27:34+00:00
NVDA,2024-07-14,2024-05-22,164,10,0.0246,False,2026-07-30T17:27:52+00:00
NVDA,2024-07-15,2024-05-22,416,22,0.0624,False,2026-07-30T17:28:33+00:00
NVDA,2024-07-16,2024-05-22,458,24,0.0687,False,2026-07-30T17:29:21+00:00
NVDA,2024-07-17,2024-05-22,994,51,0.1491,False,2026-07-30T17:31:11+00:00
NVDA,2024-07-18,2024-05-22,677,35,0.1015,False,2026-07-30T17:32:23+00:00
TWTR,2020-12-30,2021-01-06,38,3,0.0057,False,2026-07-30T17:32:27+00:00
TWTR,2020-12-31,2021-01-06,31,3,0.0046,False,2026-07-30T17:32:31+00:00
TWTR,2021-01-01,2021-01-06,34,3,0.0051,False,2026-07-30T17:32:35+00:00
TWTR,2021-01-02,2021-01-06,22,3,0.0033,False,2026-07-30T17:32:39+00:00
TWTR,2021-01-03,2021-01-06,34,3,0.0051,False,2026-07-30T17:32:44+00:00
TWTR,2021-01-04,2021-01-06,59,4,0.0088,False,2026-07-30T17:32:51+00:00
TWTR,2021-01-05,2021-01-06,64,5,0.0096,False,2026-07-30T17:33:01+00:00
TWTR,2021-01-06,2021-01-06,80,5,0.012,False,2026-07-30T17:33:09+00:00
TWTR,2021-01-07,2021-01-06,149,9,0.0223,False,2026-07-30T17:33:23+00:00
TWTR,2021-01-08,2021-01-06,183,11,0.0274,False,2026-07-30T17:33:42+00:00
TWTR,2021-01-09,2021-01-06,533,28,0.0799,False,2026-07-30T17:34:33+00:00
TWTR,2021-01-10,2021-01-06,135,8,0.0202,False,2026-07-30T17:34:53+00:00
TWTR,2021-01-11,2021-01-06,592,31,0.0888,False,2026-07-30T17:35:53+00:00
TWTR,2021-01-12,2021-01-06,238,13,0.0357,False,2026-07-30T17:36:22+00:00
TWTR,2021-01-13,2021-01-06,96,6,0.0144,False,2026-07-30T17:36:32+00:00
TWTR,2021-01-14,2021-01-06,175,10,0.0262,False,2026-07-30T17:36:48+00:00
TWTR,2021-01-15,2021-01-06,120,7,0.018,False,2026-07-30T17:37:02+00:00
TWTR,2021-01-16,2021-01-06,51,4,0.0076,False,2026-07-30T17:37:08+00:00
TWTR,2021-01-17,2021-01-06,36,3,0.0054,False,2026-07-30T17:37:12+00:00
TWTR,2021-01-18,2021-01-06,41,4,0.0061,False,2026-07-30T17:37:17+00:00
TWTR,2021-01-19,2021-01-06,81,6,0.0121,False,2026-07-30T17:37:26+00:00
TWTR,2021-01-20,2021-01-06,117,7,0.0175,False,2026-07-30T17:37:40+00:00
TWTR,2021-01-21,2021-01-06,84,6,0.0126,False,2026-07-30T17:37:49+00:00
TWTR,2021-01-22,2021-01-06,68,5,0.0102,False,2026-07-30T17:38:00+00:00
TWTR,2021-01-23,2021-01-06,37,3,0.0055,False,2026-07-30T17:38:04+00:00
TWTR,2021-01-24,2021-01-06,35,3,0.0052,False,2026-07-30T17:38:08+00:00
TWTR,2021-01-25,2021-01-06,60,4,0.009,False,2026-07-30T17:38:14+00:00
TWTR,2021-01-26,2021-01-06,155,9,0.0232,False,2026-07-30T17:38:30+00:00
TWTR,2021-01-27,2021-01-06,104,7,0.0156,False,2026-07-30T17:38:42+00:00
TWTR,2021-01-28,2021-01-06,118,7,0.0177,False,2026-07-30T17:38:55+00:00
TWTR,2021-01-29,2021-01-06,53,4,0.0079,False,2026-07-30T17:39:01+00:00
TWTR,2021-01-30,2021-01-06,29,3,0.0043,False,2026-07-30T17:39:05+00:00
TWTR,2021-01-31,2021-01-06,23,3,0.0034,False,2026-07-30T17:39:09+00:00
TWTR,2021-02-01,2021-01-06,34,3,0.0051,False,2026-07-30T17:39:14+00:00
TWTR,2021-02-02,2021-01-06,58,4,0.0087,False,2026-07-30T17:39:20+00:00
TWTR,2021-02-03,2021-01-06,33,3,0.0049,False,2026-07-30T17:39:24+00:00
TWTR,2021-02-04,2021-01-06,76,5,0.0114,False,2026-07-30T17:39:31+00:00
TWTR,2021-02-05,2021-01-06,53,4,0.0079,False,2026-07-30T17:39:38+00:00
TWTR,2021-02-06,2021-01-06,46,4,0.0069,False,2026-07-30T17:39:44+00:00
TWTR,2021-02-07,2021-01-06,48,4,0.0072,False,2026-07-30T17:39:53+00:00
TWTR,2021-02-08,2021-01-06,88,6,0.0132,False,2026-07-30T17:40:10+00:00
TWTR,2021-02-09,2021-01-06,268,15,0.0402,False,2026-07-30T17:40:37+00:00
SNDL,2020-12-29,2021-01-05,21,3,0.0031,False,2026-07-30T17:40:43+00:00
SNDL,2020-12-30,2021-01-05,93,6,0.0139,False,2026-07-30T17:40:52+00:00
SNDL,2020-12-31,2021-01-05,33,3,0.0049,False,2026-07-30T17:40:56+00:00
SNDL,2021-01-01,2021-01-05,14,2,0.0021,False,2026-07-30T17:40:58+00:00
SNDL,2021-01-02,2021-01-05,26,3,0.0039,False,2026-07-30T17:41:02+00:00
SNDL,2021-01-03,2021-01-05,40,4,0.006,False,2026-07-30T17:41:07+00:00
SNDL,2021-01-04,2021-01-05,231,13,0.0347,False,2026-07-30T17:41:28+00:00
SNDL,2021-01-05,2021-01-05,205,12,0.0307,False,2026-07-30T17:41:51+00:00
SNDL,2021-01-06,2021-01-05,487,26,0.073,False,2026-07-30T17:42:36+00:00
SNDL,2021-01-07,2021-01-05,671,35,0.1006,False,2026-07-30T17:43:37+00:00
SNDL,2021-01-08,2021-01-05,517,27,0.0775,False,2026-07-30T17:44:33+00:00
SNDL,2021-01-09,2021-01-05,93,6,0.0139,False,2026-07-30T17:44:42+00:00
SNDL,2021-01-10,2021-01-05,168,10,0.0252,False,2026-07-30T17:44:58+00:00
SNDL,2021-01-11,2021-01-05,631,33,0.0946,False,2026-07-30T17:45:59+00:00
SNDL,2021-01-12,2021-01-05,282,16,0.0423,False,2026-07-30T17:46:26+00:00
SNDL,2021-01-13,2021-01-05,212,12,0.0318,False,2026-07-30T17:46:46+00:00
SNDL,2021-01-14,2021-01-05,340,19,0.051,False,2026-07-30T17:47:17+00:00
SNDL,2021-01-15,2021-01-05,494,26,0.0741,False,2026-07-30T17:48:06+00:00
SNDL,2021-01-16,2021-01-05,103,7,0.0154,False,2026-07-30T17:48:18+00:00
SNDL,2021-01-17,2021-01-05,54,4,0.0081,False,2026-07-30T17:48:25+00:00
SNDL,2021-01-18,2021-01-05,97,6,0.0145,False,2026-07-30T17:48:35+00:00
SNDL,2021-01-19,2021-01-05,240,14,0.036,False,2026-07-30T17:48:59+00:00
SNDL,2021-01-20,2021-01-05,134,8,0.0201,False,2026-07-30T17:49:11+00:00
SNDL,2021-01-21,2021-01-05,111,7,0.0166,False,2026-07-30T17:49:21+00:00
SNDL,2021-01-22,2021-01-05,138,8,0.0207,False,2026-07-30T17:49:34+00:00
SNDL,2021-01-23,2021-01-05,42,4,0.0063,False,2026-07-30T17:49:40+00:00
SNDL,2021-01-24,2021-01-05,49,4,0.0073,False,2026-07-30T17:49:49+00:00
SNDL,2021-01-25,2021-01-05,104,7,0.0156,False,2026-07-30T17:50:04+00:00
SNDL,2021-01-26,2021-01-05,174,10,0.0261,False,2026-07-30T17:50:24+00:00
SNDL,2021-01-27,2021-01-05,1267,65,0.19,False,2026-07-30T17:52:13+00:00
SNDL,2021-01-28,2021-01-05,4892,246,0.7338,False,2026-07-30T17:59:24+00:00
SNDL,2021-01-29,2021-01-05,3028,153,0.4542,False,2026-07-30T18:05:52+00:00
SNDL,2021-01-30,2021-01-05,295,16,0.0442,False,2026-07-30T18:06:35+00:00
SNDL,2021-01-31,2021-01-05,444,24,0.0666,False,2026-07-30T18:07:30+00:00
SNDL,2021-02-01,2021-01-05,3155,159,0.4732,False,2026-07-30T18:12:11+00:00
SNDL,2021-02-02,2021-01-05,1688,86,0.2532,False,2026-07-30T18:14:56+00:00
SNDL,2021-02-03,2021-01-05,1973,100,0.2959,False,2026-07-30T18:17:49+00:00
SNDL,2021-02-04,2021-01-05,966,50,0.1449,False,2026-07-30T18:19:15+00:00
SNDL,2021-02-05,2021-01-05,599,31,0.0898,False,2026-07-30T18:20:13+00:00
SNDL,2021-02-06,2021-01-05,244,14,0.0366,False,2026-07-30T18:20:39+00:00
SNDL,2021-02-07,2021-01-05,205,12,0.0307,False,2026-07-30T18:21:01+00:00
SNDL,2021-02-08,2021-01-05,833,43,0.1249,False,2026-07-30T18:22:18+00:00
SNDL,2021-02-09,2021-01-05,1976,100,0.2964,False,2026-07-30T18:25:13+00:00
SNDL,2021-02-10,2021-01-05,4424,223,0.6636,False,2026-07-30T18:32:03+00:00
RKT,2021-02-18,2021-02-25,41,4,0.0061,False,2026-07-30T18:32:09+00:00
RKT,2021-02-19,2021-02-25,29,3,0.0043,False,2026-07-30T18:32:13+00:00
RKT,2021-02-20,2021-02-25,18,2,0.0027,False,2026-07-30T18:32:16+00:00
RKT,2021-02-21,2021-02-25,21,3,0.0031,False,2026-07-30T18:32:20+00:00
RKT,2021-02-22,2021-02-25,29,3,0.0043,False,2026-07-30T18:32:24+00:00
RKT,2021-02-23,2021-02-25,20,2,0.003,False,2026-07-30T18:32:27+00:00
RKT,2021-02-24,2021-02-25,38,3,0.0057,False,2026-07-30T18:32:31+00:00
RKT,2021-02-25,2021-02-25,163,10,0.0244,False,2026-07-30T18:32:47+00:00
RKT,2021-02-26,2021-02-25,254,14,0.0381,False,2026-07-30T18:33:12+00:00
RKT,2021-02-27,2021-02-25,30,3,0.0045,False,2026-07-30T18:33:17+00:00
RKT,2021-02-28,2021-02-25,37,3,0.0055,False,2026-07-30T18:33:21+00:00
RKT,2021-03-01,2021-02-25,234,13,0.0351,False,2026-07-30T18:33:48+00:00
RKT,2021-03-02,2021-02-25,1492,76,0.2238,False,2026-07-30T18:36:10+00:00
RKT,2021-03-03,2021-02-25,746,39,0.1119,False,2026-07-30T18:37:20+00:00
RKT,2021-03-04,2021-02-25,189,11,0.0283,False,2026-07-30T18:37:48+00:00
RKT,2021-03-05,2021-02-25,91,6,0.0136,False,2026-07-30T18:37:58+00:00
RKT,2021-03-06,2021-02-25,30,3,0.0045,False,2026-07-30T18:38:02+00:00
RKT,2021-03-07,2021-02-25,27,3,0.004,False,2026-07-30T18:38:06+00:00
RKT,2021-03-08,2021-02-25,87,6,0.013,False,2026-07-30T18:38:17+00:00
RKT,2021-03-09,2021-02-25,72,5,0.0108,False,2026-07-30T18:38:25+00:00
RKT,2021-03-10,2021-02-25,117,7,0.0175,False,2026-07-30T18:38:37+00:00
BB,2021-01-07,2021-01-14,41,4,0.0061,False,2026-07-30T18:38:42+00:00
BB,2021-01-08,2021-01-14,50,4,0.0075,False,2026-07-30T18:38:49+00:00
BB,2021-01-09,2021-01-14,25,3,0.0037,False,2026-07-30T18:38:52+00:00
BB,2021-01-10,2021-01-14,28,3,0.0042,False,2026-07-30T18:38:57+00:00
BB,2021-01-11,2021-01-14,40,3,0.006,False,2026-07-30T18:39:01+00:00
BB,2021-01-12,2021-01-14,38,3,0.0057,False,2026-07-30T18:39:06+00:00
BB,2021-01-13,2021-01-14,27,3,0.004,False,2026-07-30T18:39:09+00:00
BB,2021-01-14,2021-01-14,279,15,0.0418,False,2026-07-30T18:39:36+00:00
BB,2021-01-15,2021-01-14,336,18,0.0504,False,2026-07-30T18:40:17+00:00
BB,2021-01-16,2021-01-14,62,5,0.0093,False,2026-07-30T18:40:25+00:00
BB,2021-01-17,2021-01-14,66,5,0.0099,False,2026-07-30T18:40:37+00:00
BB,2021-01-18,2021-01-14,116,7,0.0174,False,2026-07-30T18:40:48+00:00
BB,2021-01-19,2021-01-14,334,18,0.0501,False,2026-07-30T18:41:23+00:00
BB,2021-01-20,2021-01-14,246,14,0.0369,False,2026-07-30T18:41:47+00:00
BB,2021-01-21,2021-01-14,105,7,0.0158,False,2026-07-30T18:42:01+00:00
BB,2021-01-22,2021-01-14,284,16,0.0426,False,2026-07-30T18:42:27+00:00
BB,2021-01-23,2021-01-14,160,9,0.024,False,2026-07-30T18:42:45+00:00
BB,2021-01-24,2021-01-14,167,10,0.025,False,2026-07-30T18:43:03+00:00
BB,2021-01-25,2021-01-14,1078,55,0.1617,False,2026-07-30T18:44:43+00:00
BB,2021-01-26,2021-01-14,1096,56,0.1644,False,2026-07-30T18:47:15+00:00
BB,2021-01-27,2021-01-14,2914,147,0.4371,False,2026-07-30T18:51:38+00:00
BB,2021-01-28,2021-01-14,4085,206,0.6127,False,2026-07-30T18:58:34+00:00
BB,2021-01-29,2021-01-14,1581,81,0.2371,False,2026-07-30T19:01:13+00:00
BB,2021-01-30,2021-01-14,252,14,0.0378,False,2026-07-30T19:01:39+00:00
BB,2021-01-31,2021-01-14,209,12,0.0313,False,2026-07-30T19:02:03+00:00
BB,2021-02-01,2021-01-14,409,22,0.0613,False,2026-07-30T19:02:48+00:00
BB,2021-02-02,2021-01-14,260,15,0.039,False,2026-07-30T19:03:14+00:00
BB,2021-02-03,2021-01-14,247,14,0.037,False,2026-07-30T19:03:41+00:00
BB,2021-02-04,2021-01-14,178,10,0.0267,False,2026-07-30T19:04:00+00:00
BB,2021-02-05,2021-01-14,127,8,0.019,False,2026-07-30T19:04:14+00:00
BB,2021-02-06,2021-01-14,74,5,0.0111,False,2026-07-30T19:04:23+00:00
BB,2021-02-07,2021-01-14,48,4,0.0072,False,2026-07-30T19:04:29+00:00
BB,2021-02-08,2021-01-14,100,7,0.015,False,2026-07-30T19:04:41+00:00
CLNE,2021-05-26,2021-06-02,3,2,0.0004,False,2026-07-30T19:04:43+00:00
CLNE,2021-05-27,2021-06-02,0,1,0.0,False,2026-07-30T19:04:44+00:00
CLNE,2021-05-28,2021-06-02,1,2,0.0001,False,2026-07-30T19:04:46+00:00
CLNE,2021-05-29,2021-06-02,1,2,0.0001,False,2026-07-30T19:04:48+00:00
CLNE,2021-05-30,2021-06-02,1,2,0.0001,False,2026-07-30T19:04:50+00:00
CLNE,2021-05-31,2021-06-02,0,1,0.0,False,2026-07-30T19:04:50+00:00
CLNE,2021-06-01,2021-06-02,4,2,0.0006,False,2026-07-30T19:04:52+00:00
CLNE,2021-06-02,2021-06-02,2,2,0.0003,False,2026-07-30T19:04:55+00:00
CLNE,2021-06-03,2021-06-02,40,4,0.006,False,2026-07-30T19:04:59+00:00
CLNE,2021-06-04,2021-06-02,51,4,0.0076,False,2026-07-30T19:05:12+00:00
CLNE,2021-06-05,2021-06-02,2,2,0.0003,False,2026-07-30T19:05:14+00:00
CLNE,2021-06-06,2021-06-02,4,2,0.0006,False,2026-07-30T19:05:17+00:00
CLNE,2021-06-07,2021-06-02,63,5,0.0094,False,2026-07-30T19:05:25+00:00
CLNE,2021-06-08,2021-06-02,111,7,0.0166,False,2026-07-30T19:05:36+00:00
CLNE,2021-06-09,2021-06-02,219,12,0.0328,False,2026-07-30T19:06:00+00:00
CLNE,2021-06-10,2021-06-02,80,6,0.012,False,2026-07-30T19:06:09+00:00
CLNE,2021-06-11,2021-06-02,36,3,0.0054,False,2026-07-30T19:06:14+00:00
CLNE,2021-06-12,2021-06-02,8,2,0.0012,False,2026-07-30T19:06:16+00:00
CLNE,2021-06-13,2021-06-02,17,2,0.0025,False,2026-07-30T19:06:19+00:00
CLNE,2021-06-14,2021-06-02,65,5,0.0097,False,2026-07-30T19:06:27+00:00
CLNE,2021-06-15,2021-06-02,45,4,0.0067,False,2026-07-30T19:06:33+00:00
CLNE,2021-06-16,2021-06-02,26,3,0.0039,False,2026-07-30T19:06:38+00:00
CLNE,2021-06-17,2021-06-02,55,4,0.0082,False,2026-07-30T19:06:45+00:00
CLNE,2021-06-18,2021-06-02,113,7,0.0169,False,2026-07-30T19:07:02+00:00
CLNE,2021-06-19,2021-06-02,15,2,0.0022,False,2026-07-30T19:07:04+00:00
CLNE,2021-06-20,2021-06-02,7,2,0.001,False,2026-07-30T19:07:07+00:00
CLNE,2021-06-21,2021-06-02,16,2,0.0024,False,2026-07-30T19:07:10+00:00
CLNE,2021-06-22,2021-06-02,26,3,0.0039,False,2026-07-30T19:07:17+00:00
CLNE,2021-06-23,2021-06-02,11,2,0.0016,False,2026-07-30T19:07:20+00:00
CLNE,2021-06-24,2021-06-02,19,2,0.0028,False,2026-07-30T19:07:23+00:00
CLNE,2021-06-25,2021-06-02,9,2,0.0013,False,2026-07-30T19:07:27+00:00
NIO,2020-10-29,2020-11-05,682,36,0.1023,False,2026-07-30T19:08:30+00:00
NIO,2020-10-30,2020-11-05,285,16,0.0427,False,2026-07-30T19:09:01+00:00
NIO,2020-10-31,2020-11-05,108,7,0.0162,False,2026-07-30T19:09:13+00:00
NIO,2020-11-01,2020-11-05,110,7,0.0165,False,2026-07-30T19:09:28+00:00
NIO,2020-11-02,2020-11-05,617,32,0.0925,False,2026-07-30T19:10:30+00:00
NIO,2020-11-03,2020-11-05,465,25,0.0697,False,2026-07-30T19:11:13+00:00
NIO,2020-11-04,2020-11-05,671,35,0.1006,False,2026-07-30T19:12:15+00:00
NIO,2020-11-05,2020-11-05,807,42,0.121,False,2026-07-30T19:13:34+00:00
NIO,2020-11-06,2020-11-05,617,32,0.0925,False,2026-07-30T19:14:35+00:00
NIO,2020-11-07,2020-11-05,199,11,0.0298,False,2026-07-30T19:14:55+00:00
NIO,2020-11-08,2020-11-05,215,12,0.0322,False,2026-07-30T19:15:22+00:00
NIO,2020-11-09,2020-11-05,556,29,0.0834,False,2026-07-30T19:16:14+00:00
NIO,2020-11-10,2020-11-05,430,23,0.0645,False,2026-07-30T19:16:59+00:00
NIO,2020-11-11,2020-11-05,463,25,0.0694,False,2026-07-30T19:17:45+00:00
NIO,2020-11-12,2020-11-05,1049,54,0.1573,False,2026-07-30T19:19:28+00:00
NIO,2020-11-13,2020-11-05,1721,88,0.2581,False,2026-07-30T19:22:16+00:00
NIO,2020-11-14,2020-11-05,379,20,0.0568,False,2026-07-30T19:22:52+00:00
NIO,2020-11-15,2020-11-05,285,16,0.0427,False,2026-07-30T19:23:21+00:00
NIO,2020-11-16,2020-11-05,659,34,0.0988,False,2026-07-30T19:24:29+00:00
NIO,2020-11-17,2020-11-05,1205,62,0.1807,False,2026-07-30T19:26:18+00:00
NIO,2020-11-18,2020-11-05,851,44,0.1276,False,2026-07-30T19:27:38+00:00
NIO,2020-11-19,2020-11-05,609,32,0.0913,False,2026-07-30T19:28:40+00:00
NIO,2020-11-20,2020-11-05,460,24,0.069,False,2026-07-30T19:29:22+00:00
NIO,2020-11-21,2020-11-05,201,12,0.0301,False,2026-07-30T19:29:47+00:00
NIO,2020-11-22,2020-11-05,219,12,0.0328,False,2026-07-30T19:30:16+00:00
NIO,2020-11-23,2020-11-05,871,45,0.1306,False,2026-07-30T19:31:39+00:00
NIO,2020-11-24,2020-11-05,571,30,0.0856,False,2026-07-30T19:32:34+00:00
NIO,2020-11-25,2020-11-05,585,31,0.0877,False,2026-07-30T19:33:38+00:00
CLOV,2021-05-26,2021-06-02,108,7,0.0162,False,2026-07-30T19:33:53+00:00
CLOV,2021-05-27,2021-06-02,332,18,0.0498,False,2026-07-30T19:34:28+00:00
CLOV,2021-05-28,2021-06-02,229,13,0.0343,False,2026-07-30T19:34:50+00:00
CLOV,2021-05-29,2021-06-02,29,3,0.0043,False,2026-07-30T19:34:55+00:00
CLOV,2021-05-30,2021-06-02,28,3,0.0042,False,2026-07-30T19:34:59+00:00
CLOV,2021-05-31,2021-06-02,38,3,0.0057,False,2026-07-30T19:35:10+00:00
CLOV,2021-06-01,2021-06-02,86,6,0.0129,False,2026-07-30T19:35:20+00:00
CLOV,2021-06-02,2021-06-02,601,32,0.0901,False,2026-07-30T19:36:19+00:00
CLOV,2021-06-03,2021-06-02,461,25,0.0691,False,2026-07-30T19:37:05+00:00
CLOV,2021-06-04,2021-06-02,185,11,0.0277,False,2026-07-30T19:37:22+00:00
CLOV,2021-06-05,2021-06-02,69,5,0.0103,False,2026-07-30T19:37:30+00:00
CLOV,2021-06-06,2021-06-02,97,6,0.0145,False,2026-07-30T19:37:39+00:00
CLOV,2021-06-07,2021-06-02,1302,67,0.1953,False,2026-07-30T19:39:40+00:00
CLOV,2021-06-08,2021-06-02,3818,192,0.5727,False,2026-07-30T19:45:59+00:00
CLOV,2021-06-09,2021-06-02,2218,112,0.3327,False,2026-07-30T19:49:35+00:00
CLOV,2021-06-10,2021-06-02,762,40,0.1143,False,2026-07-30T19:51:00+00:00
CLOV,2021-06-11,2021-06-02,587,31,0.088,False,2026-07-30T19:51:56+00:00
CLOV,2021-06-12,2021-06-02,126,8,0.0189,False,2026-07-30T19:52:13+00:00
CLOV,2021-06-13,2021-06-02,158,9,0.0237,False,2026-07-30T19:52:33+00:00
CLOV,2021-06-14,2021-06-02,475,25,0.0712,False,2026-07-30T19:53:16+00:00
CLOV,2021-06-15,2021-06-02,401,22,0.0601,False,2026-07-30T19:53:53+00:00
CLOV,2021-06-16,2021-06-02,381,21,0.0571,False,2026-07-30T19:54:29+00:00
CLOV,2021-06-17,2021-06-02,349,19,0.0523,False,2026-07-30T19:55:11+00:00
CLOV,2021-06-18,2021-06-02,302,17,0.0453,False,2026-07-30T19:55:38+00:00
MSFT,2021-10-19,2021-10-26,96,6,0.0144,False,2026-07-30T19:55:49+00:00
MSFT,2021-10-20,2021-10-26,117,7,0.0175,False,2026-07-30T19:55:59+00:00
MSFT,2021-10-21,2021-10-26,75,5,0.0112,False,2026-07-30T19:56:08+00:00
MSFT,2021-10-22,2021-10-26,68,5,0.0102,False,2026-07-30T19:56:18+00:00
MSFT,2021-10-23,2021-10-26,51,4,0.0076,False,2026-07-30T19:56:23+00:00
MSFT,2021-10-24,2021-10-26,62,5,0.0093,False,2026-07-30T19:56:34+00:00
MSFT,2021-10-25,2021-10-26,157,9,0.0235,False,2026-07-30T19:56:50+00:00
MSFT,2021-10-26,2021-10-26,464,25,0.0696,False,2026-07-30T19:57:37+00:00
MSFT,2021-10-27,2021-10-26,598,31,0.0897,False,2026-07-30T19:58:39+00:00
MSFT,2021-10-28,2021-10-26,200,12,0.03,False,2026-07-30T19:59:00+00:00
MSFT,2021-10-29,2021-10-26,361,20,0.0541,False,2026-07-30T19:59:38+00:00
MSFT,2021-10-30,2021-10-26,117,7,0.0175,False,2026-07-30T19:59:49+00:00
MSFT,2021-10-31,2021-10-26,53,4,0.0079,False,2026-07-30T19:59:56+00:00
MSFT,2021-11-01,2021-10-26,121,8,0.0181,False,2026-07-30T20:00:14+00:00
MSFT,2021-11-02,2021-10-26,240,14,0.036,False,2026-07-30T20:00:37+00:00
MSFT,2021-11-03,2021-10-26,130,8,0.0195,False,2026-07-30T20:00:56+00:00
MSFT,2021-11-04,2021-10-26,103,7,0.0154,False,2026-07-30T20:01:07+00:00
MSFT,2021-11-05,2021-10-26,96,6,0.0144,False,2026-07-30T20:01:19+00:00
MSFT,2021-11-06,2021-10-26,59,4,0.0088,False,2026-07-30T20:01:29+00:00
MSFT,2021-11-07,2021-10-26,50,4,0.0075,False,2026-07-30T20:01:42+00:00
MSFT,2021-11-08,2021-10-26,89,6,0.0133,False,2026-07-30T20:01:51+00:00
MSFT,2021-11-09,2021-10-26,80,6,0.012,False,2026-07-30T20:02:06+00:00
MSFT,2021-11-10,2021-10-26,89,6,0.0133,False,2026-07-30T20:02:21+00:00
MSFT,2021-11-11,2021-10-26,63,5,0.0094,False,2026-07-30T20:02:30+00:00
MSFT,2021-11-12,2021-10-26,92,6,0.0138,False,2026-07-30T20:02:42+00:00
MSFT,2021-11-13,2021-10-26,35,3,0.0052,False,2026-07-30T20:02:49+00:00
MSFT,2021-11-14,2021-10-26,55,4,0.0082,False,2026-07-30T20:02:57+00:00
MSFT,2021-11-15,2021-10-26,75,5,0.0112,False,2026-07-30T20:03:10+00:00
MSFT,2021-11-16,2021-10-26,119,7,0.0178,False,2026-07-30T20:03:25+00:00
MSFT,2021-11-17,2021-10-26,88,6,0.0132,False,2026-07-30T20:03:44+00:00
MSFT,2021-11-18,2021-10-26,93,6,0.0139,False,2026-07-30T20:04:00+00:00
MSFT,2021-11-19,2021-10-26,114,7,0.0171,False,2026-07-30T20:04:13+00:00
MSFT,2021-11-20,2021-10-26,62,5,0.0093,False,2026-07-30T20:04:23+00:00
MSFT,2021-11-21,2021-10-26,40,4,0.006,False,2026-07-30T20:04:31+00:00
MSFT,2021-11-22,2021-10-26,144,9,0.0216,False,2026-07-30T20:04:50+00:00
MSFT,2021-11-23,2021-10-26,102,7,0.0153,False,2026-07-30T20:05:07+00:00
MSFT,2021-11-24,2021-10-26,77,5,0.0115,False,2026-07-30T20:05:16+00:00
MSFT,2021-11-25,2021-10-26,40,4,0.006,False,2026-07-30T20:05:34+00:00
MSFT,2021-11-26,2021-10-26,64,5,0.0096,False,2026-07-30T20:05:43+00:00
MSFT,2021-11-27,2021-10-26,63,5,0.0094,False,2026-07-30T20:05:53+00:00
MSFT,2021-11-28,2021-10-26,46,4,0.0069,False,2026-07-30T20:06:03+00:00
MSFT,2021-11-29,2021-10-26,87,6,0.013,False,2026-07-30T20:06:14+00:00
MSFT,2021-11-30,2021-10-26,105,7,0.0158,False,2026-07-30T20:06:27+00:00
MSFT,2021-12-01,2021-10-26,106,7,0.0159,False,2026-07-30T20:06:40+00:00
MSFT,2021-12-02,2021-10-26,120,8,0.018,False,2026-07-30T20:06:54+00:00
MSFT,2021-12-03,2021-10-26,145,9,0.0217,False,2026-07-30T20:07:10+00:00
MSFT,2021-12-04,2021-10-26,37,3,0.0055,False,2026-07-30T20:07:14+00:00
MSFT,2021-12-05,2021-10-26,44,4,0.0066,False,2026-07-30T20:07:20+00:00
MSFT,2021-12-06,2021-10-26,108,7,0.0162,False,2026-07-30T20:07:38+00:00
MSFT,2021-12-07,2021-10-26,120,7,0.018,False,2026-07-30T20:07:51+00:00
MSFT,2021-12-08,2021-10-26,90,6,0.0135,False,2026-07-30T20:08:05+00:00
MSFT,2021-12-09,2021-10-26,127,8,0.019,False,2026-07-30T20:08:27+00:00
MSFT,2021-12-10,2021-10-26,249,14,0.0373,False,2026-07-30T20:08:55+00:00
MSFT,2021-12-11,2021-10-26,107,7,0.016,False,2026-07-30T20:09:09+00:00
MSFT,2021-12-12,2021-10-26,92,6,0.0138,False,2026-07-30T20:09:19+00:00
MSFT,2021-12-13,2021-10-26,185,11,0.0277,False,2026-07-30T20:09:46+00:00
MSFT,2021-12-14,2021-10-26,190,11,0.0285,False,2026-07-30T20:10:12+00:00
MSFT,2021-12-15,2021-10-26,145,9,0.0217,False,2026-07-30T20:10:27+00:00
MSFT,2021-12-16,2021-10-26,115,7,0.0172,False,2026-07-30T20:10:42+00:00
MSFT,2021-12-17,2021-10-26,110,7,0.0165,False,2026-07-30T20:10:54+00:00
MSFT,2021-12-18,2021-10-26,46,4,0.0069,False,2026-07-30T20:11:01+00:00
MSFT,2021-12-19,2021-10-26,45,4,0.0067,False,2026-07-30T20:11:07+00:00
MSFT,2021-12-20,2021-10-26,64,5,0.0096,False,2026-07-30T20:11:15+00:00
MSFT,2021-12-21,2021-10-26,113,7,0.0169,False,2026-07-30T20:11:28+00:00
MSFT,2021-12-22,2021-10-26,116,7,0.0174,False,2026-07-30T20:11:42+00:00
MSFT,2021-12-23,2021-10-26,90,6,0.0135,False,2026-07-30T20:11:51+00:00
MSFT,2021-12-24,2021-10-26,41,4,0.0061,False,2026-07-30T20:11:57+00:00
MSFT,2021-12-25,2021-10-26,15,2,0.0022,False,2026-07-30T20:12:00+00:00
MSFT,2021-12-26,2021-10-26,34,3,0.0051,False,2026-07-30T20:12:04+00:00
MSFT,2021-12-27,2021-10-26,135,8,0.0202,False,2026-07-30T20:12:18+00:00
MSFT,2021-12-28,2021-10-26,98,6,0.0147,False,2026-07-30T20:12:28+00:00
MSFT,2021-12-29,2021-10-26,96,6,0.0144,False,2026-07-30T20:12:41+00:00
MSFT,2021-12-30,2021-10-26,107,7,0.016,False,2026-07-30T20:12:52+00:00
MSFT,2021-12-31,2021-10-26,81,6,0.0121,False,2026-07-30T20:13:03+00:00
MSFT,2022-01-01,2021-10-26,43,4,0.0064,False,2026-07-30T20:13:08+00:00
MSFT,2022-01-02,2021-10-26,56,4,0.0084,False,2026-07-30T20:13:15+00:00
MSFT,2022-01-03,2021-10-26,112,7,0.0168,False,2026-07-30T20:13:28+00:00
MSFT,2022-01-04,2021-10-26,134,8,0.0201,False,2026-07-30T20:13:41+00:00
MSFT,2022-01-05,2021-10-26,167,10,0.025,False,2026-07-30T20:13:58+00:00
MSFT,2022-01-06,2021-10-26,142,9,0.0213,False,2026-07-30T20:14:13+00:00
MSFT,2022-01-07,2021-10-26,128,8,0.0192,False,2026-07-30T20:14:26+00:00
MSFT,2022-01-08,2021-10-26,69,5,0.0103,False,2026-07-30T20:14:35+00:00
MSFT,2022-01-09,2021-10-26,49,4,0.0073,False,2026-07-30T20:14:41+00:00
MSFT,2022-01-10,2021-10-26,168,10,0.0252,False,2026-07-30T20:14:57+00:00
MSFT,2022-01-11,2021-10-26,138,8,0.0207,False,2026-07-30T20:15:19+00:00
MSFT,2022-01-12,2021-10-26,180,11,0.027,False,2026-07-30T20:15:39+00:00
MSFT,2022-01-13,2021-10-26,246,14,0.0369,False,2026-07-30T20:16:09+00:00
MSFT,2022-01-14,2021-10-26,171,10,0.0256,False,2026-07-30T20:16:26+00:00
MSFT,2022-01-15,2021-10-26,46,4,0.0069,False,2026-07-30T20:16:32+00:00
MSFT,2022-01-16,2021-10-26,48,4,0.0072,False,2026-07-30T20:16:39+00:00
MSFT,2022-01-17,2021-10-26,48,4,0.0072,False,2026-07-30T20:16:44+00:00
MSFT,2022-01-18,2021-10-26,993,51,0.1489,False,2026-07-30T20:18:17+00:00
MSFT,2022-01-19,2021-10-26,396,21,0.0594,False,2026-07-30T20:19:00+00:00
MSFT,2022-01-20,2021-10-26,198,11,0.0297,False,2026-07-30T20:19:22+00:00
MSFT,2022-01-21,2021-10-26,231,13,0.0347,False,2026-07-30T20:19:43+00:00
MSFT,2022-01-22,2021-10-26,135,8,0.0202,False,2026-07-30T20:19:56+00:00
MSFT,2022-01-23,2021-10-26,175,10,0.0262,False,2026-07-30T20:20:18+00:00
MSFT,2022-01-24,2021-10-26,332,18,0.0498,False,2026-07-30T20:20:51+00:00
MSFT,2022-01-25,2021-10-26,1820,92,0.273,False,2026-07-30T20:23:45+00:00
MSFT,2022-01-26,2021-10-26,1000,52,0.15,False,2026-07-30T20:25:32+00:00
MSFT,2022-01-27,2021-10-26,260,15,0.039,False,2026-07-30T20:25:58+00:00
MSFT,2022-01-28,2021-10-26,201,12,0.0301,False,2026-07-30T20:26:19+00:00
MSFT,2022-01-29,2021-10-26,73,5,0.0109,False,2026-07-30T20:26:28+00:00
MSFT,2022-01-30,2021-10-26,73,5,0.0109,False,2026-07-30T20:26:36+00:00
MSFT,2022-01-31,2021-10-26,202,12,0.0303,False,2026-07-30T20:27:00+00:00
MSFT,2022-02-01,2021-10-26,156,9,0.0234,False,2026-07-30T20:27:14+00:00
MSFT,2022-02-02,2021-10-26,187,11,0.028,False,2026-07-30T20:27:32+00:00
PROG,2021-09-07,2021-09-14,17,2,0.0025,False,2026-07-30T20:27:34+00:00
PROG,2021-09-08,2021-09-14,19,2,0.0028,False,2026-07-30T20:27:37+00:00
PROG,2021-09-09,2021-09-14,10,2,0.0015,False,2026-07-30T20:27:39+00:00
PROG,2021-09-10,2021-09-14,12,2,0.0018,False,2026-07-30T20:27:41+00:00
PROG,2021-09-11,2021-09-14,2,2,0.0003,False,2026-07-30T20:27:43+00:00
PROG,2021-09-12,2021-09-14,3,2,0.0004,False,2026-07-30T20:27:46+00:00
PROG,2021-09-13,2021-09-14,22,3,0.0033,False,2026-07-30T20:27:52+00:00
PROG,2021-09-14,2021-09-14,69,5,0.0103,False,2026-07-30T20:28:00+00:00
PROG,2021-09-15,2021-09-14,13,2,0.0019,False,2026-07-30T20:28:02+00:00
PROG,2021-09-16,2021-09-14,42,4,0.0063,False,2026-07-30T20:28:07+00:00
PROG,2021-09-17,2021-09-14,28,3,0.0042,False,2026-07-30T20:28:12+00:00
PROG,2021-09-18,2021-09-14,6,2,0.0009,False,2026-07-30T20:28:14+00:00
PROG,2021-09-19,2021-09-14,16,2,0.0024,False,2026-07-30T20:28:16+00:00
PROG,2021-09-20,2021-09-14,19,2,0.0028,False,2026-07-30T20:28:18+00:00
PROG,2021-09-21,2021-09-14,20,2,0.003,False,2026-07-30T20:28:20+00:00
PROG,2021-09-22,2021-09-14,13,2,0.0019,False,2026-07-30T20:28:23+00:00
PROG,2021-09-23,2021-09-14,23,3,0.0034,False,2026-07-30T20:28:27+00:00
PROG,2021-09-24,2021-09-14,13,2,0.0019,False,2026-07-30T20:28:29+00:00
PROG,2021-09-25,2021-09-14,7,2,0.001,False,2026-07-30T20:28:31+00:00
PROG,2021-09-26,2021-09-14,3,2,0.0004,False,2026-07-30T20:28:34+00:00
PROG,2021-09-27,2021-09-14,20,2,0.003,False,2026-07-30T20:28:36+00:00
PROG,2021-09-28,2021-09-14,28,3,0.0042,False,2026-07-30T20:28:41+00:00
PROG,2021-09-29,2021-09-14,120,7,0.018,False,2026-07-30T20:28:52+00:00
PROG,2021-09-30,2021-09-14,282,16,0.0423,False,2026-07-30T20:29:22+00:00
PROG,2021-10-01,2021-09-14,402,22,0.0603,False,2026-07-30T20:30:08+00:00
PROG,2021-10-02,2021-09-14,69,5,0.0103,False,2026-07-30T20:30:15+00:00
PROG,2021-10-03,2021-09-14,82,6,0.0123,False,2026-07-30T20:30:24+00:00
PROG,2021-10-04,2021-09-14,637,33,0.0955,False,2026-07-30T20:31:22+00:00
PROG,2021-10-05,2021-09-14,263,15,0.0394,False,2026-07-30T20:31:46+00:00
PROG,2021-10-06,2021-09-14,303,17,0.0454,False,2026-07-30T20:32:14+00:00
PROG,2021-10-07,2021-09-14,181,11,0.0271,False,2026-07-30T20:32:33+00:00
PROG,2021-10-08,2021-09-14,160,9,0.024,False,2026-07-30T20:32:47+00:00
PROG,2021-10-09,2021-09-14,45,4,0.0067,False,2026-07-30T20:32:52+00:00
PROG,2021-10-10,2021-09-14,70,5,0.0105,False,2026-07-30T20:32:59+00:00
PROG,2021-10-11,2021-09-14,741,39,0.1111,False,2026-07-30T20:34:04+00:00
PROG,2021-10-12,2021-09-14,768,40,0.1152,False,2026-07-30T20:35:17+00:00
PROG,2021-10-13,2021-09-14,456,24,0.0684,False,2026-07-30T20:35:58+00:00
PROG,2021-10-14,2021-09-14,384,21,0.0576,False,2026-07-30T20:36:34+00:00
PROG,2021-10-15,2021-09-14,391,21,0.0586,False,2026-07-30T20:37:12+00:00
PROG,2021-10-16,2021-09-14,96,6,0.0144,False,2026-07-30T20:37:21+00:00
PROG,2021-10-17,2021-09-14,131,8,0.0196,False,2026-07-30T20:37:35+00:00
PROG,2021-10-18,2021-09-14,1001,52,0.1501,False,2026-07-30T20:39:11+00:00
PROG,2021-10-19,2021-09-14,675,35,0.1012,False,2026-07-30T20:40:15+00:00
PROG,2021-10-20,2021-09-14,299,16,0.0448,False,2026-07-30T20:40:44+00:00
PROG,2021-10-21,2021-09-14,365,20,0.0547,False,2026-07-30T20:41:16+00:00
PROG,2021-10-22,2021-09-14,756,39,0.1134,False,2026-07-30T20:42:23+00:00
PROG,2021-10-23,2021-09-14,130,8,0.0195,False,2026-07-30T20:42:37+00:00
PROG,2021-10-24,2021-09-14,134,8,0.0201,False,2026-07-30T20:42:49+00:00
PROG,2021-10-25,2021-09-14,628,33,0.0942,False,2026-07-30T20:43:52+00:00
PROG,2021-10-26,2021-09-14,1576,80,0.2364,False,2026-07-30T20:46:25+00:00
PROG,2021-10-27,2021-09-14,914,47,0.1371,False,2026-07-30T20:47:50+00:00
PROG,2021-10-28,2021-09-14,883,46,0.1324,False,2026-07-30T20:49:12+00:00
PROG,2021-10-29,2021-09-14,527,28,0.079,False,2026-07-30T20:49:59+00:00
PROG,2021-10-30,2021-09-14,133,8,0.0199,False,2026-07-30T20:50:17+00:00
PROG,2021-10-31,2021-09-14,119,7,0.0178,False,2026-07-30T20:50:28+00:00
PROG,2021-11-01,2021-09-14,453,24,0.0679,False,2026-07-30T20:51:07+00:00
PROG,2021-11-02,2021-09-14,633,33,0.0949,False,2026-07-30T20:52:07+00:00
PROG,2021-11-03,2021-09-14,421,23,0.0631,False,2026-07-30T20:52:51+00:00
PROG,2021-11-04,2021-09-14,813,42,0.1219,False,2026-07-30T20:54:07+00:00
PROG,2021-11-05,2021-09-14,707,37,0.106,False,2026-07-30T20:55:16+00:00
PROG,2021-11-06,2021-09-14,91,6,0.0136,False,2026-07-30T20:55:26+00:00
PROG,2021-11-07,2021-09-14,113,7,0.0169,False,2026-07-30T20:55:39+00:00
PROG,2021-11-08,2021-09-14,343,19,0.0514,False,2026-07-30T20:56:16+00:00
PROG,2021-11-09,2021-09-14,333,18,0.0499,False,2026-07-30T20:56:56+00:00
PROG,2021-11-10,2021-09-14,828,43,0.1242,False,2026-07-30T20:58:08+00:00
PROG,2021-11-11,2021-09-14,469,25,0.0703,False,2026-07-30T20:58:53+00:00
PROG,2021-11-12,2021-09-14,423,23,0.0634,False,2026-07-30T20:59:31+00:00
PROG,2021-11-13,2021-09-14,132,8,0.0198,False,2026-07-30T20:59:44+00:00
PROG,2021-11-14,2021-09-14,228,13,0.0342,False,2026-07-30T21:00:18+00:00
PROG,2021-11-15,2021-09-14,871,45,0.1306,False,2026-07-30T21:01:55+00:00
PROG,2021-11-16,2021-09-14,2380,120,0.357,False,2026-07-30T21:06:45+00:00
PROG,2021-11-17,2021-09-14,140,8,0.021,False,2026-07-30T21:07:00+00:00
PROG,2021-11-18,2021-09-14,989,51,0.1483,False,2026-07-30T21:08:32+00:00
PROG,2021-11-19,2021-09-14,1346,69,0.2019,False,2026-07-30T21:10:38+00:00
PROG,2021-11-20,2021-09-14,204,12,0.0306,False,2026-07-30T21:10:57+00:00
PROG,2021-11-21,2021-09-14,230,13,0.0345,False,2026-07-30T21:11:23+00:00
PROG,2021-11-22,2021-09-14,969,50,0.1453,False,2026-07-30T21:12:55+00:00
PROG,2021-11-23,2021-09-14,648,34,0.0972,False,2026-07-30T21:13:53+00:00
PROG,2021-11-24,2021-09-14,292,16,0.0438,False,2026-07-30T21:14:20+00:00
PROG,2021-11-25,2021-09-14,85,6,0.0127,False,2026-07-30T21:14:29+00:00
PROG,2021-11-26,2021-09-14,170,10,0.0255,False,2026-07-30T21:14:46+00:00
PROG,2021-11-27,2021-09-14,108,7,0.0162,False,2026-07-30T21:14:56+00:00
PROG,2021-11-28,2021-09-14,73,5,0.0109,False,2026-07-30T21:15:08+00:00
PROG,2021-11-29,2021-09-14,290,16,0.0435,False,2026-07-30T21:15:37+00:00
PROG,2021-11-30,2021-09-14,386,21,0.0579,False,2026-07-30T21:16:14+00:00
NKLA,2020-09-01,2020-09-08,50,4,0.0075,False,2026-07-30T21:16:21+00:00
NKLA,2020-09-02,2020-09-08,54,4,0.0081,False,2026-07-30T21:16:28+00:00
NKLA,2020-09-03,2020-09-08,36,3,0.0054,False,2026-07-30T21:16:33+00:00
NKLA,2020-09-04,2020-09-08,42,4,0.0063,False,2026-07-30T21:16:39+00:00
NKLA,2020-09-05,2020-09-08,34,3,0.0051,False,2026-07-30T21:16:43+00:00
NKLA,2020-09-06,2020-09-08,24,3,0.0036,False,2026-07-30T21:16:46+00:00
NKLA,2020-09-07,2020-09-08,35,3,0.0052,False,2026-07-30T21:16:51+00:00
NKLA,2020-09-08,2020-09-08,809,42,0.1213,False,2026-07-30T21:18:13+00:00
NKLA,2020-09-09,2020-09-08,279,15,0.0418,False,2026-07-30T21:18:41+00:00
NKLA,2020-09-10,2020-09-08,842,44,0.1263,False,2026-07-30T21:20:07+00:00
NKLA,2020-09-11,2020-09-08,1139,58,0.1708,False,2026-07-30T21:21:55+00:00
NKLA,2020-09-12,2020-09-08,447,24,0.067,False,2026-07-30T21:22:41+00:00
NKLA,2020-09-13,2020-09-08,330,18,0.0495,False,2026-07-30T21:23:10+00:00
NKLA,2020-09-14,2020-09-08,1317,67,0.1975,False,2026-07-30T21:25:19+00:00
NKLA,2020-09-15,2020-09-08,722,38,0.1083,False,2026-07-30T21:26:29+00:00
NKLA,2020-09-16,2020-09-08,338,18,0.0507,False,2026-07-30T21:27:03+00:00
NKLA,2020-09-17,2020-09-08,185,11,0.0277,False,2026-07-30T21:27:25+00:00
NKLA,2020-09-18,2020-09-08,162,10,0.0243,False,2026-07-30T21:27:40+00:00
NKLA,2020-09-19,2020-09-08,62,5,0.0093,False,2026-07-30T21:27:47+00:00
NKLA,2020-09-20,2020-09-08,76,5,0.0114,False,2026-07-30T21:27:56+00:00
NKLA,2020-09-21,2020-09-08,1663,85,0.2494,False,2026-07-30T21:30:45+00:00
NKLA,2020-09-22,2020-09-08,439,23,0.0658,False,2026-07-30T21:31:30+00:00
NKLA,2020-09-23,2020-09-08,331,18,0.0496,False,2026-07-30T21:32:09+00:00
NKLA,2020-09-24,2020-09-08,400,21,0.06,False,2026-07-30T21:32:49+00:00
NKLA,2020-09-25,2020-09-08,178,10,0.0267,False,2026-07-30T21:33:07+00:00
NKLA,2020-09-26,2020-09-08,102,7,0.0153,False,2026-07-30T21:33:18+00:00
NKLA,2020-09-27,2020-09-08,89,6,0.0133,False,2026-07-30T21:33:26+00:00
NKLA,2020-09-28,2020-09-08,192,11,0.0288,False,2026-07-30T21:33:45+00:00
NKLA,2020-09-29,2020-09-08,339,18,0.0508,False,2026-07-30T21:34:18+00:00
NKLA,2020-09-30,2020-09-08,321,18,0.0481,False,2026-07-30T21:34:47+00:00
NKLA,2020-10-01,2020-09-08,394,21,0.0591,False,2026-07-30T21:35:33+00:00
NKLA,2020-10-02,2020-09-08,195,11,0.0292,False,2026-07-30T21:35:52+00:00
NKLA,2020-10-03,2020-09-08,41,4,0.0061,False,2026-07-30T21:35:57+00:00
NKLA,2020-10-04,2020-09-08,37,3,0.0055,False,2026-07-30T21:36:02+00:00
NKLA,2020-10-05,2020-09-08,107,7,0.016,False,2026-07-30T21:36:14+00:00
NKLA,2020-10-06,2020-09-08,111,7,0.0166,False,2026-07-30T21:36:25+00:00
NKLA,2020-10-07,2020-09-08,110,7,0.0165,False,2026-07-30T21:36:41+00:00
NKLA,2020-10-08,2020-09-08,98,6,0.0147,False,2026-07-30T21:36:54+00:00
NAKD,2021-01-20,2021-01-27,11,2,0.0016,False,2026-07-30T21:36:57+00:00
NAKD,2021-01-21,2021-01-27,212,12,0.0318,False,2026-07-30T21:37:16+00:00
NAKD,2021-01-22,2021-01-27,37,3,0.0055,False,2026-07-30T21:37:22+00:00
NAKD,2021-01-23,2021-01-27,2,2,0.0003,False,2026-07-30T21:37:24+00:00
NAKD,2021-01-24,2021-01-27,3,2,0.0004,False,2026-07-30T21:37:27+00:00
NAKD,2021-01-25,2021-01-27,64,5,0.0096,False,2026-07-30T21:37:33+00:00
NAKD,2021-01-26,2021-01-27,40,3,0.006,False,2026-07-30T21:37:38+00:00
NAKD,2021-01-27,2021-01-27,4409,222,0.6613,False,2026-07-30T21:44:00+00:00
NAKD,2021-01-28,2021-01-27,6352,319,0.9528,False,2026-07-30T21:53:46+00:00
NAKD,2021-01-29,2021-01-27,2526,128,0.3789,False,2026-07-30T21:57:35+00:00
NAKD,2021-01-30,2021-01-27,238,13,0.0357,False,2026-07-30T21:57:58+00:00
NAKD,2021-01-31,2021-01-27,337,18,0.0505,False,2026-07-30T21:58:31+00:00
NAKD,2021-02-01,2021-01-27,594,31,0.0891,False,2026-07-30T21:59:25+00:00
NAKD,2021-02-02,2021-01-27,312,17,0.0468,False,2026-07-30T21:59:53+00:00
NAKD,2021-02-03,2021-01-27,345,19,0.0517,False,2026-07-30T22:00:35+00:00
NAKD,2021-02-04,2021-01-27,191,11,0.0286,False,2026-07-30T22:00:56+00:00
NAKD,2021-02-05,2021-01-27,171,10,0.0256,False,2026-07-30T22:01:12+00:00
WISH,2021-06-01,2021-06-08,24,3,0.0036,False,2026-07-30T22:01:17+00:00
WISH,2021-06-02,2021-06-08,36,3,0.0054,False,2026-07-30T22:01:25+00:00
WISH,2021-06-03,2021-06-08,21,3,0.0031,False,2026-07-30T22:01:29+00:00
WISH,2021-06-04,2021-06-08,14,2,0.0021,False,2026-07-30T22:01:31+00:00
WISH,2021-06-05,2021-06-08,8,2,0.0012,False,2026-07-30T22:01:36+00:00
WISH,2021-06-06,2021-06-08,14,2,0.0021,False,2026-07-30T22:01:41+00:00
WISH,2021-06-07,2021-06-08,49,4,0.0073,False,2026-07-30T22:01:47+00:00
WISH,2021-06-08,2021-06-08,853,44,0.1279,False,2026-07-30T22:03:25+00:00
WISH,2021-06-09,2021-06-08,740,38,0.111,False,2026-07-30T22:04:49+00:00
WISH,2021-06-10,2021-06-08,236,13,0.0354,False,2026-07-30T22:05:21+00:00
WISH,2021-06-11,2021-06-08,164,10,0.0246,False,2026-07-30T22:05:47+00:00
WISH,2021-06-12,2021-06-08,77,5,0.0115,False,2026-07-30T22:05:56+00:00
WISH,2021-06-13,2021-06-08,89,6,0.0133,False,2026-07-30T22:06:11+00:00
WISH,2021-06-14,2021-06-08,770,40,0.1155,False,2026-07-30T22:07:30+00:00
WISH,2021-06-15,2021-06-08,731,38,0.1096,False,2026-07-30T22:08:38+00:00
WISH,2021-06-16,2021-06-08,706,37,0.1059,False,2026-07-30T22:09:41+00:00
WISH,2021-06-17,2021-06-08,772,40,0.1158,False,2026-07-30T22:10:51+00:00
WISH,2021-06-18,2021-06-08,955,49,0.1432,False,2026-07-30T22:12:08+00:00
WISH,2021-06-19,2021-06-08,189,11,0.0283,False,2026-07-30T22:12:25+00:00
WISH,2021-06-20,2021-06-08,256,14,0.0384,False,2026-07-30T22:12:52+00:00
WISH,2021-06-21,2021-06-08,1911,97,0.2866,False,2026-07-30T22:15:46+00:00
TLRY,2021-01-27,2021-02-03,136,8,0.0204,False,2026-07-30T22:15:59+00:00
TLRY,2021-01-28,2021-02-03,47,4,0.007,False,2026-07-30T22:16:06+00:00
TLRY,2021-01-29,2021-02-03,82,6,0.0123,False,2026-07-30T22:16:15+00:00
TLRY,2021-01-30,2021-02-03,17,2,0.0025,False,2026-07-30T22:16:17+00:00
TLRY,2021-01-31,2021-02-03,24,3,0.0036,False,2026-07-30T22:16:20+00:00
TLRY,2021-02-01,2021-02-03,76,5,0.0114,False,2026-07-30T22:16:29+00:00
TLRY,2021-02-02,2021-02-03,322,18,0.0483,False,2026-07-30T22:16:58+00:00
TLRY,2021-02-03,2021-02-03,295,16,0.0442,False,2026-07-30T22:17:30+00:00
TLRY,2021-02-04,2021-02-03,92,6,0.0138,False,2026-07-30T22:17:39+00:00
TLRY,2021-02-05,2021-02-03,50,4,0.0075,False,2026-07-30T22:17:44+00:00
TLRY,2021-02-06,2021-02-03,26,3,0.0039,False,2026-07-30T22:17:48+00:00
TLRY,2021-02-07,2021-02-03,18,2,0.0027,False,2026-07-30T22:17:50+00:00
TLRY,2021-02-08,2021-02-03,120,7,0.018,False,2026-07-30T22:18:02+00:00
TLRY,2021-02-09,2021-02-03,606,32,0.0909,False,2026-07-30T22:19:01+00:00
TLRY,2021-02-10,2021-02-03,1010,52,0.1515,False,2026-07-30T22:20:45+00:00
TLRY,2021-02-11,2021-02-03,749,39,0.1123,False,2026-07-30T22:21:55+00:00
TLRY,2021-02-12,2021-02-03,277,15,0.0415,False,2026-07-30T22:22:22+00:00
TLRY,2021-02-13,2021-02-03,54,4,0.0081,False,2026-07-30T22:22:28+00:00
TLRY,2021-02-14,2021-02-03,43,4,0.0064,False,2026-07-30T22:22:34+00:00
TLRY,2021-02-15,2021-02-03,55,4,0.0082,False,2026-07-30T22:22:40+00:00
TLRY,2021-02-16,2021-02-03,158,9,0.0237,False,2026-07-30T22:22:56+00:00
TLRY,2021-02-17,2021-02-03,173,10,0.0259,False,2026-07-30T22:23:13+00:00
TLRY,2021-02-18,2021-02-03,130,8,0.0195,False,2026-07-30T22:23:27+00:00
SPCE,2020-02-05,2020-02-12,42,4,0.0063,False,2026-07-30T22:23:31+00:00
SPCE,2020-02-06,2020-02-12,23,3,0.0034,False,2026-07-30T22:23:34+00:00
SPCE,2020-02-07,2020-02-12,22,3,0.0033,False,2026-07-30T22:23:38+00:00
SPCE,2020-02-08,2020-02-12,7,2,0.001,False,2026-07-30T22:23:39+00:00
SPCE,2020-02-09,2020-02-12,13,2,0.0019,False,2026-07-30T22:23:41+00:00
SPCE,2020-02-10,2020-02-12,116,7,0.0174,False,2026-07-30T22:23:52+00:00
SPCE,2020-02-11,2020-02-12,128,8,0.0192,False,2026-07-30T22:24:03+00:00
SPCE,2020-02-12,2020-02-12,188,11,0.0282,False,2026-07-30T22:24:20+00:00
SPCE,2020-02-13,2020-02-12,98,6,0.0147,False,2026-07-30T22:24:28+00:00
SPCE,2020-02-14,2020-02-12,305,17,0.0457,False,2026-07-30T22:24:56+00:00
SPCE,2020-02-15,2020-02-12,80,6,0.012,False,2026-07-30T22:25:09+00:00
SPCE,2020-02-16,2020-02-12,44,4,0.0066,False,2026-07-30T22:25:14+00:00
SPCE,2020-02-17,2020-02-12,54,4,0.0081,False,2026-07-30T22:25:20+00:00
SPCE,2020-02-18,2020-02-12,540,28,0.081,False,2026-07-30T22:26:11+00:00
SPCE,2020-02-19,2020-02-12,500,26,0.075,False,2026-07-30T22:26:56+00:00
SPCE,2020-02-20,2020-02-12,539,28,0.0808,False,2026-07-30T22:27:45+00:00
SPCE,2020-02-21,2020-02-12,188,11,0.0282,False,2026-07-30T22:28:03+00:00
SPCE,2020-02-22,2020-02-12,60,4,0.009,False,2026-07-30T22:28:10+00:00
SPCE,2020-02-23,2020-02-12,44,4,0.0066,False,2026-07-30T22:28:15+00:00
SPCE,2020-02-24,2020-02-12,236,13,0.0354,False,2026-07-30T22:28:40+00:00
SPCE,2020-02-25,2020-02-12,258,14,0.0387,False,2026-07-30T22:29:09+00:00
SPCE,2020-02-26,2020-02-12,232,13,0.0348,False,2026-07-30T22:29:35+00:00
SPCE,2020-02-27,2020-02-12,188,11,0.0282,False,2026-07-30T22:29:55+00:00
SPCE,2020-02-28,2020-02-12,97,6,0.0145,False,2026-07-30T22:30:10+00:00
SPCE,2020-02-29,2020-02-12,18,2,0.0027,False,2026-07-30T22:30:13+00:00
SPCE,2020-03-01,2020-02-12,21,3,0.0031,False,2026-07-30T22:30:17+00:00
SPCE,2020-03-02,2020-02-12,45,4,0.0067,False,2026-07-30T22:30:22+00:00
SPCE,2020-03-03,2020-02-12,35,3,0.0052,False,2026-07-30T22:30:26+00:00
SPCE,2020-03-04,2020-02-12,29,3,0.0043,False,2026-07-30T22:30:30+00:00
SPCE,2020-03-05,2020-02-12,21,3,0.0031,False,2026-07-30T22:30:34+00:00
MVIS,2021-04-13,2021-04-20,36,3,0.0054,False,2026-07-30T22:30:38+00:00
MVIS,2021-04-14,2021-04-20,38,3,0.0057,False,2026-07-30T22:30:42+00:00
MVIS,2021-04-15,2021-04-20,31,3,0.0046,False,2026-07-30T22:30:45+00:00
MVIS,2021-04-16,2021-04-20,18,2,0.0027,False,2026-07-30T22:30:48+00:00
MVIS,2021-04-17,2021-04-20,10,2,0.0015,False,2026-07-30T22:30:50+00:00
MVIS,2021-04-18,2021-04-20,9,2,0.0013,False,2026-07-30T22:30:52+00:00
MVIS,2021-04-19,2021-04-20,13,2,0.0019,False,2026-07-30T22:30:54+00:00
MVIS,2021-04-20,2021-04-20,45,4,0.0067,False,2026-07-30T22:31:00+00:00
MVIS,2021-04-21,2021-04-20,60,5,0.009,False,2026-07-30T22:31:07+00:00
MVIS,2021-04-22,2021-04-20,70,5,0.0105,False,2026-07-30T22:31:15+00:00
MVIS,2021-04-23,2021-04-20,260,14,0.039,False,2026-07-30T22:31:44+00:00
MVIS,2021-04-24,2021-04-20,39,3,0.0058,False,2026-07-30T22:31:48+00:00
MVIS,2021-04-25,2021-04-20,49,4,0.0073,False,2026-07-30T22:31:54+00:00
MVIS,2021-04-26,2021-04-20,562,30,0.0843,False,2026-07-30T22:32:51+00:00
MVIS,2021-04-27,2021-04-20,350,19,0.0525,False,2026-07-30T22:33:22+00:00
MVIS,2021-04-28,2021-04-20,265,15,0.0397,False,2026-07-30T22:33:47+00:00
MVIS,2021-04-29,2021-04-20,194,11,0.0291,False,2026-07-30T22:34:03+00:00
MVIS,2021-04-30,2021-04-20,99,6,0.0148,False,2026-07-30T22:34:13+00:00
MVIS,2021-05-01,2021-04-20,15,2,0.0022,False,2026-07-30T22:34:15+00:00
MVIS,2021-05-02,2021-04-20,26,3,0.0039,False,2026-07-30T22:34:18+00:00
MVIS,2021-05-03,2021-04-20,36,3,0.0054,False,2026-07-30T22:34:23+00:00
MVIS,2021-05-04,2021-04-20,107,7,0.016,False,2026-07-30T22:34:34+00:00
MVIS,2021-05-05,2021-04-20,37,3,0.0055,False,2026-07-30T22:34:38+00:00
MVIS,2021-05-06,2021-04-20,23,3,0.0034,False,2026-07-30T22:34:41+00:00
MVIS,2021-05-07,2021-04-20,20,2,0.003,False,2026-07-30T22:34:44+00:00
SMCI,2024-01-12,2024-01-19,19,2,0.0028,False,2026-07-30T22:34:47+00:00
SMCI,2024-01-13,2024-01-19,15,2,0.0022,False,2026-07-30T22:34:49+00:00
SMCI,2024-01-14,2024-01-19,24,3,0.0036,False,2026-07-30T22:34:53+00:00
SMCI,2024-01-15,2024-01-19,15,2,0.0022,False,2026-07-30T22:34:56+00:00
SMCI,2024-01-16,2024-01-19,46,4,0.0069,False,2026-07-30T22:35:09+00:00
SMCI,2024-01-17,2024-01-19,38,3,0.0057,False,2026-07-30T22:35:13+00:00
SMCI,2024-01-18,2024-01-19,145,9,0.0217,False,2026-07-30T22:35:27+00:00
SMCI,2024-01-19,2024-01-19,673,35,0.1009,False,2026-07-30T22:36:32+00:00
SMCI,2024-01-20,2024-01-19,152,9,0.0228,False,2026-07-30T22:36:48+00:00
SMCI,2024-01-21,2024-01-19,82,6,0.0123,False,2026-07-30T22:37:01+00:00
SMCI,2024-01-22,2024-01-19,267,15,0.04,False,2026-07-30T22:37:28+00:00
SMCI,2024-01-23,2024-01-19,97,6,0.0145,False,2026-07-30T22:37:40+00:00
SMCI,2024-01-24,2024-01-19,163,10,0.0244,False,2026-07-30T22:37:59+00:00
SMCI,2024-01-25,2024-01-19,62,5,0.0093,False,2026-07-30T22:38:07+00:00
SMCI,2024-01-26,2024-01-19,58,4,0.0087,False,2026-07-30T22:38:14+00:00
SMCI,2024-01-27,2024-01-19,33,3,0.0049,False,2026-07-30T22:38:18+00:00
SMCI,2024-01-28,2024-01-19,57,4,0.0085,False,2026-07-30T22:38:25+00:00
SMCI,2024-01-29,2024-01-19,476,25,0.0714,False,2026-07-30T22:39:13+00:00
SMCI,2024-01-30,2024-01-19,392,21,0.0588,False,2026-07-30T22:39:53+00:00
SMCI,2024-01-31,2024-01-19,131,8,0.0196,False,2026-07-30T22:40:11+00:00
SMCI,2024-02-01,2024-01-19,261,15,0.0391,False,2026-07-30T22:40:36+00:00
SMCI,2024-02-02,2024-01-19,178,10,0.0267,False,2026-07-30T22:40:54+00:00
SMCI,2024-02-03,2024-01-19,67,5,0.01,False,2026-07-30T22:41:01+00:00
SMCI,2024-02-04,2024-01-19,47,4,0.007,False,2026-07-30T22:41:07+00:00
SMCI,2024-02-05,2024-01-19,439,23,0.0658,False,2026-07-30T22:41:47+00:00
SMCI,2024-02-06,2024-01-19,428,23,0.0642,False,2026-07-30T22:42:27+00:00
SMCI,2024-02-07,2024-01-19,178,10,0.0267,False,2026-07-30T22:42:47+00:00
SMCI,2024-02-08,2024-01-19,142,9,0.0213,False,2026-07-30T22:43:00+00:00
SMCI,2024-02-09,2024-01-19,221,13,0.0331,False,2026-07-30T22:43:23+00:00
SMCI,2024-02-10,2024-01-19,104,7,0.0156,False,2026-07-30T22:43:35+00:00
SMCI,2024-02-11,2024-01-19,72,5,0.0108,False,2026-07-30T22:43:42+00:00
SMCI,2024-02-12,2024-01-19,362,20,0.0543,False,2026-07-30T22:44:19+00:00
SMCI,2024-02-13,2024-01-19,294,16,0.0441,False,2026-07-30T22:44:46+00:00
SMCI,2024-02-14,2024-01-19,563,30,0.0844,False,2026-07-30T22:45:50+00:00
SMCI,2024-02-15,2024-01-19,1393,71,0.2089,False,2026-07-30T22:48:02+00:00
SMCI,2024-02-16,2024-01-19,2045,104,0.3067,False,2026-07-30T22:51:32+00:00
SMCI,2024-02-17,2024-01-19,428,23,0.0642,False,2026-07-30T22:52:13+00:00
SMCI,2024-02-18,2024-01-19,211,12,0.0316,False,2026-07-30T22:52:37+00:00
SMCI,2024-02-19,2024-01-19,183,11,0.0274,False,2026-07-30T22:52:55+00:00
SMCI,2024-02-20,2024-01-19,654,34,0.0981,False,2026-07-30T22:54:00+00:00
SMCI,2024-02-21,2024-01-19,397,21,0.0595,False,2026-07-30T22:54:39+00:00
SMCI,2024-02-22,2024-01-19,658,34,0.0987,False,2026-07-30T22:55:44+00:00
SMCI,2024-02-23,2024-01-19,410,22,0.0615,False,2026-07-30T22:56:21+00:00
SMCI,2024-02-24,2024-01-19,121,8,0.0181,False,2026-07-30T22:56:34+00:00
SMCI,2024-02-25,2024-01-19,81,6,0.0121,False,2026-07-30T22:56:43+00:00
SMCI,2024-02-26,2024-01-19,153,9,0.0229,False,2026-07-30T22:56:59+00:00
SMCI,2024-02-27,2024-01-19,107,7,0.016,False,2026-07-30T22:57:11+00:00
SMCI,2024-02-28,2024-01-19,145,9,0.0217,False,2026-07-30T22:57:27+00:00
SMCI,2024-02-29,2024-01-19,134,8,0.0201,False,2026-07-30T22:57:40+00:00
SMCI,2024-03-01,2024-01-19,423,23,0.0634,False,2026-07-30T22:58:20+00:00
AMD,2024-12-02,2024-12-09,179,10,0.0268,False,2026-07-30T22:58:38+00:00
AMD,2024-12-03,2024-12-09,177,10,0.0265,False,2026-07-30T22:58:55+00:00
AMD,2024-12-04,2024-12-09,140,9,0.021,False,2026-07-30T22:59:10+00:00
AMD,2024-12-05,2024-12-09,129,8,0.0193,False,2026-07-30T22:59:29+00:00
AMD,2024-12-06,2024-12-09,136,8,0.0204,False,2026-07-30T22:59:42+00:00
AMD,2024-12-07,2024-12-09,89,6,0.0133,False,2026-07-30T22:59:52+00:00
AMD,2024-12-08,2024-12-09,80,6,0.012,False,2026-07-30T23:00:08+00:00
AMD,2024-12-09,2024-12-09,360,19,0.054,False,2026-07-30T23:00:42+00:00
AMD,2024-12-10,2024-12-09,382,21,0.0573,False,2026-07-30T23:01:22+00:00
AMD,2024-12-11,2024-12-09,384,21,0.0576,False,2026-07-30T23:02:00+00:00
AMD,2024-12-12,2024-12-09,335,18,0.0502,False,2026-07-30T23:02:34+00:00
AMD,2024-12-13,2024-12-09,497,26,0.0745,False,2026-07-30T23:03:22+00:00
AMD,2024-12-14,2024-12-09,200,12,0.03,False,2026-07-30T23:03:43+00:00
AMD,2024-12-15,2024-12-09,174,10,0.0261,False,2026-07-30T23:04:01+00:00
AMD,2024-12-16,2024-12-09,359,19,0.0538,False,2026-07-30T23:04:35+00:00
AMD,2024-12-17,2024-12-09,363,20,0.0544,False,2026-07-30T23:05:15+00:00
AMD,2024-12-18,2024-12-09,347,19,0.052,False,2026-07-30T23:05:48+00:00
AMD,2024-12-19,2024-12-09,372,20,0.0558,False,2026-07-30T23:06:23+00:00
AMD,2024-12-20,2024-12-09,259,14,0.0388,False,2026-07-30T23:06:47+00:00
AMD,2024-12-21,2024-12-09,117,7,0.0175,False,2026-07-30T23:07:00+00:00
AMD,2024-12-22,2024-12-09,164,10,0.0246,False,2026-07-30T23:07:16+00:00
AMD,2024-12-23,2024-12-09,505,27,0.0757,False,2026-07-30T23:08:08+00:00
AMD,2024-12-24,2024-12-09,251,14,0.0376,False,2026-07-30T23:08:34+00:00
AMD,2024-12-25,2024-12-09,90,6,0.0135,False,2026-07-30T23:08:43+00:00
AMD,2024-12-26,2024-12-09,177,10,0.0265,False,2026-07-30T23:09:04+00:00
AMD,2024-12-27,2024-12-09,273,15,0.0409,False,2026-07-30T23:09:30+00:00
AMD,2024-12-28,2024-12-09,194,11,0.0291,False,2026-07-30T23:09:49+00:00
AMD,2024-12-29,2024-12-09,118,7,0.0177,False,2026-07-30T23:10:06+00:00
AMD,2024-12-30,2024-12-09,188,11,0.0282,False,2026-07-30T23:10:27+00:00
AMD,2024-12-31,2024-12-09,196,11,0.0294,False,2026-07-30T23:10:49+00:00
AMD,2025-01-01,2024-12-09,102,7,0.0153,False,2026-07-30T23:11:01+00:00
AMD,2025-01-02,2024-12-09,149,9,0.0223,False,2026-07-30T23:11:23+00:00
AMD,2025-01-03,2024-12-09,251,14,0.0376,False,2026-07-30T23:11:47+00:00
AMD,2025-01-04,2024-12-09,158,9,0.0237,False,2026-07-30T23:12:02+00:00
AMD,2025-01-05,2024-12-09,257,14,0.0385,False,2026-07-30T23:12:28+00:00
AMD,2025-01-06,2024-12-09,501,27,0.0751,False,2026-07-30T23:13:17+00:00
AMD,2025-01-07,2024-12-09,296,16,0.0444,False,2026-07-30T23:13:45+00:00
AMD,2025-01-08,2024-12-09,403,22,0.0604,False,2026-07-30T23:14:28+00:00
AMD,2025-01-09,2024-12-09,212,12,0.0318,False,2026-07-30T23:14:49+00:00
AMD,2025-01-10,2024-12-09,442,24,0.0663,False,2026-07-30T23:15:38+00:00
AMD,2025-01-11,2024-12-09,257,14,0.0385,False,2026-07-30T23:16:03+00:00
AMD,2025-01-12,2024-12-09,206,12,0.0309,False,2026-07-30T23:16:23+00:00
AMD,2025-01-13,2024-12-09,311,17,0.0466,False,2026-07-30T23:16:56+00:00
AMD,2025-01-14,2024-12-09,275,15,0.0412,False,2026-07-30T23:17:24+00:00
AMD,2025-01-15,2024-12-09,260,14,0.039,False,2026-07-30T23:17:49+00:00
AMD,2025-01-16,2024-12-09,220,12,0.033,False,2026-07-30T23:18:10+00:00
AMD,2025-01-17,2024-12-09,133,8,0.0199,False,2026-07-30T23:18:25+00:00
AMD,2025-01-18,2024-12-09,78,5,0.0117,False,2026-07-30T23:18:34+00:00
AMD,2025-01-19,2024-12-09,89,6,0.0133,False,2026-07-30T23:18:45+00:00
AMD,2025-01-20,2024-12-09,79,5,0.0118,False,2026-07-30T23:18:54+00:00
AMD,2025-01-21,2024-12-09,162,10,0.0243,False,2026-07-30T23:19:12+00:00
AMD,2025-01-22,2024-12-09,229,13,0.0343,False,2026-07-30T23:19:40+00:00
AMD,2025-01-23,2024-12-09,155,9,0.0232,False,2026-07-30T23:19:56+00:00
AMD,2025-01-24,2024-12-09,226,13,0.0339,False,2026-07-30T23:20:23+00:00
AMD,2025-01-25,2024-12-09,156,9,0.0234,False,2026-07-30T23:20:40+00:00
AMD,2025-01-26,2024-12-09,185,11,0.0277,False,2026-07-30T23:21:01+00:00
AMD,2025-01-27,2024-12-09,473,25,0.0709,False,2026-07-30T23:21:46+00:00
AMD,2025-01-28,2024-12-09,309,17,0.0463,False,2026-07-30T23:22:22+00:00
AMD,2025-01-29,2024-12-09,263,15,0.0394,False,2026-07-30T23:22:49+00:00
AMD,2025-01-30,2024-12-09,182,11,0.0273,False,2026-07-30T23:23:10+00:00
AMD,2025-01-31,2024-12-09,182,11,0.0273,False,2026-07-30T23:23:28+00:00
AMD,2025-02-01,2024-12-09,132,8,0.0198,False,2026-07-30T23:23:41+00:00
AMD,2025-02-02,2024-12-09,167,10,0.025,False,2026-07-30T23:24:03+00:00
AMD,2025-02-03,2024-12-09,252,14,0.0378,False,2026-07-30T23:24:29+00:00
AMD,2025-02-04,2024-12-09,1613,82,0.2419,False,2026-07-30T23:27:00+00:00
AMD,2025-02-05,2024-12-09,1351,69,0.2026,False,2026-07-30T23:29:12+00:00
AMD,2025-02-06,2024-12-09,298,16,0.0447,False,2026-07-30T23:29:43+00:00
AMD,2025-02-07,2024-12-09,263,15,0.0394,False,2026-07-30T23:30:13+00:00
AMD,2025-02-08,2024-12-09,174,10,0.0261,False,2026-07-30T23:30:31+00:00
AMD,2025-02-09,2024-12-09,185,11,0.0277,False,2026-07-30T23:30:49+00:00
AMD,2025-02-10,2024-12-09,254,14,0.0381,False,2026-07-30T23:31:13+00:00
AMD,2025-02-11,2024-12-09,240,13,0.036,False,2026-07-30T23:31:38+00:00
AMD,2025-02-12,2024-12-09,179,10,0.0268,False,2026-07-30T23:31:57+00:00
WKHS,2021-05-21,2021-05-28,5,2,0.0007,False,2026-07-30T23:32:00+00:00
WKHS,2021-05-22,2021-05-28,0,1,0.0,False,2026-07-30T23:32:01+00:00
WKHS,2021-05-23,2021-05-28,0,1,0.0,False,2026-07-30T23:32:02+00:00
WKHS,2021-05-24,2021-05-28,1,2,0.0001,False,2026-07-30T23:32:04+00:00
WKHS,2021-05-25,2021-05-28,2,2,0.0003,False,2026-07-30T23:32:06+00:00
WKHS,2021-05-26,2021-05-28,16,2,0.0024,False,2026-07-30T23:32:08+00:00
WKHS,2021-05-27,2021-05-28,18,2,0.0027,False,2026-07-30T23:32:11+00:00
WKHS,2021-05-28,2021-05-28,7,2,0.001,False,2026-07-30T23:32:12+00:00
WKHS,2021-05-29,2021-05-28,3,2,0.0004,False,2026-07-30T23:32:14+00:00
WKHS,2021-05-30,2021-05-28,0,1,0.0,False,2026-07-30T23:32:15+00:00
WKHS,2021-05-31,2021-05-28,4,2,0.0006,False,2026-07-30T23:32:18+00:00
WKHS,2021-06-01,2021-05-28,6,2,0.0009,False,2026-07-30T23:32:20+00:00
WKHS,2021-06-02,2021-05-28,137,8,0.0205,False,2026-07-30T23:32:36+00:00
WKHS,2021-06-03,2021-05-28,373,20,0.0559,False,2026-07-30T23:33:13+00:00
WKHS,2021-06-04,2021-05-28,132,8,0.0198,False,2026-07-30T23:33:25+00:00
WKHS,2021-06-05,2021-05-28,30,3,0.0045,False,2026-07-30T23:33:29+00:00
WKHS,2021-06-06,2021-05-28,40,4,0.006,False,2026-07-30T23:33:35+00:00
WKHS,2021-06-07,2021-05-28,115,7,0.0172,False,2026-07-30T23:33:45+00:00
WKHS,2021-06-08,2021-05-28,259,14,0.0388,False,2026-07-30T23:34:08+00:00
WKHS,2021-06-09,2021-05-28,247,14,0.037,False,2026-07-30T23:34:31+00:00
WKHS,2021-06-10,2021-05-28,129,8,0.0193,False,2026-07-30T23:34:43+00:00
WKHS,2021-06-11,2021-05-28,128,8,0.0192,False,2026-07-30T23:34:55+00:00
WKHS,2021-06-12,2021-05-28,19,2,0.0028,False,2026-07-30T23:34:57+00:00
WKHS,2021-06-13,2021-05-28,40,3,0.006,False,2026-07-30T23:35:06+00:00
WKHS,2021-06-14,2021-05-28,75,5,0.0112,False,2026-07-30T23:35:17+00:00
WKHS,2021-06-15,2021-05-28,80,6,0.012,False,2026-07-30T23:35:25+00:00
WKHS,2021-06-16,2021-05-28,167,10,0.025,False,2026-07-30T23:35:40+00:00
WKHS,2021-06-17,2021-05-28,83,6,0.0124,False,2026-07-30T23:35:49+00:00
WKHS,2021-06-18,2021-05-28,73,5,0.0109,False,2026-07-30T23:35:56+00:00
WKHS,2021-06-19,2021-05-28,23,3,0.0034,False,2026-07-30T23:36:00+00:00
WKHS,2021-06-20,2021-05-28,29,3,0.0043,False,2026-07-30T23:36:04+00:00
WKHS,2021-06-21,2021-05-28,38,3,0.0057,False,2026-07-30T23:36:08+00:00
WKHS,2021-06-22,2021-05-28,60,4,0.009,False,2026-07-30T23:36:14+00:00
WKHS,2021-06-23,2021-05-28,120,8,0.018,False,2026-07-30T23:36:28+00:00
APHA,2021-01-27,2021-02-03,24,3,0.0036,False,2026-07-30T23:36:32+00:00
APHA,2021-01-28,2021-02-03,19,2,0.0028,False,2026-07-30T23:36:36+00:00
APHA,2021-01-29,2021-02-03,29,3,0.0043,False,2026-07-30T23:36:39+00:00
APHA,2021-01-30,2021-02-03,6,2,0.0009,False,2026-07-30T23:36:42+00:00
APHA,2021-01-31,2021-02-03,10,2,0.0015,False,2026-07-30T23:36:44+00:00
APHA,2021-02-01,2021-02-03,14,2,0.0021,False,2026-07-30T23:36:46+00:00
APHA,2021-02-02,2021-02-03,82,6,0.0123,False,2026-07-30T23:36:56+00:00
APHA,2021-02-03,2021-02-03,76,5,0.0114,False,2026-07-30T23:37:03+00:00
APHA,2021-02-04,2021-02-03,40,3,0.006,False,2026-07-30T23:37:08+00:00
APHA,2021-02-05,2021-02-03,27,3,0.004,False,2026-07-30T23:37:11+00:00
APHA,2021-02-06,2021-02-03,19,2,0.0028,False,2026-07-30T23:37:14+00:00
APHA,2021-02-07,2021-02-03,10,2,0.0015,False,2026-07-30T23:37:16+00:00
APHA,2021-02-08,2021-02-03,51,4,0.0076,False,2026-07-30T23:37:21+00:00
APHA,2021-02-09,2021-02-03,142,9,0.0213,False,2026-07-30T23:37:35+00:00
APHA,2021-02-10,2021-02-03,251,14,0.0376,False,2026-07-30T23:38:00+00:00
APHA,2021-02-11,2021-02-03,173,10,0.0259,False,2026-07-30T23:38:16+00:00
APHA,2021-02-12,2021-02-03,67,5,0.01,False,2026-07-30T23:38:26+00:00
APHA,2021-02-13,2021-02-03,14,2,0.0021,False,2026-07-30T23:38:29+00:00
APHA,2021-02-14,2021-02-03,18,2,0.0027,False,2026-07-30T23:38:31+00:00
APHA,2021-02-15,2021-02-03,15,2,0.0022,False,2026-07-30T23:38:33+00:00
APHA,2021-02-16,2021-02-03,59,4,0.0088,False,2026-07-30T23:38:40+00:00
APHA,2021-02-17,2021-02-03,44,4,0.0066,False,2026-07-30T23:38:46+00:00
APHA,2021-02-18,2021-02-03,28,3,0.0042,False,2026-07-30T23:38:50+00:00
HOOD,2023-11-22,2023-11-29,23,3,0.0034,False,2026-07-30T23:38:54+00:00
HOOD,2023-11-23,2023-11-29,3,2,0.0004,False,2026-07-30T23:38:56+00:00
HOOD,2023-11-24,2023-11-29,17,2,0.0025,False,2026-07-30T23:38:58+00:00
HOOD,2023-11-25,2023-11-29,7,2,0.001,False,2026-07-30T23:39:02+00:00
HOOD,2023-11-26,2023-11-29,4,2,0.0006,False,2026-07-30T23:39:04+00:00
HOOD,2023-11-27,2023-11-29,24,3,0.0036,False,2026-07-30T23:39:08+00:00
HOOD,2023-11-28,2023-11-29,39,3,0.0058,False,2026-07-30T23:39:12+00:00
HOOD,2023-11-29,2023-11-29,64,5,0.0096,False,2026-07-30T23:39:19+00:00
HOOD,2023-11-30,2023-11-29,51,4,0.0076,False,2026-07-30T23:39:25+00:00
HOOD,2023-12-01,2023-11-29,56,4,0.0084,False,2026-07-30T23:39:31+00:00
HOOD,2023-12-02,2023-11-29,12,2,0.0018,False,2026-07-30T23:39:33+00:00
HOOD,2023-12-03,2023-11-29,26,3,0.0039,False,2026-07-30T23:39:37+00:00
HOOD,2023-12-04,2023-11-29,121,8,0.0181,False,2026-07-30T23:39:51+00:00
HOOD,2023-12-05,2023-11-29,282,16,0.0423,False,2026-07-30T23:40:22+00:00
HOOD,2023-12-06,2023-11-29,196,11,0.0294,False,2026-07-30T23:40:44+00:00
HOOD,2023-12-07,2023-11-29,108,7,0.0162,False,2026-07-30T23:40:56+00:00
HOOD,2023-12-08,2023-11-29,90,6,0.0135,False,2026-07-30T23:41:08+00:00
HOOD,2023-12-09,2023-11-29,67,5,0.01,False,2026-07-30T23:41:16+00:00
HOOD,2023-12-10,2023-11-29,78,5,0.0117,False,2026-07-30T23:41:23+00:00
HOOD,2023-12-11,2023-11-29,52,4,0.0078,False,2026-07-30T23:41:28+00:00
HOOD,2023-12-12,2023-11-29,32,3,0.0048,False,2026-07-30T23:41:33+00:00
HOOD,2023-12-13,2023-11-29,56,4,0.0084,False,2026-07-30T23:41:39+00:00
HOOD,2023-12-14,2023-11-29,74,5,0.0111,False,2026-07-30T23:41:46+00:00
HOOD,2023-12-15,2023-11-29,42,4,0.0063,False,2026-07-30T23:41:52+00:00
HOOD,2023-12-16,2023-11-29,21,3,0.0031,False,2026-07-30T23:41:55+00:00
HOOD,2023-12-17,2023-11-29,33,3,0.0049,False,2026-07-30T23:41:59+00:00
HOOD,2023-12-18,2023-11-29,45,4,0.0067,False,2026-07-30T23:42:05+00:00
HOOD,2023-12-19,2023-11-29,149,9,0.0223,False,2026-07-30T23:42:21+00:00
HOOD,2023-12-20,2023-11-29,100,7,0.015,False,2026-07-30T23:42:32+00:00
HOOD,2023-12-21,2023-11-29,40,4,0.006,False,2026-07-30T23:42:38+00:00
HOOD,2023-12-22,2023-11-29,37,3,0.0055,False,2026-07-30T23:42:42+00:00
HOOD,2023-12-23,2023-11-29,16,2,0.0024,False,2026-07-30T23:42:44+00:00
HOOD,2023-12-24,2023-11-29,16,2,0.0024,False,2026-07-30T23:42:47+00:00
HOOD,2023-12-25,2023-11-29,12,2,0.0018,False,2026-07-30T23:42:49+00:00
HOOD,2023-12-26,2023-11-29,41,4,0.0061,False,2026-07-30T23:42:55+00:00
HOOD,2023-12-27,2023-11-29,62,5,0.0093,False,2026-07-30T23:43:02+00:00
HOOD,2023-12-28,2023-11-29,76,5,0.0114,False,2026-07-30T23:43:09+00:00
HOOD,2023-12-29,2023-11-29,30,3,0.0045,False,2026-07-30T23:43:12+00:00
HOOD,2023-12-30,2023-11-29,15,2,0.0022,False,2026-07-30T23:43:14+00:00
HOOD,2023-12-31,2023-11-29,17,2,0.0025,False,2026-07-30T23:43:17+00:00
HOOD,2024-01-01,2023-11-29,14,2,0.0021,False,2026-07-30T23:43:19+00:00
HOOD,2024-01-02,2023-11-29,33,3,0.0049,False,2026-07-30T23:43:23+00:00
HOOD,2024-01-03,2023-11-29,37,3,0.0055,False,2026-07-30T23:43:27+00:00
HOOD,2024-01-04,2023-11-29,27,3,0.004,False,2026-07-30T23:43:31+00:00
HOOD,2024-01-05,2023-11-29,24,3,0.0036,False,2026-07-30T23:43:35+00:00
HOOD,2024-01-06,2023-11-29,20,3,0.003,False,2026-07-30T23:43:39+00:00
HOOD,2024-01-07,2023-11-29,12,2,0.0018,False,2026-07-30T23:43:41+00:00
HOOD,2024-01-08,2023-11-29,42,4,0.0063,False,2026-07-30T23:43:47+00:00
HOOD,2024-01-09,2023-11-29,38,3,0.0057,False,2026-07-30T23:43:52+00:00
HOOD,2024-01-10,2023-11-29,27,3,0.004,False,2026-07-30T23:43:56+00:00
HOOD,2024-01-11,2023-11-29,65,5,0.0097,False,2026-07-30T23:44:03+00:00
HOOD,2024-01-12,2023-11-29,72,5,0.0108,False,2026-07-30T23:44:11+00:00
HOOD,2024-01-13,2023-11-29,8,2,0.0012,False,2026-07-30T23:44:13+00:00
HOOD,2024-01-14,2023-11-29,11,2,0.0016,False,2026-07-30T23:44:15+00:00
HOOD,2024-01-15,2023-11-29,9,2,0.0013,False,2026-07-30T23:44:17+00:00
HOOD,2024-01-16,2023-11-29,24,3,0.0036,False,2026-07-30T23:44:21+00:00
HOOD,2024-01-17,2023-11-29,28,3,0.0042,False,2026-07-30T23:44:25+00:00
HOOD,2024-01-18,2023-11-29,26,3,0.0039,False,2026-07-30T23:44:30+00:00
HOOD,2024-01-19,2023-11-29,41,4,0.0061,False,2026-07-30T23:44:35+00:00
HOOD,2024-01-20,2023-11-29,19,2,0.0028,False,2026-07-30T23:44:37+00:00
HOOD,2024-01-21,2023-11-29,32,3,0.0048,False,2026-07-30T23:44:43+00:00
HOOD,2024-01-22,2023-11-29,37,3,0.0055,False,2026-07-30T23:44:48+00:00
HOOD,2024-01-23,2023-11-29,33,3,0.0049,False,2026-07-30T23:44:53+00:00
HOOD,2024-01-24,2023-11-29,43,4,0.0064,False,2026-07-30T23:44:59+00:00
HOOD,2024-01-25,2023-11-29,16,2,0.0024,False,2026-07-30T23:45:05+00:00
HOOD,2024-01-26,2023-11-29,26,3,0.0039,False,2026-07-30T23:45:10+00:00
HOOD,2024-01-27,2023-11-29,16,2,0.0024,False,2026-07-30T23:45:13+00:00
HOOD,2024-01-28,2023-11-29,90,6,0.0135,False,2026-07-30T23:45:21+00:00
HOOD,2024-01-29,2023-11-29,55,4,0.0082,False,2026-07-30T23:45:27+00:00
HOOD,2024-01-30,2023-11-29,25,3,0.0037,False,2026-07-30T23:45:31+00:00
HOOD,2024-01-31,2023-11-29,162,10,0.0243,False,2026-07-30T23:45:52+00:00
HOOD,2024-02-01,2023-11-29,161,10,0.0241,False,2026-07-30T23:46:08+00:00
HOOD,2024-02-02,2023-11-29,54,4,0.0081,False,2026-07-30T23:46:12+00:00
HOOD,2024-02-03,2023-11-29,18,2,0.0027,False,2026-07-30T23:46:16+00:00
HOOD,2024-02-04,2023-11-29,26,3,0.0039,False,2026-07-30T23:46:21+00:00
HOOD,2024-02-05,2023-11-29,25,3,0.0037,False,2026-07-30T23:46:24+00:00
HOOD,2024-02-06,2023-11-29,57,4,0.0085,False,2026-07-30T23:46:30+00:00
HOOD,2024-02-07,2023-11-29,35,3,0.0052,False,2026-07-30T23:46:34+00:00
HOOD,2024-02-08,2023-11-29,46,4,0.0069,False,2026-07-30T23:46:39+00:00
HOOD,2024-02-09,2023-11-29,87,6,0.013,False,2026-07-30T23:46:48+00:00
HOOD,2024-02-10,2023-11-29,50,4,0.0075,False,2026-07-30T23:46:53+00:00
HOOD,2024-02-11,2023-11-29,57,4,0.0085,False,2026-07-30T23:46:59+00:00
HOOD,2024-02-12,2023-11-29,174,10,0.0261,False,2026-07-30T23:47:17+00:00
HOOD,2024-02-13,2023-11-29,433,23,0.0649,False,2026-07-30T23:47:58+00:00
HOOD,2024-02-14,2023-11-29,243,14,0.0364,False,2026-07-30T23:48:23+00:00
HOOD,2024-02-15,2023-11-29,69,5,0.0103,False,2026-07-30T23:48:32+00:00
HOOD,2024-02-16,2023-11-29,124,8,0.0186,False,2026-07-30T23:48:45+00:00
HOOD,2024-02-17,2023-11-29,36,3,0.0054,False,2026-07-30T23:48:49+00:00
HOOD,2024-02-18,2023-11-29,47,4,0.007,False,2026-07-30T23:48:55+00:00
HOOD,2024-02-19,2023-11-29,66,5,0.0099,False,2026-07-30T23:49:02+00:00
HOOD,2024-02-20,2023-11-29,53,4,0.0079,False,2026-07-30T23:49:11+00:00
HOOD,2024-02-21,2023-11-29,62,5,0.0093,False,2026-07-30T23:49:19+00:00
HOOD,2024-02-22,2023-11-29,34,3,0.0051,False,2026-07-30T23:49:24+00:00
HOOD,2024-02-23,2023-11-29,118,7,0.0177,False,2026-07-30T23:49:37+00:00
HOOD,2024-02-24,2023-11-29,51,4,0.0076,False,2026-07-30T23:49:43+00:00
HOOD,2024-02-25,2023-11-29,38,3,0.0057,False,2026-07-30T23:49:47+00:00
HOOD,2024-02-26,2023-11-29,207,12,0.031,False,2026-07-30T23:50:14+00:00
HOOD,2024-02-27,2023-11-29,158,9,0.0237,False,2026-07-30T23:50:29+00:00
HOOD,2024-02-28,2023-11-29,172,10,0.0258,False,2026-07-30T23:50:45+00:00
HOOD,2024-02-29,2023-11-29,125,8,0.0187,False,2026-07-30T23:50:58+00:00
HOOD,2024-03-01,2023-11-29,87,6,0.013,False,2026-07-30T23:51:07+00:00
HOOD,2024-03-02,2023-11-29,55,4,0.0082,False,2026-07-30T23:51:14+00:00
HOOD,2024-03-03,2023-11-29,50,4,0.0075,False,2026-07-30T23:51:19+00:00
HOOD,2024-03-04,2023-11-29,108,7,0.0162,False,2026-07-30T23:51:30+00:00
HOOD,2024-03-05,2023-11-29,66,5,0.0099,False,2026-07-30T23:51:38+00:00
HOOD,2024-03-06,2023-11-29,64,5,0.0096,False,2026-07-30T23:51:45+00:00
HOOD,2024-03-07,2023-11-29,54,4,0.0081,False,2026-07-30T23:51:52+00:00
HOOD,2024-03-08,2023-11-29,111,7,0.0166,False,2026-07-30T23:52:03+00:00
HOOD,2024-03-09,2023-11-29,44,4,0.0066,False,2026-07-30T23:52:09+00:00
HOOD,2024-03-10,2023-11-29,54,4,0.0081,False,2026-07-30T23:52:15+00:00
HOOD,2024-03-11,2023-11-29,102,7,0.0153,False,2026-07-30T23:52:26+00:00
HOOD,2024-03-12,2023-11-29,71,5,0.0106,False,2026-07-30T23:52:35+00:00
HOOD,2024-03-13,2023-11-29,246,14,0.0369,False,2026-07-30T23:52:59+00:00
HOOD,2024-03-14,2023-11-29,276,15,0.0414,False,2026-07-30T23:53:26+00:00
HOOD,2024-03-15,2023-11-29,128,8,0.0192,False,2026-07-30T23:53:42+00:00
HOOD,2024-03-16,2023-11-29,43,4,0.0064,False,2026-07-30T23:53:48+00:00
HOOD,2024-03-17,2023-11-29,67,5,0.01,False,2026-07-30T23:53:55+00:00
HOOD,2024-03-18,2023-11-29,69,5,0.0103,False,2026-07-30T23:54:03+00:00
HOOD,2024-03-19,2023-11-29,108,7,0.0162,False,2026-07-30T23:54:15+00:00
HOOD,2024-03-20,2023-11-29,138,8,0.0207,False,2026-07-30T23:54:28+00:00
HOOD,2024-03-21,2023-11-29,140,8,0.021,False,2026-07-30T23:54:46+00:00
HOOD,2024-03-22,2023-11-29,90,6,0.0135,False,2026-07-30T23:54:56+00:00
HOOD,2024-03-23,2023-11-29,34,3,0.0051,False,2026-07-30T23:55:05+00:00
HOOD,2024-03-24,2023-11-29,38,3,0.0057,False,2026-07-30T23:55:09+00:00
HOOD,2024-03-25,2023-11-29,85,6,0.0127,False,2026-07-30T23:55:18+00:00
HOOD,2024-03-26,2023-11-29,197,11,0.0295,False,2026-07-30T23:55:40+00:00
HOOD,2024-03-27,2023-11-29,633,33,0.0949,False,2026-07-30T23:56:38+00:00
HOOD,2024-03-28,2023-11-29,246,14,0.0369,False,2026-07-30T23:57:04+00:00
HOOD,2024-03-29,2023-11-29,83,6,0.0124,False,2026-07-30T23:57:14+00:00
HOOD,2024-03-30,2023-11-29,54,4,0.0081,False,2026-07-30T23:57:21+00:00
HOOD,2024-03-31,2023-11-29,57,4,0.0085,False,2026-07-30T23:57:28+00:00
HOOD,2024-04-01,2023-11-29,70,5,0.0105,False,2026-07-30T23:57:34+00:00
HOOD,2024-04-02,2023-11-29,86,6,0.0129,False,2026-07-30T23:57:44+00:00
HOOD,2024-04-03,2023-11-29,82,6,0.0123,False,2026-07-30T23:57:54+00:00
HOOD,2024-04-04,2023-11-29,74,5,0.0111,False,2026-07-30T23:58:03+00:00
AMZN,2020-06-24,2020-07-01,210,12,0.0315,False,2026-07-30T23:58:26+00:00
AMZN,2020-06-25,2020-07-01,153,9,0.0229,False,2026-07-30T23:58:41+00:00
AMZN,2020-06-26,2020-07-01,242,14,0.0363,False,2026-07-30T23:59:05+00:00
AMZN,2020-06-27,2020-07-01,60,4,0.009,False,2026-07-30T23:59:10+00:00
AMZN,2020-06-28,2020-07-01,72,5,0.0108,False,2026-07-30T23:59:17+00:00
AMZN,2020-06-29,2020-07-01,114,7,0.0171,False,2026-07-30T23:59:29+00:00
AMZN,2020-06-30,2020-07-01,171,10,0.0256,False,2026-07-30T23:59:47+00:00
AMZN,2020-07-01,2020-07-01,293,16,0.0439,False,2026-07-31T00:00:26+00:00
AMZN,2020-07-02,2020-07-01,279,15,0.0418,False,2026-07-31T00:00:55+00:00
AMZN,2020-07-03,2020-07-01,72,5,0.0108,False,2026-07-31T00:01:04+00:00
AMZN,2020-07-04,2020-07-01,57,4,0.0085,False,2026-07-31T00:01:15+00:00
AMZN,2020-07-05,2020-07-01,70,5,0.0105,False,2026-07-31T00:01:24+00:00
AMZN,2020-07-06,2020-07-01,384,21,0.0576,False,2026-07-31T00:02:10+00:00
AMZN,2020-07-07,2020-07-01,275,15,0.0412,False,2026-07-31T00:02:40+00:00
AMZN,2020-07-08,2020-07-01,212,12,0.0318,False,2026-07-31T00:03:03+00:00
AMZN,2020-07-09,2020-07-01,350,19,0.0525,False,2026-07-31T00:03:42+00:00
AMZN,2020-07-10,2020-07-01,308,17,0.0462,False,2026-07-31T00:04:17+00:00
AMZN,2020-07-11,2020-07-01,107,7,0.016,False,2026-07-31T00:04:31+00:00
AMZN,2020-07-12,2020-07-01,123,8,0.0184,False,2026-07-31T00:04:46+00:00
AMZN,2020-07-13,2020-07-01,311,17,0.0466,False,2026-07-31T00:05:23+00:00
AMZN,2020-07-14,2020-07-01,209,12,0.0313,False,2026-07-31T00:05:48+00:00
AMZN,2020-07-15,2020-07-01,182,11,0.0273,False,2026-07-31T00:06:13+00:00
AMZN,2020-07-16,2020-07-01,256,14,0.0384,False,2026-07-31T00:06:36+00:00
AMZN,2020-07-17,2020-07-01,210,12,0.0315,False,2026-07-31T00:06:59+00:00
AMZN,2020-07-18,2020-07-01,77,5,0.0115,False,2026-07-31T00:07:10+00:00
AMZN,2020-07-19,2020-07-01,94,6,0.0141,False,2026-07-31T00:07:19+00:00
AMZN,2020-07-20,2020-07-01,426,23,0.0639,False,2026-07-31T00:08:06+00:00
AMZN,2020-07-21,2020-07-01,256,14,0.0384,False,2026-07-31T00:08:33+00:00
AMZN,2020-07-22,2020-07-01,189,11,0.0283,False,2026-07-31T00:08:56+00:00
AMZN,2020-07-23,2020-07-01,237,13,0.0355,False,2026-07-31T00:09:18+00:00
AMZN,2020-07-24,2020-07-01,226,13,0.0339,False,2026-07-31T00:09:45+00:00
AMZN,2020-07-25,2020-07-01,86,6,0.0129,False,2026-07-31T00:09:54+00:00
AMZN,2020-07-26,2020-07-01,112,7,0.0168,False,2026-07-31T00:10:10+00:00
AMZN,2020-07-27,2020-07-01,200,12,0.03,False,2026-07-31T00:10:32+00:00
AMZN,2020-07-28,2020-07-01,147,9,0.022,False,2026-07-31T00:10:46+00:00
AMZN,2020-07-29,2020-07-01,288,16,0.0432,False,2026-07-31T00:11:16+00:00
AMZN,2020-07-30,2020-07-01,1025,53,0.1537,False,2026-07-31T00:12:48+00:00
AMZN,2020-07-31,2020-07-01,558,29,0.0837,False,2026-07-31T00:13:42+00:00
AMZN,2020-08-01,2020-07-01,96,6,0.0144,False,2026-07-31T00:13:51+00:00
AMZN,2020-08-02,2020-07-01,101,7,0.0151,False,2026-07-31T00:14:04+00:00
AMZN,2020-08-03,2020-07-01,177,10,0.0265,False,2026-07-31T00:14:24+00:00
AMZN,2020-08-04,2020-07-01,165,10,0.0247,False,2026-07-31T00:14:40+00:00
AMZN,2020-08-05,2020-07-01,211,12,0.0316,False,2026-07-31T00:15:09+00:00
AMZN,2020-08-06,2020-07-01,205,12,0.0307,False,2026-07-31T00:15:30+00:00
AMZN,2020-08-07,2020-07-01,135,8,0.0202,False,2026-07-31T00:15:47+00:00
AMZN,2020-08-08,2020-07-01,46,4,0.0069,False,2026-07-31T00:15:54+00:00
AMZN,2020-08-09,2020-07-01,136,8,0.0204,False,2026-07-31T00:16:09+00:00
AMZN,2020-08-10,2020-07-01,177,10,0.0265,False,2026-07-31T00:16:25+00:00
AMZN,2020-08-11,2020-07-01,125,8,0.0187,False,2026-07-31T00:16:38+00:00
AMZN,2020-08-12,2020-07-01,175,10,0.0262,False,2026-07-31T00:16:54+00:00
ATER,2021-08-20,2021-08-27,12,2,0.0018,False,2026-07-31T00:16:57+00:00
ATER,2021-08-21,2021-08-27,6,2,0.0009,False,2026-07-31T00:16:59+00:00
ATER,2021-08-22,2021-08-27,8,2,0.0012,False,2026-07-31T00:17:01+00:00
ATER,2021-08-23,2021-08-27,3,2,0.0004,False,2026-07-31T00:17:03+00:00
ATER,2021-08-24,2021-08-27,20,2,0.003,False,2026-07-31T00:17:05+00:00
ATER,2021-08-25,2021-08-27,30,3,0.0045,False,2026-07-31T00:17:09+00:00
ATER,2021-08-26,2021-08-27,18,2,0.0027,False,2026-07-31T00:17:12+00:00
ATER,2021-08-27,2021-08-27,157,9,0.0235,False,2026-07-31T00:17:25+00:00
ATER,2021-08-28,2021-08-27,42,4,0.0063,False,2026-07-31T00:17:31+00:00
ATER,2021-08-29,2021-08-27,43,4,0.0064,False,2026-07-31T00:17:36+00:00
ATER,2021-08-30,2021-08-27,220,12,0.033,False,2026-07-31T00:17:56+00:00
ATER,2021-08-31,2021-08-27,34,3,0.0051,False,2026-07-31T00:18:00+00:00
ATER,2021-09-01,2021-08-27,154,9,0.0231,False,2026-07-31T00:18:14+00:00
ATER,2021-09-02,2021-08-27,83,6,0.0124,False,2026-07-31T00:18:22+00:00
ATER,2021-09-03,2021-08-27,28,3,0.0042,False,2026-07-31T00:18:25+00:00
ATER,2021-09-04,2021-08-27,4,2,0.0006,False,2026-07-31T00:18:28+00:00
ATER,2021-09-05,2021-08-27,6,2,0.0009,False,2026-07-31T00:18:30+00:00
ATER,2021-09-06,2021-08-27,9,2,0.0013,False,2026-07-31T00:18:33+00:00
ATER,2021-09-07,2021-08-27,48,4,0.0072,False,2026-07-31T00:18:38+00:00
ATER,2021-09-08,2021-08-27,300,16,0.045,False,2026-07-31T00:19:04+00:00
ATER,2021-09-09,2021-08-27,276,15,0.0414,False,2026-07-31T00:19:35+00:00
ATER,2021-09-10,2021-08-27,264,15,0.0396,False,2026-07-31T00:19:58+00:00
ATER,2021-09-11,2021-08-27,33,3,0.0049,False,2026-07-31T00:20:08+00:00
ATER,2021-09-12,2021-08-27,25,3,0.0037,False,2026-07-31T00:20:11+00:00
ATER,2021-09-13,2021-08-27,747,39,0.112,False,2026-07-31T00:21:16+00:00
ATER,2021-09-14,2021-08-27,377,20,0.0565,False,2026-07-31T00:21:55+00:00
ATER,2021-09-15,2021-08-27,150,9,0.0225,False,2026-07-31T00:22:10+00:00
ATER,2021-09-16,2021-08-27,82,6,0.0123,False,2026-07-31T00:22:22+00:00
ATER,2021-09-17,2021-08-27,162,10,0.0243,False,2026-07-31T00:22:37+00:00
ATER,2021-09-18,2021-08-27,57,4,0.0085,False,2026-07-31T00:22:43+00:00
ATER,2021-09-19,2021-08-27,40,4,0.006,False,2026-07-31T00:22:48+00:00
ATER,2021-09-20,2021-08-27,268,15,0.0402,False,2026-07-31T00:23:14+00:00
ATER,2021-09-21,2021-08-27,194,11,0.0291,False,2026-07-31T00:23:34+00:00
ATER,2021-09-22,2021-08-27,478,25,0.0717,False,2026-07-31T00:24:17+00:00
ATER,2021-09-23,2021-08-27,397,21,0.0595,False,2026-07-31T00:24:53+00:00
ATER,2021-09-24,2021-08-27,372,20,0.0558,False,2026-07-31T00:25:31+00:00
ATER,2021-09-25,2021-08-27,49,4,0.0073,False,2026-07-31T00:25:36+00:00
ATER,2021-09-26,2021-08-27,55,4,0.0082,False,2026-07-31T00:25:42+00:00
ATER,2021-09-27,2021-08-27,254,14,0.0381,False,2026-07-31T00:26:04+00:00
ATER,2021-09-28,2021-08-27,120,7,0.018,False,2026-07-31T00:26:15+00:00
ATER,2021-09-29,2021-08-27,161,10,0.0241,False,2026-07-31T00:26:30+00:00
ATER,2021-09-30,2021-08-27,246,14,0.0369,False,2026-07-31T00:26:51+00:00
ATER,2021-10-01,2021-08-27,173,10,0.0259,False,2026-07-31T00:27:06+00:00
ATER,2021-10-02,2021-08-27,33,3,0.0049,False,2026-07-31T00:27:10+00:00
ATER,2021-10-03,2021-08-27,43,4,0.0064,False,2026-07-31T00:27:16+00:00
ATER,2021-10-04,2021-08-27,115,7,0.0172,False,2026-07-31T00:27:28+00:00
ATER,2021-10-05,2021-08-27,123,8,0.0184,False,2026-07-31T00:27:40+00:00
ATER,2021-10-06,2021-08-27,120,8,0.018,False,2026-07-31T00:27:52+00:00
ATER,2021-10-07,2021-08-27,93,6,0.0139,False,2026-07-31T00:28:01+00:00
ATER,2021-10-08,2021-08-27,91,6,0.0136,False,2026-07-31T00:28:11+00:00
ATER,2021-10-09,2021-08-27,37,3,0.0055,False,2026-07-31T00:28:15+00:00
ATER,2021-10-10,2021-08-27,19,2,0.0028,False,2026-07-31T00:28:17+00:00
ATER,2021-10-11,2021-08-27,155,9,0.0232,False,2026-07-31T00:28:30+00:00
ATER,2021-10-12,2021-08-27,74,5,0.0111,False,2026-07-31T00:28:38+00:00
ATER,2021-10-13,2021-08-27,72,5,0.0108,False,2026-07-31T00:28:46+00:00
ATER,2021-10-14,2021-08-27,108,7,0.0162,False,2026-07-31T00:28:55+00:00
ATER,2021-10-15,2021-08-27,69,5,0.0103,False,2026-07-31T00:29:02+00:00
ATER,2021-10-16,2021-08-27,12,2,0.0018,False,2026-07-31T00:29:05+00:00
ATER,2021-10-17,2021-08-27,15,2,0.0022,False,2026-07-31T00:29:10+00:00
ATER,2021-10-18,2021-08-27,35,3,0.0052,False,2026-07-31T00:29:14+00:00
ATER,2021-10-19,2021-08-27,161,10,0.0241,False,2026-07-31T00:29:29+00:00
ATER,2021-10-20,2021-08-27,109,7,0.0163,False,2026-07-31T00:29:39+00:00
ATER,2021-10-21,2021-08-27,84,6,0.0126,False,2026-07-31T00:29:48+00:00
ATER,2021-10-22,2021-08-27,35,3,0.0052,False,2026-07-31T00:29:52+00:00
ATER,2021-10-23,2021-08-27,14,2,0.0021,False,2026-07-31T00:29:54+00:00
ATER,2021-10-24,2021-08-27,7,2,0.001,False,2026-07-31T00:29:56+00:00
ATER,2021-10-25,2021-08-27,31,3,0.0046,False,2026-07-31T00:29:59+00:00
ATER,2021-10-26,2021-08-27,38,3,0.0057,False,2026-07-31T00:30:09+00:00
ATER,2021-10-27,2021-08-27,23,3,0.0034,False,2026-07-31T00:30:12+00:00
BABA,2020-10-27,2020-11-03,121,8,0.0181,False,2026-07-31T00:30:25+00:00
BABA,2020-10-28,2020-11-03,48,4,0.0072,False,2026-07-31T00:30:31+00:00
BABA,2020-10-29,2020-11-03,44,4,0.0066,False,2026-07-31T00:30:39+00:00
BABA,2020-10-30,2020-11-03,53,4,0.0079,False,2026-07-31T00:30:45+00:00
BABA,2020-10-31,2020-11-03,35,3,0.0052,False,2026-07-31T00:30:50+00:00
BABA,2020-11-01,2020-11-03,37,3,0.0055,False,2026-07-31T00:30:54+00:00
BABA,2020-11-02,2020-11-03,75,5,0.0112,False,2026-07-31T00:31:02+00:00
BABA,2020-11-03,2020-11-03,412,22,0.0618,False,2026-07-31T00:31:40+00:00
BABA,2020-11-04,2020-11-03,111,7,0.0166,False,2026-07-31T00:31:51+00:00
BABA,2020-11-05,2020-11-03,252,14,0.0378,False,2026-07-31T00:32:16+00:00
BABA,2020-11-06,2020-11-03,130,8,0.0195,False,2026-07-31T00:32:28+00:00
BABA,2020-11-07,2020-11-03,39,3,0.0058,False,2026-07-31T00:32:32+00:00
BABA,2020-11-08,2020-11-03,53,4,0.0079,False,2026-07-31T00:32:38+00:00
BABA,2020-11-09,2020-11-03,90,6,0.0135,False,2026-07-31T00:32:47+00:00
BABA,2020-11-10,2020-11-03,264,15,0.0396,False,2026-07-31T00:33:17+00:00
BABA,2020-11-11,2020-11-03,302,17,0.0453,False,2026-07-31T00:33:45+00:00
BABA,2020-11-12,2020-11-03,163,10,0.0244,False,2026-07-31T00:34:02+00:00
BABA,2020-11-13,2020-11-03,196,11,0.0294,False,2026-07-31T00:34:19+00:00
BABA,2020-11-14,2020-11-03,49,4,0.0073,False,2026-07-31T00:34:24+00:00
BABA,2020-11-15,2020-11-03,50,4,0.0075,False,2026-07-31T00:34:30+00:00
BABA,2020-11-16,2020-11-03,86,6,0.0129,False,2026-07-31T00:34:38+00:00
BABA,2020-11-17,2020-11-03,128,8,0.0192,False,2026-07-31T00:34:51+00:00
BABA,2020-11-18,2020-11-03,170,10,0.0255,False,2026-07-31T00:35:11+00:00
BABA,2020-11-19,2020-11-03,198,11,0.0297,False,2026-07-31T00:35:29+00:00
BABA,2020-11-20,2020-11-03,273,15,0.0409,False,2026-07-31T00:35:54+00:00
BABA,2020-11-21,2020-11-03,64,5,0.0096,False,2026-07-31T00:36:01+00:00
BABA,2020-11-22,2020-11-03,62,5,0.0093,False,2026-07-31T00:36:07+00:00
BABA,2020-11-23,2020-11-03,114,7,0.0171,False,2026-07-31T00:36:19+00:00
BABA,2020-11-24,2020-11-03,153,9,0.0229,False,2026-07-31T00:36:34+00:00
BABA,2020-11-25,2020-11-03,110,7,0.0165,False,2026-07-31T00:36:45+00:00
BABA,2020-11-26,2020-11-03,26,3,0.0039,False,2026-07-31T00:36:49+00:00
BABA,2020-11-27,2020-11-03,61,5,0.0091,False,2026-07-31T00:36:56+00:00
BABA,2020-11-28,2020-11-03,43,4,0.0064,False,2026-07-31T00:37:02+00:00
BABA,2020-11-29,2020-11-03,41,4,0.0061,False,2026-07-31T00:37:07+00:00
BABA,2020-11-30,2020-11-03,127,8,0.019,False,2026-07-31T00:37:19+00:00
BABA,2020-12-01,2020-11-03,107,7,0.016,False,2026-07-31T00:37:31+00:00
BABA,2020-12-02,2020-11-03,117,7,0.0175,False,2026-07-31T00:37:42+00:00
BABA,2020-12-03,2020-11-03,132,8,0.0198,False,2026-07-31T00:37:55+00:00
BABA,2020-12-04,2020-11-03,81,6,0.0121,False,2026-07-31T00:38:05+00:00
BABA,2020-12-05,2020-11-03,32,3,0.0048,False,2026-07-31T00:38:09+00:00
BABA,2020-12-06,2020-11-03,42,4,0.0063,False,2026-07-31T00:38:16+00:00
BABA,2020-12-07,2020-11-03,68,5,0.0102,False,2026-07-31T00:38:22+00:00
BABA,2020-12-08,2020-11-03,57,4,0.0085,False,2026-07-31T00:38:29+00:00
BABA,2020-12-09,2020-11-03,56,4,0.0084,False,2026-07-31T00:38:34+00:00
BABA,2020-12-10,2020-11-03,57,4,0.0085,False,2026-07-31T00:38:46+00:00
BABA,2020-12-11,2020-11-03,57,4,0.0085,False,2026-07-31T00:38:52+00:00
BABA,2020-12-12,2020-11-03,25,3,0.0037,False,2026-07-31T00:38:56+00:00
BABA,2020-12-13,2020-11-03,36,3,0.0054,False,2026-07-31T00:39:00+00:00
BABA,2020-12-14,2020-11-03,89,6,0.0133,False,2026-07-31T00:39:09+00:00
MSTR,2024-09-20,2024-09-27,248,14,0.0372,False,2026-07-31T00:39:35+00:00
MSTR,2024-09-21,2024-09-27,122,8,0.0183,False,2026-07-31T00:39:47+00:00
MSTR,2024-09-22,2024-09-27,79,5,0.0118,False,2026-07-31T00:39:55+00:00
MSTR,2024-09-23,2024-09-27,150,9,0.0225,False,2026-07-31T00:40:15+00:00
MSTR,2024-09-24,2024-09-27,158,9,0.0237,False,2026-07-31T00:40:35+00:00
MSTR,2024-09-25,2024-09-27,87,6,0.013,False,2026-07-31T00:40:45+00:00
MSTR,2024-09-26,2024-09-27,203,12,0.0304,False,2026-07-31T00:41:06+00:00
MSTR,2024-09-27,2024-09-27,351,19,0.0526,False,2026-07-31T00:41:40+00:00
MSTR,2024-09-28,2024-09-27,133,8,0.0199,False,2026-07-31T00:41:53+00:00
MSTR,2024-09-29,2024-09-27,86,6,0.0129,False,2026-07-31T00:42:03+00:00
MSTR,2024-09-30,2024-09-27,115,7,0.0172,False,2026-07-31T00:42:15+00:00
MSTR,2024-10-01,2024-09-27,112,7,0.0168,False,2026-07-31T00:42:26+00:00
MSTR,2024-10-02,2024-09-27,199,11,0.0298,False,2026-07-31T00:42:43+00:00
MSTR,2024-10-03,2024-09-27,118,7,0.0177,False,2026-07-31T00:42:58+00:00
MSTR,2024-10-04,2024-09-27,265,15,0.0397,False,2026-07-31T00:43:23+00:00
MSTR,2024-10-05,2024-09-27,151,9,0.0226,False,2026-07-31T00:43:38+00:00
MSTR,2024-10-06,2024-09-27,131,8,0.0196,False,2026-07-31T00:43:51+00:00
MSTR,2024-10-07,2024-09-27,558,29,0.0837,False,2026-07-31T00:44:44+00:00
MSTR,2024-10-08,2024-09-27,685,36,0.1027,False,2026-07-31T00:45:56+00:00
MSTR,2024-10-09,2024-09-27,470,25,0.0705,False,2026-07-31T00:46:44+00:00
MSTR,2024-10-10,2024-09-27,356,19,0.0534,False,2026-07-31T00:47:17+00:00
MSTR,2024-10-11,2024-09-27,1249,64,0.1873,False,2026-07-31T00:49:16+00:00
MSTR,2024-10-12,2024-09-27,662,35,0.0993,False,2026-07-31T00:50:22+00:00
MSTR,2024-10-13,2024-09-27,560,29,0.084,False,2026-07-31T00:51:17+00:00
MSTR,2024-10-14,2024-09-27,948,49,0.1422,False,2026-07-31T00:52:51+00:00
MSTR,2024-10-15,2024-09-27,399,21,0.0598,False,2026-07-31T00:53:43+00:00
MSTR,2024-10-16,2024-09-27,569,30,0.0853,False,2026-07-31T00:54:36+00:00
MSTR,2024-10-17,2024-09-27,452,24,0.0678,False,2026-07-31T00:55:21+00:00
MSTR,2024-10-18,2024-09-27,700,37,0.105,False,2026-07-31T00:56:27+00:00
MSTR,2024-10-19,2024-09-27,401,22,0.0601,False,2026-07-31T00:57:03+00:00
MSTR,2024-10-20,2024-09-27,400,22,0.06,False,2026-07-31T00:57:43+00:00
MSTR,2024-10-21,2024-09-27,596,31,0.0894,False,2026-07-31T00:58:37+00:00
MSTR,2024-10-22,2024-09-27,432,23,0.0648,False,2026-07-31T00:59:17+00:00
MSTR,2024-10-23,2024-09-27,389,21,0.0583,False,2026-07-31T00:59:57+00:00
MSTR,2024-10-24,2024-09-27,726,38,0.1089,False,2026-07-31T01:01:18+00:00
MSTR,2024-10-25,2024-09-27,801,42,0.1201,False,2026-07-31T01:02:58+00:00
MSTR,2024-10-26,2024-09-27,388,21,0.0582,False,2026-07-31T01:03:43+00:00
MSTR,2024-10-27,2024-09-27,457,24,0.0685,False,2026-07-31T01:04:37+00:00
MSTR,2024-10-28,2024-09-27,1000,52,0.15,False,2026-07-31T01:06:35+00:00
MSTR,2024-10-29,2024-09-27,1049,54,0.1573,False,2026-07-31T01:08:15+00:00
MSTR,2024-10-30,2024-09-27,1116,57,0.1674,False,2026-07-31T01:10:06+00:00
MSTR,2024-10-31,2024-09-27,946,49,0.1419,False,2026-07-31T01:11:34+00:00
MSTR,2024-11-01,2024-09-27,844,44,0.1266,False,2026-07-31T01:12:54+00:00
MSTR,2024-11-02,2024-09-27,468,25,0.0702,False,2026-07-31T01:13:39+00:00
MSTR,2024-11-03,2024-09-27,428,23,0.0642,False,2026-07-31T01:14:19+00:00
MSTR,2024-11-04,2024-09-27,515,27,0.0772,False,2026-07-31T01:15:10+00:00
MSTR,2024-11-05,2024-09-27,398,21,0.0597,False,2026-07-31T01:15:49+00:00
MSTR,2024-11-06,2024-09-27,677,35,0.1015,False,2026-07-31T01:16:54+00:00
MSTR,2024-11-07,2024-09-27,631,33,0.0946,False,2026-07-31T01:56:28+00:00
MSTR,2024-11-08,2024-09-27,612,32,0.0918,False,2026-07-31T01:57:25+00:00
MSTR,2024-11-09,2024-09-27,420,23,0.063,False,2026-07-31T01:58:04+00:00
MSTR,2024-11-10,2024-09-27,903,47,0.1354,False,2026-07-31T01:59:28+00:00
MSTR,2024-11-11,2024-09-27,1903,97,0.2854,False,2026-07-31T02:03:09+00:00
MSTR,2024-11-12,2024-09-27,1253,64,0.1879,False,2026-07-31T02:05:42+00:00
MSTR,2024-11-13,2024-09-27,1089,56,0.1633,False,2026-07-31T02:07:35+00:00
MSTR,2024-11-14,2024-09-27,749,39,0.1123,False,2026-07-31T02:08:48+00:00
MSTR,2024-11-15,2024-09-27,860,44,0.129,False,2026-07-31T02:10:10+00:00
MSTR,2024-11-16,2024-09-27,569,30,0.0853,False,2026-07-31T02:11:03+00:00
MSTR,2024-11-17,2024-09-27,566,30,0.0849,False,2026-07-31T02:11:56+00:00
MSTR,2024-11-18,2024-09-27,1659,84,0.2488,False,2026-07-31T02:14:37+00:00
MSTR,2024-11-19,2024-09-27,1972,100,0.2958,False,2026-07-31T02:17:46+00:00
MSTR,2024-11-20,2024-09-27,2147,109,0.322,False,2026-07-31T02:21:06+00:00
MSTR,2024-11-21,2024-09-27,2249,114,0.3373,False,2026-07-31T02:24:29+00:00
MSTR,2024-11-22,2024-09-27,1525,78,0.2287,False,2026-07-31T02:27:00+00:00
MSTR,2024-11-23,2024-09-27,739,38,0.1108,False,2026-07-31T02:28:38+00:00
MSTR,2024-11-24,2024-09-27,1133,58,0.1699,False,2026-07-31T02:30:55+00:00
MSTR,2024-11-26,2024-09-27,1656,85,0.2484,False,2026-07-31T02:34:38+00:00
MSTR,2024-11-25,2024-09-27,1847,94,0.277,False,2026-07-31T02:53:09+00:00
MSTR,2024-11-27,2024-09-27,1297,67,0.1945,False,2026-07-31T02:55:23+00:00
MSTR,2024-11-28,2024-09-27,602,32,0.0903,False,2026-07-31T02:56:23+00:00
MSTR,2024-11-29,2024-09-27,838,44,0.1257,False,2026-07-31T02:57:45+00:00
MSTR,2024-11-30,2024-09-27,514,28,0.0771,False,2026-07-31T02:58:35+00:00
MSTR,2024-12-01,2024-09-27,619,33,0.0928,False,2026-07-31T02:59:41+00:00
MSTR,2024-12-02,2024-09-27,832,43,0.1248,False,2026-07-31T03:01:11+00:00
MSTR,2024-12-03,2024-09-27,707,37,0.106,False,2026-07-31T03:02:44+00:00
BYND,2025-10-07,2025-10-14,4,2,0.0006,False,2026-07-31T03:02:47+00:00
BYND,2025-10-08,2025-10-14,2,2,0.0003,False,2026-07-31T03:02:52+00:00
BYND,2025-10-09,2025-10-14,1,2,0.0001,False,2026-07-31T03:02:54+00:00
BYND,2025-10-10,2025-10-14,8,2,0.0012,False,2026-07-31T03:02:57+00:00
BYND,2025-10-11,2025-10-14,1,2,0.0001,False,2026-07-31T03:02:59+00:00
BYND,2025-10-12,2025-10-14,1,2,0.0001,False,2026-07-31T03:03:02+00:00
BYND,2025-10-13,2025-10-14,69,5,0.0103,False,2026-07-31T03:03:12+00:00
BYND,2025-10-14,2025-10-14,126,8,0.0189,False,2026-07-31T03:03:31+00:00
BYND,2025-10-15,2025-10-14,57,4,0.0085,False,2026-07-31T03:03:37+00:00
BYND,2025-10-16,2025-10-14,89,6,0.0133,False,2026-07-31T03:03:49+00:00
BYND,2025-10-17,2025-10-14,312,17,0.0468,False,2026-07-31T03:04:46+00:00
BYND,2025-10-18,2025-10-14,240,14,0.036,False,2026-07-31T03:05:17+00:00
BYND,2025-10-19,2025-10-14,388,21,0.0582,False,2026-07-31T03:06:13+00:00
BYND,2025-10-20,2025-10-14,2715,138,0.4072,False,2026-07-31T03:10:33+00:00
BYND,2025-10-21,2025-10-14,4431,224,0.6646,False,2026-07-31T03:17:35+00:00
BYND,2025-10-22,2025-10-14,6511,328,0.9766,False,2026-07-31T03:27:53+00:00
BYND,2025-10-23,2025-10-14,2720,138,0.408,False,2026-07-31T03:33:20+00:00
BYND,2025-10-24,2025-10-14,1680,86,0.252,False,2026-07-31T03:36:17+00:00
BYND,2025-10-25,2025-10-14,691,36,0.1036,False,2026-07-31T03:37:27+00:00
BYND,2025-10-26,2025-10-14,599,32,0.0898,False,2026-07-31T03:38:27+00:00
BYND,2025-10-27,2025-10-14,963,50,0.1444,False,2026-07-31T03:40:07+00:00
BYND,2025-10-28,2025-10-14,866,45,0.1299,False,2026-07-31T03:41:37+00:00
BYND,2025-10-29,2025-10-14,539,28,0.0808,False,2026-07-31T03:42:27+00:00
BYND,2025-10-30,2025-10-14,462,25,0.0693,False,2026-07-31T03:43:07+00:00
BYND,2025-10-31,2025-10-14,404,22,0.0606,False,2026-07-31T03:43:44+00:00
BA,2020-03-04,2020-03-11,33,3,0.0049,False,2026-07-31T03:43:47+00:00
BA,2020-03-05,2020-03-11,91,6,0.0136,False,2026-07-31T03:43:57+00:00
BA,2020-03-06,2020-03-11,88,6,0.0132,False,2026-07-31T03:44:06+00:00
BA,2020-03-07,2020-03-11,16,2,0.0024,False,2026-07-31T03:44:10+00:00
BA,2020-03-08,2020-03-11,13,2,0.0019,False,2026-07-31T03:44:13+00:00
BA,2020-03-09,2020-03-11,63,5,0.0094,False,2026-07-31T03:44:19+00:00
BA,2020-03-10,2020-03-11,90,6,0.0135,False,2026-07-31T03:44:29+00:00
BA,2020-03-11,2020-03-11,338,18,0.0507,False,2026-07-31T03:44:59+00:00
BA,2020-03-12,2020-03-11,216,12,0.0324,False,2026-07-31T03:45:22+00:00
BA,2020-03-13,2020-03-11,67,5,0.01,False,2026-07-31T03:45:30+00:00
BA,2020-03-14,2020-03-11,30,3,0.0045,False,2026-07-31T03:45:34+00:00
BA,2020-03-15,2020-03-11,36,3,0.0054,False,2026-07-31T03:45:38+00:00
BA,2020-03-16,2020-03-11,203,12,0.0304,False,2026-07-31T03:46:04+00:00
BA,2020-03-17,2020-03-11,398,21,0.0597,False,2026-07-31T03:46:41+00:00
BA,2020-03-18,2020-03-11,368,20,0.0552,False,2026-07-31T03:47:13+00:00
BA,2020-03-19,2020-03-11,227,13,0.034,False,2026-07-31T03:47:33+00:00
BA,2020-03-20,2020-03-11,139,8,0.0208,False,2026-07-31T03:47:45+00:00
BA,2020-03-21,2020-03-11,66,5,0.0099,False,2026-07-31T03:47:53+00:00
BA,2020-03-22,2020-03-11,60,5,0.009,False,2026-07-31T03:48:01+00:00
BA,2020-03-23,2020-03-11,272,15,0.0408,False,2026-07-31T03:48:27+00:00
BA,2020-03-24,2020-03-11,254,14,0.0381,False,2026-07-31T03:48:53+00:00
BA,2020-03-25,2020-03-11,474,25,0.0711,False,2026-07-31T03:49:35+00:00
BA,2020-03-26,2020-03-11,254,14,0.0381,False,2026-07-31T03:49:58+00:00
BA,2020-03-27,2020-03-11,156,9,0.0234,False,2026-07-31T03:50:17+00:00
BA,2020-03-28,2020-03-11,35,3,0.0052,False,2026-07-31T03:50:22+00:00
BA,2020-03-29,2020-03-11,20,2,0.003,False,2026-07-31T03:50:24+00:00
BA,2020-03-30,2020-03-11,125,8,0.0187,False,2026-07-31T03:50:39+00:00
BA,2020-03-31,2020-03-11,79,5,0.0118,False,2026-07-31T03:50:48+00:00
BA,2020-04-01,2020-03-11,155,9,0.0232,False,2026-07-31T03:51:02+00:00
BA,2020-04-02,2020-03-11,177,10,0.0265,False,2026-07-31T03:51:18+00:00
BA,2020-04-03,2020-03-11,121,8,0.0181,False,2026-07-31T03:51:29+00:00
BA,2020-04-04,2020-03-11,38,3,0.0057,False,2026-07-31T03:51:34+00:00
BA,2020-04-05,2020-03-11,37,3,0.0055,False,2026-07-31T03:51:38+00:00
BA,2020-04-06,2020-03-11,174,10,0.0261,False,2026-07-31T03:51:55+00:00
BA,2020-04-07,2020-03-11,176,10,0.0264,False,2026-07-31T03:52:11+00:00
BA,2020-04-08,2020-03-11,98,6,0.0147,False,2026-07-31T03:52:23+00:00
BA,2020-04-09,2020-03-11,82,6,0.0123,False,2026-07-31T03:52:33+00:00
BA,2020-04-10,2020-03-11,77,5,0.0115,False,2026-07-31T03:52:40+00:00
BA,2020-04-11,2020-03-11,34,3,0.0051,False,2026-07-31T03:52:44+00:00
BA,2020-04-12,2020-03-11,26,3,0.0039,False,2026-07-31T03:52:48+00:00
BA,2020-04-13,2020-03-11,68,5,0.0102,False,2026-07-31T03:52:55+00:00
BA,2020-04-14,2020-03-11,192,11,0.0288,False,2026-07-31T03:53:11+00:00
BA,2020-04-15,2020-03-11,188,11,0.0282,False,2026-07-31T03:53:29+00:00
BA,2020-04-16,2020-03-11,281,16,0.0421,False,2026-07-31T03:53:55+00:00
BA,2020-04-17,2020-03-11,268,15,0.0402,False,2026-07-31T03:54:19+00:00
BA,2020-04-18,2020-03-11,37,3,0.0055,False,2026-07-31T03:54:23+00:00
BA,2020-04-19,2020-03-11,81,6,0.0121,False,2026-07-31T03:54:31+00:00
BA,2020-04-20,2020-03-11,117,7,0.0175,False,2026-07-31T03:54:41+00:00
BA,2020-04-21,2020-03-11,89,6,0.0133,False,2026-07-31T03:54:50+00:00
BA,2020-04-22,2020-03-11,85,6,0.0127,False,2026-07-31T03:55:06+00:00
BA,2020-04-23,2020-03-11,119,7,0.0178,False,2026-07-31T03:55:18+00:00
BA,2020-04-24,2020-03-11,144,9,0.0216,False,2026-07-31T03:55:32+00:00
BA,2020-04-25,2020-03-11,53,4,0.0079,False,2026-07-31T03:55:39+00:00
BA,2020-04-26,2020-03-11,53,4,0.0079,False,2026-07-31T03:55:45+00:00
BA,2020-04-27,2020-03-11,223,13,0.0334,False,2026-07-31T03:56:07+00:00
BA,2020-04-28,2020-03-11,178,10,0.0267,False,2026-07-31T03:56:24+00:00
BA,2020-04-29,2020-03-11,404,22,0.0606,False,2026-07-31T03:57:00+00:00
BA,2020-04-30,2020-03-11,150,9,0.0225,False,2026-07-31T03:57:15+00:00
BA,2020-05-01,2020-03-11,185,11,0.0277,False,2026-07-31T03:57:32+00:00
BA,2020-05-02,2020-03-11,38,3,0.0057,False,2026-07-31T03:57:36+00:00
BA,2020-05-03,2020-03-11,53,4,0.0079,False,2026-07-31T03:57:42+00:00
BA,2020-05-04,2020-03-11,105,7,0.0158,False,2026-07-31T03:57:52+00:00
BA,2020-05-05,2020-03-11,142,9,0.0213,False,2026-07-31T03:58:06+00:00
BA,2020-05-06,2020-03-11,165,10,0.0247,False,2026-07-31T03:58:21+00:00
BA,2020-05-07,2020-03-11,112,7,0.0168,False,2026-07-31T03:58:32+00:00
BA,2020-05-08,2020-03-11,138,8,0.0207,False,2026-07-31T03:58:44+00:00
BA,2020-05-09,2020-03-11,35,3,0.0052,False,2026-07-31T03:58:48+00:00
BA,2020-05-10,2020-03-11,28,3,0.0042,False,2026-07-31T03:58:51+00:00
CLF,2021-06-02,2021-06-09,6,2,0.0009,False,2026-07-31T03:58:53+00:00
CLF,2021-06-03,2021-06-09,11,2,0.0016,False,2026-07-31T03:58:56+00:00
CLF,2021-06-04,2021-06-09,3,2,0.0004,False,2026-07-31T03:58:58+00:00
CLF,2021-06-05,2021-06-09,2,2,0.0003,False,2026-07-31T03:59:02+00:00
CLF,2021-06-06,2021-06-09,3,2,0.0004,False,2026-07-31T03:59:04+00:00
CLF,2021-06-07,2021-06-09,3,2,0.0004,False,2026-07-31T03:59:06+00:00
CLF,2021-06-08,2021-06-09,24,3,0.0036,False,2026-07-31T03:59:10+00:00
CLF,2021-06-09,2021-06-09,167,10,0.025,False,2026-07-31T03:59:27+00:00
CLF,2021-06-10,2021-06-09,117,7,0.0175,False,2026-07-31T03:59:38+00:00
CLF,2021-06-11,2021-06-09,61,5,0.0091,False,2026-07-31T03:59:45+00:00
CLF,2021-06-12,2021-06-09,8,2,0.0012,False,2026-07-31T03:59:48+00:00
CLF,2021-06-13,2021-06-09,14,2,0.0021,False,2026-07-31T03:59:50+00:00
CLF,2021-06-14,2021-06-09,27,3,0.004,False,2026-07-31T03:59:54+00:00
CLF,2021-06-15,2021-06-09,54,4,0.0081,False,2026-07-31T04:00:05+00:00
CLF,2021-06-16,2021-06-09,26,3,0.0039,False,2026-07-31T04:00:09+00:00
CLF,2021-06-17,2021-06-09,26,3,0.0039,False,2026-07-31T04:00:14+00:00
CLF,2021-06-18,2021-06-09,31,3,0.0046,False,2026-07-31T04:00:19+00:00
CLF,2021-06-19,2021-06-09,12,2,0.0018,False,2026-07-31T04:00:21+00:00
CLF,2021-06-20,2021-06-09,9,2,0.0013,False,2026-07-31T04:00:23+00:00
CLF,2021-06-21,2021-06-09,26,3,0.0039,False,2026-07-31T04:00:27+00:00
CLF,2021-06-22,2021-06-09,19,2,0.0028,False,2026-07-31T04:00:30+00:00
NFLX,2022-04-11,2022-04-18,34,3,0.0051,False,2026-07-31T04:00:34+00:00
NFLX,2022-04-12,2022-04-18,57,4,0.0085,False,2026-07-31T04:00:41+00:00
NFLX,2022-04-13,2022-04-18,43,4,0.0064,False,2026-07-31T04:00:47+00:00
NFLX,2022-04-14,2022-04-18,32,3,0.0048,False,2026-07-31T04:00:50+00:00
NFLX,2022-04-15,2022-04-18,33,3,0.0049,False,2026-07-31T04:00:56+00:00
NFLX,2022-04-16,2022-04-18,35,3,0.0052,False,2026-07-31T04:01:05+00:00
NFLX,2022-04-17,2022-04-18,70,5,0.0105,False,2026-07-31T04:01:18+00:00
NFLX,2022-04-18,2022-04-18,133,8,0.0199,False,2026-07-31T04:01:37+00:00
NFLX,2022-04-19,2022-04-18,2744,139,0.4116,False,2026-07-31T04:06:46+00:00
NFLX,2022-04-20,2022-04-18,3634,183,0.5451,False,2026-07-31T04:12:20+00:00
NFLX,2022-04-21,2022-04-18,1165,60,0.1747,False,2026-07-31T04:14:15+00:00
NFLX,2022-04-22,2022-04-18,377,20,0.0565,False,2026-07-31T04:14:50+00:00
NFLX,2022-04-23,2022-04-18,170,10,0.0255,False,2026-07-31T04:15:11+00:00
NFLX,2022-04-24,2022-04-18,130,8,0.0195,False,2026-07-31T04:15:23+00:00
NFLX,2022-04-25,2022-04-18,249,14,0.0373,False,2026-07-31T04:15:49+00:00
NFLX,2022-04-26,2022-04-18,260,15,0.039,False,2026-07-31T04:16:15+00:00
NFLX,2022-04-27,2022-04-18,287,16,0.043,False,2026-07-31T04:16:45+00:00
NFLX,2022-04-28,2022-04-18,227,13,0.034,False,2026-07-31T04:17:06+00:00
UNH,2025-05-06,2025-05-13,34,3,0.0051,False,2026-07-31T04:17:09+00:00
UNH,2025-05-07,2025-05-13,57,4,0.0085,False,2026-07-31T04:17:15+00:00
UNH,2025-05-08,2025-05-13,55,4,0.0082,False,2026-07-31T04:17:21+00:00
UNH,2025-05-09,2025-05-13,83,6,0.0124,False,2026-07-31T04:17:30+00:00
UNH,2025-05-10,2025-05-13,41,4,0.0061,False,2026-07-31T04:17:35+00:00
UNH,2025-05-11,2025-05-13,60,4,0.009,False,2026-07-31T04:17:40+00:00
UNH,2025-05-12,2025-05-13,112,7,0.0168,False,2026-07-31T04:17:53+00:00
UNH,2025-05-14,2025-05-13,917,47,0.1375,False,2026-07-31T04:19:50+00:00
UNH,2025-05-15,2025-05-13,2653,134,0.3979,False,2026-07-31T04:23:56+00:00
UNH,2025-05-16,2025-05-13,1103,57,0.1654,False,2026-07-31T04:25:41+00:00
UNH,2025-05-17,2025-05-13,413,22,0.0619,False,2026-07-31T04:26:19+00:00
UNH,2025-05-18,2025-05-13,186,11,0.0279,False,2026-07-31T04:26:37+00:00
UNH,2025-05-19,2025-05-13,895,46,0.1342,False,2026-07-31T04:27:57+00:00
UNH,2025-05-20,2025-05-13,468,25,0.0702,False,2026-07-31T04:28:39+00:00
UNH,2025-05-21,2025-05-13,632,33,0.0948,False,2026-07-31T04:29:41+00:00
UNH,2025-05-22,2025-05-13,269,15,0.0403,False,2026-07-31T04:30:14+00:00
UNH,2025-05-23,2025-05-13,159,9,0.0238,False,2026-07-31T04:30:29+00:00
UNH,2025-05-24,2025-05-13,59,4,0.0088,False,2026-07-31T04:30:35+00:00
UNH,2025-05-25,2025-05-13,69,5,0.0103,False,2026-07-31T04:30:42+00:00
UNH,2025-05-26,2025-05-13,71,5,0.0106,False,2026-07-31T04:30:49+00:00
UNH,2025-05-27,2025-05-13,227,13,0.034,False,2026-07-31T04:31:16+00:00
UNH,2025-05-28,2025-05-13,220,12,0.033,False,2026-07-31T04:31:35+00:00
INTC,2026-03-24,2026-03-31,47,4,0.007,False,2026-07-31T04:31:40+00:00
INTC,2026-03-25,2026-03-31,166,10,0.0249,False,2026-07-31T04:31:57+00:00
INTC,2026-03-26,2026-03-31,80,5,0.012,False,2026-07-31T04:32:05+00:00
INTC,2026-03-27,2026-03-31,32,3,0.0048,False,2026-07-31T04:32:10+00:00
INTC,2026-03-28,2026-03-31,12,2,0.0018,False,2026-07-31T04:32:12+00:00
INTC,2026-03-29,2026-03-31,13,2,0.0019,False,2026-07-31T04:32:15+00:00
INTC,2026-03-30,2026-03-31,47,4,0.007,False,2026-07-31T04:32:21+00:00
INTC,2026-03-31,2026-03-31,48,4,0.0072,False,2026-07-31T04:32:26+00:00
INTC,2026-04-01,2026-03-31,155,9,0.0232,False,2026-07-31T04:32:43+00:00
INTC,2026-04-02,2026-03-31,128,8,0.0192,False,2026-07-31T04:32:55+00:00
INTC,2026-04-03,2026-03-31,51,4,0.0076,False,2026-07-31T04:33:00+00:00
INTC,2026-04-04,2026-03-31,27,3,0.004,False,2026-07-31T04:33:08+00:00
INTC,2026-04-05,2026-03-31,37,3,0.0055,False,2026-07-31T04:33:12+00:00
INTC,2026-04-06,2026-03-31,146,9,0.0219,False,2026-07-31T04:33:27+00:00
INTC,2026-04-07,2026-03-31,316,17,0.0474,False,2026-07-31T04:33:59+00:00
INTC,2026-04-08,2026-03-31,274,15,0.0411,False,2026-07-31T04:34:28+00:00
INTC,2026-04-09,2026-03-31,299,16,0.0448,False,2026-07-31T04:34:54+00:00
INTC,2026-04-10,2026-03-31,193,11,0.0289,False,2026-07-31T04:35:17+00:00
INTC,2026-04-11,2026-03-31,70,5,0.0105,False,2026-07-31T04:35:26+00:00
INTC,2026-04-12,2026-03-31,70,5,0.0105,False,2026-07-31T04:35:33+00:00
INTC,2026-04-13,2026-03-31,232,13,0.0348,False,2026-07-31T04:35:57+00:00
INTC,2026-04-14,2026-03-31,192,11,0.0288,False,2026-07-31T04:36:15+00:00
INTC,2026-04-15,2026-03-31,103,7,0.0154,False,2026-07-31T04:36:25+00:00
INTC,2026-04-16,2026-03-31,181,11,0.0271,False,2026-07-31T04:36:43+00:00
INTC,2026-04-17,2026-03-31,227,13,0.034,False,2026-07-31T04:37:05+00:00
INTC,2026-04-18,2026-03-31,97,6,0.0145,False,2026-07-31T04:37:17+00:00
INTC,2026-04-19,2026-03-31,103,7,0.0154,False,2026-07-31T04:37:28+00:00
INTC,2026-04-20,2026-03-31,151,9,0.0226,False,2026-07-31T04:37:43+00:00
INTC,2026-04-21,2026-03-31,125,8,0.0187,False,2026-07-31T04:37:55+00:00
INTC,2026-04-22,2026-03-31,149,9,0.0223,False,2026-07-31T04:38:09+00:00
INTC,2026-04-23,2026-03-31,1220,62,0.183,False,2026-07-31T04:40:08+00:00
INTC,2026-04-24,2026-03-31,1731,88,0.2596,False,2026-07-31T04:42:52+00:00
INTC,2026-04-25,2026-03-31,318,17,0.0477,False,2026-07-31T04:43:23+00:00
INTC,2026-04-26,2026-03-31,182,11,0.0273,False,2026-07-31T04:43:42+00:00
INTC,2026-04-27,2026-03-31,343,19,0.0514,False,2026-07-31T04:44:16+00:00
INTC,2026-04-28,2026-03-31,230,13,0.0345,False,2026-07-31T04:44:39+00:00
INTC,2026-04-29,2026-03-31,767,40,0.115,False,2026-07-31T04:46:09+00:00
INTC,2026-04-30,2026-03-31,504,27,0.0756,False,2026-07-31T04:46:56+00:00
INTC,2026-05-01,2026-03-31,390,21,0.0585,False,2026-07-31T04:47:34+00:00
INTC,2026-05-02,2026-03-31,183,11,0.0274,False,2026-07-31T04:47:53+00:00
INTC,2026-05-03,2026-03-31,144,9,0.0216,False,2026-07-31T04:48:06+00:00
INTC,2026-05-04,2026-03-31,234,14,0.0351,False,2026-07-31T04:48:31+00:00
INTC,2026-05-05,2026-03-31,887,46,0.1331,False,2026-07-31T04:49:53+00:00
INTC,2026-05-06,2026-03-31,426,23,0.0639,False,2026-07-31T04:50:55+00:00
INTC,2026-05-07,2026-03-31,261,15,0.0391,False,2026-07-31T04:51:19+00:00
INTC,2026-05-08,2026-03-31,1064,55,0.1596,False,2026-07-31T04:53:01+00:00
INTC,2026-05-09,2026-03-31,405,22,0.0607,False,2026-07-31T04:53:43+00:00
INTC,2026-05-10,2026-03-31,271,15,0.0406,False,2026-07-31T04:54:06+00:00
INTC,2026-05-11,2026-03-31,497,26,0.0745,False,2026-07-31T04:54:56+00:00
INTC,2026-05-12,2026-03-31,300,16,0.045,False,2026-07-31T04:55:50+00:00
INTC,2026-05-13,2026-03-31,250,14,0.0375,False,2026-07-31T04:56:19+00:00
UNH,2025-05-13,2025-05-13,990,51,0.1485,False,2026-07-31T04:59:21+00:00
INTC,2026-05-14,2026-03-31,289,16,0.0433,False,2026-07-31T04:59:51+00:00
INTC,2026-05-15,2026-03-31,262,15,0.0393,False,2026-07-31T05:00:35+00:00
INTC,2026-05-16,2026-03-31,124,8,0.0186,False,2026-07-31T05:00:48+00:00
INTC,2026-05-17,2026-03-31,120,8,0.018,False,2026-07-31T05:01:01+00:00
INTC,2026-05-18,2026-03-31,332,18,0.0498,False,2026-07-31T05:01:45+00:00
INTC,2026-05-19,2026-03-31,324,18,0.0486,False,2026-07-31T05:02:39+00:00
DKNG,2020-05-21,2020-05-28,24,3,0.0036,False,2026-07-31T05:02:43+00:00
DKNG,2020-05-22,2020-05-28,30,3,0.0045,False,2026-07-31T05:02:50+00:00
DKNG,2020-05-23,2020-05-28,12,2,0.0018,False,2026-07-31T05:02:53+00:00
DKNG,2020-05-24,2020-05-28,16,2,0.0024,False,2026-07-31T05:02:56+00:00
DKNG,2020-05-25,2020-05-28,22,3,0.0033,False,2026-07-31T05:03:02+00:00
DKNG,2020-05-26,2020-05-28,92,6,0.0138,False,2026-07-31T05:03:12+00:00
DKNG,2020-05-27,2020-05-28,92,6,0.0138,False,2026-07-31T05:03:26+00:00
DKNG,2020-05-28,2020-05-28,170,10,0.0255,False,2026-07-31T05:03:47+00:00
DKNG,2020-05-29,2020-05-28,95,6,0.0142,False,2026-07-31T05:03:56+00:00
DKNG,2020-05-30,2020-05-28,26,3,0.0039,False,2026-07-31T05:04:00+00:00
DKNG,2020-05-31,2020-05-28,13,2,0.0019,False,2026-07-31T05:04:03+00:00
DKNG,2020-06-01,2020-05-28,113,7,0.0169,False,2026-07-31T05:04:17+00:00
DKNG,2020-06-02,2020-05-28,107,7,0.016,False,2026-07-31T05:04:34+00:00
DKNG,2020-06-03,2020-05-28,90,6,0.0135,False,2026-07-31T05:04:43+00:00
DKNG,2020-06-04,2020-05-28,88,6,0.0132,False,2026-07-31T05:04:57+00:00
DKNG,2020-06-05,2020-05-28,43,4,0.0064,False,2026-07-31T05:05:25+00:00
DKNG,2020-06-06,2020-05-28,18,2,0.0027,False,2026-07-31T05:05:30+00:00
DKNG,2020-06-07,2020-05-28,22,3,0.0033,False,2026-07-31T05:05:36+00:00
DKNG,2020-06-08,2020-05-28,80,6,0.012,False,2026-07-31T05:05:48+00:00
DKNG,2020-06-09,2020-05-28,61,5,0.0091,False,2026-07-31T05:05:58+00:00
DKNG,2020-06-10,2020-05-28,43,4,0.0064,False,2026-07-31T05:06:07+00:00
DKNG,2020-06-11,2020-05-28,42,4,0.0063,False,2026-07-31T05:06:15+00:00
DKNG,2020-06-12,2020-05-28,26,3,0.0039,False,2026-07-31T05:06:19+00:00
DKNG,2020-06-13,2020-05-28,9,2,0.0013,False,2026-07-31T05:06:21+00:00
DKNG,2020-06-14,2020-05-28,14,2,0.0021,False,2026-07-31T05:06:24+00:00
DKNG,2020-06-15,2020-05-28,135,8,0.0202,False,2026-07-31T05:06:51+00:00
WMT,2020-06-30,2020-07-07,9,2,0.0013,False,2026-07-31T05:06:53+00:00
WMT,2020-07-01,2020-07-07,11,2,0.0016,False,2026-07-31T05:06:55+00:00
WMT,2020-07-02,2020-07-07,14,2,0.0021,False,2026-07-31T05:06:58+00:00
WMT,2020-07-03,2020-07-07,11,2,0.0016,False,2026-07-31T05:07:00+00:00
WMT,2020-07-04,2020-07-07,6,2,0.0009,False,2026-07-31T05:07:02+00:00
WMT,2020-07-05,2020-07-07,2,2,0.0003,False,2026-07-31T05:07:04+00:00
WMT,2020-07-06,2020-07-07,14,2,0.0021,False,2026-07-31T05:07:07+00:00
WMT,2020-07-07,2020-07-07,215,12,0.0322,False,2026-07-31T05:07:25+00:00
WMT,2020-07-08,2020-07-07,150,9,0.0225,False,2026-07-31T05:07:43+00:00
WMT,2020-07-09,2020-07-07,79,5,0.0118,False,2026-07-31T05:07:51+00:00
WMT,2020-07-10,2020-07-07,99,6,0.0148,False,2026-07-31T05:08:04+00:00
WMT,2020-07-11,2020-07-07,23,3,0.0034,False,2026-07-31T05:08:08+00:00
WMT,2020-07-12,2020-07-07,17,2,0.0025,False,2026-07-31T05:08:10+00:00
WMT,2020-07-13,2020-07-07,76,5,0.0114,False,2026-07-31T05:08:18+00:00
WMT,2020-07-14,2020-07-07,48,4,0.0072,False,2026-07-31T05:08:27+00:00
WMT,2020-07-15,2020-07-07,75,5,0.0112,False,2026-07-31T05:08:34+00:00
WMT,2020-07-16,2020-07-07,30,3,0.0045,False,2026-07-31T05:08:38+00:00
WMT,2020-07-17,2020-07-07,29,3,0.0043,False,2026-07-31T05:08:41+00:00
WMT,2020-07-18,2020-07-07,16,2,0.0024,False,2026-07-31T05:08:45+00:00
WMT,2020-07-19,2020-07-07,20,3,0.003,False,2026-07-31T05:08:49+00:00
WMT,2020-07-20,2020-07-07,29,3,0.0043,False,2026-07-31T05:08:52+00:00
WMT,2020-07-21,2020-07-07,47,4,0.007,False,2026-07-31T05:09:06+00:00
WMT,2020-07-22,2020-07-07,37,3,0.0055,False,2026-07-31T05:09:14+00:00
DIS,2020-04-28,2020-05-05,42,4,0.0063,False,2026-07-31T05:09:21+00:00
DIS,2020-04-29,2020-05-05,34,3,0.0051,False,2026-07-31T05:09:25+00:00
DIS,2020-04-30,2020-05-05,37,3,0.0055,False,2026-07-31T05:09:30+00:00
DIS,2020-05-01,2020-05-05,30,3,0.0045,False,2026-07-31T05:09:35+00:00
DIS,2020-05-02,2020-05-05,31,3,0.0046,False,2026-07-31T05:09:39+00:00
DIS,2020-05-03,2020-05-05,30,3,0.0045,False,2026-07-31T05:09:46+00:00
DIS,2020-05-04,2020-05-05,103,7,0.0154,False,2026-07-31T05:10:14+00:00
DIS,2020-05-05,2020-05-05,604,32,0.0906,False,2026-07-31T05:11:21+00:00
DIS,2020-05-06,2020-05-05,290,16,0.0435,False,2026-07-31T05:12:05+00:00
DIS,2020-05-07,2020-05-05,62,5,0.0093,False,2026-07-31T05:12:12+00:00
DIS,2020-05-08,2020-05-05,126,8,0.0189,False,2026-07-31T05:12:29+00:00
DIS,2020-05-09,2020-05-05,30,3,0.0045,False,2026-07-31T05:12:35+00:00
DIS,2020-05-10,2020-05-05,35,3,0.0052,False,2026-07-31T05:12:45+00:00
DIS,2020-05-11,2020-05-05,80,6,0.012,False,2026-07-31T05:12:55+00:00
DIS,2020-05-12,2020-05-05,57,4,0.0085,False,2026-07-31T05:13:02+00:00
DIS,2020-05-13,2020-05-05,43,4,0.0064,False,2026-07-31T05:13:11+00:00
DIS,2020-05-14,2020-05-05,35,3,0.0052,False,2026-07-31T05:13:15+00:00
DIS,2020-05-15,2020-05-05,52,4,0.0078,False,2026-07-31T05:13:21+00:00
DIS,2020-05-16,2020-05-05,25,3,0.0037,False,2026-07-31T05:13:28+00:00
DIS,2020-05-17,2020-05-05,27,3,0.004,False,2026-07-31T05:13:32+00:00
DIS,2020-05-18,2020-05-05,123,8,0.0184,False,2026-07-31T05:13:51+00:00
DIS,2020-05-19,2020-05-05,38,3,0.0057,False,2026-07-31T05:13:57+00:00
DIS,2020-05-20,2020-05-05,102,7,0.0153,False,2026-07-31T05:14:16+00:00
DIS,2020-05-21,2020-05-05,49,4,0.0073,False,2026-07-31T05:14:21+00:00
DIS,2020-05-22,2020-05-05,37,3,0.0055,False,2026-07-31T05:14:25+00:00
DIS,2020-05-23,2020-05-05,29,3,0.0043,False,2026-07-31T05:14:28+00:00
DIS,2020-05-24,2020-05-05,24,3,0.0036,False,2026-07-31T05:14:32+00:00
DIS,2020-05-25,2020-05-05,15,2,0.0022,False,2026-07-31T05:14:34+00:00
DIS,2020-05-26,2020-05-05,60,4,0.009,False,2026-07-31T05:14:42+00:00
DIS,2020-05-27,2020-05-05,128,8,0.0192,False,2026-07-31T05:14:55+00:00
DIS,2020-05-28,2020-05-05,0,1,0.0,False,2026-07-31T05:14:58+00:00
DIS,2020-05-29,2020-05-05,40,4,0.006,False,2026-07-31T05:15:20+00:00
DIS,2020-05-30,2020-05-05,22,3,0.0033,False,2026-07-31T05:15:25+00:00
DIS,2020-05-31,2020-05-05,12,2,0.0018,False,2026-07-31T05:15:27+00:00
DIS,2020-06-01,2020-05-05,32,3,0.0048,False,2026-07-31T05:15:31+00:00
DIS,2020-06-02,2020-05-05,21,3,0.0031,False,2026-07-31T05:15:34+00:00
DIS,2020-06-03,2020-05-05,42,4,0.0063,False,2026-07-31T05:15:40+00:00
DIS,2020-06-04,2020-05-05,51,4,0.0076,False,2026-07-31T05:15:45+00:00
DIS,2020-06-05,2020-05-05,44,4,0.0066,False,2026-07-31T05:15:52+00:00
DIS,2020-06-06,2020-05-05,10,2,0.0015,False,2026-07-31T05:15:54+00:00
DIS,2020-06-07,2020-05-05,10,2,0.0015,False,2026-07-31T05:15:58+00:00
DIS,2020-06-08,2020-05-05,31,3,0.0046,False,2026-07-31T05:16:05+00:00
DIS,2020-06-09,2020-05-05,28,3,0.0042,False,2026-07-31T05:16:12+00:00
DIS,2020-06-10,2020-05-05,49,4,0.0073,False,2026-07-31T05:16:23+00:00
DIS,2020-06-11,2020-05-05,45,4,0.0067,False,2026-07-31T05:16:36+00:00
PYPL,2021-10-13,2021-10-20,25,3,0.0037,False,2026-07-31T05:16:42+00:00
PYPL,2021-10-14,2021-10-20,54,4,0.0081,False,2026-07-31T05:16:50+00:00
PYPL,2021-10-15,2021-10-20,18,2,0.0027,False,2026-07-31T05:16:55+00:00
PYPL,2021-10-16,2021-10-20,10,2,0.0015,False,2026-07-31T05:16:58+00:00
PYPL,2021-10-17,2021-10-20,9,2,0.0013,False,2026-07-31T05:17:02+00:00
PYPL,2021-10-18,2021-10-20,45,4,0.0067,False,2026-07-31T05:17:10+00:00
PYPL,2021-10-19,2021-10-20,33,3,0.0049,False,2026-07-31T05:17:14+00:00
PYPL,2021-10-20,2021-10-20,60,4,0.009,False,2026-07-31T05:17:22+00:00
PYPL,2021-10-21,2021-10-20,20,2,0.003,False,2026-07-31T05:17:27+00:00
PYPL,2021-10-22,2021-10-20,0,1,0.0,False,2026-07-31T05:17:30+00:00
PYPL,2021-10-23,2021-10-20,47,4,0.007,False,2026-07-31T05:17:36+00:00
PYPL,2021-10-24,2021-10-20,38,3,0.0057,False,2026-07-31T05:17:40+00:00
PYPL,2021-10-25,2021-10-20,308,17,0.0462,False,2026-07-31T05:18:08+00:00
PYPL,2021-10-26,2021-10-20,70,5,0.0105,False,2026-07-31T05:18:16+00:00
PYPL,2021-10-27,2021-10-20,129,8,0.0193,False,2026-07-31T05:18:28+00:00
PYPL,2021-10-28,2021-10-20,121,8,0.0181,False,2026-07-31T05:18:40+00:00
PYPL,2021-10-29,2021-10-20,77,5,0.0115,False,2026-07-31T05:18:47+00:00
PYPL,2021-10-30,2021-10-20,32,3,0.0048,False,2026-07-31T05:18:51+00:00
PYPL,2021-10-31,2021-10-20,24,3,0.0036,False,2026-07-31T05:18:55+00:00
PYPL,2021-11-01,2021-10-20,95,6,0.0142,False,2026-07-31T05:19:03+00:00
PYPL,2021-11-02,2021-10-20,90,6,0.0135,False,2026-07-31T05:19:12+00:00
PYPL,2021-11-03,2021-10-20,162,10,0.0243,False,2026-07-31T05:19:30+00:00
PYPL,2021-11-04,2021-10-20,146,9,0.0219,False,2026-07-31T05:19:45+00:00
PYPL,2021-11-05,2021-10-20,105,7,0.0158,False,2026-07-31T05:19:59+00:00
PYPL,2021-11-06,2021-10-20,69,5,0.0103,False,2026-07-31T05:20:26+00:00
PYPL,2021-11-07,2021-10-20,81,6,0.0121,False,2026-07-31T05:20:41+00:00
PYPL,2021-11-08,2021-10-20,483,26,0.0725,False,2026-07-31T05:21:28+00:00
PYPL,2021-11-09,2021-10-20,608,32,0.0912,False,2026-07-31T05:22:21+00:00
PYPL,2021-11-10,2021-10-20,157,9,0.0235,False,2026-07-31T05:22:35+00:00
PYPL,2021-11-11,2021-10-20,129,8,0.0193,False,2026-07-31T05:22:48+00:00
PYPL,2021-11-12,2021-10-20,213,12,0.0319,False,2026-07-31T05:23:08+00:00
PYPL,2021-11-13,2021-10-20,51,4,0.0076,False,2026-07-31T05:23:13+00:00
PYPL,2021-11-14,2021-10-20,37,3,0.0055,False,2026-07-31T05:23:17+00:00
PYPL,2021-11-15,2021-10-20,141,9,0.0211,False,2026-07-31T05:23:31+00:00
PYPL,2021-11-16,2021-10-20,137,8,0.0205,False,2026-07-31T05:23:44+00:00
PYPL,2021-11-17,2021-10-20,171,10,0.0256,False,2026-07-31T05:23:58+00:00
PYPL,2021-11-18,2021-10-20,117,7,0.0175,False,2026-07-31T05:24:10+00:00
PYPL,2021-11-19,2021-10-20,146,9,0.0219,False,2026-07-31T05:24:27+00:00
PYPL,2021-11-20,2021-10-20,62,5,0.0093,False,2026-07-31T05:24:33+00:00
PYPL,2021-11-21,2021-10-20,45,4,0.0067,False,2026-07-31T05:24:38+00:00
PYPL,2021-11-22,2021-10-20,214,12,0.0321,False,2026-07-31T05:24:57+00:00
PYPL,2021-11-23,2021-10-20,133,8,0.0199,False,2026-07-31T05:25:25+00:00
PYPL,2021-11-24,2021-10-20,89,6,0.0133,False,2026-07-31T05:25:34+00:00
PYPL,2021-11-25,2021-10-20,25,3,0.0037,False,2026-07-31T05:25:37+00:00
PYPL,2021-11-26,2021-10-20,52,4,0.0078,False,2026-07-31T05:25:43+00:00
PYPL,2021-11-27,2021-10-20,16,2,0.0024,False,2026-07-31T05:25:45+00:00
PYPL,2021-11-28,2021-10-20,32,3,0.0048,False,2026-07-31T05:25:48+00:00
PYPL,2021-11-29,2021-10-20,80,5,0.012,False,2026-07-31T05:25:55+00:00
PYPL,2021-11-30,2021-10-20,84,6,0.0126,False,2026-07-31T05:26:05+00:00
PYPL,2021-12-01,2021-10-20,147,9,0.022,False,2026-07-31T05:26:19+00:00
ASTS,2024-07-18,2024-07-25,38,3,0.0057,False,2026-07-31T05:26:23+00:00
ASTS,2024-07-19,2024-07-25,84,6,0.0126,False,2026-07-31T05:26:31+00:00
ASTS,2024-07-20,2024-07-25,47,4,0.007,False,2026-07-31T05:26:36+00:00
ASTS,2024-07-21,2024-07-25,55,4,0.0082,False,2026-07-31T05:26:42+00:00
ASTS,2024-07-22,2024-07-25,79,5,0.0118,False,2026-07-31T05:26:49+00:00
ASTS,2024-07-23,2024-07-25,59,4,0.0088,False,2026-07-31T05:26:57+00:00
ASTS,2024-07-24,2024-07-25,56,4,0.0084,False,2026-07-31T05:27:03+00:00
ASTS,2024-07-25,2024-07-25,366,20,0.0549,False,2026-07-31T05:27:34+00:00
ASTS,2024-07-26,2024-07-25,292,16,0.0438,False,2026-07-31T05:27:59+00:00
ASTS,2024-07-27,2024-07-25,99,6,0.0148,False,2026-07-31T05:28:08+00:00
ASTS,2024-07-28,2024-07-25,88,6,0.0132,False,2026-07-31T05:28:18+00:00
ASTS,2024-07-29,2024-07-25,116,7,0.0174,False,2026-07-31T05:28:28+00:00
ASTS,2024-07-30,2024-07-25,134,8,0.0201,False,2026-07-31T05:28:40+00:00
ASTS,2024-07-31,2024-07-25,233,13,0.0349,False,2026-07-31T05:29:02+00:00
ASTS,2024-08-01,2024-07-25,165,10,0.0247,False,2026-07-31T05:29:19+00:00
ASTS,2024-08-02,2024-07-25,180,10,0.027,False,2026-07-31T05:29:34+00:00
ASTS,2024-08-03,2024-07-25,146,9,0.0219,False,2026-07-31T05:29:48+00:00
ASTS,2024-08-04,2024-07-25,87,6,0.013,False,2026-07-31T05:29:57+00:00
ASTS,2024-08-05,2024-07-25,261,15,0.0391,False,2026-07-31T05:30:34+00:00
ASTS,2024-08-06,2024-07-25,151,9,0.0226,False,2026-07-31T05:31:05+00:00
ASTS,2024-08-07,2024-07-25,182,11,0.0273,False,2026-07-31T05:31:23+00:00
ASTS,2024-08-08,2024-07-25,313,17,0.0469,False,2026-07-31T05:31:54+00:00
ASTS,2024-08-09,2024-07-25,206,12,0.0309,False,2026-07-31T05:32:12+00:00
ASTS,2024-08-10,2024-07-25,98,6,0.0147,False,2026-07-31T05:32:22+00:00
ASTS,2024-08-11,2024-07-25,78,5,0.0117,False,2026-07-31T05:32:30+00:00
ASTS,2024-08-12,2024-07-25,111,7,0.0166,False,2026-07-31T05:32:40+00:00
ASTS,2024-08-13,2024-07-25,150,9,0.0225,False,2026-07-31T05:32:54+00:00
ASTS,2024-08-14,2024-07-25,311,17,0.0466,False,2026-07-31T05:33:25+00:00
ASTS,2024-08-15,2024-07-25,99,6,0.0148,False,2026-07-31T05:33:38+00:00
ASTS,2024-08-16,2024-07-25,505,27,0.0757,False,2026-07-31T05:34:22+00:00
ASTS,2024-08-17,2024-07-25,172,10,0.0258,False,2026-07-31T05:34:39+00:00
ASTS,2024-08-18,2024-07-25,123,8,0.0184,False,2026-07-31T05:34:52+00:00
ASTS,2024-08-19,2024-07-25,460,25,0.069,False,2026-07-31T05:35:45+00:00
ASTS,2024-08-20,2024-07-25,331,18,0.0496,False,2026-07-31T05:36:18+00:00
ASTS,2024-08-21,2024-07-25,384,21,0.0576,False,2026-07-31T05:36:53+00:00
ASTS,2024-08-22,2024-07-25,222,13,0.0333,False,2026-07-31T05:37:14+00:00
ASTS,2024-08-23,2024-07-25,249,14,0.0373,False,2026-07-31T05:37:35+00:00
ASTS,2024-08-24,2024-07-25,200,11,0.03,False,2026-07-31T05:37:54+00:00
ASTS,2024-08-25,2024-07-25,97,6,0.0145,False,2026-07-31T05:38:04+00:00
ASTS,2024-08-26,2024-07-25,245,14,0.0367,False,2026-07-31T05:38:27+00:00
ASTS,2024-08-27,2024-07-25,209,12,0.0313,False,2026-07-31T05:38:47+00:00
ASTS,2024-08-28,2024-07-25,291,16,0.0436,False,2026-07-31T05:39:13+00:00
META,2025-10-22,2025-10-29,153,9,0.0229,False,2026-07-31T05:39:28+00:00
META,2025-10-23,2025-10-29,144,9,0.0216,False,2026-07-31T05:39:43+00:00
META,2025-10-24,2025-10-29,164,10,0.0246,False,2026-07-31T05:40:14+00:00
META,2025-10-25,2025-10-29,141,9,0.0211,False,2026-07-31T05:40:29+00:00
META,2025-10-26,2025-10-29,138,8,0.0207,False,2026-07-31T05:40:52+00:00
META,2025-10-27,2025-10-29,219,12,0.0328,False,2026-07-31T05:41:26+00:00
META,2025-10-28,2025-10-29,218,12,0.0327,False,2026-07-31T05:41:46+00:00
META,2025-10-29,2025-10-29,1425,73,0.2137,False,2026-07-31T05:43:51+00:00
META,2025-10-30,2025-10-29,1671,85,0.2506,False,2026-07-31T05:46:41+00:00
META,2025-10-31,2025-10-29,725,38,0.1087,False,2026-07-31T05:47:49+00:00
META,2025-11-01,2025-10-29,360,19,0.054,False,2026-07-31T05:48:25+00:00
META,2025-11-02,2025-10-29,512,27,0.0768,False,2026-07-31T05:49:15+00:00
META,2025-11-03,2025-10-29,20,2,0.003,False,2026-07-31T05:49:20+00:00
META,2025-11-04,2025-10-29,119,7,0.0178,False,2026-07-31T05:49:33+00:00
META,2025-11-05,2025-10-29,40,3,0.006,False,2026-07-31T05:49:40+00:00
META,2025-11-06,2025-10-29,363,20,0.0544,False,2026-07-31T05:50:27+00:00
META,2025-11-07,2025-10-29,637,33,0.0955,False,2026-07-31T05:51:20+00:00
META,2025-11-08,2025-10-29,0,1,0.0,False,2026-07-31T05:51:24+00:00
META,2025-11-09,2025-10-29,201,12,0.0301,False,2026-07-31T05:51:42+00:00
META,2025-11-10,2025-10-29,139,8,0.0208,False,2026-07-31T05:51:58+00:00
META,2025-11-11,2025-10-29,80,5,0.012,False,2026-07-31T05:52:07+00:00
META,2025-11-12,2025-10-29,160,9,0.024,False,2026-07-31T05:52:23+00:00
META,2025-11-13,2025-10-29,367,20,0.055,False,2026-07-31T05:53:00+00:00
META,2025-11-14,2025-10-29,342,19,0.0513,False,2026-07-31T05:53:29+00:00
META,2025-11-15,2025-10-29,165,10,0.0247,False,2026-07-31T05:53:44+00:00
META,2025-11-16,2025-10-29,40,3,0.006,False,2026-07-31T05:53:50+00:00
META,2025-11-17,2025-10-29,281,16,0.0421,False,2026-07-31T05:54:14+00:00
META,2025-11-18,2025-10-29,512,27,0.0768,False,2026-07-31T05:54:57+00:00
META,2025-11-19,2025-10-29,462,25,0.0693,False,2026-07-31T05:55:49+00:00
META,2025-11-20,2025-10-29,352,19,0.0528,False,2026-07-31T05:56:17+00:00
META,2025-11-21,2025-10-29,273,15,0.0409,False,2026-07-31T05:56:40+00:00
META,2025-11-22,2025-10-29,190,11,0.0285,False,2026-07-31T05:56:56+00:00
META,2025-11-23,2025-10-29,159,9,0.0238,False,2026-07-31T05:57:12+00:00
META,2025-11-24,2025-10-29,479,25,0.0718,False,2026-07-31T05:57:52+00:00
META,2025-11-25,2025-10-29,500,26,0.075,False,2026-07-31T05:58:36+00:00
META,2025-11-26,2025-10-29,19,2,0.0028,False,2026-07-31T05:58:41+00:00
META,2025-11-27,2025-10-29,39,3,0.0058,False,2026-07-31T05:58:47+00:00
META,2025-11-28,2025-10-29,159,9,0.0238,False,2026-07-31T05:59:02+00:00
META,2025-11-29,2025-10-29,252,14,0.0378,False,2026-07-31T05:59:25+00:00
META,2025-11-30,2025-10-29,177,10,0.0265,False,2026-07-31T05:59:40+00:00
META,2025-12-01,2025-10-29,145,9,0.0217,False,2026-07-31T05:59:53+00:00
META,2025-12-02,2025-10-29,204,12,0.0306,False,2026-07-31T06:00:19+00:00
CRSR,2021-01-15,2021-01-22,10,2,0.0015,False,2026-07-31T06:00:21+00:00
CRSR,2021-01-16,2021-01-22,5,2,0.0007,False,2026-07-31T06:00:23+00:00
CRSR,2021-01-17,2021-01-22,3,2,0.0004,False,2026-07-31T06:00:25+00:00
CRSR,2021-01-18,2021-01-22,5,2,0.0007,False,2026-07-31T06:00:27+00:00
CRSR,2021-01-19,2021-01-22,47,4,0.007,False,2026-07-31T06:00:32+00:00
CRSR,2021-01-20,2021-01-22,29,3,0.0043,False,2026-07-31T06:00:36+00:00
CRSR,2021-01-21,2021-01-22,31,3,0.0046,False,2026-07-31T06:00:39+00:00
CRSR,2021-01-22,2021-01-22,51,4,0.0076,False,2026-07-31T06:00:44+00:00
CRSR,2021-01-23,2021-01-22,24,3,0.0036,False,2026-07-31T06:00:48+00:00
CRSR,2021-01-24,2021-01-22,30,3,0.0045,False,2026-07-31T06:00:51+00:00
CRSR,2021-01-25,2021-01-22,41,4,0.0061,False,2026-07-31T06:00:56+00:00
CRSR,2021-01-26,2021-01-22,40,4,0.006,False,2026-07-31T06:01:01+00:00
CRSR,2021-01-27,2021-01-22,114,7,0.0171,False,2026-07-31T06:01:14+00:00
CRSR,2021-01-28,2021-01-22,34,3,0.0051,False,2026-07-31T06:01:21+00:00
CRSR,2021-01-29,2021-01-22,0,1,0.0,False,2026-07-31T06:01:25+00:00
CRSR,2021-01-30,2021-01-22,18,2,0.0027,False,2026-07-31T06:01:28+00:00
CRSR,2021-01-31,2021-01-22,14,2,0.0021,False,2026-07-31T06:01:36+00:00
CRSR,2021-02-01,2021-01-22,0,1,0.0,False,2026-07-31T06:01:39+00:00
CRSR,2021-02-02,2021-01-22,0,1,0.0,False,2026-07-31T06:01:42+00:00
CRSR,2021-02-03,2021-01-22,0,1,0.0,False,2026-07-31T06:01:45+00:00
CRSR,2021-02-04,2021-01-22,0,1,0.0,False,2026-07-31T06:01:48+00:00
CRSR,2021-02-05,2021-01-22,0,1,0.0,False,2026-07-31T06:01:51+00:00
CRSR,2021-02-06,2021-01-22,0,1,0.0,False,2026-07-31T06:01:55+00:00
CRSR,2021-02-07,2021-01-22,0,1,0.0,False,2026-07-31T06:01:58+00:00
CRSR,2021-02-08,2021-01-22,0,1,0.0,False,2026-07-31T06:02:01+00:00
CRSR,2021-02-09,2021-01-22,0,1,0.0,False,2026-07-31T06:02:04+00:00
CRSR,2021-02-10,2021-01-22,0,1,0.0,False,2026-07-31T06:02:06+00:00
CRSR,2021-02-11,2021-01-22,0,1,0.0,False,2026-07-31T06:02:09+00:00
CRSR,2021-02-12,2021-01-22,0,1,0.0,False,2026-07-31T06:02:12+00:00
CRSR,2021-02-13,2021-01-22,0,1,0.0,False,2026-07-31T06:02:15+00:00
CRSR,2021-02-14,2021-01-22,0,1,0.0,False,2026-07-31T06:02:18+00:00
CRSR,2021-02-15,2021-01-22,0,1,0.0,False,2026-07-31T06:02:21+00:00
CRSR,2021-02-16,2021-01-22,0,1,0.0,False,2026-07-31T06:02:25+00:00
CRSR,2021-02-17,2021-01-22,0,1,0.0,False,2026-07-31T06:02:27+00:00
CRSR,2021-02-18,2021-01-22,0,1,0.0,False,2026-07-31T06:02:30+00:00
CRSR,2021-02-19,2021-01-22,0,1,0.0,False,2026-07-31T06:02:33+00:00
CRSR,2021-02-20,2021-01-22,0,1,0.0,False,2026-07-31T06:02:37+00:00
CRSR,2021-02-21,2021-01-22,0,1,0.0,False,2026-07-31T06:02:40+00:00
CRSR,2021-02-22,2021-01-22,0,1,0.0,False,2026-07-31T06:02:43+00:00
CRSR,2021-02-23,2021-01-22,0,1,0.0,False,2026-07-31T06:02:46+00:00
DJT,2024-03-19,2024-03-26,0,1,0.0,False,2026-07-31T06:02:49+00:00
DJT,2024-03-20,2024-03-26,0,1,0.0,False,2026-07-31T06:02:52+00:00
DJT,2024-03-21,2024-03-26,28,3,0.0042,False,2026-07-31T06:03:00+00:00
DJT,2024-03-22,2024-03-26,59,4,0.0088,False,2026-07-31T06:03:20+00:00
DJT,2024-03-23,2024-03-26,0,1,0.0,False,2026-07-31T06:03:23+00:00
DJT,2024-03-24,2024-03-26,124,8,0.0186,False,2026-07-31T06:03:46+00:00
DJT,2024-03-25,2024-03-26,79,5,0.0118,False,2026-07-31T06:04:11+00:00
DJT,2024-03-26,2024-03-26,119,7,0.0178,False,2026-07-31T06:04:35+00:00
DJT,2024-03-27,2024-03-26,19,2,0.0028,False,2026-07-31T06:04:42+00:00
DJT,2024-03-28,2024-03-26,0,1,0.0,False,2026-07-31T06:04:46+00:00
DJT,2024-03-29,2024-03-26,139,8,0.0208,False,2026-07-31T06:05:21+00:00
DJT,2024-03-30,2024-03-26,90,6,0.0135,False,2026-07-31T06:05:36+00:00
DJT,2024-03-31,2024-03-26,88,6,0.0132,False,2026-07-31T06:05:50+00:00
DJT,2024-04-01,2024-03-26,843,44,0.1264,False,2026-07-31T06:07:15+00:00
DJT,2024-04-02,2024-03-26,545,29,0.0817,False,2026-07-31T06:08:06+00:00
DJT,2024-04-03,2024-03-26,221,13,0.0331,False,2026-07-31T06:08:28+00:00
DJT,2024-04-04,2024-03-26,247,14,0.037,False,2026-07-31T06:08:52+00:00
DJT,2024-04-05,2024-03-26,357,19,0.0535,False,2026-07-31T06:09:22+00:00
DJT,2024-04-06,2024-03-26,120,7,0.018,False,2026-07-31T06:09:34+00:00
DJT,2024-04-07,2024-03-26,75,5,0.0112,False,2026-07-31T06:09:40+00:00
DJT,2024-04-08,2024-03-26,282,16,0.0423,False,2026-07-31T06:10:18+00:00
COIN,2021-09-24,2021-10-01,71,5,0.0106,False,2026-07-31T06:10:27+00:00
COIN,2021-09-25,2021-10-01,14,2,0.0021,False,2026-07-31T06:10:30+00:00
COIN,2021-09-26,2021-10-01,12,2,0.0018,False,2026-07-31T06:10:32+00:00
COIN,2021-09-27,2021-10-01,62,5,0.0093,False,2026-07-31T06:10:39+00:00
COIN,2021-09-28,2021-10-01,54,4,0.0081,False,2026-07-31T06:10:45+00:00
COIN,2021-09-29,2021-10-01,50,4,0.0075,False,2026-07-31T06:10:50+00:00
COIN,2021-09-30,2021-10-01,41,4,0.0061,False,2026-07-31T06:10:56+00:00
COIN,2021-10-01,2021-10-01,85,6,0.0127,False,2026-07-31T06:11:04+00:00
COIN,2021-10-02,2021-10-01,23,3,0.0034,False,2026-07-31T06:11:08+00:00
COIN,2021-10-03,2021-10-01,5,2,0.0007,False,2026-07-31T06:11:10+00:00
COIN,2021-10-04,2021-10-01,37,3,0.0055,False,2026-07-31T06:11:14+00:00
COIN,2021-10-05,2021-10-01,48,4,0.0072,False,2026-07-31T06:11:21+00:00
COIN,2021-10-06,2021-10-01,107,7,0.016,False,2026-07-31T06:11:31+00:00
COIN,2021-10-07,2021-10-01,62,5,0.0093,False,2026-07-31T06:11:37+00:00
COIN,2021-10-08,2021-10-01,33,3,0.0049,False,2026-07-31T06:11:41+00:00
COIN,2021-10-09,2021-10-01,16,2,0.0024,False,2026-07-31T06:11:43+00:00
COIN,2021-10-10,2021-10-01,21,3,0.0031,False,2026-07-31T06:11:47+00:00
COIN,2021-10-11,2021-10-01,77,5,0.0115,False,2026-07-31T06:11:56+00:00
COIN,2021-10-12,2021-10-01,124,8,0.0186,False,2026-07-31T06:12:08+00:00
COIN,2021-10-13,2021-10-01,81,6,0.0121,False,2026-07-31T06:12:16+00:00
COIN,2021-10-14,2021-10-01,168,10,0.0252,False,2026-07-31T06:12:33+00:00
COIN,2021-10-15,2021-10-01,232,13,0.0348,False,2026-07-31T06:12:54+00:00
COIN,2021-10-16,2021-10-01,52,4,0.0078,False,2026-07-31T06:13:00+00:00
COIN,2021-10-17,2021-10-01,56,4,0.0084,False,2026-07-31T06:13:08+00:00
COIN,2021-10-18,2021-10-01,291,16,0.0436,False,2026-07-31T06:13:33+00:00
COIN,2021-10-19,2021-10-01,372,20,0.0558,False,2026-07-31T06:14:10+00:00
COIN,2021-10-20,2021-10-01,250,14,0.0375,False,2026-07-31T06:14:33+00:00
COIN,2021-10-21,2021-10-01,113,7,0.0169,False,2026-07-31T06:14:43+00:00
COIN,2021-10-22,2021-10-01,73,5,0.0109,False,2026-07-31T06:14:50+00:00
COIN,2021-10-23,2021-10-01,44,4,0.0066,False,2026-07-31T06:14:56+00:00
COIN,2021-10-24,2021-10-01,58,4,0.0087,False,2026-07-31T06:15:08+00:00
COIN,2021-10-25,2021-10-01,216,12,0.0324,False,2026-07-31T06:15:28+00:00
COIN,2021-10-26,2021-10-01,166,10,0.0249,False,2026-07-31T06:15:44+00:00
COIN,2021-10-27,2021-10-01,160,10,0.024,False,2026-07-31T06:15:59+00:00
COIN,2021-10-28,2021-10-01,91,6,0.0136,False,2026-07-31T06:16:08+00:00
COIN,2021-10-29,2021-10-01,53,4,0.0079,False,2026-07-31T06:16:14+00:00
COIN,2021-10-30,2021-10-01,40,3,0.006,False,2026-07-31T06:16:18+00:00
COIN,2021-10-31,2021-10-01,63,5,0.0094,False,2026-07-31T06:16:26+00:00
COIN,2021-11-01,2021-10-01,176,10,0.0264,False,2026-07-31T06:16:42+00:00
COIN,2021-11-02,2021-10-01,126,8,0.0189,False,2026-07-31T06:16:54+00:00
COIN,2021-11-03,2021-10-01,99,6,0.0148,False,2026-07-31T06:17:02+00:00
COIN,2021-11-04,2021-10-01,97,6,0.0145,False,2026-07-31T06:17:12+00:00
COIN,2021-11-05,2021-10-01,103,7,0.0154,False,2026-07-31T06:17:21+00:00
COIN,2021-11-06,2021-10-01,44,4,0.0066,False,2026-07-31T06:17:26+00:00
COIN,2021-11-07,2021-10-01,61,5,0.0091,False,2026-07-31T06:17:33+00:00
COIN,2021-11-08,2021-10-01,219,12,0.0328,False,2026-07-31T06:17:53+00:00
COIN,2021-11-09,2021-10-01,502,27,0.0753,False,2026-07-31T06:18:36+00:00
COIN,2021-11-10,2021-10-01,352,19,0.0528,False,2026-07-31T06:19:08+00:00
COIN,2021-11-11,2021-10-01,88,6,0.0132,False,2026-07-31T06:19:17+00:00
COIN,2021-11-12,2021-10-01,74,5,0.0111,False,2026-07-31T06:19:27+00:00
COIN,2021-11-13,2021-10-01,44,4,0.0066,False,2026-07-31T06:19:33+00:00
COIN,2021-11-14,2021-10-01,30,3,0.0045,False,2026-07-31T06:19:37+00:00
COIN,2021-11-15,2021-10-01,60,5,0.009,False,2026-07-31T06:19:44+00:00
COIN,2021-11-16,2021-10-01,50,4,0.0075,False,2026-07-31T06:19:49+00:00
COIN,2021-11-17,2021-10-01,48,4,0.0072,False,2026-07-31T06:19:58+00:00
GOOGL,2025-08-26,2025-09-02,208,12,0.0312,False,2026-07-31T06:20:25+00:00
GOOGL,2025-08-27,2025-09-02,152,9,0.0228,False,2026-07-31T06:20:40+00:00
GOOGL,2025-08-28,2025-09-02,299,16,0.0448,False,2026-07-31T06:21:07+00:00
GOOGL,2025-08-29,2025-09-02,246,14,0.0369,False,2026-07-31T06:21:30+00:00
GOOGL,2025-08-30,2025-09-02,85,6,0.0127,False,2026-07-31T06:21:38+00:00
GOOGL,2025-08-31,2025-09-02,84,6,0.0126,False,2026-07-31T06:21:46+00:00
GOOGL,2025-09-01,2025-09-02,109,7,0.0163,False,2026-07-31T06:21:56+00:00
GOOGL,2025-09-02,2025-09-02,868,45,0.1302,False,2026-07-31T06:23:17+00:00
GOOGL,2025-09-03,2025-09-02,1082,56,0.1623,False,2026-07-31T06:24:51+00:00
GOOGL,2025-09-04,2025-09-02,312,17,0.0468,False,2026-07-31T06:25:28+00:00
GOOGL,2025-09-05,2025-09-02,245,14,0.0367,False,2026-07-31T06:25:50+00:00
GOOGL,2025-09-06,2025-09-02,98,6,0.0147,False,2026-07-31T06:25:59+00:00
GOOGL,2025-09-07,2025-09-02,106,7,0.0159,False,2026-07-31T06:26:11+00:00
GOOGL,2025-09-08,2025-09-02,180,11,0.027,False,2026-07-31T06:26:28+00:00
GOOGL,2025-09-09,2025-09-02,230,13,0.0345,False,2026-07-31T06:26:51+00:00
GOOGL,2025-09-10,2025-09-02,158,9,0.0237,False,2026-07-31T06:27:04+00:00
GOOGL,2025-09-11,2025-09-02,165,10,0.0247,False,2026-07-31T06:27:20+00:00
GOOGL,2025-09-12,2025-09-02,138,8,0.0207,False,2026-07-31T06:27:33+00:00
GOOGL,2025-09-13,2025-09-02,94,6,0.0141,False,2026-07-31T06:27:42+00:00
GOOGL,2025-09-14,2025-09-02,96,6,0.0144,False,2026-07-31T06:27:51+00:00
GOOGL,2025-09-15,2025-09-02,509,27,0.0763,False,2026-07-31T06:28:36+00:00
GOOGL,2025-09-16,2025-09-02,288,16,0.0432,False,2026-07-31T06:29:04+00:00
GOOGL,2025-09-17,2025-09-02,216,12,0.0324,False,2026-07-31T06:29:24+00:00
GOOGL,2025-09-18,2025-09-02,198,11,0.0297,False,2026-07-31T06:29:43+00:00
GOOGL,2025-09-19,2025-09-02,179,10,0.0268,False,2026-07-31T06:30:06+00:00
GOOGL,2025-09-20,2025-09-02,120,7,0.018,False,2026-07-31T06:30:18+00:00
GOOGL,2025-09-21,2025-09-02,80,6,0.012,False,2026-07-31T06:30:26+00:00
GOOGL,2025-09-22,2025-09-02,179,10,0.0268,False,2026-07-31T06:30:43+00:00
GOOGL,2025-09-23,2025-09-02,142,9,0.0213,False,2026-07-31T06:30:58+00:00
GOOGL,2025-09-24,2025-09-02,130,8,0.0195,False,2026-07-31T06:31:10+00:00
GOOGL,2025-09-25,2025-09-02,285,16,0.0427,False,2026-07-31T06:31:38+00:00
GOOGL,2025-09-26,2025-09-02,189,11,0.0283,False,2026-07-31T06:31:59+00:00
GOOGL,2025-09-27,2025-09-02,75,5,0.0112,False,2026-07-31T06:32:07+00:00
GOOGL,2025-09-28,2025-09-02,101,7,0.0151,False,2026-07-31T06:32:18+00:00
GOOGL,2025-09-29,2025-09-02,147,9,0.022,False,2026-07-31T06:32:33+00:00
GOOGL,2025-09-30,2025-09-02,138,8,0.0207,False,2026-07-31T06:32:47+00:00
GOOGL,2025-10-01,2025-09-02,153,9,0.0229,False,2026-07-31T06:33:02+00:00
GOOGL,2025-10-02,2025-09-02,162,10,0.0243,False,2026-07-31T06:33:17+00:00
GOOGL,2025-10-03,2025-09-02,115,7,0.0172,False,2026-07-31T06:33:28+00:00
GOOGL,2025-10-04,2025-09-02,123,8,0.0184,False,2026-07-31T06:33:41+00:00
GOOGL,2025-10-05,2025-09-02,93,6,0.0139,False,2026-07-31T06:33:50+00:00
GOOGL,2025-10-06,2025-09-02,147,9,0.022,False,2026-07-31T06:34:04+00:00
GOOGL,2025-10-07,2025-09-02,130,8,0.0195,False,2026-07-31T06:34:24+00:00
GOOGL,2025-10-08,2025-09-02,102,7,0.0153,False,2026-07-31T06:34:36+00:00
GOOGL,2025-10-09,2025-09-02,173,10,0.0259,False,2026-07-31T06:34:51+00:00
GOOGL,2025-10-10,2025-09-02,115,7,0.0172,False,2026-07-31T06:35:07+00:00
GOOGL,2025-10-11,2025-09-02,56,4,0.0084,False,2026-07-31T06:35:13+00:00
GOOGL,2025-10-12,2025-09-02,56,4,0.0084,False,2026-07-31T06:35:23+00:00
GOOGL,2025-10-13,2025-09-02,104,7,0.0156,False,2026-07-31T06:35:33+00:00
GOOGL,2025-10-14,2025-09-02,119,7,0.0178,False,2026-07-31T06:35:45+00:00
GOOGL,2025-10-15,2025-09-02,174,10,0.0261,False,2026-07-31T06:36:04+00:00
GOOGL,2025-10-16,2025-09-02,205,12,0.0307,False,2026-07-31T06:36:26+00:00
GOOG,2023-01-13,2023-01-20,34,3,0.0051,False,2026-07-31T06:36:29+00:00
GOOG,2023-01-14,2023-01-20,17,2,0.0025,False,2026-07-31T06:36:32+00:00
GOOG,2023-01-15,2023-01-20,16,2,0.0024,False,2026-07-31T06:36:34+00:00
GOOG,2023-01-16,2023-01-20,17,2,0.0025,False,2026-07-31T06:36:36+00:00
GOOG,2023-01-17,2023-01-20,39,3,0.0058,False,2026-07-31T06:36:40+00:00
GOOG,2023-01-18,2023-01-20,35,3,0.0052,False,2026-07-31T06:36:44+00:00
GOOG,2023-01-19,2023-01-20,46,4,0.0069,False,2026-07-31T06:36:51+00:00
GOOG,2023-01-20,2023-01-20,207,12,0.031,False,2026-07-31T06:37:09+00:00
GOOG,2023-01-21,2023-01-20,44,4,0.0066,False,2026-07-31T06:37:13+00:00
GOOG,2023-01-22,2023-01-20,23,3,0.0034,False,2026-07-31T06:37:17+00:00
GOOG,2023-01-23,2023-01-20,58,4,0.0087,False,2026-07-31T06:37:23+00:00
GOOG,2023-01-24,2023-01-20,90,6,0.0135,False,2026-07-31T06:37:31+00:00
GOOG,2023-01-25,2023-01-20,79,5,0.0118,False,2026-07-31T06:37:39+00:00
GOOG,2023-01-26,2023-01-20,48,4,0.0072,False,2026-07-31T06:37:45+00:00
GOOG,2023-01-27,2023-01-20,51,4,0.0076,False,2026-07-31T06:37:50+00:00
GOOG,2023-01-28,2023-01-20,35,3,0.0052,False,2026-07-31T06:37:54+00:00
GOOG,2023-01-29,2023-01-20,29,3,0.0043,False,2026-07-31T06:37:59+00:00
GOOG,2023-01-30,2023-01-20,39,3,0.0058,False,2026-07-31T06:38:03+00:00
GOOG,2023-01-31,2023-01-20,51,4,0.0076,False,2026-07-31T06:38:10+00:00
GOOG,2023-02-01,2023-01-20,74,5,0.0111,False,2026-07-31T06:38:18+00:00
GOOG,2023-02-02,2023-01-20,461,25,0.0691,False,2026-07-31T06:38:59+00:00
GOOG,2023-02-03,2023-01-20,202,12,0.0303,False,2026-07-31T06:39:19+00:00
GOOG,2023-02-04,2023-01-20,42,4,0.0063,False,2026-07-31T06:39:25+00:00
GOOG,2023-02-05,2023-01-20,26,3,0.0039,False,2026-07-31T06:39:29+00:00
GOOG,2023-02-06,2023-01-20,64,5,0.0096,False,2026-07-31T06:39:36+00:00
GOOG,2023-02-07,2023-01-20,118,7,0.0177,False,2026-07-31T06:39:46+00:00
GOOG,2023-02-08,2023-01-20,342,19,0.0513,False,2026-07-31T06:40:23+00:00
GOOG,2023-02-09,2023-01-20,346,19,0.0519,False,2026-07-31T06:40:56+00:00
GOOG,2023-02-10,2023-01-20,171,10,0.0256,False,2026-07-31T06:41:13+00:00
GOOG,2023-02-11,2023-01-20,60,5,0.009,False,2026-07-31T06:41:19+00:00
GOOG,2023-02-12,2023-01-20,35,3,0.0052,False,2026-07-31T06:41:25+00:00
GOOG,2023-02-13,2023-01-20,77,5,0.0115,False,2026-07-31T06:41:33+00:00
GOOG,2023-02-14,2023-01-20,88,6,0.0132,False,2026-07-31T06:41:42+00:00
GOOG,2023-02-15,2023-01-20,118,7,0.0177,False,2026-07-31T06:41:53+00:00
GOOG,2023-02-16,2023-01-20,63,5,0.0094,False,2026-07-31T06:42:00+00:00
GOOG,2023-02-17,2023-01-20,40,4,0.006,False,2026-07-31T06:42:05+00:00
GOOG,2023-02-18,2023-01-20,16,2,0.0024,False,2026-07-31T06:42:08+00:00
GOOG,2023-02-19,2023-01-20,24,3,0.0036,False,2026-07-31T06:42:11+00:00
GOOG,2023-02-20,2023-01-20,24,3,0.0036,False,2026-07-31T06:42:15+00:00
GOOG,2023-02-21,2023-01-20,37,3,0.0055,False,2026-07-31T06:42:19+00:00
GOOG,2023-02-22,2023-01-20,35,3,0.0052,False,2026-07-31T06:42:23+00:00
