ticker,fecha_inicio,fecha_pico,fecha_fin,duracion_dias,menciones_evento,amplitud,regimen_lento,ret_encendido_pico,ret_pico_fin,ret_max_evento,vol_ratio_evento,desfase_precio_dias,desfase_volumen_dias,splits_en_ventana,evento_id,ret_encendido_pico_v1,vol_ratio_evento_v1,desfase_precio_dias_v1,_merge,dif_ret_v1,dif_vol_v1,acopl_cambia_v1
AACQ,2021-02-13,2021-02-13,2021-02-18,6.0,420.0,7.3,False,,,0.2422,8.49,3.0,4.0,0.0,AACQ_2021-02-13,,8.49,3.0,both,,0.0,False
AAL,2020-02-25,2020-03-16,2020-03-19,24.0,4722.0,159.2,False,-0.3745,-0.3536,0.1202,4.51,-25.0,8.0,0.0,AAL_2020-02-25,-0.3745,4.51,-25.0,both,0.0,0.0,False
AAL,2020-08-05,2020-08-05,2020-08-11,7.0,1059.0,6.0,False,0.095,0.0932,0.2206,1.61,5.0,1.0,0.0,AAL_2020-08-05,0.095,1.61,5.0,both,0.0,0.0,False
AAL,2020-09-25,2020-09-25,2020-10-08,14.0,799.0,4.0,False,0.0442,0.0704,0.1215,1.14,14.0,7.0,0.0,AAL_2020-09-25,0.0442,1.14,14.0,both,0.0,0.0,False
AAL,2021-01-27,2021-01-28,2021-01-29,3.0,2611.0,128.5,False,0.1655,-0.0514,0.1655,3.87,0.0,0.0,0.0,AAL_2021-01-27,0.1655,3.87,0.0,both,0.0,0.0,False
AAPL,2020-01-28,2020-01-28,2020-02-03,7.0,3427.0,4.7,False,0.0283,-0.0284,0.0526,1.34,9.0,1.0,0.0,AAPL_2020-01-28,0.0283,1.34,9.0,both,0.0,0.0,False
AAPL,2020-04-17,2020-04-30,2020-05-01,15.0,6678.0,7.2,False,0.0248,-0.0161,0.0486,0.71,6.0,1.0,0.0,AAPL_2020-04-17,0.0248,0.71,6.0,both,0.0,0.0,False
AAPL,2020-06-23,2020-06-23,2020-06-25,3.0,2732.0,5.4,False,0.0213,-0.0046,0.0213,1.32,0.0,-4.0,0.0,AAPL_2020-06-23,0.0213,1.32,0.0,both,0.0,0.0,False
AAPL,2020-07-30,2020-09-15,2020-09-23,56.0,88768.0,8.3,False,0.2157,-0.0729,0.4118,1.6,-14.0,-46.0,1.0,AAPL_2020-07-30,-0.6961,3.69,-20.0,both,0.9118,2.09,False
AAPL,2020-12-21,2020-12-22,2021-03-12,82.0,78559.0,5.0,True,0.0413,-0.0823,0.1303,1.06,35.0,-4.0,0.0,AAPL_2020-12-21,0.0413,1.06,35.0,both,0.0,0.0,False
AAPL,2021-09-10,2021-09-10,2021-09-15,6.0,3690.0,3.8,False,-0.0331,0.0004,0.017,1.54,-3.0,0.0,0.0,AAPL_2021-09-10,-0.0331,1.54,-3.0,both,0.0,0.0,False
AAPL,2021-10-28,2021-10-28,2021-11-01,5.0,3158.0,4.6,False,0.025,-0.0237,0.025,1.36,0.0,1.0,0.0,AAPL_2021-10-28,0.025,1.36,0.0,both,0.0,0.0,False
AAPL,2022-01-27,2022-01-27,2022-02-08,13.0,10686.0,6.3,False,-0.0029,0.098,0.1039,1.09,13.0,1.0,0.0,AAPL_2022-01-27,-0.0029,1.09,13.0,both,0.0,0.0,False
AAPL,2022-03-02,2022-03-02,2022-03-08,7.0,4915.0,3.5,False,0.0206,-0.0548,0.0206,1.08,0.0,6.0,0.0,AAPL_2022-03-02,0.0206,1.08,0.0,both,0.0,0.0,False
AAPL,2022-07-18,2022-07-28,2022-07-29,12.0,6616.0,7.7,False,0.0478,0.0328,0.1063,0.98,6.0,1.0,0.0,AAPL_2022-07-18,0.0478,0.98,6.0,both,0.0,0.0,False
AAPL,2022-09-07,2022-09-07,2022-09-12,6.0,3294.0,4.8,False,0.0093,0.0479,0.0576,1.28,5.0,9.0,0.0,AAPL_2022-09-07,0.0093,1.28,5.0,both,0.0,0.0,False
AAPL,2022-11-28,2022-11-29,2022-12-01,4.0,4208.0,6.5,False,-0.0469,0.0506,0.02,1.02,-6.0,1.0,0.0,AAPL_2022-11-28,-0.0469,1.02,-6.0,both,0.0,0.0,False
AAPL,2023-08-03,2023-08-03,2023-08-07,5.0,3941.0,8.5,False,-0.0073,-0.0644,0.0201,1.84,-3.0,1.0,0.0,AAPL_2023-08-03,-0.0073,1.84,-3.0,both,0.0,0.0,False
AAPL,2023-09-07,2023-09-12,2023-09-14,8.0,4811.0,8.4,False,-0.0361,-0.0032,0.0371,1.46,-7.0,-5.0,0.0,AAPL_2023-09-07,-0.0361,1.46,-7.0,both,0.0,0.0,False
AAPL,2024-03-04,2024-03-05,2024-03-11,8.0,5438.0,3.7,False,-0.0531,0.0155,0.0098,1.34,-6.0,-5.0,0.0,AAPL_2024-03-04,-0.0531,1.34,-6.0,both,0.0,0.0,False
AAPL,2024-06-10,2024-06-11,2024-06-18,9.0,8392.0,10.6,False,0.0521,0.0345,0.1005,2.25,6.0,10.0,0.0,AAPL_2024-06-10,0.0521,2.25,6.0,both,0.0,0.0,False
AAPL,2024-08-01,2024-08-01,2024-08-06,6.0,4729.0,7.0,False,-0.0168,-0.051,0.0,1.71,-1.0,4.0,0.0,AAPL_2024-08-01,-0.0168,1.71,-1.0,both,0.0,0.0,False
AAPL,2024-12-03,2024-12-03,2024-12-20,18.0,2708.0,2.9,False,0.0128,0.0488,0.0777,1.18,21.0,17.0,0.0,AAPL_2024-12-03,0.0128,1.18,21.0,both,0.0,0.0,False
AAPL,2025-01-16,2025-01-30,2025-01-31,16.0,6342.0,8.5,False,-0.0012,-0.0067,0.0063,1.46,-1.0,1.0,0.0,AAPL_2025-01-16,-0.0012,1.46,-1.0,both,0.0,0.0,False
AAPL,2025-04-03,2025-04-09,2025-04-14,12.0,7724.0,8.9,False,-0.1118,0.0185,0.0,2.43,-7.0,0.0,0.0,AAPL_2025-04-03,-0.1118,2.43,-7.0,both,0.0,0.0,False
AAPL,2025-07-31,2025-08-06,2025-08-08,9.0,4886.0,8.2,False,0.0201,0.0755,0.1161,1.84,7.0,2.0,0.0,AAPL_2025-07-31,0.0201,1.85,7.0,both,0.0,0.010000000000000009,False
AAPL,2025-09-09,2025-09-09,2025-09-11,3.0,1347.0,6.3,False,-0.0148,-0.0184,0.008,1.41,-5.0,1.0,0.0,AAPL_2025-09-09,-0.0148,1.41,-5.0,both,0.0,0.0,False
AAPL,2026-01-06,2026-01-29,2026-02-05,31.0,5855.0,13.8,False,-0.0336,0.0683,0.0406,1.38,8.0,1.0,0.0,AAPL_2026-01-06,-0.0336,1.38,8.0,both,0.0,0.0,False
AAPL,2026-04-20,2026-04-30,2026-05-01,12.0,3195.0,11.8,False,0.0041,0.0324,0.0639,1.15,6.0,0.0,0.0,AAPL_2026-04-20,0.0041,1.16,6.0,both,0.0,0.010000000000000009,False
AAXN,2020-05-31,2020-06-09,2020-06-17,18.0,721.0,64.2,False,0.32,-0.0541,0.3593,2.43,1.0,-8.0,0.0,AAXN_2020-05-31,0.32,2.43,1.0,both,0.0,0.0,False
ABAT,2025-07-17,2025-07-17,2025-07-25,9.0,305.0,39.9,False,0.1292,0.3369,0.6124,4.28,7.0,8.0,0.0,ABAT_2025-07-17,0.1292,4.29,7.0,both,0.0,0.009999999999999787,False
ABAT,2025-09-24,2025-10-15,2025-10-17,24.0,875.0,75.5,False,1.1671,-0.4581,1.7433,4.25,-1.0,1.0,0.0,ABAT_2025-09-24,1.1671,4.25,-1.0,both,0.0,0.0,False
ABNB,2021-05-13,2021-05-13,2021-05-17,5.0,345.0,5.8,False,-0.0321,-0.0239,0.0462,5.84,-3.0,4.0,0.0,ABNB_2021-05-13,-0.0321,5.84,-3.0,both,0.0,0.0,False
ABNB,2022-06-14,2022-06-17,2022-06-18,5.0,367.0,10.4,False,0.0057,0.0,0.1697,1.25,-8.0,6.0,0.0,ABNB_2022-06-14,0.0057,1.25,-8.0,both,0.0,0.0,False
ABNB,2022-10-18,2022-10-18,2022-10-20,3.0,558.0,14.8,False,0.0124,-0.008,0.0296,0.83,3.0,7.0,0.0,ABNB_2022-10-18,0.0124,0.83,3.0,both,0.0,0.0,False
ABNB,2023-05-09,2023-05-09,2023-05-11,3.0,432.0,37.1,False,0.0113,-0.1249,0.0113,4.02,0.0,1.0,0.0,ABNB_2023-05-09,0.0113,4.02,0.0,both,0.0,0.0,False
ABNB,2023-09-05,2023-09-06,2023-09-07,3.0,386.0,25.6,False,0.0684,0.0106,0.1116,2.95,6.0,-1.0,0.0,ABNB_2023-09-05,0.0684,2.95,6.0,both,0.0,0.0,False
ACB,2020-02-06,2020-02-06,2020-02-14,9.0,742.0,6.4,False,-0.056,-0.2105,0.0094,1.2,-2.0,8.0,0.0,ACB_2020-02-06,-0.056,1.2,-2.0,both,0.0,0.0,False
ACB,2020-05-11,2020-05-18,2020-05-22,12.0,1411.0,18.3,False,1.1218,-0.0637,1.159,20.24,3.0,-3.0,1.0,ACB_2020-05-11,24.4616,1.69,3.0,both,23.3398,18.549999999999997,False
ACB,2020-09-22,2020-10-09,2020-10-21,30.0,420.0,9.2,False,-0.2041,-0.0358,0.1582,4.18,-17.0,0.0,0.0,ACB_2020-09-22,-0.2041,4.18,-17.0,both,0.0,0.0,False
ACB,2020-10-27,2020-11-06,2020-11-11,16.0,2716.0,74.6,False,1.225,-0.2176,1.5477,6.78,3.0,0.0,0.0,ACB_2020-10-27,1.225,6.78,3.0,both,0.0,0.0,False
ACB,2021-01-04,2021-01-06,2021-01-07,4.0,488.0,16.5,False,0.2359,-0.0078,0.2708,2.48,6.0,0.0,0.0,ACB_2021-01-04,0.2359,2.48,6.0,both,0.0,0.0,False
ACB,2021-04-28,2021-05-07,2021-05-13,16.0,732.0,11.0,False,0.0397,-0.1775,0.0572,0.78,-9.0,7.0,0.0,ACB_2021-04-28,0.0397,0.78,-9.0,both,0.0,0.0,False
ACEV,2021-01-08,2021-01-08,2021-02-16,40.0,527.0,25.6,False,-0.0467,0.1215,0.0733,4.01,40.0,0.0,0.0,ACEV_2021-01-08,-0.0467,4.01,40.0,both,0.0,0.0,False
ACHR,2024-10-22,2024-12-02,2024-12-05,45.0,7397.0,157.3,False,1.3856,0.0493,2.1275,3.1,-3.0,0.0,0.0,ACHR_2024-10-22,1.3856,3.1,-3.0,both,0.0,0.0,False
ACH,2021-01-27,2021-01-29,2021-02-02,7.0,811.0,73.2,False,-0.0794,0.068,0.0229,1.41,-7.0,-2.0,0.0,ACH_2021-01-27,-0.0794,1.41,-7.0,both,0.0,0.0,False
ACIC,2021-02-10,2021-02-10,2021-03-03,22.0,502.0,60.7,False,0.2171,-0.1798,0.5249,20.3,8.0,0.0,0.0,ACIC_2021-02-10,0.2171,20.3,8.0,both,0.0,0.0,False
ACIU,2020-02-27,2020-03-14,2020-04-29,63.0,3194.0,8.0,False,-0.3611,0.5739,0.0807,0.82,41.0,24.0,0.0,ACIU_2020-02-27,-0.3611,0.82,41.0,both,0.0,0.0,False
ACIU,2021-01-27,2021-01-28,2021-02-12,17.0,588.0,5.7,False,-0.0972,0.3361,0.3196,7.9,20.0,14.0,0.0,ACIU_2021-01-27,-0.0972,7.9,20.0,both,0.0,0.0,False
ACIU,2021-11-26,2021-11-26,2021-12-14,19.0,472.0,7.7,False,-0.0336,-0.0329,0.0,0.3,-2.0,18.0,0.0,ACIU_2021-11-26,-0.0336,0.3,-2.0,both,0.0,0.0,False
ACIU,2025-04-03,2025-04-09,2025-04-17,15.0,442.0,8.6,False,-0.1862,-0.0327,0.0,0.92,-7.0,-2.0,0.0,ACIU_2025-04-03,-0.1862,0.92,-7.0,both,0.0,0.0,False
ACQR,2021-06-30,2021-07-04,2021-07-05,6.0,639.0,13.9,False,-0.003,0.0,0.001,0.11,-3.0,5.0,0.0,ACQR_2021-06-30,-0.003,0.11,-3.0,both,0.0,0.0,False
ACQR,2022-02-21,2022-02-21,2022-03-01,9.0,319.0,9.9,False,,,0.0031,2.26,10.0,9.0,0.0,ACQR_2022-02-21,,2.26,10.0,both,,0.0,False
ACQR,2022-06-11,2022-07-04,2022-07-05,25.0,602.0,15.9,False,-0.001,-0.002,0.001,0.46,-28.0,-28.0,0.0,ACQR_2022-06-11,-0.001,0.46,-28.0,both,0.0,0.0,False
ACRX,2021-01-25,2021-01-25,2021-02-10,17.0,366.0,54.0,False,0.2618,0.0954,0.4503,1.03,15.0,0.0,0.0,ACRX_2021-01-25,0.2618,1.03,15.0,both,0.0,0.0,False
ACTC,2021-01-12,2021-01-12,2021-01-14,3.0,397.0,39.1,False,1.0673,0.0016,1.388,54.42,7.0,0.0,0.0,ACTC_2021-01-12,1.0673,54.42,7.0,both,0.0,0.0,False
ADBE,2020-08-26,2020-09-15,2020-09-16,22.0,960.0,18.3,False,0.0273,-0.0435,0.1019,2.05,-13.0,1.0,0.0,ADBE_2020-08-26,0.0273,2.05,-13.0,both,0.0,0.0,False
ADBE,2023-06-08,2023-06-15,2023-06-16,9.0,1379.0,51.8,False,0.1735,0.0087,0.1837,2.1,1.0,1.0,0.0,ADBE_2023-06-08,0.1735,2.1,1.0,both,0.0,0.0,False
ADBE,2024-12-11,2024-12-12,2024-12-13,3.0,330.0,34.0,False,-0.1324,-0.0188,0.0108,4.27,-6.0,0.0,0.0,ADBE_2024-12-11,-0.1324,4.27,-6.0,both,0.0,0.0,False
ADBE,2025-03-12,2025-03-12,2025-03-14,3.0,315.0,39.8,False,0.0114,-0.1,0.0363,2.93,-5.0,1.0,0.0,ADBE_2025-03-12,0.0114,2.93,-5.0,both,0.0,0.0,False
ADBE,2025-06-10,2025-06-12,2025-06-13,4.0,334.0,47.4,False,-0.0062,-0.0532,0.0016,2.07,-6.0,1.0,0.0,ADBE_2025-06-10,-0.0062,2.07,-6.0,both,0.0,0.0,False
ADBE,2025-12-04,2025-12-10,2025-12-11,8.0,340.0,7.5,False,0.05,0.0213,0.0907,1.76,2.0,1.0,0.0,ADBE_2025-12-04,0.05,1.77,2.0,both,0.0,0.010000000000000009,False
ADBE,2026-01-13,2026-01-13,2026-01-21,9.0,346.0,7.8,False,-0.0541,-0.0507,0.0348,1.79,-5.0,3.0,0.0,ADBE_2026-01-13,-0.0541,1.79,-5.0,both,0.0,0.0,False
ADBE,2026-04-17,2026-04-21,2026-04-29,13.0,456.0,5.4,False,-0.0039,-0.0146,0.0314,1.12,1.0,2.0,0.0,ADBE_2026-04-17,-0.0039,1.13,1.0,both,0.0,0.009999999999999787,False
ADBE,2026-06-11,2026-06-11,2026-06-14,4.0,907.0,19.7,False,-0.0625,-0.0676,0.0497,4.07,-3.0,1.0,0.0,ADBE_2026-06-11,-0.0625,4.11,-3.0,both,0.0,0.040000000000000036,False
ADCT,2021-01-27,2021-01-28,2021-02-19,24.0,1166.0,6.5,False,-0.1105,0.0279,0.0062,1.3,-3.0,7.0,0.0,ADCT_2021-01-27,-0.1105,1.3,-3.0,both,0.0,0.0,False
AEZS,2021-02-02,2021-02-08,2021-02-10,9.0,520.0,88.8,False,3.7714,-0.4281,3.7714,5.99,0.0,0.0,0.0,AEZS_2021-02-02,3.7714,5.99,0.0,both,0.0,0.0,False
AFRM,2021-08-27,2021-08-27,2021-08-31,5.0,465.0,18.0,False,-0.0297,0.4189,0.4231,7.89,3.0,3.0,0.0,AFRM_2021-08-27,-0.0297,7.89,3.0,both,0.0,0.0,False
AFRM,2022-05-09,2022-05-12,2022-05-13,5.0,531.0,42.8,False,-0.277,0.3143,0.2729,5.35,-8.0,1.0,0.0,AFRM_2022-05-09,-0.277,5.35,-8.0,both,0.0,0.0,False
AFRM,2024-02-07,2024-02-08,2024-02-09,3.0,955.0,113.9,False,0.1333,-0.1089,0.1333,2.24,0.0,1.0,0.0,AFRM_2024-02-07,0.1333,2.24,0.0,both,0.0,0.0,False
AGBA,2024-04-22,2024-04-22,2024-05-10,19.0,319.0,20.8,False,1.0,0.416,2.2,2.34,14.0,0.0,0.0,AGBA_2024-04-22,1.0,2.34,14.0,both,0.0,0.0,False
AGC,2021-10-14,2021-11-09,2021-11-12,30.0,2055.0,33.9,False,0.5461,0.0494,0.6908,8.0,2.0,0.0,0.0,AGC_2021-10-14,0.5461,8.0,2.0,both,0.0,0.0,False
AGM,2021-05-28,2021-06-09,2021-06-10,14.0,454.0,9.8,False,-0.0202,0.0073,0.0126,0.35,2.0,-16.0,0.0,AGM_2021-05-28,-0.0202,0.35,2.0,both,0.0,0.0,False
AGO,2021-01-26,2021-01-28,2021-02-05,11.0,752.0,51.3,False,0.0108,0.0061,0.0227,0.76,12.0,-7.0,0.0,AGO_2021-01-26,0.0108,0.76,12.0,both,0.0,0.0,False
AGTC,2021-02-05,2021-02-16,2021-02-23,19.0,709.0,97.0,False,0.7973,-0.3296,0.8241,6.22,1.0,0.0,0.0,AGTC_2021-02-05,0.7973,6.22,1.0,both,0.0,0.0,False
AG,2021-01-27,2021-01-30,2021-02-01,6.0,1621.0,438.0,False,0.268,0.2208,0.5479,3.83,2.0,2.0,0.0,AG_2021-01-27,0.268,3.83,2.0,both,0.0,0.0,False
AHT,2021-06-02,2021-06-08,2021-06-11,10.0,369.0,16.8,False,0.2822,0.0271,0.364,2.32,1.0,1.0,0.0,AHT_2021-06-02,0.2822,2.32,1.0,both,0.0,0.0,False
AIN,2021-01-25,2021-01-29,2021-02-02,9.0,1092.0,73.7,False,-0.0938,0.0364,0.0185,1.26,-9.0,-2.0,0.0,AIN_2021-01-25,-0.0938,1.26,-9.0,both,0.0,0.0,False
AIRE,2025-07-21,2025-07-21,2025-07-24,4.0,412.0,261.0,False,3.4721,-0.4671,3.4721,30.35,0.0,0.0,0.0,AIRE_2025-07-21,3.4737,30.15,0.0,both,0.0015999999999998238,0.20000000000000284,False
AIRE,2025-09-10,2025-09-12,2025-09-15,6.0,355.0,45.8,False,1.9,-0.1103,1.9,8.91,0.0,-1.0,0.0,AIRE_2025-09-10,1.9,8.93,0.0,both,0.0,0.019999999999999574,False
AIRE,2025-10-21,2025-10-22,2025-10-23,3.0,1026.0,297.2,False,0.5826,0.3819,1.187,15.32,1.0,0.0,0.0,AIRE_2025-10-21,0.5831,15.3,1.0,both,0.0004999999999999449,0.019999999999999574,False
ALCC,2024-04-02,2024-04-08,2024-04-09,8.0,840.0,386.7,False,0.3177,-0.1178,0.3177,8.48,0.0,0.0,0.0,ALCC_2024-04-02,0.3177,8.48,0.0,both,0.0,0.0,False
ALGN,2021-01-28,2021-02-19,2021-02-19,23.0,986.0,38.4,False,0.1758,0.0,0.2174,1.35,-14.0,-15.0,0.0,ALGN_2021-01-28,0.1758,1.35,-14.0,both,0.0,0.0,False
ALJJ,2021-01-29,2021-01-30,2021-03-16,47.0,616.0,5.8,False,-0.0488,0.3077,0.6504,14.45,17.0,17.0,0.0,ALJJ_2021-01-29,-0.0488,14.45,17.0,both,0.0,0.0,False
ALLY,2020-02-19,2020-02-20,2020-02-21,3.0,1322.0,830.0,False,-0.0821,-0.0316,0.0256,3.13,-6.0,-1.0,0.0,ALLY_2020-02-19,-0.0821,3.13,-6.0,both,0.0,0.0,False
ALOT,2021-01-26,2021-01-27,2021-02-02,8.0,616.0,58.6,False,0.0477,-0.0187,0.0486,1.11,1.0,-1.0,0.0,ALOT_2021-01-26,0.0477,1.11,1.0,both,0.0,0.0,False
ALUS,2021-01-29,2021-02-03,2021-02-17,20.0,488.0,64.5,False,0.3848,-0.0765,0.45,24.01,5.0,-5.0,0.0,ALUS_2021-01-29,0.3848,24.01,5.0,both,0.0,0.0,False
AMAT,2021-02-11,2021-02-19,2021-02-19,9.0,662.0,72.2,False,0.1283,0.0,0.1599,1.49,5.0,0.0,0.0,AMAT_2021-02-11,0.1283,1.49,5.0,both,0.0,0.0,False
AMAT,2021-08-11,2021-08-20,2021-08-27,17.0,677.0,17.9,False,-0.0787,0.0735,0.0332,1.42,-14.0,0.0,0.0,AMAT_2021-08-11,-0.0787,1.42,-14.0,both,0.0,0.0,False
AMAT,2024-02-09,2024-02-15,2024-02-16,8.0,642.0,194.2,False,0.0792,0.0635,0.1477,1.59,1.0,1.0,0.0,AMAT_2024-02-09,0.0792,1.59,1.0,both,0.0,0.0,False
AMCX,2021-01-25,2021-01-27,2021-02-01,8.0,1995.0,33.3,False,-0.0225,0.0704,0.2116,4.7,-1.0,0.0,0.0,AMCX_2021-01-25,-0.0225,4.7,-1.0,both,0.0,0.0,False
AMCX,2021-06-04,2021-06-07,2021-06-25,22.0,695.0,5.4,False,0.233,-0.0693,0.2582,1.48,1.0,-3.0,0.0,AMCX_2021-06-04,0.233,1.48,1.0,both,0.0,0.0,False
AMC,2020-04-11,2020-04-17,2020-04-21,11.0,950.0,8.0,False,0.2308,0.0156,0.2692,1.87,-9.0,0.0,0.0,AMC_2020-04-11,0.2308,1.87,-9.0,both,0.0,0.0,False
AMC,2020-05-11,2020-05-11,2020-05-13,3.0,855.0,9.0,False,0.2976,-0.1353,0.2976,4.52,0.0,0.0,0.0,AMC_2020-05-11,0.2976,4.52,0.0,both,0.0,0.0,False
AMC,2020-10-13,2020-10-19,2020-11-03,22.0,1136.0,19.8,False,-0.1324,-0.339,0.0147,3.19,-11.0,0.0,0.0,AMC_2020-10-13,-0.1324,3.19,-11.0,both,0.0,0.0,False
AMC,2021-01-15,2021-01-28,2021-02-03,20.0,504049.0,4304.9,False,2.9587,0.0394,8.1284,13.27,-1.0,-1.0,0.0,AMC_2021-01-15,2.9587,13.27,-1.0,both,0.0,0.0,False
AMC,2021-05-11,2021-05-14,2021-05-18,8.0,23152.0,7.3,False,0.3326,0.0809,0.4405,3.91,4.0,-1.0,0.0,AMC_2021-05-11,0.3326,3.91,4.0,both,0.0,0.0,False
AMC,2021-05-27,2021-06-03,2021-06-10,15.0,113082.0,10.6,False,1.6247,-0.1661,2.1979,4.48,-1.0,-1.0,0.0,AMC_2021-05-27,1.6247,4.48,-1.0,both,0.0,0.0,False
AMC,2021-12-13,2021-12-17,2021-12-20,8.0,2624.0,3.2,False,0.0612,0.0199,0.1789,2.18,-9.0,0.0,0.0,AMC_2021-12-13,0.0612,2.18,-9.0,both,0.0,0.0,False
AMC,2022-03-23,2022-03-29,2022-04-04,13.0,4728.0,7.1,False,0.6123,-0.2082,0.6123,3.1,0.0,-1.0,0.0,AMC_2022-03-23,0.6123,3.1,0.0,both,0.0,0.0,False
AMC,2022-08-04,2022-08-05,2022-08-23,20.0,9885.0,16.3,False,0.218,-0.3217,0.3981,2.06,6.0,3.0,1.0,AMC_2022-08-04,0.218,2.23,6.0,both,0.0,0.16999999999999993,False
AMC,2022-11-08,2022-11-08,2022-11-16,9.0,1028.0,5.2,False,0.0544,0.3399,0.4916,1.79,7.0,6.0,0.0,AMC_2022-11-08,0.0544,1.79,7.0,both,0.0,0.0,False
AMC,2022-12-22,2022-12-22,2022-12-27,6.0,758.0,10.1,False,-0.0736,-0.1792,0.0,1.21,-1.0,0.0,0.0,AMC_2022-12-22,-0.0736,1.21,-1.0,both,0.0,0.0,False
AMC,2023-02-27,2023-02-28,2023-03-01,3.0,619.0,7.6,False,0.1516,-0.0798,0.2274,2.25,-1.0,-1.0,0.0,AMC_2023-02-27,0.1516,2.25,-1.0,both,0.0,0.0,False
AMC,2023-07-21,2023-07-24,2023-07-25,5.0,1333.0,37.7,False,0.351,-0.1248,0.351,6.74,0.0,0.0,0.0,AMC_2023-07-21,0.351,6.74,0.0,both,0.0,0.0,False
AMC,2024-05-08,2024-05-14,2024-05-15,8.0,5097.0,111.4,False,1.1473,-0.2,1.1473,13.04,0.0,0.0,0.0,AMC_2024-05-08,1.1473,13.04,0.0,both,0.0,0.0,False
AMD,2020-02-18,2020-02-20,2020-02-28,11.0,6162.0,6.5,False,0.0354,-0.2059,0.0649,1.48,-1.0,12.0,0.0,AMD_2020-02-18,0.0354,1.48,-1.0,both,0.0,0.0,False
AMD,2020-04-14,2020-04-28,2020-05-01,18.0,8310.0,9.0,False,0.0897,-0.1014,0.1184,0.94,-8.0,-7.0,0.0,AMD_2020-04-14,0.0897,0.94,-8.0,both,0.0,0.0,False
AMD,2020-07-22,2020-07-24,2020-08-06,16.0,11580.0,8.3,False,0.2175,0.2494,0.5212,2.23,13.0,0.0,0.0,AMD_2020-07-22,0.2175,2.23,13.0,both,0.0,0.0,False
AMD,2020-10-05,2020-10-08,2020-10-13,9.0,5029.0,7.8,False,0.0576,-0.0142,0.0598,1.0,-1.0,1.0,0.0,AMD_2020-10-05,0.0576,1.0,-1.0,both,0.0,0.0,False
AMD,2020-11-30,2020-11-30,2020-12-23,24.0,4948.0,3.4,False,0.0627,-0.012,0.1139,1.03,15.0,0.0,0.0,AMD_2020-11-30,0.0627,1.03,15.0,both,0.0,0.0,False
AMD,2021-01-21,2021-01-21,2021-02-19,30.0,14635.0,4.7,False,0.0313,-0.0213,0.0672,1.08,5.0,6.0,0.0,AMD_2021-01-21,0.0313,1.08,5.0,both,0.0,0.0,False
AMD,2021-04-27,2021-04-28,2021-05-06,10.0,4180.0,5.5,False,-0.0163,-0.073,0.0,1.42,-2.0,0.0,0.0,AMD_2021-04-27,-0.0163,1.42,-2.0,both,0.0,0.0,False
AMD,2021-10-26,2021-11-08,2021-11-11,17.0,4954.0,10.2,False,0.2272,-0.0276,0.2459,1.72,8.0,0.0,0.0,AMD_2021-10-26,0.2272,1.72,8.0,both,0.0,0.0,False
AMD,2022-01-04,2022-01-04,2022-01-10,7.0,1139.0,2.7,False,-0.0387,-0.086,0.0,1.35,-1.0,6.0,0.0,AMD_2022-01-04,-0.0387,1.35,-1.0,both,0.0,0.0,False
AMD,2022-01-27,2022-02-01,2022-02-02,7.0,3820.0,10.0,False,0.0548,0.0512,0.1171,1.72,6.0,1.0,0.0,AMD_2022-01-27,0.0548,1.72,6.0,both,0.0,0.0,False
AMD,2022-03-31,2022-05-03,2022-05-04,35.0,8416.0,10.3,False,-0.2356,0.091,0.0336,0.92,-35.0,1.0,0.0,AMD_2022-03-31,-0.2356,0.92,-35.0,both,0.0,0.0,False
AMD,2022-06-29,2022-06-29,2022-07-01,3.0,618.0,3.5,False,-0.0345,-0.0554,0.078,1.02,-5.0,1.0,0.0,AMD_2022-06-29,-0.0345,1.02,-5.0,both,0.0,0.0,False
AMD,2022-08-01,2022-08-02,2022-08-04,4.0,1870.0,12.5,False,0.051,0.0465,0.0999,1.45,2.0,1.0,0.0,AMD_2022-08-01,0.051,1.45,2.0,both,0.0,0.0,False
AMD,2022-10-07,2022-10-07,2022-10-11,5.0,1153.0,6.6,False,-0.1387,-0.0139,0.0013,1.61,-2.0,0.0,0.0,AMD_2022-10-07,-0.1387,1.61,-2.0,both,0.0,0.0,False
AMD,2023-01-24,2023-01-31,2023-02-02,10.0,1610.0,23.0,False,-0.018,0.1751,0.1539,1.48,2.0,1.0,0.0,AMD_2023-01-24,-0.018,1.48,2.0,both,0.0,0.0,False
AMD,2023-03-16,2023-03-16,2023-03-23,8.0,776.0,5.8,False,0.0772,0.0381,0.1182,1.65,7.0,0.0,0.0,AMD_2023-03-16,0.0772,1.65,7.0,both,0.0,0.0,False
AMD,2023-05-02,2023-05-02,2023-05-10,9.0,1881.0,15.2,False,0.0025,0.0791,0.086,1.92,13.0,2.0,0.0,AMD_2023-05-02,0.0025,1.92,13.0,both,0.0,0.0,False
AMD,2023-08-01,2023-08-01,2023-08-03,3.0,1733.0,13.4,False,0.028,-0.0378,0.028,2.11,0.0,1.0,0.0,AMD_2023-08-01,0.028,2.11,0.0,both,0.0,0.0,False
AMD,2023-12-07,2023-12-07,2023-12-12,6.0,623.0,7.3,False,0.0989,0.072,0.1911,2.27,8.0,0.0,0.0,AMD_2023-12-07,0.0989,2.27,8.0,both,0.0,0.0,False
AMD,2024-01-16,2024-01-30,2024-01-31,16.0,7147.0,20.2,False,0.174,-0.0254,0.2304,2.03,-5.0,-11.0,0.0,AMD_2024-01-16,0.174,2.03,-5.0,both,0.0,0.0,False
AMD,2024-07-30,2024-07-30,2024-08-07,9.0,4475.0,9.7,False,-0.0094,-0.0706,0.0338,1.48,1.0,1.0,0.0,AMD_2024-07-30,-0.0094,1.48,1.0,both,0.0,0.0,False
AMD,2024-10-10,2024-10-29,2024-10-30,21.0,2807.0,24.5,False,-0.0279,-0.1062,0.0104,1.26,-21.0,1.0,0.0,AMD_2024-10-10,-0.0279,1.26,-21.0,both,0.0,0.0,False
AMD,2024-12-09,2025-02-04,2025-02-05,59.0,16426.0,25.3,False,-0.1377,-0.0627,0.039,1.42,-62.0,1.0,0.0,AMD_2024-12-09,-0.1377,1.42,-62.0,both,0.0,0.0,False
AMD,2025-06-16,2025-06-16,2025-07-02,17.0,2419.0,7.0,False,0.0881,0.096,0.238,1.85,11.0,0.0,0.0,AMD_2025-06-16,0.0881,1.85,11.0,both,0.0,0.0,False
AMD,2025-07-29,2025-08-05,2025-08-11,14.0,4932.0,11.6,False,0.0037,-0.0116,0.062,1.69,8.0,1.0,0.0,AMD_2025-07-29,0.0037,1.69,8.0,both,0.0,0.0,False
AMD,2025-10-06,2025-10-06,2025-10-08,3.0,2978.0,29.5,False,0.2371,0.1563,0.4305,3.98,2.0,0.0,0.0,AMD_2025-10-06,0.2371,4.0,2.0,both,0.0,0.020000000000000018,False
AMD,2026-01-06,2026-02-04,2026-02-05,31.0,3064.0,17.8,False,-0.0945,-0.0384,0.1746,1.6,-12.0,0.0,0.0,AMD_2026-01-06,-0.0945,1.61,-12.0,both,0.0,0.010000000000000009,False
AMD,2026-04-16,2026-04-24,2026-04-27,12.0,2135.0,27.3,False,0.3475,-0.0379,0.3968,1.49,7.0,0.0,0.0,AMD_2026-04-16,0.3475,1.51,7.0,both,0.0,0.020000000000000018,False
AMD,2026-05-05,2026-05-05,2026-05-08,4.0,2801.0,10.5,False,0.0402,0.2813,0.3433,1.59,6.0,1.0,0.0,AMD_2026-05-05,0.0402,1.6,6.0,both,0.0,0.010000000000000009,False
AME,2021-01-27,2021-01-28,2021-02-05,10.0,377.0,78.0,False,0.0131,0.0193,0.0672,1.97,12.0,7.0,0.0,AME_2021-01-27,0.0131,1.97,12.0,both,0.0,0.0,False
AMPX,2024-12-26,2025-01-01,2025-01-14,20.0,412.0,9.3,False,0.4737,0.2179,1.0211,2.35,5.0,-2.0,0.0,AMPX_2024-12-26,0.4737,2.35,5.0,both,0.0,0.0,False
AMP,2021-01-30,2021-02-19,2021-02-19,21.0,1296.0,107.9,False,0.1345,0.0,0.173,0.93,5.0,0.0,0.0,AMP_2021-01-30,0.1345,0.93,5.0,both,0.0,0.0,False
AMP,2021-06-09,2021-06-15,2021-07-01,23.0,418.0,4.6,False,-0.0341,-0.0154,0.0057,1.26,-11.0,10.0,0.0,AMP_2021-06-09,-0.0341,1.26,-11.0,both,0.0,0.0,False
AMRN,2020-02-21,2020-02-25,2020-02-26,6.0,471.0,79.7,False,-0.0207,-0.0703,0.0179,1.88,-7.0,1.0,0.0,AMRN_2020-02-21,-0.0207,1.88,-7.0,both,0.0,0.0,False
AMTD,2020-02-04,2020-03-02,2020-03-19,45.0,2156.0,16.8,False,-0.0835,-0.2775,0.0705,1.36,-11.0,-4.0,0.0,AMTD_2020-02-04,-0.0835,1.36,-11.0,both,0.0,0.0,False
AMTD,2020-06-10,2020-06-10,2020-06-22,13.0,858.0,2.3,False,-0.0503,-0.044,0.0669,1.1,-5.0,16.0,0.0,AMTD_2020-06-10,-0.0503,1.1,-5.0,both,0.0,0.0,False
AMTD,2022-03-24,2022-03-24,2022-04-12,20.0,540.0,4.1,False,-0.004,-0.0952,0.0672,0.15,1.0,1.0,0.0,AMTD_2022-03-24,-0.004,0.15,1.0,both,0.0,0.0,False
AMTD,2022-07-07,2022-08-03,2022-08-04,29.0,2435.0,59.8,False,4.4825,-0.312,5.1404,886.42,-1.0,-1.0,0.0,AMTD_2022-07-07,4.4825,886.42,-1.0,both,0.0,0.0,False
AMTD,2023-03-13,2023-03-15,2023-03-28,16.0,369.0,3.0,False,-0.0255,-0.0196,0.0701,1.47,-7.0,14.0,0.0,AMTD_2023-03-13,-0.0255,1.47,-7.0,both,0.0,0.0,False
AMZN,2020-04-13,2020-04-30,2020-05-01,19.0,6667.0,23.0,False,0.2111,-0.076,0.2111,1.04,0.0,-14.0,0.0,AMZN_2020-04-13,0.2111,1.04,0.0,both,0.0,0.0,False
AMZN,2020-07-01,2020-07-30,2020-08-05,36.0,14431.0,8.4,False,0.1062,0.0502,0.169,1.41,7.0,1.0,0.0,AMZN_2020-07-01,0.1062,1.41,7.0,both,0.0,0.0,False
AMZN,2021-04-26,2021-04-29,2021-05-03,8.0,1358.0,8.0,False,0.039,-0.0244,0.039,1.88,0.0,0.0,0.0,AMZN_2021-04-26,0.039,1.88,0.0,both,0.0,0.0,False
AMZN,2021-07-06,2021-07-06,2021-07-14,9.0,1298.0,4.4,False,0.0469,0.0016,0.0628,1.39,2.0,0.0,0.0,AMZN_2021-07-06,0.0469,1.39,2.0,both,0.0,0.0,False
AMZN,2022-01-21,2022-02-03,2022-02-04,15.0,4795.0,38.0,False,-0.0845,0.1354,0.0643,2.22,5.0,1.0,0.0,AMZN_2022-01-21,-0.0845,2.22,5.0,both,0.0,0.0,False
AMZN,2022-03-09,2022-03-10,2022-03-11,3.0,657.0,6.6,False,0.0794,-0.0088,0.1256,1.37,6.0,0.0,0.0,AMZN_2022-03-09,0.0794,1.37,6.0,both,0.0,0.0,False
AMZN,2022-10-25,2022-10-27,2022-10-28,4.0,1535.0,33.8,False,-0.0739,-0.068,0.0065,2.1,-2.0,1.0,0.0,AMZN_2022-10-25,-0.0739,2.1,-2.0,both,0.0,0.0,False
AMZN,2023-04-21,2023-04-27,2023-04-28,8.0,1147.0,31.9,False,0.0579,-0.0398,0.0579,1.89,0.0,0.0,0.0,AMZN_2023-04-21,0.0579,1.89,0.0,both,0.0,0.0,False
AMZN,2023-10-25,2023-10-26,2023-10-27,3.0,611.0,16.0,False,-0.0699,0.0683,0.0657,2.0,6.0,1.0,0.0,AMZN_2023-10-25,-0.0699,2.0,6.0,both,0.0,0.0,False
AMZN,2024-01-30,2024-02-01,2024-02-02,4.0,1032.0,13.2,False,-0.0123,0.0787,0.0654,1.59,1.0,1.0,0.0,AMZN_2024-01-30,-0.0123,1.59,1.0,both,0.0,0.0,False
AMZN,2024-04-25,2024-04-30,2024-05-01,7.0,1329.0,16.0,False,-0.009,0.0229,0.0686,1.81,6.0,1.0,0.0,AMZN_2024-04-25,-0.009,1.81,6.0,both,0.0,0.0,False
AMZN,2024-06-26,2024-08-01,2024-08-05,41.0,4588.0,12.1,False,-0.0122,-0.1252,0.0733,1.32,-30.0,1.0,0.0,AMZN_2024-06-26,-0.0122,1.32,-30.0,both,0.0,0.0,False
AMZN,2024-10-30,2024-10-31,2024-11-01,3.0,699.0,9.0,False,-0.0232,0.0619,0.0852,2.33,6.0,1.0,0.0,AMZN_2024-10-30,-0.0232,2.33,6.0,both,0.0,0.0,False
AMZN,2025-01-22,2025-02-06,2025-02-07,17.0,1792.0,15.5,False,0.0352,-0.0405,0.0492,1.41,-2.0,1.0,0.0,AMZN_2025-01-22,0.0352,1.41,-2.0,both,0.0,0.0,False
AMZN,2025-04-29,2025-05-01,2025-05-02,4.0,1001.0,12.8,False,0.0133,-0.0012,0.0133,0.97,0.0,1.0,0.0,AMZN_2025-04-29,0.0133,0.97,0.0,both,0.0,0.0,False
AMZN,2025-07-31,2025-07-31,2025-08-06,7.0,1199.0,13.1,False,0.017,-0.0504,0.017,2.29,0.0,1.0,0.0,AMZN_2025-07-31,0.017,2.3,0.0,both,0.0,0.009999999999999787,False
AMZN,2026-04-09,2026-04-29,2026-04-30,22.0,1582.0,13.4,False,0.1889,0.0077,0.2364,1.26,6.0,1.0,0.0,AMZN_2026-04-09,0.1889,1.26,6.0,both,0.0,0.0,False
ANET,2024-02-09,2024-02-12,2024-02-13,5.0,383.0,224.3,False,0.0181,-0.0547,0.0238,3.33,-3.0,0.0,0.0,ANET_2024-02-09,0.0181,3.33,-3.0,both,0.0,0.0,False
ANF,2024-03-01,2024-03-06,2024-03-06,6.0,536.0,20.0,False,0.0566,0.0,0.0954,2.49,-1.0,0.0,0.0,ANF_2024-03-01,0.0566,2.49,-1.0,both,0.0,0.0,False
ANTM,2021-01-20,2021-01-30,2021-02-02,14.0,1644.0,117.1,False,-0.0825,0.0068,0.0084,1.53,-15.0,-3.0,0.0,ANTM_2021-01-20,-0.0825,1.53,-15.0,both,0.0,0.0,False
AOS,2021-05-19,2021-05-19,2021-06-09,22.0,377.0,3.4,False,-0.0036,-0.0026,0.0421,1.1,-5.0,2.0,0.0,AOS_2021-05-19,-0.0036,1.1,-5.0,both,0.0,0.0,False
APHA,2020-05-21,2020-06-09,2020-06-10,21.0,557.0,12.3,False,0.3939,-0.0277,0.3939,1.47,0.0,-18.0,0.0,APHA_2020-05-21,0.3939,1.47,0.0,both,0.0,0.0,False
APHA,2020-07-15,2020-07-28,2020-07-29,15.0,613.0,19.1,False,0.2739,-0.1917,0.2739,2.23,0.0,1.0,0.0,APHA_2020-07-15,0.2739,2.23,0.0,both,0.0,0.0,False
APHA,2020-10-05,2020-10-08,2020-10-15,11.0,533.0,21.1,False,0.2857,-0.1534,0.4444,4.55,4.0,7.0,0.0,APHA_2020-10-05,0.2857,4.55,4.0,both,0.0,0.0,False
APHA,2020-11-06,2020-11-09,2020-11-09,4.0,427.0,6.2,False,0.0147,0.0,0.0366,3.33,4.0,-3.0,0.0,APHA_2020-11-06,0.0147,3.33,4.0,both,0.0,0.0,False
APHA,2020-11-27,2020-11-30,2020-12-04,8.0,2864.0,19.0,False,0.1954,0.0131,0.2111,1.41,4.0,0.0,0.0,APHA_2020-11-27,0.1954,1.41,4.0,both,0.0,0.0,False
APHA,2021-02-03,2021-02-10,2021-02-11,9.0,15485.0,34.9,False,0.7843,-0.3582,0.7843,2.74,0.0,0.0,0.0,APHA_2021-02-03,0.7843,2.74,0.0,both,0.0,0.0,False
APLD,2025-04-02,2025-04-03,2025-04-17,16.0,886.0,6.4,False,-0.0706,-0.3021,0.0246,1.7,-1.0,12.0,0.0,APLD_2025-04-02,-0.0706,1.7,-1.0,both,0.0,0.0,False
APLD,2025-06-02,2025-06-04,2025-06-09,8.0,616.0,9.5,False,0.94,-0.0174,1.0293,4.96,2.0,-2.0,0.0,APLD_2025-06-02,0.94,4.97,2.0,both,0.0,0.009999999999999787,False
APLD,2025-07-24,2025-07-31,2025-08-01,9.0,400.0,7.1,False,0.2022,-0.0472,0.3623,1.29,5.0,0.0,0.0,APLD_2025-07-24,0.2022,1.29,5.0,both,0.0,0.0,False
APLD,2026-01-07,2026-01-07,2026-01-09,3.0,502.0,13.4,False,-0.0231,0.2747,0.2627,2.82,5.0,1.0,0.0,APLD_2026-01-07,-0.0231,2.81,5.0,both,0.0,0.009999999999999787,False
APPS,2021-01-27,2021-01-28,2021-02-04,9.0,638.0,25.6,False,-0.0139,0.2638,0.4858,1.54,12.0,7.0,0.0,APPS_2021-01-27,-0.0139,1.54,12.0,both,0.0,0.0,False
APP,2026-01-30,2026-02-11,2026-02-12,14.0,417.0,26.6,False,-0.1975,-0.1968,0.0,1.98,-13.0,1.0,0.0,APP_2026-01-30,-0.1975,2.0,-13.0,both,0.0,0.020000000000000018,False
APRN,2020-03-17,2020-03-19,2020-03-19,3.0,1336.0,140.7,False,2.7539,0.0,3.2539,18.87,-1.0,-1.0,0.0,APRN_2020-03-17,2.7539,18.87,-1.0,both,0.0,0.0,False
APRN,2022-06-24,2022-07-08,2022-07-08,15.0,758.0,76.9,False,0.5993,0.0,0.6438,3.36,-3.0,-3.0,0.0,APRN_2022-06-24,0.5993,3.36,-3.0,both,0.0,0.0,False
APRN,2022-08-15,2022-08-22,2022-09-22,39.0,4077.0,102.5,False,0.6115,-0.298,1.0551,5.36,17.0,8.0,0.0,APRN_2022-08-15,0.6115,5.36,17.0,both,0.0,0.0,False
APRN,2023-01-13,2023-01-17,2023-02-13,32.0,1775.0,8.7,False,0.1257,-0.0428,0.7049,2.61,20.0,-4.0,0.0,APRN_2023-01-13,0.1257,2.61,20.0,both,0.0,0.0,False
APTM,2023-06-26,2023-06-26,2023-07-17,22.0,378.0,3.5,False,0.0048,0.0,0.0097,4.27,1.0,10.0,0.0,APTM_2023-06-26,0.0048,4.27,1.0,both,0.0,0.0,False
APT,2020-02-25,2020-02-28,2020-02-29,5.0,975.0,38.1,False,1.9412,0.0,2.5364,7.87,-1.0,-1.0,0.0,APT_2020-02-25,1.9412,7.87,-1.0,both,0.0,0.0,False
APT,2020-06-15,2020-06-18,2020-06-25,11.0,459.0,41.5,False,0.2818,0.1643,0.534,3.4,6.0,1.0,0.0,APT_2020-06-15,0.2818,3.4,6.0,both,0.0,0.0,False
APXT,2020-11-23,2020-11-27,2020-11-27,5.0,1646.0,1028.0,False,0.399,0.0,0.5084,119.21,3.0,0.0,0.0,APXT_2020-11-23,0.399,119.21,3.0,both,0.0,0.0,False
ARBE,2025-01-06,2025-01-07,2025-01-10,5.0,647.0,191.0,False,0.4297,-0.0053,0.5209,64.67,-1.0,-1.0,0.0,ARBE_2025-01-06,0.4297,65.18,-1.0,both,0.0,0.5100000000000051,False
ARC,2021-01-26,2021-01-31,2021-02-10,16.0,968.0,11.7,False,-0.0297,0.148,0.1634,1.03,12.0,9.0,0.0,ARC_2021-01-26,-0.0297,1.03,12.0,both,0.0,0.0,False
ARC,2021-04-08,2021-04-23,2021-05-21,44.0,2013.0,7.1,False,-0.0044,-0.0578,0.0177,0.48,-18.0,10.0,0.0,ARC_2021-04-08,-0.0044,0.48,-18.0,both,0.0,0.0,False
ARC,2021-09-08,2021-09-29,2021-10-08,31.0,2062.0,9.0,False,0.0827,-0.0332,0.2338,1.29,-12.0,-13.0,0.0,ARC_2021-09-08,0.0827,1.29,-12.0,both,0.0,0.0,False
ARC,2022-08-06,2022-08-06,2022-08-19,14.0,508.0,2.8,False,,,0.0903,1.28,6.0,16.0,0.0,ARC_2022-08-06,,1.28,6.0,both,,0.0,False
ARDX,2021-12-01,2021-12-02,2021-12-06,6.0,561.0,171.0,False,0.4912,-0.1882,0.4912,32.3,0.0,-1.0,0.0,ARDX_2021-12-01,0.4912,32.3,0.0,both,0.0,0.0,False
ARM,2024-02-06,2024-02-08,2024-02-15,10.0,3516.0,127.1,False,0.5544,0.1738,1.0332,8.36,4.0,4.0,0.0,ARM_2024-02-06,0.5544,8.36,4.0,both,0.0,0.0,False
ARM,2024-06-14,2024-06-18,2024-06-26,13.0,592.0,5.3,False,0.1017,-0.054,0.1017,1.74,0.0,0.0,0.0,ARM_2024-06-14,0.1017,1.74,0.0,both,0.0,0.0,False
ARM,2024-07-31,2024-07-31,2024-08-05,6.0,554.0,10.8,False,0.0843,-0.2339,0.1206,2.13,-5.0,1.0,0.0,ARM_2024-07-31,0.0843,2.13,-5.0,both,0.0,0.0,False
ARVL,2021-06-15,2021-06-16,2021-06-17,3.0,519.0,32.8,False,0.1693,-0.0496,0.1693,3.8,0.0,0.0,0.0,ARVL_2021-06-15,0.1693,3.8,0.0,both,0.0,0.0,False
ASML,2024-10-15,2024-10-15,2024-10-17,3.0,777.0,87.2,False,-0.1626,-0.0408,0.0,7.74,-1.0,1.0,0.0,ASML_2024-10-15,-0.1626,7.74,-1.0,both,0.0,0.0,False
ASML,2025-01-27,2025-01-29,2025-01-29,3.0,445.0,16.0,False,-0.0268,0.0,0.0471,2.76,-7.0,0.0,0.0,ASML_2025-01-27,-0.0268,2.76,-7.0,both,0.0,0.0,False
ASO,2021-03-02,2021-03-04,2021-03-10,9.0,787.0,34.8,False,0.0625,-0.0421,0.1164,1.61,4.0,4.0,0.0,ASO_2021-03-02,0.0625,1.61,4.0,both,0.0,0.0,False
ASO,2021-04-05,2021-04-06,2021-04-12,8.0,3203.0,18.2,False,0.0723,0.0369,0.1119,2.59,6.0,2.0,0.0,ASO_2021-04-05,0.0723,2.59,6.0,both,0.0,0.0,False
ASO,2021-06-07,2021-06-08,2021-06-17,11.0,1673.0,9.9,False,0.0682,-0.0474,0.1237,1.35,3.0,0.0,0.0,ASO_2021-06-07,0.0682,1.35,3.0,both,0.0,0.0,False
ASPC,2022-05-12,2022-05-12,2022-05-25,14.0,362.0,2.4,False,-0.001,0.001,0.002,4.89,12.0,11.0,0.0,ASPC_2022-05-12,-0.001,4.89,12.0,both,0.0,0.0,False
ASPC,2022-07-12,2022-07-12,2022-08-02,22.0,538.0,3.3,False,0.0015,0.008,0.0881,9.31,17.0,1.0,0.0,ASPC_2022-07-12,0.0015,9.31,17.0,both,0.0,0.0,False
ASPC,2025-03-28,2025-03-28,2025-03-31,4.0,2802.0,121.7,False,0.0015,-0.0025,0.003,0.01,7.0,-1.0,0.0,ASPC_2025-03-28,0.0,0.01,7.0,both,0.0015,0.0,False
ASRT,2021-02-08,2021-02-22,2021-03-12,33.0,1625.0,29.0,False,0.2527,-0.0977,0.4021,1.63,-6.0,-12.0,0.0,ASRT_2021-02-08,0.2527,1.63,-6.0,both,0.0,0.0,False
ASST,2025-09-09,2025-09-10,2025-09-22,14.0,560.0,26.7,False,0.5178,-0.4932,0.6717,4.88,1.0,0.0,0.0,ASST_2025-09-09,0.5178,4.9,1.0,both,0.0,0.020000000000000462,False
ASST,2025-10-24,2025-10-27,2025-10-28,5.0,1715.0,130.2,False,0.8977,-0.122,0.8977,21.93,0.0,0.0,0.0,ASST_2025-10-24,0.8981,21.74,0.0,both,0.00039999999999995595,0.19000000000000128,False
ASTS,2021-08-25,2021-08-26,2021-09-05,12.0,744.0,12.4,False,0.1737,0.1155,0.3114,1.86,7.0,4.0,0.0,ASTS_2021-08-25,0.1737,1.86,7.0,both,0.0,0.0,False
ASTS,2021-09-17,2021-09-17,2021-09-20,4.0,396.0,5.5,False,0.1087,-0.1081,0.1087,3.29,0.0,0.0,0.0,ASTS_2021-09-17,0.1087,3.29,0.0,both,0.0,0.0,False
ASTS,2022-08-09,2022-08-11,2022-08-19,11.0,620.0,23.7,False,0.4397,0.1306,0.845,4.81,5.0,0.0,0.0,ASTS_2022-08-09,0.4397,4.81,5.0,both,0.0,0.0,False
ASTS,2022-11-04,2022-11-14,2022-11-18,15.0,1018.0,56.3,False,0.2866,-0.174,0.4219,2.83,-3.0,0.0,0.0,ASTS_2022-11-04,0.2866,2.83,-3.0,both,0.0,0.0,False
ASTS,2024-05-16,2024-05-17,2024-05-21,6.0,323.0,58.5,False,0.8996,0.0374,1.2092,15.69,3.0,-1.0,0.0,ASTS_2024-05-16,0.8996,15.69,3.0,both,0.0,0.0,False
ASTS,2024-07-25,2024-08-15,2024-08-21,28.0,8008.0,49.6,False,1.3473,0.162,1.8892,3.16,4.0,0.0,0.0,ASTS_2024-07-25,1.3473,3.16,4.0,both,0.0,0.0,False
ASTS,2024-11-07,2024-11-14,2024-11-15,9.0,1683.0,13.1,False,0.1901,-0.0959,0.2385,1.64,-1.0,-1.0,0.0,ASTS_2024-11-07,0.1901,1.64,-1.0,both,0.0,0.0,False
ASTS,2025-04-20,2025-04-20,2025-05-13,24.0,474.0,10.2,False,,,0.1612,1.03,22.0,12.0,0.0,ASTS_2025-04-20,,1.02,22.0,both,,0.010000000000000009,False
ASTS,2025-06-04,2025-06-24,2025-06-30,27.0,1961.0,15.3,False,1.1136,-0.1219,1.1136,1.93,0.0,-15.0,0.0,ASTS_2025-06-04,1.1136,1.93,0.0,both,0.0,0.0,False
ASTS,2025-10-08,2025-10-08,2025-10-15,8.0,892.0,6.0,False,0.0863,0.1784,0.2801,1.48,7.0,0.0,0.0,ASTS_2025-10-08,0.0863,1.48,7.0,both,0.0,0.0,False
ASTS,2025-12-04,2025-12-04,2025-12-11,8.0,440.0,7.0,False,0.1825,0.1666,0.3794,1.6,7.0,0.0,0.0,ASTS_2025-12-04,0.1825,1.6,7.0,both,0.0,0.0,False
ASTS,2025-12-24,2026-01-16,2026-01-22,30.0,3661.0,13.6,False,0.3513,0.0052,0.3584,1.44,6.0,0.0,0.0,ASTS_2025-12-24,0.3513,1.43,6.0,both,0.0,0.010000000000000009,False
ASTS,2026-04-14,2026-04-20,2026-04-20,7.0,1022.0,20.1,False,-0.1816,0.0,0.0,2.02,-7.0,0.0,0.0,ASTS_2026-04-14,-0.1816,2.05,-7.0,both,0.0,0.029999999999999805,False
ASTS,2026-05-29,2026-05-29,2026-06-02,5.0,1374.0,5.4,False,-0.1479,0.042,0.0,1.44,-1.0,0.0,0.0,ASTS_2026-05-29,-0.1479,1.45,-1.0,both,0.0,0.010000000000000009,False
ASX,2021-01-28,2021-01-30,2021-02-22,26.0,603.0,14.4,False,-0.0263,0.1922,0.269,1.46,13.0,18.0,0.0,ASX_2021-01-28,-0.0263,1.46,13.0,both,0.0,0.0,False
ATCH,2025-09-11,2025-09-18,2025-09-29,19.0,3351.0,104.1,False,4.6686,-0.3778,6.8488,22.58,-1.0,6.0,0.0,ATCH_2025-09-11,4.6796,22.6,-1.0,both,0.01100000000000012,0.020000000000003126,False
ATEN,2021-01-25,2021-01-28,2021-02-05,12.0,1303.0,16.3,False,0.0101,0.0569,0.1806,1.02,12.0,13.0,0.0,ATEN_2021-01-25,0.0101,1.02,12.0,both,0.0,0.0,False
ATEN,2021-06-05,2021-06-07,2021-06-26,22.0,489.0,3.0,False,0.021,0.0705,0.142,1.68,24.0,11.0,0.0,ATEN_2021-06-05,0.021,1.68,24.0,both,0.0,0.0,False
ATER,2021-08-27,2021-09-23,2021-10-20,55.0,14282.0,285.6,False,1.9056,-0.2208,3.3535,14.54,-10.0,-10.0,0.0,ATER_2021-08-27,1.9056,14.54,-10.0,both,0.0,0.0,False
ATER,2022-03-29,2022-04-19,2022-04-29,32.0,10590.0,106.0,False,1.2852,-0.1231,1.5586,14.92,-1.0,-6.0,0.0,ATER_2022-03-29,1.2852,14.92,-1.0,both,0.0,0.0,False
ATGL,2025-03-28,2025-03-28,2025-03-31,4.0,2802.0,121.4,False,-0.1175,0.0701,0.1658,0.48,6.0,-2.0,0.0,ATGL_2025-03-28,-0.1175,0.49,6.0,both,0.0,0.010000000000000009,False
ATNM,2020-07-20,2020-08-03,2020-08-11,23.0,611.0,26.8,False,0.5,-0.4633,0.5,2.54,0.0,-13.0,1.0,ATNM_2020-07-20,0.5,2.3,10.0,both,0.0,0.2400000000000002,True
ATOS,2021-01-21,2021-02-04,2021-02-05,16.0,2564.0,111.5,False,1.8117,-0.1016,1.8117,4.01,0.0,-9.0,0.0,ATOS_2021-01-21,1.8117,4.01,0.0,both,0.0,0.0,False
ATOS,2021-06-03,2021-06-25,2021-07-02,30.0,2572.0,33.9,False,1.1878,-0.377,1.1878,2.38,0.0,0.0,0.0,ATOS_2021-06-03,1.1878,2.38,0.0,both,0.0,0.0,False
ATVI,2020-04-15,2020-05-05,2020-05-06,22.0,2817.0,106.6,False,0.083,0.0633,0.1925,0.87,6.0,1.0,0.0,ATVI_2020-04-15,0.083,0.87,6.0,both,0.0,0.0,False
ATVI,2020-07-15,2020-08-04,2020-08-05,22.0,5116.0,225.1,False,0.0837,-0.0246,0.0886,0.92,2.0,0.0,0.0,ATVI_2020-07-15,0.0837,0.92,2.0,both,0.0,0.0,False
ATVI,2021-07-22,2021-08-03,2021-08-04,14.0,430.0,48.2,False,-0.1244,0.0212,0.0037,2.0,-14.0,-7.0,0.0,ATVI_2021-07-22,-0.1244,2.0,-14.0,both,0.0,0.0,False
ATVI,2021-11-02,2021-11-03,2021-11-05,4.0,404.0,38.8,False,-0.1588,0.0162,0.0,2.96,-2.0,0.0,0.0,ATVI_2021-11-02,-0.1588,2.96,-2.0,both,0.0,0.0,False
AUPH,2021-01-19,2021-01-23,2021-01-27,9.0,644.0,47.6,False,0.1165,0.0801,0.4072,3.83,2.0,2.0,0.0,AUPH_2021-01-19,0.1165,3.83,2.0,both,0.0,0.0,False
AUVI,2021-01-08,2021-01-28,2021-02-11,35.0,2508.0,19.9,False,0.0544,1.7401,3.1234,37.87,12.0,12.0,0.0,AUVI_2021-01-08,0.0544,37.87,12.0,both,0.0,0.0,False
AUVI,2021-12-28,2021-12-28,2022-01-12,16.0,864.0,6.2,False,-0.129,-0.3911,0.2092,3.6,-5.0,6.0,0.0,AUVI_2021-12-28,-0.129,3.6,-5.0,both,0.0,0.0,False
AUY,2020-07-23,2020-07-27,2020-07-28,6.0,771.0,73.4,False,0.1054,-0.0045,0.112,2.02,2.0,0.0,0.0,AUY_2020-07-23,0.1054,2.02,2.0,both,0.0,0.0,False
AVCT,2021-12-09,2021-12-22,2021-12-31,23.0,2263.0,379.0,False,1.4272,-0.028,1.4951,43.79,5.0,-12.0,0.0,AVCT_2021-12-09,1.4272,43.79,5.0,both,0.0,0.0,False
AVCT,2022-08-29,2022-09-23,2022-10-04,37.0,2302.0,24.7,False,1.311,-0.4834,2.1442,8.35,-23.0,-25.0,1.0,AVCT_2022-08-29,1.311,7.69,11.0,both,0.0,0.6599999999999993,True
AVGO,2023-05-23,2023-06-01,2023-06-01,10.0,512.0,126.8,False,0.1645,0.0,0.1981,3.66,-6.0,-2.0,0.0,AVGO_2023-05-23,0.1645,3.66,-6.0,both,0.0,0.0,False
AVGO,2024-03-01,2024-03-07,2024-03-07,7.0,1027.0,52.5,False,0.0819,0.0,0.0819,1.83,0.0,1.0,0.0,AVGO_2024-03-01,0.0819,1.83,0.0,both,0.0,0.0,False
AVGO,2024-06-10,2024-06-13,2024-06-25,16.0,1562.0,40.3,False,0.1936,-0.0585,0.3002,2.59,4.0,8.0,0.0,AVGO_2024-06-10,0.1936,2.59,4.0,both,0.0,0.0,False
AVGO,2024-09-04,2024-09-05,2024-09-06,3.0,632.0,23.7,False,0.0002,-0.1036,0.0656,1.83,-6.0,1.0,0.0,AVGO_2024-09-04,0.0002,1.83,-6.0,both,0.0,0.0,False
AVGO,2024-12-06,2024-12-13,2024-12-17,12.0,2091.0,72.7,False,0.3187,0.0686,0.4665,3.0,3.0,7.0,0.0,AVGO_2024-12-06,0.3187,3.0,3.0,both,0.0,0.0,False
AVGO,2025-01-27,2025-01-27,2025-02-05,10.0,621.0,5.1,False,-0.174,0.1478,0.0,1.67,-3.0,0.0,0.0,AVGO_2025-01-27,-0.174,1.67,-3.0,both,0.0,0.0,False
AVGO,2025-05-28,2025-06-05,2025-06-06,10.0,649.0,39.5,False,0.103,-0.05,0.1079,1.57,-1.0,0.0,0.0,AVGO_2025-05-28,0.103,1.58,-1.0,both,0.0,0.010000000000000009,False
AVGO,2025-07-23,2025-07-23,2025-08-07,16.0,355.0,5.6,False,0.0183,0.0707,0.1229,0.94,20.0,8.0,0.0,AVGO_2025-07-23,0.0183,0.94,20.0,both,0.0,0.0,False
AVGO,2025-09-02,2025-09-05,2025-09-05,4.0,831.0,30.2,False,0.1261,0.0,0.2427,2.09,5.0,0.0,0.0,AVGO_2025-09-02,0.1261,2.1,5.0,both,0.0,0.010000000000000231,False
AVGO,2025-11-24,2025-12-11,2025-12-17,24.0,2325.0,36.1,False,0.1945,-0.1977,0.2139,1.84,-1.0,8.0,0.0,AVGO_2025-11-24,0.1945,1.85,-1.0,both,0.0,0.010000000000000009,False
AVGO,2026-02-04,2026-02-04,2026-02-06,3.0,308.0,6.4,False,-0.0383,0.0807,0.0737,1.53,5.0,0.0,0.0,AVGO_2026-02-04,-0.0383,1.53,5.0,both,0.0,0.0,False
AVGO,2026-05-29,2026-06-03,2026-06-05,8.0,3458.0,77.4,False,0.1234,-0.1951,0.1289,2.64,-1.0,1.0,0.0,AVGO_2026-05-29,0.1234,2.65,-1.0,both,0.0,0.009999999999999787,False
AVYA,2022-08-23,2022-08-25,2022-09-07,16.0,601.0,41.3,False,0.8974,0.3355,1.6464,2.21,12.0,-2.0,0.0,AVYA_2022-08-23,0.8974,2.21,12.0,both,0.0,0.0,False
AXDX,2021-01-27,2021-01-31,2021-02-03,8.0,332.0,45.5,False,-0.145,0.0614,0.2496,3.91,-4.0,-4.0,0.0,AXDX_2021-01-27,-0.145,3.91,-4.0,both,0.0,0.0,False
AYRO,2020-06-30,2020-07-06,2020-07-09,10.0,372.0,28.9,False,0.7657,0.1439,1.0726,24.58,2.0,0.0,0.0,AYRO_2020-06-30,0.7657,24.58,2.0,both,0.0,0.0,False
AYRO,2020-11-19,2020-11-20,2020-11-23,5.0,485.0,72.5,False,0.908,0.3103,1.5,33.32,3.0,0.0,0.0,AYRO_2020-11-19,0.908,33.32,3.0,both,0.0,0.0,False
AYTU,2020-03-10,2020-04-27,2020-04-28,50.0,1185.0,85.0,False,4.8046,-0.1287,4.8908,45.44,-48.0,-48.0,0.0,AYTU_2020-03-10,4.8046,45.44,-48.0,both,0.0,0.0,False
AYX,2020-08-06,2020-08-07,2020-08-13,8.0,328.0,42.4,False,-0.3206,-0.091,0.0,7.26,-2.0,0.0,0.0,AYX_2020-08-06,-0.3206,7.26,-2.0,both,0.0,0.0,False
AZN,2020-07-15,2020-07-20,2020-07-20,6.0,6009.0,130.3,False,0.0871,0.0,0.1319,5.17,-3.0,0.0,0.0,AZN_2020-07-15,0.0871,5.17,-3.0,both,0.0,0.0,False
AZZ,2024-03-27,2024-04-02,2024-04-25,30.0,934.0,45.5,False,-0.0008,-0.0426,0.0832,1.38,21.0,24.0,0.0,AZZ_2024-03-27,-0.0008,1.38,21.0,both,0.0,0.0,False
BABA,2020-04-16,2020-05-22,2020-05-29,44.0,6798.0,43.9,False,-0.0407,0.0385,0.0502,1.33,12.0,0.0,0.0,BABA_2020-04-16,-0.0407,1.33,12.0,both,0.0,0.0,False
BABA,2020-07-06,2020-07-09,2020-07-14,9.0,1922.0,13.3,False,0.1699,-0.0497,0.1699,1.84,0.0,-1.0,0.0,BABA_2020-07-06,0.1699,1.84,0.0,both,0.0,0.0,False
BABA,2020-11-03,2020-11-20,2020-12-07,35.0,13794.0,13.4,False,-0.129,-0.0249,0.0055,2.15,-22.0,-10.0,0.0,BABA_2020-11-03,-0.129,2.15,-22.0,both,0.0,0.0,False
BABA,2020-12-24,2020-12-24,2020-12-30,7.0,6871.0,12.1,False,-0.1334,0.0738,0.0166,5.82,-3.0,0.0,0.0,BABA_2020-12-24,-0.1334,5.82,-3.0,both,0.0,0.0,False
BABA,2021-03-16,2021-03-16,2021-03-18,3.0,378.0,2.8,False,-0.0145,0.0419,0.0457,1.1,-5.0,0.0,0.0,BABA_2021-03-16,-0.0145,1.1,-5.0,both,0.0,0.0,False
BABA,2021-04-10,2021-04-12,2021-04-13,4.0,1458.0,10.7,False,0.0927,-0.0087,0.0927,2.3,0.0,0.0,0.0,BABA_2021-04-10,0.0927,2.3,0.0,both,0.0,0.0,False
BABA,2021-06-25,2021-06-25,2021-06-28,4.0,532.0,3.6,False,0.0463,0.0004,0.0506,1.68,4.0,0.0,0.0,BABA_2021-06-25,0.0463,1.68,4.0,both,0.0,0.0,False
BABA,2021-07-08,2021-07-08,2021-07-13,6.0,938.0,3.3,False,-0.0392,0.0483,0.0325,1.5,7.0,0.0,0.0,BABA_2021-07-08,-0.0392,1.5,7.0,both,0.0,0.0,False
BABA,2021-07-26,2021-07-27,2021-07-28,3.0,1124.0,4.6,False,-0.0991,0.0534,0.0364,3.2,-5.0,0.0,0.0,BABA_2021-07-26,-0.0991,3.2,-5.0,both,0.0,0.0,False
BABA,2021-11-18,2021-12-03,2021-12-06,19.0,3662.0,10.9,False,-0.3071,0.104,0.0424,1.93,-17.0,0.0,0.0,BABA_2021-11-18,-0.3071,1.93,-17.0,both,0.0,0.0,False
BABA,2022-03-14,2022-03-16,2022-03-22,9.0,2284.0,10.7,False,0.2107,0.0954,0.3521,3.88,7.0,0.0,0.0,BABA_2022-03-14,0.2107,3.88,7.0,both,0.0,0.0,False
BABA,2022-07-29,2022-08-04,2022-08-04,7.0,345.0,5.1,False,-0.031,0.0,0.0222,1.74,-8.0,-6.0,0.0,BABA_2022-07-29,-0.031,1.74,-8.0,both,0.0,0.0,False
BABA,2022-10-24,2022-10-24,2022-10-26,3.0,537.0,20.3,False,-0.1251,0.0849,0.0,4.56,-3.0,0.0,0.0,BABA_2022-10-24,-0.1251,4.56,-3.0,both,0.0,0.0,False
BABA,2023-01-04,2023-01-17,2023-01-17,14.0,1107.0,41.1,False,0.2523,0.0,0.3031,1.42,3.0,-13.0,0.0,BABA_2023-01-04,0.2523,1.42,3.0,both,0.0,0.0,False
BABA,2023-03-28,2023-03-28,2023-03-30,3.0,370.0,14.9,False,0.1426,0.0506,0.2004,3.55,2.0,0.0,0.0,BABA_2023-03-28,0.1426,3.55,2.0,both,0.0,0.0,False
BABA,2023-11-15,2023-11-16,2023-11-21,7.0,316.0,17.2,False,-0.0568,-0.0021,0.0382,3.08,-1.0,0.0,0.0,BABA_2023-11-15,-0.0568,3.08,-1.0,both,0.0,0.0,False
BABA,2024-01-14,2024-02-07,2024-02-07,25.0,1880.0,22.2,False,0.0251,0.0,0.0889,1.37,-1.0,0.0,0.0,BABA_2024-01-14,0.0251,1.37,-1.0,both,0.0,0.0,False
BABA,2024-09-24,2024-10-02,2024-10-09,16.0,1332.0,21.5,False,0.2793,-0.0639,0.3045,3.13,5.0,-6.0,0.0,BABA_2024-09-24,0.2793,3.13,5.0,both,0.0,0.0,False
BABA,2025-01-27,2025-01-29,2025-01-31,5.0,666.0,29.1,False,0.085,0.0219,0.1526,3.54,1.0,0.0,0.0,BABA_2025-01-27,0.085,3.54,1.0,both,0.0,0.0,False
BABA,2025-04-07,2025-04-09,2025-04-16,10.0,603.0,7.8,False,-0.1009,0.0188,0.1137,1.97,-7.0,0.0,0.0,BABA_2025-04-07,-0.1009,1.97,-7.0,both,0.0,0.0,False
BACK,2024-06-03,2024-06-03,2024-06-06,4.0,350.0,10.7,False,0.0334,-0.0646,0.0334,0.45,0.0,-4.0,0.0,BACK_2024-06-03,0.0334,0.45,0.0,both,0.0,0.0,False
BAC,2020-03-06,2020-03-11,2020-03-24,19.0,1816.0,33.6,False,-0.1535,-0.0723,0.0967,1.94,-9.0,12.0,0.0,BAC_2020-03-06,-0.1535,1.94,-9.0,both,0.0,0.0,False
BAC,2020-04-14,2020-04-14,2020-04-17,4.0,706.0,6.2,False,-0.0079,-0.019,0.0393,0.83,-5.0,-5.0,0.0,BAC_2020-04-14,-0.0079,0.83,-5.0,both,0.0,0.0,False
BAC,2020-06-08,2020-06-10,2020-06-12,5.0,528.0,6.3,False,-0.0537,-0.0684,0.0153,1.13,-2.0,1.0,0.0,BAC_2020-06-08,-0.0537,1.13,-2.0,both,0.0,0.0,False
BAC,2021-06-16,2021-07-14,2021-07-19,34.0,838.0,10.9,False,-0.0611,-0.0497,0.0114,1.33,-33.0,0.0,0.0,BAC_2021-06-16,-0.0611,1.33,-33.0,both,0.0,0.0,False
BAC,2022-01-04,2022-01-18,2022-01-26,23.0,443.0,5.5,False,0.0017,-0.0078,0.0656,1.36,-7.0,6.0,0.0,BAC_2022-01-04,0.0017,1.36,-7.0,both,0.0,0.0,False
BAC,2023-03-09,2023-03-13,2023-03-27,19.0,901.0,51.1,False,-0.1244,-0.0007,0.047,3.55,-7.0,0.0,0.0,BAC_2023-03-09,-0.1244,3.55,-7.0,both,0.0,0.0,False
BAND,2021-01-27,2021-01-28,2021-02-03,8.0,341.0,13.1,False,0.0494,0.0135,0.0861,1.37,7.0,-1.0,0.0,BAND_2021-01-27,0.0494,1.37,7.0,both,0.0,0.0,False
BA,2020-03-11,2020-03-17,2020-05-03,54.0,12085.0,17.6,False,-0.4626,0.0744,0.1356,5.3,-11.0,8.0,0.0,BA_2020-03-11,-0.4626,5.3,-11.0,both,0.0,0.0,False
BA,2020-06-05,2020-06-05,2020-06-17,13.0,3055.0,4.6,False,0.1146,-0.0627,0.2507,2.46,3.0,6.0,0.0,BA_2020-06-05,0.1146,2.46,3.0,both,0.0,0.0,False
BA,2021-02-21,2021-02-22,2021-02-24,4.0,757.0,10.5,False,-0.0211,0.0773,0.0546,2.05,2.0,2.0,0.0,BA_2021-02-21,-0.0211,2.05,2.0,both,0.0,0.0,False
BA,2021-06-20,2021-06-20,2021-07-02,13.0,354.0,7.2,False,,,0.0557,1.12,4.0,8.0,0.0,BA_2021-06-20,,1.12,4.0,both,,0.0,False
BA,2024-01-06,2024-01-06,2024-01-10,5.0,2902.0,105.4,False,,,0.0111,4.07,-4.0,2.0,0.0,BA_2024-01-06,,4.07,-4.0,both,,0.0,False
BA,2024-03-11,2024-03-12,2024-03-18,8.0,3837.0,63.5,False,-0.0718,-0.0239,0.0229,1.9,-5.0,0.0,0.0,BA_2024-03-11,-0.0718,1.9,-5.0,both,0.0,0.0,False
BA,2024-05-02,2024-05-02,2024-05-09,8.0,1521.0,8.6,False,0.0431,0.0134,0.0571,0.91,7.0,4.0,0.0,BA_2024-05-02,0.0431,0.91,7.0,both,0.0,0.0,False
BA,2024-08-24,2024-08-24,2024-08-27,4.0,981.0,6.9,False,,,0.0267,0.56,-5.0,-4.0,0.0,BA_2024-08-24,,0.56,-5.0,both,,0.0,False
BA,2024-10-23,2024-10-24,2024-10-28,6.0,464.0,3.6,False,-0.0293,-0.0291,0.0,1.53,-2.0,5.0,0.0,BA_2024-10-23,-0.0293,1.53,-2.0,both,0.0,0.0,False
BA,2025-04-15,2025-04-15,2025-04-24,10.0,966.0,13.6,False,-0.0236,0.1334,0.1445,0.91,13.0,8.0,0.0,BA_2025-04-15,-0.0236,0.91,13.0,both,0.0,0.0,False
BBAI,2024-02-28,2024-03-01,2024-03-08,10.0,2061.0,400.0,False,0.0058,-0.2572,0.2587,5.81,3.0,3.0,0.0,BBAI_2024-02-28,0.0058,5.81,3.0,both,0.0,0.0,False
BBAI,2024-12-26,2024-12-26,2025-01-08,14.0,595.0,7.3,False,0.193,-0.2539,0.2895,1.22,4.0,0.0,0.0,BBAI_2024-12-26,0.193,1.22,4.0,both,0.0,0.0,False
BBAI,2025-02-05,2025-02-05,2025-02-14,10.0,1648.0,16.2,False,0.4481,0.2686,0.9919,4.82,8.0,0.0,0.0,BBAI_2025-02-05,0.4481,4.82,8.0,both,0.0,0.0,False
BBAI,2025-06-24,2025-08-11,2025-08-12,50.0,1837.0,34.3,False,0.6962,-0.158,0.9665,1.21,-25.0,-40.0,0.0,BBAI_2025-06-24,0.6962,1.21,-25.0,both,0.0,0.0,False
BBAI,2025-09-16,2025-09-23,2025-09-24,9.0,323.0,20.2,False,0.5697,-0.0501,0.5697,3.07,0.0,0.0,0.0,BBAI_2025-09-16,0.5697,3.07,0.0,both,0.0,0.0,False
BBBY,2020-12-29,2021-01-06,2021-01-07,10.0,812.0,47.1,False,0.1204,-0.1094,0.1468,2.27,6.0,1.0,0.0,BBBY_2020-12-29,0.1204,2.27,6.0,both,0.0,0.0,False
BBBY,2021-01-25,2021-01-27,2021-01-29,5.0,6030.0,18.9,False,0.7507,-0.332,0.7507,4.06,0.0,0.0,0.0,BBBY_2021-01-25,0.7507,4.06,0.0,both,0.0,0.0,False
BBBY,2021-05-27,2021-06-02,2021-06-03,8.0,1106.0,102.4,False,0.6675,-0.2781,0.6675,10.52,0.0,0.0,0.0,BBBY_2021-05-27,0.6675,10.52,0.0,both,0.0,0.0,False
BBBY,2022-06-29,2022-07-05,2022-07-06,8.0,3044.0,30.4,False,-0.2894,-0.0366,0.072,3.06,-11.0,2.0,0.0,BBBY_2022-06-29,-0.2894,3.06,-11.0,both,0.0,0.0,False
BBBY,2022-08-05,2022-08-18,2022-08-31,27.0,88965.0,129.8,False,2.0163,-0.4863,2.7528,9.62,-1.0,-2.0,0.0,BBBY_2022-08-05,2.0163,9.62,-1.0,both,0.0,0.0,False
BBBY,2023-01-05,2023-01-13,2023-01-18,14.0,5695.0,34.5,False,0.5187,0.0765,1.1743,17.03,-1.0,-1.0,0.0,BBBY_2023-01-05,0.5187,17.03,-1.0,both,0.0,0.0,False
BBBY,2023-04-23,2023-04-24,2023-04-28,6.0,1821.0,8.9,False,-0.3567,-0.4322,0.5809,1.68,-5.0,-5.0,0.0,BBBY_2023-04-23,-0.3567,1.68,-5.0,both,0.0,0.0,False
BBIG,2021-08-27,2021-09-01,2021-09-17,22.0,7910.0,191.4,False,2.215,-0.1752,2.6928,20.35,8.0,-2.0,0.0,BBIG_2021-08-27,2.215,20.35,8.0,both,0.0,0.0,False
BBIG,2022-01-13,2022-01-19,2022-02-09,28.0,4868.0,12.6,False,0.5729,-0.2075,0.8021,6.61,-1.0,-1.0,0.0,BBIG_2022-01-13,0.5729,6.61,-1.0,both,0.0,0.0,False
BBIG,2022-03-21,2022-03-30,2022-04-14,25.0,1695.0,8.1,False,0.2581,-0.2179,0.3629,1.35,-1.0,-9.0,0.0,BBIG_2022-03-21,0.2581,1.35,-1.0,both,0.0,0.0,False
BBIG,2022-05-06,2022-05-06,2022-05-19,14.0,1140.0,7.8,False,0.2802,-0.155,0.2802,2.73,0.0,0.0,0.0,BBIG_2022-05-06,0.2802,2.73,0.0,both,0.0,0.0,False
BBIG,2022-06-30,2022-06-30,2022-07-08,9.0,406.0,5.1,False,-0.2995,-0.1667,0.0508,1.24,-2.0,0.0,0.0,BBIG_2022-06-30,-0.2995,1.24,-2.0,both,0.0,0.0,False
BBIG,2022-08-16,2022-08-18,2022-08-20,5.0,501.0,13.7,False,,-0.2,,6.89,0.0,-1.0,0.0,BBIG_2022-08-16,,6.89,0.0,both,,0.0,False
BBW,2021-01-27,2021-01-28,2021-01-29,3.0,771.0,140.3,False,0.0692,0.1,0.4214,37.99,-1.0,-1.0,0.0,BBW_2021-01-27,0.0692,37.99,-1.0,both,0.0,0.0,False
BBY,2020-08-20,2020-08-25,2020-08-25,6.0,306.0,9.7,False,0.0061,0.0,0.0483,2.38,-1.0,0.0,0.0,BBY_2020-08-20,0.0061,2.38,-1.0,both,0.0,0.0,False
BBY,2020-11-23,2021-01-28,2021-02-04,74.0,4060.0,37.5,False,-0.0573,0.0136,0.0243,1.41,-66.0,-65.0,0.0,BBY_2020-11-23,-0.0573,1.41,-66.0,both,0.0,0.0,False
BBY,2021-06-03,2021-06-09,2021-06-15,13.0,404.0,4.2,False,-0.0284,-0.015,0.0,0.81,-7.0,9.0,0.0,BBY_2021-06-03,-0.0284,0.81,-7.0,both,0.0,0.0,False
BBY,2022-05-18,2022-05-24,2022-05-25,8.0,1335.0,50.2,False,-0.1305,0.0897,0.022,3.71,-11.0,0.0,0.0,BBY_2022-05-18,-0.1305,3.71,-11.0,both,0.0,0.0,False
BBY,2022-08-07,2022-08-08,2022-08-31,25.0,1901.0,27.3,False,0.0283,-0.0999,0.1122,1.11,8.0,22.0,0.0,BBY_2022-08-07,0.0283,1.11,8.0,both,0.0,0.0,False
BBY,2023-11-20,2023-11-26,2023-11-27,8.0,415.0,35.4,False,0.0189,-0.0022,0.0762,1.6,5.0,-5.0,0.0,BBY_2023-11-20,0.0189,1.6,5.0,both,0.0,0.0,False
BB,2020-12-01,2020-12-01,2020-12-07,7.0,785.0,68.7,False,0.1925,0.1786,0.4514,29.63,3.0,0.0,0.0,BB_2020-12-01,0.1925,29.63,3.0,both,0.0,0.0,False
BB,2021-01-14,2021-01-27,2021-02-01,19.0,31069.0,208.2,False,2.3737,-0.4171,2.3737,12.12,0.0,0.0,0.0,BB_2021-01-14,2.3737,12.12,0.0,both,0.0,0.0,False
BB,2021-05-26,2021-06-03,2021-06-09,15.0,9036.0,81.3,False,0.8487,-0.0453,0.8487,23.22,0.0,0.0,0.0,BB_2021-05-26,0.8487,23.22,0.0,both,0.0,0.0,False
BB,2021-08-24,2021-08-25,2021-09-09,17.0,524.0,4.7,False,0.0592,-0.0009,0.1519,1.67,7.0,0.0,0.0,BB_2021-08-24,0.0592,1.67,7.0,both,0.0,0.0,False
BB,2022-08-08,2022-08-16,2022-09-09,33.0,415.0,5.5,False,0.04,-0.1425,0.04,0.94,0.0,0.0,0.0,BB_2022-08-08,0.04,0.94,0.0,both,0.0,0.0,False
BB,2024-04-03,2024-04-03,2024-04-23,21.0,371.0,6.3,False,0.0036,0.0285,0.1393,0.84,8.0,1.0,0.0,BB_2024-04-03,0.0036,0.84,8.0,both,0.0,0.0,False
BB,2024-05-13,2024-05-14,2024-05-15,3.0,531.0,30.3,False,0.1966,-0.0692,0.1966,8.92,0.0,0.0,0.0,BB_2024-05-13,0.1966,8.92,0.0,both,0.0,0.0,False
BB,2025-02-05,2025-02-19,2025-02-19,15.0,345.0,14.8,False,0.2684,0.0,0.3139,1.43,-1.0,5.0,0.0,BB_2025-02-05,0.2684,1.43,-1.0,both,0.0,0.0,False
BB,2026-05-22,2026-05-26,2026-06-04,14.0,438.0,7.7,False,0.2662,0.228,0.5549,2.49,9.0,9.0,0.0,BB_2026-05-22,0.2662,2.49,9.0,both,0.0,0.0,False
BCH,2021-01-31,2021-01-31,2021-02-22,23.0,361.0,11.7,False,,,0.1257,1.25,16.0,1.0,0.0,BCH_2021-01-31,,1.25,16.0,both,,0.0,False
BCRX,2021-01-28,2021-01-30,2021-02-02,6.0,1051.0,162.3,False,-0.0274,0.2359,0.3527,3.82,2.0,2.0,0.0,BCRX_2021-01-28,-0.0274,3.82,2.0,both,0.0,0.0,False
BDRX,2024-05-21,2024-05-21,2024-05-23,3.0,421.0,148.3,False,0.8346,-0.5279,0.8346,11.94,0.0,0.0,0.0,BDRX_2024-05-21,0.8346,11.94,0.0,both,0.0,0.0,False
BEAT,2021-01-26,2021-01-28,2021-02-03,9.0,984.0,72.9,False,-0.0032,-0.0026,0.0,1.63,-3.0,1.0,0.0,BEAT_2021-01-26,-0.0032,1.63,-3.0,both,0.0,0.0,False
BENE,2021-10-22,2021-10-22,2021-10-25,4.0,635.0,259.0,False,0.1563,0.0496,0.2137,777.49,3.0,0.0,0.0,BENE_2021-10-22,0.1563,777.49,3.0,both,0.0,0.0,False
BERY,2021-01-14,2021-01-27,2021-02-01,19.0,1458.0,115.8,False,-0.0857,0.0169,0.0643,1.24,9.0,9.0,0.0,BERY_2021-01-14,-0.0857,1.24,9.0,both,0.0,0.0,False
BERY,2021-06-01,2021-06-03,2021-06-09,9.0,859.0,29.2,False,0.0028,-0.0295,0.0079,0.67,-2.0,5.0,0.0,BERY_2021-06-01,0.0028,0.67,-2.0,both,0.0,0.0,False
BETS,2023-12-01,2023-12-05,2023-12-06,6.0,347.0,56.7,False,0.2362,0.0448,1.5609,10.36,-1.0,0.0,0.0,BETS_2023-12-01,0.2362,10.36,-1.0,both,0.0,0.0,False
BETS,2024-02-28,2024-02-28,2024-03-06,8.0,399.0,29.7,False,0.7189,-0.3505,0.7189,6.73,0.0,0.0,0.0,BETS_2024-02-28,0.7189,6.73,0.0,both,0.0,0.0,False
BFRI,2021-11-24,2021-11-29,2021-12-02,9.0,435.0,104.0,False,1.6996,-0.2606,2.0038,47.17,-3.0,-5.0,0.0,BFRI_2021-11-24,1.6996,47.17,-3.0,both,0.0,0.0,False
BFRI,2021-12-21,2021-12-21,2021-12-29,9.0,815.0,5.1,False,0.4475,-0.2058,0.7283,0.93,2.0,0.0,0.0,BFRI_2021-12-21,0.4475,0.93,2.0,both,0.0,0.0,False
BFT,2020-12-07,2020-12-14,2021-01-13,38.0,4724.0,158.3,False,0.3757,0.1177,0.5377,30.28,30.0,-7.0,0.0,BFT_2020-12-07,0.3757,30.28,30.0,both,0.0,0.0,False
BGFV,2021-08-30,2021-09-01,2021-09-09,11.0,431.0,62.2,False,0.3464,-0.0949,0.3464,2.64,0.0,1.0,0.0,BGFV_2021-08-30,0.3464,2.64,0.0,both,0.0,0.0,False
BGFV,2021-11-02,2021-11-04,2021-11-16,15.0,1599.0,42.4,False,0.2431,-0.0626,0.7311,10.88,7.0,0.0,0.0,BGFV_2021-11-02,0.2431,10.88,7.0,both,0.0,0.0,False
BGS,2021-01-25,2021-01-27,2021-03-23,58.0,1242.0,6.6,False,0.3661,-0.1995,0.3661,1.46,0.0,-2.0,0.0,BGS_2021-01-25,0.3661,1.46,0.0,both,0.0,0.0,False
BGS,2021-05-18,2021-06-15,2021-06-15,29.0,777.0,13.8,False,0.1656,0.0,0.1745,1.66,-13.0,-13.0,0.0,BGS_2021-05-18,0.1656,1.66,-13.0,both,0.0,0.0,False
BIDU,2020-05-15,2020-05-18,2020-05-21,7.0,509.0,53.0,False,0.1205,0.0227,0.1459,3.21,3.0,1.0,0.0,BIDU_2020-05-15,0.1205,3.21,3.0,both,0.0,0.0,False
BIDU,2021-03-25,2021-03-26,2021-03-30,6.0,421.0,14.0,False,-0.1278,0.0461,0.1126,5.21,-4.0,0.0,0.0,BIDU_2021-03-25,-0.1278,5.21,-4.0,both,0.0,0.0,False
BIGC,2020-08-25,2020-08-25,2020-08-27,3.0,499.0,10.3,False,0.3687,0.3546,0.854,5.58,2.0,1.0,0.0,BIGC_2020-08-25,0.3687,5.58,2.0,both,0.0,0.0,False
BIG,2021-06-18,2021-06-22,2021-06-22,5.0,457.0,207.0,False,0.0563,0.0,0.0563,1.24,0.0,0.0,0.0,BIG_2021-06-18,0.0563,1.24,0.0,both,0.0,0.0,False
BIOC,2020-05-08,2020-05-11,2020-05-13,6.0,317.0,32.5,False,0.0695,0.0448,0.1204,0.76,1.0,2.0,0.0,BIOC_2020-05-08,0.0695,0.76,1.0,both,0.0,0.0,False
BIOT,2022-06-23,2022-06-29,2022-07-19,27.0,397.0,5.1,False,0.0087,-0.0051,0.0087,0.32,0.0,16.0,0.0,BIOT_2022-06-23,0.0087,0.32,0.0,both,0.0,0.0,False
BKNG,2021-01-26,2021-02-19,2021-02-19,25.0,769.0,59.5,False,0.1361,0.0,0.2106,1.13,5.0,-25.0,0.0,BKNG_2021-01-26,0.1361,1.13,5.0,both,0.0,0.0,False
BKNG,2022-12-12,2022-12-12,2022-12-27,16.0,444.0,5.9,False,0.0297,-0.0393,0.0297,1.06,0.0,4.0,0.0,BKNG_2022-12-12,0.0297,1.06,0.0,both,0.0,0.0,False
BKNG,2023-04-18,2023-04-19,2023-05-11,24.0,380.0,8.1,False,0.0001,-0.0074,0.0149,1.25,13.0,16.0,0.0,BKNG_2023-04-18,0.0001,1.25,13.0,both,0.0,0.0,False
BLK,2021-01-14,2021-02-03,2021-02-08,26.0,6224.0,117.0,False,-0.0714,0.0033,0.0,1.28,-21.0,-20.0,0.0,BLK_2021-01-14,-0.0714,1.28,-21.0,both,0.0,0.0,False
BLK,2021-03-29,2021-04-15,2021-04-23,26.0,5016.0,17.9,False,0.0805,-0.0057,0.084,0.8,12.0,-20.0,0.0,BLK_2021-03-29,0.0805,0.8,12.0,both,0.0,0.0,False
BLK,2022-07-15,2022-07-20,2022-07-21,7.0,384.0,4.6,False,0.0783,0.0072,0.0861,1.13,1.0,-6.0,0.0,BLK_2022-07-15,0.0783,1.13,1.0,both,0.0,0.0,False
BLK,2022-08-04,2022-08-04,2022-08-10,7.0,404.0,4.3,False,0.0079,0.042,0.0945,0.94,11.0,-1.0,0.0,BLK_2022-08-04,0.0079,0.94,11.0,both,0.0,0.0,False
BLK,2022-09-29,2022-10-13,2022-10-13,15.0,616.0,4.0,False,-0.0331,0.0,0.01,1.09,-9.0,0.0,0.0,BLK_2022-09-29,-0.0331,1.09,-9.0,both,0.0,0.0,False
BLK,2023-03-10,2023-03-10,2023-03-19,10.0,333.0,3.6,False,-0.025,0.0026,0.057,2.03,-4.0,7.0,0.0,BLK_2023-03-10,-0.025,2.03,-4.0,both,0.0,0.0,False
BLK,2023-04-06,2023-04-06,2023-04-14,9.0,436.0,5.1,False,0.0005,0.0532,0.0645,0.82,11.0,8.0,0.0,BLK_2023-04-06,0.0005,0.82,11.0,both,0.0,0.0,False
BLK,2023-06-14,2023-06-21,2023-06-21,8.0,374.0,16.5,False,-0.0001,0.0,0.0321,1.12,-6.0,-5.0,0.0,BLK_2023-06-14,-0.0001,1.12,-6.0,both,0.0,0.0,False
BLK,2024-01-11,2024-01-11,2024-01-18,8.0,388.0,4.7,False,0.0003,0.0033,0.0165,1.11,8.0,5.0,0.0,BLK_2024-01-11,0.0003,1.11,8.0,both,0.0,0.0,False
BLK,2024-06-05,2024-06-05,2024-06-20,16.0,523.0,9.1,False,0.0046,-0.0077,0.0174,0.87,19.0,-5.0,0.0,BLK_2024-06-05,0.0046,0.87,19.0,both,0.0,0.0,False
BLK,2025-04-01,2025-04-07,2025-04-11,11.0,383.0,4.5,False,-0.1363,0.075,0.0227,1.21,-11.0,2.0,0.0,BLK_2025-04-01,-0.1363,1.21,-11.0,both,0.0,0.0,False
BLNK,2020-11-16,2020-11-23,2020-11-25,10.0,1343.0,114.6,False,2.466,-0.2481,2.466,13.33,0.0,0.0,0.0,BLNK_2020-11-16,2.466,13.33,0.0,both,0.0,0.0,False
BMBL,2024-02-26,2024-02-27,2024-02-28,3.0,1115.0,608.0,False,0.0053,-0.148,0.0122,3.59,-6.0,1.0,0.0,BMBL_2024-02-26,0.0053,3.59,-6.0,both,0.0,0.0,False
BMNR,2025-07-25,2025-07-25,2025-07-29,5.0,324.0,10.4,False,-0.0467,-0.196,0.0,1.53,-1.0,-1.0,0.0,BMNR_2025-07-25,-0.0467,1.53,-1.0,both,0.0,0.0,False
BMNR,2025-11-17,2025-11-21,2025-12-10,24.0,329.0,4.2,False,-0.2442,0.5538,0.1794,1.6,-9.0,3.0,0.0,BMNR_2025-11-17,-0.2442,1.6,-9.0,both,0.0,0.0,False
BMRA,2021-11-05,2021-11-05,2021-11-11,7.0,505.0,66.4,False,0.1179,-0.069,0.1179,0.57,0.0,7.0,0.0,BMRA_2021-11-05,0.1179,0.57,0.0,both,0.0,0.0,False
BMTX,2021-11-23,2021-11-26,2021-12-02,10.0,666.0,20.1,False,0.123,-0.1266,0.1737,1.34,-8.0,-8.0,0.0,BMTX_2021-11-23,0.123,1.34,-8.0,both,0.0,0.0,False
BNAI,2026-01-23,2026-01-26,2026-01-30,8.0,332.0,37.0,False,6.1686,-0.6013,6.2748,0.96,2.0,-5.0,0.0,BNAI_2026-01-23,6.1686,0.96,2.0,both,0.0,0.0,False
BNED,2024-05-17,2024-05-22,2024-05-23,7.0,385.0,173.0,False,5.3448,-0.3007,5.3448,5.78,0.0,0.0,1.0,BNED_2024-05-17,5.3448,45.76,0.0,both,0.0,39.98,False
BNGO,2020-07-10,2020-07-10,2020-07-24,15.0,718.0,17.8,False,0.0838,0.6792,0.8231,4.42,12.0,7.0,0.0,BNGO_2020-07-10,0.0838,4.42,12.0,both,0.0,0.0,False
BNGO,2020-12-24,2021-01-04,2021-01-05,13.0,1734.0,187.5,False,8.2903,-0.3125,8.2903,33.24,0.0,-5.0,0.0,BNGO_2020-12-24,8.2903,33.24,0.0,both,0.0,0.0,False
BNGO,2021-06-04,2021-06-07,2021-06-09,6.0,1401.0,22.2,False,0.3333,-0.075,0.3333,2.03,0.0,0.0,0.0,BNGO_2021-06-04,0.3333,2.03,0.0,both,0.0,0.0,False
BNGO,2022-08-10,2022-08-11,2022-08-12,3.0,380.0,138.9,False,0.4956,0.0651,0.5929,6.48,1.0,0.0,0.0,BNGO_2022-08-10,0.4956,6.48,1.0,both,0.0,0.0,False
BNTX,2020-11-09,2020-11-09,2020-11-20,12.0,354.0,18.1,False,0.1391,-0.007,0.2257,2.76,1.0,0.0,0.0,BNTX_2020-11-09,0.1391,2.76,1.0,both,0.0,0.0,False
BNTX,2021-08-04,2021-08-09,2021-08-11,8.0,430.0,11.0,False,0.2712,-0.1969,0.2712,2.79,0.0,2.0,0.0,BNTX_2021-08-04,0.2712,2.79,0.0,both,0.0,0.0,False
BNTX,2021-11-04,2021-11-09,2021-11-10,7.0,552.0,22.7,False,-0.2337,0.0399,0.0,2.91,-6.0,-4.0,0.0,BNTX_2021-11-04,-0.2337,2.91,-6.0,both,0.0,0.0,False
BOCH,2020-04-30,2020-05-19,2020-05-27,28.0,836.0,4.6,False,-0.142,0.194,0.0245,0.72,8.0,-6.0,0.0,BOCH_2020-04-30,-0.142,0.72,8.0,both,0.0,0.0,False
BOCH,2020-11-09,2021-02-04,2021-02-10,94.0,5505.0,23.0,False,0.3703,-0.0029,0.425,1.11,-27.0,-28.0,0.0,BOCH_2020-11-09,0.3703,1.11,-27.0,both,0.0,0.0,False
BOCH,2021-03-08,2021-03-08,2021-03-16,9.0,846.0,3.4,False,0.0632,0.0711,0.1726,2.75,7.0,0.0,0.0,BOCH_2021-03-08,0.0632,2.75,7.0,both,0.0,0.0,False
BOCH,2021-06-09,2021-06-09,2021-07-06,28.0,1857.0,3.8,False,-0.008,-0.0457,0.0053,3.92,16.0,16.0,0.0,BOCH_2021-06-09,-0.008,3.92,16.0,both,0.0,0.0,False
BOH,2020-03-07,2020-03-29,2020-03-30,24.0,343.0,8.4,False,-0.2453,0.0196,0.1077,2.03,-27.0,-4.0,0.0,BOH_2020-03-07,-0.2453,2.03,-27.0,both,0.0,0.0,False
BOOM,2021-01-25,2021-01-27,2021-02-05,12.0,1249.0,46.7,False,-0.0271,0.1506,0.1446,1.74,13.0,2.0,0.0,BOOM_2021-01-25,-0.0271,1.74,13.0,both,0.0,0.0,False
BOOM,2022-06-16,2022-06-21,2022-06-27,12.0,668.0,21.6,False,-0.1016,-0.0141,0.068,2.09,-8.0,3.0,0.0,BOOM_2022-06-16,-0.1016,2.09,-8.0,both,0.0,0.0,False
BOOM,2022-08-24,2022-08-24,2022-08-29,6.0,449.0,15.5,False,-0.0079,0.0088,0.0442,0.85,1.0,9.0,0.0,BOOM_2022-08-24,-0.0079,0.85,1.0,both,0.0,0.0,False
BOXD,2022-06-22,2022-06-23,2022-06-30,9.0,307.0,16.1,False,0.1118,0.0335,0.4969,10.62,4.0,-1.0,0.0,BOXD_2022-06-22,0.1118,10.62,4.0,both,0.0,0.0,False
BOXL,2020-07-14,2020-07-17,2020-07-20,7.0,670.0,19.7,False,1.3376,-0.2044,1.6752,12.82,-1.0,-1.0,0.0,BOXL_2020-07-14,1.3376,12.82,-1.0,both,0.0,0.0,False
BOX,2020-05-08,2020-05-27,2020-05-28,21.0,934.0,186.0,False,0.1649,-0.0076,0.1851,1.78,2.0,1.0,0.0,BOX_2020-05-08,0.1649,1.78,2.0,both,0.0,0.0,False
BRC,2022-11-09,2022-11-09,2022-11-19,11.0,375.0,8.8,False,-0.0146,0.0317,0.029,0.66,8.0,9.0,0.0,BRC_2022-11-09,-0.0146,0.66,8.0,both,0.0,0.0,False
BRK,2020-02-21,2020-02-21,2020-03-02,11.0,527.0,9.5,False,0.0039,-0.0552,0.0055,2.21,-2.0,3.0,0.0,BRK_2020-02-21,0.0039,2.21,-2.0,both,0.0,0.0,False
BRK,2020-05-02,2020-05-03,2020-05-18,17.0,910.0,4.4,False,,,0.0393,0.7,-4.0,-4.0,0.0,BRK_2020-05-02,,0.7,-4.0,both,,0.0,False
BRK,2021-01-27,2021-02-19,2021-02-19,24.0,1311.0,20.2,False,0.0435,0.0,0.0739,1.5,5.0,4.0,0.0,BRK_2021-01-27,0.0435,1.5,5.0,both,0.0,0.0,False
BRK,2021-05-05,2021-05-06,2021-05-11,7.0,894.0,8.8,False,0.0325,-0.0112,0.0428,1.59,4.0,0.0,0.0,BRK_2021-05-05,0.0325,1.59,4.0,both,0.0,0.0,False
BRK,2021-10-26,2021-10-27,2021-10-28,3.0,1057.0,57.1,False,-0.0077,0.0074,0.0034,1.99,-1.0,0.0,0.0,BRK_2021-10-26,-0.0077,1.99,-1.0,both,0.0,0.0,False
BRK,2022-01-04,2022-01-05,2022-02-15,43.0,1457.0,6.9,False,0.0286,0.0144,0.0684,1.16,9.0,19.0,0.0,BRK_2022-01-04,0.0286,1.16,9.0,both,0.0,0.0,False
BRK,2022-03-11,2022-03-26,2022-04-07,28.0,1119.0,5.4,False,0.1048,-0.0356,0.1053,1.49,2.0,9.0,0.0,BRK_2022-03-11,0.1048,1.49,2.0,both,0.0,0.0,False
BRK,2022-05-01,2022-05-06,2022-05-12,12.0,632.0,4.4,False,-0.01,-0.0373,0.0303,0.97,-8.0,-4.0,0.0,BRK_2022-05-01,-0.01,0.97,-8.0,both,0.0,0.0,False
BRK,2024-02-15,2024-02-26,2024-03-24,39.0,822.0,7.0,False,0.0239,0.0125,0.0556,1.34,31.0,0.0,0.0,BRK_2024-02-15,0.0239,1.34,31.0,both,0.0,0.0,False
BRK,2024-05-04,2024-06-03,2024-06-04,32.0,1770.0,114.8,False,0.0466,-0.0217,0.0466,1.0,0.0,1.0,0.0,BRK_2024-05-04,0.0466,1.0,0.0,both,0.0,0.0,False
BRK,2025-02-22,2025-04-04,2025-04-14,52.0,1653.0,8.7,False,0.0331,0.069,0.1223,1.39,-2.0,-16.0,0.0,BRK_2025-02-22,,,,left_only,,,True
BRK,2025-10-14,2025-11-02,2025-11-26,44.0,936.0,6.4,False,-0.0303,0.0728,0.0434,1.02,11.0,1.0,0.0,BRK_2025-10-14,,,,left_only,,,True
BRLI,2021-01-14,2021-01-30,2021-02-05,23.0,2729.0,19.5,False,-0.0317,0.0178,0.0,0.53,-17.0,-17.0,0.0,BRLI_2021-01-14,-0.0317,0.53,-17.0,both,0.0,0.0,False
BRLI,2022-01-07,2022-01-08,2022-02-10,35.0,1460.0,2.4,False,0.0005,0.0029,0.0073,2.46,31.0,34.0,0.0,BRLI_2022-01-07,0.0005,2.46,31.0,both,0.0,0.0,False
BRLI,2023-03-13,2023-03-20,2023-04-02,21.0,450.0,3.1,False,0.0046,0.0023,0.0175,0.29,7.0,9.0,0.0,BRLI_2023-03-13,0.0046,0.29,7.0,both,0.0,0.0,False
BRO,2021-01-22,2021-01-27,2021-02-05,15.0,1566.0,35.1,False,-0.0712,0.0157,0.0057,1.57,-2.0,-1.0,0.0,BRO_2021-01-22,-0.0712,1.57,-2.0,both,0.0,0.0,False
BRPA,2021-01-27,2021-01-28,2021-02-09,14.0,353.0,10.4,False,0.5096,-0.2713,0.7531,1.18,5.0,12.0,0.0,BRPA_2021-01-27,0.5096,1.18,5.0,both,0.0,0.0,False
BRT,2022-05-01,2022-06-15,2022-06-23,54.0,676.0,7.4,False,0.0055,0.0032,0.0576,1.35,-19.0,-36.0,0.0,BRT_2022-05-01,0.0055,1.35,-19.0,both,0.0,0.0,False
BRY,2021-01-14,2021-01-27,2021-02-01,19.0,1394.0,114.4,False,-0.129,-0.0097,0.0359,0.61,-15.0,-15.0,0.0,BRY_2021-01-14,-0.129,0.61,-15.0,both,0.0,0.0,False
BRY,2021-06-01,2021-06-03,2021-06-09,9.0,857.0,30.5,False,0.0881,-0.0246,0.0943,1.28,1.0,-2.0,0.0,BRY_2021-06-01,0.0881,1.28,1.0,both,0.0,0.0,False
BTAI,2025-08-04,2025-08-04,2025-08-18,15.0,460.0,54.7,False,0.854,1.2323,3.9635,5.89,8.0,-3.0,0.0,BTAI_2025-08-04,0.854,5.89,8.0,both,0.0,0.0,False
BTBT,2021-10-29,2021-10-29,2021-11-18,21.0,382.0,10.0,False,0.4179,-0.3172,0.4179,0.4,0.0,4.0,0.0,BTBT_2021-10-29,0.4179,0.4,0.0,both,0.0,0.0,False
BTWN,2020-12-15,2020-12-15,2020-12-29,15.0,525.0,49.5,False,0.2256,0.176,0.5542,5.5,13.0,0.0,0.0,BTWN_2020-12-15,0.2256,5.5,13.0,both,0.0,0.0,False
BTX,2021-04-28,2021-04-30,2021-05-03,6.0,897.0,201.8,False,1.0,0.5763,2.1526,6.43,3.0,0.0,0.0,BTX_2021-04-28,1.0,6.43,3.0,both,0.0,0.0,False
BUD,2020-06-03,2020-06-03,2020-06-10,8.0,824.0,9.9,False,0.0966,-0.0142,0.1684,1.34,5.0,0.0,0.0,BUD_2020-06-03,0.0966,1.34,5.0,both,0.0,0.0,False
BUD,2020-07-24,2020-07-29,2020-07-30,7.0,392.0,17.7,False,0.0394,0.0243,0.0647,1.09,1.0,1.0,0.0,BUD_2020-07-24,0.0394,1.09,1.0,both,0.0,0.0,False
,,,,,,,,,,,,,,,BULL_2025-04-10,4.4983,121.29,0.0,right_only,,,True
BULL,2025-05-22,2025-05-22,2025-06-04,14.0,809.0,5.1,False,0.0723,-0.1748,0.0723,1.27,0.0,6.0,0.0,BULL_2025-05-22,0.0723,1.27,0.0,both,0.0,0.0,False
BULL,2025-10-08,2025-10-08,2025-10-14,7.0,588.0,5.1,False,-0.0109,-0.0735,0.1086,3.94,-5.0,0.0,0.0,BULL_2025-10-08,-0.0109,3.96,-5.0,both,0.0,0.020000000000000018,False
BULL,2026-01-29,2026-01-29,2026-02-11,14.0,431.0,4.2,False,-0.038,-0.1499,0.0092,1.12,-3.0,7.0,0.0,BULL_2026-01-29,-0.038,1.12,-3.0,both,0.0,0.0,False
BULL,2026-04-14,2026-04-15,2026-05-08,25.0,596.0,5.7,False,0.2254,0.0866,0.3883,1.57,20.0,6.0,0.0,BULL_2026-04-14,0.2254,1.57,20.0,both,0.0,0.0,False
BURU,2025-07-01,2025-07-21,2025-07-22,22.0,784.0,13.9,False,-0.0998,-0.0187,0.1427,0.26,-19.0,-24.0,0.0,BURU_2025-07-01,-0.1,0.26,-19.0,both,0.00020000000000000573,0.0,False
BURU,2025-09-29,2025-10-03,2025-10-09,11.0,3600.0,166.1,False,0.7992,1.0704,4.275,12.23,5.0,5.0,0.0,BURU_2025-09-29,0.7984,12.23,5.0,both,0.0008000000000000229,0.0,False
BWAC,2021-04-08,2021-04-08,2021-06-30,84.0,1198.0,4.7,True,-0.004,-0.003,0.003,0.36,1.0,49.0,0.0,BWAC_2021-04-08,-0.004,0.36,1.0,both,0.0,0.0,False
BYD,2025-02-06,2025-03-18,2025-04-02,56.0,2861.0,23.9,False,-0.1133,-0.0035,0.0396,1.13,-27.0,20.0,0.0,BYD_2025-02-06,-0.1133,1.13,-27.0,both,0.0,0.0,False
BYD,2025-05-26,2025-05-27,2025-06-11,17.0,652.0,6.0,False,0.0315,-0.0016,0.0315,0.94,0.0,6.0,0.0,BYD_2025-05-26,0.0315,0.94,0.0,both,0.0,0.0,False
BYFC,2020-06-17,2020-06-19,2020-06-19,3.0,471.0,233.0,False,1.3147,0.0,1.3147,1864.26,0.0,0.0,0.0,BYFC_2020-06-17,1.3147,1864.26,0.0,both,0.0,0.0,False
BYFC,2020-07-02,2020-07-06,2020-07-07,6.0,1365.0,17.5,False,0.469,-0.2892,0.469,1.4,0.0,-6.0,0.0,BYFC_2020-07-02,0.469,1.4,0.0,both,0.0,0.0,False
BYND,2020-04-21,2020-04-27,2020-04-28,8.0,832.0,16.6,False,0.2592,-0.0011,0.3749,3.36,-3.0,-3.0,0.0,BYND_2020-04-21,0.2592,3.36,-3.0,both,0.0,0.0,False
BYND,2020-05-05,2020-05-06,2020-05-12,8.0,1426.0,9.2,False,0.3263,0.0849,0.4389,3.29,6.0,0.0,0.0,BYND_2020-05-05,0.3263,3.29,6.0,both,0.0,0.0,False
BYND,2020-06-08,2020-06-08,2020-06-12,5.0,529.0,4.4,False,0.2167,-0.1091,0.2167,1.2,0.0,0.0,0.0,BYND_2020-06-08,0.2167,1.2,0.0,both,0.0,0.0,False
BYND,2020-09-29,2020-09-29,2020-10-21,23.0,565.0,5.5,False,0.0949,0.0739,0.2885,0.93,10.0,0.0,0.0,BYND_2020-09-29,0.0949,0.93,10.0,both,0.0,0.0,False
BYND,2021-01-14,2021-01-26,2021-01-27,14.0,577.0,16.6,False,0.4905,0.0281,0.5323,2.84,1.0,0.0,0.0,BYND_2021-01-14,0.4905,2.84,1.0,both,0.0,0.0,False
BYND,2021-05-27,2021-05-28,2021-05-29,3.0,890.0,27.6,False,0.1474,0.0,0.1815,5.1,5.0,-1.0,0.0,BYND_2021-05-27,0.1474,5.1,5.0,both,0.0,0.0,False
BYND,2021-11-10,2021-11-10,2021-11-12,3.0,377.0,19.0,False,-0.0358,-0.0988,0.0182,3.88,-5.0,1.0,0.0,BYND_2021-11-10,-0.0358,3.88,-5.0,both,0.0,0.0,False
BYND,2022-01-05,2022-01-13,2022-01-14,10.0,636.0,36.3,False,0.1495,-0.06,0.1495,2.66,0.0,-7.0,0.0,BYND_2022-01-05,0.1495,2.66,0.0,both,0.0,0.0,False
BYND,2022-09-19,2022-09-20,2022-09-21,3.0,304.0,25.6,False,-0.1236,-0.0081,0.1006,2.39,-6.0,1.0,0.0,BYND_2022-09-19,-0.1236,2.39,-6.0,both,0.0,0.0,False
BYND,2024-02-27,2024-02-27,2024-02-29,3.0,746.0,82.8,False,0.0094,0.4215,0.4349,10.82,2.0,1.0,0.0,BYND_2024-02-27,0.0094,10.82,2.0,both,0.0,0.0,False
BYND,2025-10-14,2025-10-22,2025-10-24,11.0,12632.0,1636.8,False,2.4589,-0.3897,2.4976,59.08,-1.0,0.0,0.0,BYND_2025-10-14,2.4589,58.56,-1.0,both,0.0,0.519999999999996,False
CABA,2024-11-28,2024-12-02,2024-12-02,5.0,426.0,166.0,False,0.3721,0.0,0.3721,8.6,0.0,0.0,0.0,CABA_2024-11-28,0.3721,8.6,0.0,both,0.0,0.0,False
CALM,2021-01-25,2021-01-28,2021-02-02,9.0,545.0,97.0,False,0.0398,-0.017,0.0652,0.84,-1.0,-1.0,0.0,CALM_2021-01-25,0.0398,0.84,-1.0,both,0.0,0.0,False
CARE,2021-01-25,2021-01-28,2021-02-04,11.0,1027.0,104.8,False,-0.0832,0.0569,0.0195,1.03,-8.0,-1.0,0.0,CARE_2021-01-25,-0.0832,1.03,-8.0,both,0.0,0.0,False
CAR,2026-04-13,2026-04-23,2026-04-29,17.0,2948.0,296.2,False,-0.236,-0.2094,1.3804,3.32,-2.0,0.0,0.0,CAR_2026-04-13,-0.236,3.33,-2.0,both,0.0,0.010000000000000231,False
CASH,2021-01-22,2021-01-28,2021-02-02,12.0,3253.0,188.2,False,0.0276,0.0342,0.1114,0.84,7.0,7.0,0.0,CASH_2021-01-22,0.0276,0.84,7.0,both,0.0,0.0,False
CAT,2022-12-21,2023-01-31,2023-01-31,42.0,707.0,11.0,False,0.0729,0.0,0.125,1.15,-4.0,0.0,0.0,CAT_2022-12-21,0.0729,1.15,-4.0,both,0.0,0.0,False
CAT,2024-05-06,2024-06-03,2024-06-08,34.0,1886.0,27.7,False,-0.016,-0.0073,0.0772,0.98,-14.0,-3.0,0.0,CAT_2024-05-06,-0.016,0.98,-14.0,both,0.0,0.0,False
CAVA,2024-05-24,2024-05-28,2024-05-30,7.0,581.0,40.8,False,0.0619,0.1305,0.2004,3.91,2.0,1.0,0.0,CAVA_2024-05-24,0.0619,3.91,2.0,both,0.0,0.0,False
CAVA,2024-08-21,2024-08-22,2024-08-23,3.0,355.0,50.4,False,0.0384,0.1963,0.2809,5.02,4.0,1.0,0.0,CAVA_2024-08-21,0.0384,5.02,4.0,both,0.0,0.0,False
CBD,2021-02-03,2021-02-10,2021-02-24,22.0,937.0,9.3,False,0.066,0.0223,0.0898,0.88,6.0,19.0,0.0,CBD_2021-02-03,0.066,0.88,6.0,both,0.0,0.0,False
CBRL,2025-08-21,2025-08-27,2025-08-27,7.0,377.0,96.0,False,0.0561,0.0,0.0561,4.7,0.0,0.0,0.0,CBRL_2025-08-21,0.0561,4.7,0.0,both,0.0,0.0,False
CBSH,2020-04-30,2020-05-19,2020-05-27,28.0,836.0,4.6,False,-0.0928,0.1388,0.0331,0.92,8.0,-4.0,0.0,CBSH_2020-04-30,-0.0928,0.92,8.0,both,0.0,0.0,False
CBSH,2020-11-09,2021-02-04,2021-02-10,94.0,5505.0,23.0,False,0.1281,0.0285,0.1811,1.17,5.0,-43.0,0.0,CBSH_2020-11-09,0.1281,1.17,5.0,both,0.0,0.0,False
CBSH,2021-03-08,2021-03-08,2021-03-16,9.0,846.0,3.4,False,0.0232,0.0079,0.0465,0.76,4.0,11.0,0.0,CBSH_2021-03-08,0.0232,0.76,4.0,both,0.0,0.0,False
CBSH,2021-06-09,2021-06-09,2021-07-06,28.0,1856.0,3.8,False,0.0,-0.0423,0.0079,1.24,-5.0,14.0,0.0,CBSH_2021-06-09,0.0,1.24,-5.0,both,0.0,0.0,False
CBSH,2022-08-19,2022-08-23,2022-09-01,14.0,374.0,3.5,False,-0.0377,-0.0282,0.0034,1.26,-7.0,1.0,0.0,CBSH_2022-08-19,-0.0377,1.26,-7.0,both,0.0,0.0,False
CBSH,2025-03-04,2025-03-05,2025-03-11,8.0,306.0,7.7,False,-0.0318,-0.0508,0.0035,1.39,-5.0,5.0,0.0,CBSH_2025-03-04,-0.0318,1.4,-5.0,both,0.0,0.010000000000000009,False
CBSH,2025-03-20,2025-03-20,2025-03-24,5.0,365.0,9.7,False,-0.0144,0.0194,0.0082,2.47,5.0,1.0,0.0,CBSH_2025-03-20,-0.0144,2.46,5.0,both,0.0,0.010000000000000231,False
CCCC,2021-01-27,2021-01-28,2021-02-19,24.0,1170.0,6.5,False,-0.0484,0.1897,0.2234,0.86,13.0,26.0,0.0,CCCC_2021-01-27,-0.0484,0.86,13.0,both,0.0,0.0,False
CCIV,2021-01-11,2021-01-12,2021-02-05,26.0,14625.0,356.5,False,0.4108,1.4488,2.4546,51.44,24.0,3.0,0.0,CCIV_2021-01-11,0.4108,51.44,24.0,both,0.0,0.0,False
CCJ,2021-09-07,2021-09-10,2021-09-14,8.0,1224.0,157.5,False,0.1315,-0.0045,0.1454,3.92,5.0,3.0,0.0,CCJ_2021-09-07,0.1315,3.92,5.0,both,0.0,0.0,False
CCMP,2020-12-17,2021-01-11,2021-01-13,28.0,701.0,2.4,False,0.0836,0.036,0.1482,1.19,3.0,-5.0,0.0,CCMP_2020-12-17,0.0836,1.19,3.0,both,0.0,0.0,False
CCMP,2021-01-27,2021-05-05,2021-05-05,99.0,7017.0,35.1,False,0.1083,0.0,0.2226,0.88,-29.0,-47.0,0.0,CCMP_2021-01-27,0.1083,0.88,-29.0,both,0.0,0.0,False
CCMP,2022-01-12,2022-01-12,2022-01-27,16.0,414.0,2.5,False,-0.0016,-0.0754,0.0066,0.72,-5.0,12.0,0.0,CCMP_2022-01-12,-0.0016,0.72,-5.0,both,0.0,0.0,False
CCMP,2022-02-11,2022-02-11,2022-02-24,14.0,491.0,2.6,False,-0.0234,0.0232,0.0096,0.65,5.0,18.0,0.0,CCMP_2022-02-11,-0.0234,0.65,5.0,both,0.0,0.0,False
CCMP,2022-04-22,2022-04-22,2022-04-29,8.0,697.0,6.6,False,-0.0048,-0.0044,0.0149,0.7,12.0,-2.0,0.0,CCMP_2022-04-22,-0.0048,0.7,12.0,both,0.0,0.0,False
CCXI,2021-01-11,2021-02-23,2021-02-25,46.0,1591.0,90.8,False,0.0583,-0.0086,0.0895,0.82,6.0,-27.0,0.0,CCXI_2021-01-11,0.0583,0.82,6.0,both,0.0,0.0,False
CCX,2021-01-11,2021-01-12,2021-02-25,46.0,1796.0,35.3,False,0.0019,-0.0447,0.0152,1.48,8.0,-5.0,0.0,CCX_2021-01-11,0.0019,1.48,8.0,both,0.0,0.0,False
CECE,2021-01-27,2021-01-27,2021-03-04,37.0,800.0,4.1,False,-0.0535,0.1542,0.249,1.35,40.0,36.0,0.0,CECE_2021-01-27,-0.0535,1.35,40.0,both,0.0,0.0,False
CECE,2021-05-13,2021-05-13,2021-05-26,14.0,450.0,6.3,False,0.0396,0.0177,0.2008,1.31,4.0,4.0,0.0,CECE_2021-05-13,0.0396,1.31,4.0,both,0.0,0.0,False
CEI,2021-09-07,2021-09-29,2021-10-08,32.0,3218.0,126.3,False,3.1349,-0.5,3.6185,8.17,1.0,0.0,0.0,CEI_2021-09-07,3.1349,8.17,1.0,both,0.0,0.0,False
CEI,2022-03-05,2022-03-08,2022-03-11,7.0,621.0,26.3,False,0.5897,-0.2602,0.641,7.18,-1.0,0.0,0.0,CEI_2022-03-05,0.5897,7.18,-1.0,both,0.0,0.0,False
CELH,2022-06-13,2022-06-13,2022-06-18,6.0,402.0,100.5,False,-0.1122,0.0154,0.1203,1.08,-5.0,10.0,0.0,CELH_2022-06-13,-0.1122,1.08,-5.0,both,0.0,0.0,False
CELH,2024-02-13,2024-02-29,2024-02-29,17.0,883.0,36.4,False,0.3776,0.0,0.4657,1.46,4.0,0.0,0.0,CELH_2024-02-13,0.3776,1.46,4.0,both,0.0,0.0,False
CELH,2024-10-07,2024-10-10,2024-10-16,10.0,434.0,14.8,False,0.154,-0.0324,0.154,2.39,0.0,0.0,0.0,CELH_2024-10-07,0.154,2.39,0.0,both,0.0,0.0,False
CELH,2025-02-07,2025-02-20,2025-02-21,15.0,1100.0,68.9,False,0.1626,0.2777,0.4854,2.49,1.0,1.0,0.0,CELH_2025-02-07,0.1626,2.51,1.0,both,0.0,0.019999999999999574,False
CFVI,2021-12-02,2021-12-06,2021-12-09,8.0,704.0,176.0,False,0.3019,0.0693,0.5366,914.47,2.0,-4.0,0.0,CFVI_2021-12-02,0.3019,914.47,2.0,both,0.0,0.0,False
CGC,2020-05-18,2020-05-29,2020-05-29,12.0,686.0,24.0,False,0.0952,0.0,0.3695,2.08,-1.0,0.0,0.0,CGC_2020-05-18,0.0952,2.08,-1.0,both,0.0,0.0,False
CGC,2020-11-04,2020-11-06,2020-11-09,6.0,420.0,7.6,False,0.1486,0.046,0.2014,2.8,3.0,0.0,0.0,CGC_2020-11-04,0.1486,2.8,3.0,both,0.0,0.0,False
CGC,2021-02-03,2021-02-10,2021-02-11,9.0,1490.0,15.9,False,0.2506,-0.2208,0.2506,2.07,0.0,0.0,0.0,CGC_2021-02-03,0.2506,2.07,0.0,both,0.0,0.0,False
CGC,2023-09-11,2023-09-11,2023-09-20,10.0,547.0,45.4,False,0.8137,-0.484,0.8137,2.78,0.0,0.0,0.0,CGC_2023-09-11,0.8137,2.78,0.0,both,0.0,0.0,False
CGC,2024-03-22,2024-04-03,2024-04-08,18.0,511.0,39.5,False,1.3882,-0.0698,1.3882,8.74,0.0,-12.0,0.0,CGC_2024-03-22,1.3882,8.74,0.0,both,0.0,0.0,False
CGTX,2025-08-12,2025-08-25,2025-08-28,17.0,640.0,10.1,False,2.7033,-0.2201,2.7033,3.74,0.0,-12.0,0.0,CGTX_2025-08-12,2.702,3.64,0.0,both,0.0013000000000000789,0.10000000000000009,False
CHEK,2021-01-04,2021-01-05,2021-01-06,3.0,375.0,208.0,False,2.7609,-0.104,2.7609,42.05,0.0,-1.0,0.0,CHEK_2021-01-04,2.7609,42.05,0.0,both,0.0,0.0,False
CHGG,2020-05-02,2020-05-05,2020-05-07,6.0,1193.0,76.2,False,0.3673,0.0254,0.4903,8.89,3.0,0.0,0.0,CHGG_2020-05-02,0.3673,8.89,3.0,both,0.0,0.0,False
CHGG,2020-07-07,2020-07-13,2020-07-23,17.0,648.0,10.3,False,-0.0114,0.0592,0.0796,0.58,7.0,0.0,0.0,CHGG_2020-07-07,-0.0114,0.58,7.0,both,0.0,0.0,False
CHGG,2020-10-13,2020-10-26,2020-10-27,15.0,614.0,48.2,False,0.0463,-0.1105,0.0503,1.37,-6.0,1.0,0.0,CHGG_2020-10-13,0.0463,1.37,-6.0,both,0.0,0.0,False
CHGG,2021-11-01,2021-11-02,2021-11-04,4.0,663.0,282.9,False,-0.4596,-0.0153,0.0559,15.42,-1.0,0.0,0.0,CHGG_2021-11-01,-0.4596,15.42,-1.0,both,0.0,0.0,False
CHGG,2022-02-06,2022-02-07,2022-02-08,3.0,551.0,177.7,False,0.0365,0.1599,0.2547,3.91,2.0,1.0,0.0,CHGG_2022-02-06,0.0365,3.91,2.0,both,0.0,0.0,False
CHGG,2023-05-01,2023-05-02,2023-05-03,3.0,442.0,236.0,False,-0.495,0.12,0.02,10.94,-6.0,0.0,0.0,CHGG_2023-05-01,-0.495,10.94,-6.0,both,0.0,0.0,False
CHK,2020-04-15,2020-04-30,2020-05-01,17.0,559.0,11.1,False,-0.3331,-0.144,0.5221,7.95,-6.0,-6.0,1.0,CHK_2020-04-15,132.3841,0.04,-6.0,both,132.7172,7.91,False
CHK,2020-06-05,2020-06-08,2020-06-10,6.0,1079.0,76.0,False,3.9765,-0.7596,3.9765,6.7,0.0,0.0,0.0,CHK_2020-06-05,3.9765,6.7,0.0,both,0.0,0.0,False
CHWY,2020-03-28,2020-04-02,2020-04-03,7.0,365.0,25.5,False,-0.0304,-0.0482,0.0509,1.58,-3.0,6.0,0.0,CHWY_2020-03-28,-0.0304,1.58,-3.0,both,0.0,0.0,False
CHWY,2020-05-22,2020-06-09,2020-06-10,20.0,1199.0,26.9,False,0.2817,-0.0365,0.2817,1.03,0.0,0.0,0.0,CHWY_2020-05-22,0.2817,1.03,0.0,both,0.0,0.0,False
CHWY,2020-08-28,2020-09-01,2020-09-11,15.0,1965.0,20.4,False,0.2206,-0.225,0.2324,2.19,1.0,10.0,0.0,CHWY_2020-08-28,0.2206,2.19,1.0,both,0.0,0.0,False
CHWY,2020-11-30,2020-12-08,2020-12-29,30.0,2082.0,11.6,False,0.066,0.1487,0.4477,1.78,13.0,1.0,0.0,CHWY_2020-11-30,0.066,1.78,13.0,both,0.0,0.0,False
CHWY,2021-03-30,2021-03-30,2021-04-20,22.0,2198.0,5.9,False,0.0194,-0.0421,0.1082,1.68,14.0,1.0,0.0,CHWY_2021-03-30,0.0194,1.68,14.0,both,0.0,0.0,False
CHWY,2021-06-09,2021-06-10,2021-06-16,8.0,1013.0,5.7,False,-0.0015,-0.0271,0.0,1.95,-2.0,1.0,0.0,CHWY_2021-06-09,-0.0015,1.95,-2.0,both,0.0,0.0,False
CHWY,2021-09-01,2021-09-01,2021-09-03,3.0,598.0,9.3,False,-0.0078,-0.1222,0.0225,5.96,-2.0,1.0,0.0,CHWY_2021-09-01,-0.0078,5.96,-2.0,both,0.0,0.0,False
CHWY,2021-10-27,2021-10-29,2021-10-29,3.0,384.0,7.8,False,0.1149,0.0,0.1149,1.58,0.0,-1.0,0.0,CHWY_2021-10-27,0.1149,1.58,0.0,both,0.0,0.0,False
CHWY,2021-12-04,2021-12-09,2021-12-10,7.0,2206.0,37.6,False,-0.1019,-0.0806,0.0952,2.35,-10.0,1.0,0.0,CHWY_2021-12-04,-0.1019,2.35,-10.0,both,0.0,0.0,False
CHWY,2022-03-07,2022-03-31,2022-03-31,25.0,1197.0,12.4,False,-0.0992,0.0,0.1266,1.24,-2.0,-1.0,0.0,CHWY_2022-03-07,-0.0992,1.24,-2.0,both,0.0,0.0,False
CHWY,2022-08-18,2022-08-19,2022-08-21,4.0,416.0,15.9,False,-0.1134,0.0,0.0365,0.97,-3.0,7.0,0.0,CHWY_2022-08-18,-0.1134,0.97,-3.0,both,0.0,0.0,False
CHWY,2024-06-27,2024-07-01,2024-07-01,5.0,2792.0,60.5,False,-0.127,0.0,0.0292,3.31,-6.0,-4.0,0.0,CHWY_2024-06-27,-0.127,3.31,-6.0,both,0.0,0.0,False
CHWY,2024-08-26,2024-08-28,2024-08-28,3.0,493.0,18.2,False,0.0757,0.0,0.0757,3.72,0.0,0.0,0.0,CHWY_2024-08-26,0.0757,3.72,0.0,both,0.0,0.0,False
CHWY,2026-05-04,2026-05-12,2026-05-13,10.0,322.0,32.1,False,-0.1034,-0.0546,0.0164,1.3,-13.0,-4.0,0.0,CHWY_2026-05-04,-0.1034,1.3,-13.0,both,0.0,0.0,False
CIDM,2021-01-27,2021-02-08,2021-02-10,15.0,521.0,27.7,False,0.5778,-0.0516,0.5852,0.89,1.0,-4.0,0.0,CIDM_2021-01-27,0.5778,0.89,1.0,both,0.0,0.0,False
CIFR,2025-09-25,2025-09-25,2025-10-16,22.0,564.0,13.5,False,-0.1754,0.6055,0.4873,1.62,20.0,0.0,0.0,CIFR_2025-09-25,-0.1754,1.62,20.0,both,0.0,0.0,False
CIIC,2020-11-18,2020-11-19,2020-11-24,7.0,2129.0,662.0,False,0.5814,0.5982,1.5274,94.92,5.0,0.0,0.0,CIIC_2020-11-18,0.5814,94.92,5.0,both,0.0,0.0,False
CJJD,2020-06-22,2020-06-26,2020-06-27,6.0,1008.0,32.1,False,0.2368,0.0,0.2632,0.86,-2.0,-3.0,0.0,CJJD_2020-06-22,0.2368,0.86,-2.0,both,0.0,0.0,False
CKX,2021-01-26,2021-01-29,2021-02-12,18.0,683.0,8.2,False,0.0028,0.0253,0.087,0.67,12.0,-1.0,0.0,CKX_2021-01-26,0.0028,0.67,12.0,both,0.0,0.0,False
CLBR,2025-07-07,2025-07-07,2025-07-16,10.0,912.0,4.7,False,0.0601,-1.0,0.0898,2.88,8.0,8.0,0.0,CLBR_2025-07-07,,,,left_only,,,True
CLDR,2020-05-29,2020-06-03,2020-06-09,12.0,616.0,62.4,False,0.2653,-0.0323,0.2653,5.77,0.0,6.0,0.0,CLDR_2020-05-29,0.2653,5.77,0.0,both,0.0,0.0,False
CLF,2020-12-15,2020-12-17,2020-12-23,9.0,447.0,15.2,False,0.0618,0.0201,0.0831,0.83,6.0,-7.0,0.0,CLF_2020-12-15,0.0618,0.83,6.0,both,0.0,0.0,False
CLF,2021-03-30,2021-03-31,2021-04-13,15.0,2165.0,8.3,False,0.2391,-0.1328,0.2391,1.46,0.0,0.0,0.0,CLF_2021-03-30,0.2391,1.46,0.0,both,0.0,0.0,False
CLF,2021-05-04,2021-05-04,2021-05-21,18.0,4338.0,3.4,False,0.1181,-0.113,0.1741,1.51,7.0,0.0,0.0,CLF_2021-05-04,0.1181,1.51,7.0,both,0.0,0.0,False
CLF,2021-06-09,2021-06-09,2021-06-15,7.0,11921.0,24.3,False,0.1455,-0.0155,0.2057,2.87,2.0,0.0,0.0,CLF_2021-06-09,0.1455,2.87,2.0,both,0.0,0.0,False
CLF,2021-10-22,2021-10-22,2021-11-08,18.0,3488.0,3.8,False,0.1271,-0.0109,0.2112,1.34,4.0,0.0,0.0,CLF_2021-10-22,0.1271,1.34,4.0,both,0.0,0.0,False
CLII,2021-01-20,2021-01-22,2021-02-01,13.0,696.0,7.4,False,0.6641,-0.0468,0.6694,38.87,4.0,0.0,0.0,CLII_2021-01-20,0.6641,38.87,4.0,both,0.0,0.0,False
CLNE,2021-04-19,2021-05-07,2021-05-26,38.0,929.0,11.7,False,-0.2083,-0.0884,0.0637,1.88,-23.0,-18.0,0.0,CLNE_2021-04-19,-0.2083,1.88,-23.0,both,0.0,0.0,False
CLNE,2021-06-02,2021-06-09,2021-06-18,17.0,29728.0,286.7,False,0.6074,-0.0952,0.6074,9.37,0.0,0.0,0.0,CLNE_2021-06-02,0.6074,9.37,0.0,both,0.0,0.0,False
CLOV,2021-02-04,2021-02-04,2021-02-09,6.0,1098.0,15.0,False,-0.1233,0.076,0.0014,3.58,-2.0,0.0,0.0,CLOV_2021-02-04,-0.1233,3.58,-2.0,both,0.0,0.0,False
CLOV,2021-04-16,2021-04-19,2021-04-21,6.0,3188.0,137.9,False,0.3156,-0.0641,0.3156,11.48,0.0,-3.0,0.0,CLOV_2021-04-16,0.3156,11.48,0.0,both,0.0,0.0,False
CLOV,2021-06-02,2021-06-08,2021-06-11,10.0,26945.0,61.7,False,1.8655,-0.3214,1.8655,17.67,0.0,0.0,0.0,CLOV_2021-06-02,1.8655,17.67,0.0,both,0.0,0.0,False
CLOV,2021-09-07,2021-09-07,2021-09-09,3.0,2573.0,5.3,False,0.2217,-0.138,0.2217,3.45,0.0,0.0,0.0,CLOV_2021-09-07,0.2217,3.45,0.0,both,0.0,0.0,False
CLOV,2022-02-23,2022-02-23,2022-02-28,6.0,316.0,7.6,False,-0.0147,0.3532,0.3333,2.39,5.0,1.0,0.0,CLOV_2022-02-23,-0.0147,2.39,5.0,both,0.0,0.0,False
CLOV,2022-08-08,2022-08-08,2022-08-24,17.0,459.0,10.7,False,0.0429,-0.1382,0.0429,1.78,0.0,0.0,0.0,CLOV_2022-08-08,0.0429,1.78,0.0,both,0.0,0.0,False
CLOV,2024-08-14,2024-08-19,2024-08-22,9.0,1386.0,97.2,False,0.59,0.0566,0.75,3.88,2.0,0.0,0.0,CLOV_2024-08-14,0.59,3.88,2.0,both,0.0,0.0,False
CLOV,2024-10-02,2024-10-03,2024-10-04,3.0,358.0,24.1,False,0.4388,0.01,0.4532,3.52,1.0,0.0,0.0,CLOV_2024-10-02,0.4388,3.52,1.0,both,0.0,0.0,False
CLOV,2025-07-21,2025-07-23,2025-07-23,3.0,864.0,291.5,False,0.1599,0.0,0.1599,1.07,0.0,0.0,0.0,CLOV_2025-07-21,0.1599,1.07,0.0,both,0.0,0.0,False
CLSK,2020-06-26,2020-06-26,2020-06-30,5.0,592.0,57.1,False,0.1943,0.0278,0.5403,9.85,3.0,3.0,0.0,CLSK_2020-06-26,0.1943,9.85,3.0,both,0.0,0.0,False
CLVS,2021-01-26,2021-01-27,2021-02-08,14.0,759.0,161.8,False,0.0051,0.3023,0.3089,2.07,12.0,1.0,0.0,CLVS_2021-01-26,0.0051,2.07,12.0,both,0.0,0.0,False
CLVS,2021-06-08,2021-06-09,2021-06-10,3.0,318.0,62.6,False,0.1578,-0.0539,0.1578,5.01,0.0,0.0,0.0,CLVS_2021-06-08,0.1578,5.01,0.0,both,0.0,0.0,False
CLX,2020-02-27,2020-02-28,2020-03-19,22.0,465.0,9.9,False,-0.0512,0.203,0.1776,3.02,18.0,18.0,0.0,CLX_2020-02-27,-0.0512,3.02,18.0,both,0.0,0.0,False
CLX,2020-04-24,2020-04-24,2020-05-01,8.0,310.0,15.6,False,0.0038,0.0108,0.0714,1.09,11.0,7.0,0.0,CLX_2020-04-24,0.0038,1.09,11.0,both,0.0,0.0,False
CLX,2020-07-31,2020-08-03,2020-08-03,4.0,442.0,22.7,False,0.003,0.0,0.028,3.17,1.0,0.0,0.0,CLX_2020-07-31,0.003,3.17,1.0,both,0.0,0.0,False
CMA,2023-04-26,2023-05-04,2023-05-05,10.0,365.0,34.5,False,-0.2334,0.1676,0.0742,1.97,-13.0,0.0,0.0,CMA_2023-04-26,-0.2334,1.97,-13.0,both,0.0,0.0,False
CMCSA,2021-01-27,2021-01-29,2021-02-01,6.0,328.0,16.0,False,-0.0104,0.0117,0.0301,1.35,-1.0,-1.0,0.0,CMCSA_2021-01-27,-0.0104,1.35,-1.0,both,0.0,0.0,False
CMC,2021-04-11,2021-06-17,2021-06-25,76.0,3284.0,15.1,False,0.0175,0.0308,0.1444,0.72,-9.0,1.0,0.0,CMC_2021-04-11,0.0175,0.72,-9.0,both,0.0,0.0,False
CMG,2024-06-25,2024-07-09,2024-07-10,16.0,416.0,7.3,False,-0.1001,0.0143,0.0311,1.15,-13.0,-19.0,1.0,CMG_2024-06-25,-0.982,51.61,-14.0,both,0.8819,50.46,False
CMPS,2021-02-10,2021-02-11,2021-02-16,7.0,443.0,27.3,False,0.1176,-0.0464,0.1878,2.58,8.0,0.0,0.0,CMPS_2021-02-10,0.1176,2.58,8.0,both,0.0,0.0,False
CNK,2021-01-27,2021-01-27,2021-02-09,14.0,712.0,26.0,False,0.0491,-0.1117,0.0491,1.39,0.0,0.0,0.0,CNK_2021-01-27,0.0491,1.39,0.0,both,0.0,0.0,False
CNL,2025-04-03,2025-04-09,2025-04-23,21.0,525.0,5.7,False,0.0154,0.1334,0.2522,1.35,7.0,-5.0,0.0,CNL_2025-04-03,0.0154,1.35,7.0,both,0.0,0.0,False
CNSP,2025-02-14,2025-02-14,2025-02-18,5.0,468.0,228.0,False,0.2987,0.0179,0.3219,19.19,4.0,0.0,1.0,CNSP_2025-02-14,0.2963,19.27,4.0,both,0.0024000000000000132,0.0799999999999983,False
CNXN,2021-01-21,2021-01-28,2021-02-04,15.0,1654.0,16.6,False,-0.0597,0.0227,0.0226,1.41,-3.0,1.0,0.0,CNXN_2021-01-21,-0.0597,1.41,-3.0,both,0.0,0.0,False
CNXN,2021-04-06,2021-04-11,2021-07-22,108.0,6502.0,5.8,True,-0.0461,-0.0274,0.0421,0.87,45.0,40.0,0.0,CNXN_2021-04-06,-0.0461,0.87,45.0,both,0.0,0.0,False
CNXN,2021-10-23,2021-10-23,2021-11-02,11.0,625.0,2.3,False,,,0.1543,1.51,13.0,11.0,0.0,CNXN_2021-10-23,,1.51,13.0,both,,0.0,False
CNXN,2022-03-24,2022-03-25,2022-04-28,36.0,1703.0,4.1,False,0.011,-0.0485,0.0461,1.25,4.0,14.0,0.0,CNXN_2022-03-24,0.011,1.25,4.0,both,0.0,0.0,False
CNXN,2022-11-14,2022-11-14,2022-11-22,9.0,339.0,3.5,False,0.002,0.0843,0.0976,1.24,9.0,-4.0,0.0,CNXN_2022-11-14,0.002,1.24,9.0,both,0.0,0.0,False
CODX,2020-02-26,2020-02-27,2020-02-29,4.0,324.0,45.2,False,2.6987,-0.1711,3.1275,4.99,4.0,-1.0,0.0,CODX_2020-02-26,2.6987,4.99,4.0,both,0.0,0.0,False
COIN,2021-08-10,2021-08-10,2021-08-12,3.0,606.0,7.0,False,-0.0385,-0.0488,0.0,2.62,-1.0,1.0,0.0,COIN_2021-08-10,-0.0385,2.62,-1.0,both,0.0,0.0,False
COIN,2021-10-01,2021-11-09,2021-11-10,41.0,4581.0,17.1,False,0.5711,-0.0806,0.5711,1.97,0.0,1.0,0.0,COIN_2021-10-01,0.5711,1.97,0.0,both,0.0,0.0,False
COIN,2022-05-09,2022-05-11,2022-05-13,5.0,2954.0,21.0,False,-0.4822,0.2634,0.2546,8.1,-7.0,0.0,0.0,COIN_2022-05-09,-0.4822,8.1,-7.0,both,0.0,0.0,False
COIN,2022-06-13,2022-06-13,2022-06-15,3.0,815.0,4.9,False,-0.1141,0.0577,0.1787,1.63,-5.0,0.0,0.0,COIN_2022-06-13,-0.1141,1.63,-5.0,both,0.0,0.0,False
COIN,2022-08-04,2022-08-04,2022-08-10,7.0,1168.0,6.3,False,0.1001,0.0589,0.213,1.86,4.0,0.0,0.0,COIN_2022-08-04,0.1001,1.86,4.0,both,0.0,0.0,False
COIN,2022-11-03,2022-11-03,2022-11-27,25.0,3343.0,17.5,False,-0.0809,-0.2065,0.0913,2.09,-3.0,5.0,0.0,COIN_2022-11-03,-0.0809,2.09,-3.0,both,0.0,0.0,False
COIN,2023-06-05,2023-06-06,2023-06-07,3.0,549.0,32.1,False,-0.2005,0.032,0.0,3.22,-4.0,0.0,0.0,COIN_2023-06-05,-0.2005,3.22,-4.0,both,0.0,0.0,False
COIN,2023-07-11,2023-07-13,2023-07-14,4.0,675.0,13.9,False,0.3176,-0.0158,0.3564,2.43,6.0,0.0,0.0,COIN_2023-07-11,0.3176,2.43,6.0,both,0.0,0.0,False
COIN,2023-11-28,2023-12-04,2023-12-07,10.0,625.0,5.5,False,0.178,-0.0347,0.2242,1.51,4.0,0.0,0.0,COIN_2023-11-28,0.178,1.51,4.0,both,0.0,0.0,False
COIN,2024-02-14,2024-02-15,2024-02-16,3.0,749.0,19.1,False,0.1801,0.0884,0.2844,2.22,1.0,1.0,0.0,COIN_2024-02-14,0.1801,2.22,1.0,both,0.0,0.0,False
COIN,2024-05-02,2024-05-02,2024-05-06,5.0,383.0,8.2,False,0.0893,-0.0084,0.0893,1.36,0.0,1.0,0.0,COIN_2024-05-02,0.0893,1.36,0.0,both,0.0,0.0,False
COIN,2024-07-19,2024-08-01,2024-08-05,18.0,455.0,4.7,False,-0.0883,-0.109,0.1368,1.23,-10.0,4.0,0.0,COIN_2024-07-19,-0.0883,1.23,-10.0,both,0.0,0.0,False
COIN,2024-10-28,2024-11-11,2024-11-21,25.0,1777.0,21.9,False,0.5814,-0.0895,0.5871,1.95,7.0,0.0,0.0,COIN_2024-10-28,0.5814,1.95,7.0,both,0.0,0.0,False
COIN,2025-02-12,2025-02-13,2025-02-14,3.0,682.0,16.0,False,0.1169,-0.0798,0.1169,1.87,0.0,1.0,0.0,COIN_2025-02-12,0.1169,1.87,0.0,both,0.0,0.0,False
COIN,2025-05-08,2025-05-15,2025-05-16,9.0,723.0,26.9,False,0.2436,0.0901,0.3556,3.93,1.0,1.0,0.0,COIN_2025-05-08,0.2436,3.94,1.0,both,0.0,0.009999999999999787,False
COIN,2025-06-18,2025-06-18,2025-07-02,15.0,748.0,5.8,False,0.1632,0.2003,0.4775,2.75,8.0,0.0,0.0,COIN_2025-06-18,0.1632,2.75,8.0,both,0.0,0.0,False
COIN,2025-07-31,2025-07-31,2025-08-11,12.0,503.0,5.5,False,0.0007,-0.1539,0.0053,1.21,-3.0,1.0,0.0,COIN_2025-07-31,0.0007,1.19,-3.0,both,0.0,0.020000000000000018,False
COIN,2026-02-05,2026-02-12,2026-02-13,9.0,601.0,18.9,False,-0.1633,0.1646,0.1141,1.98,-10.0,1.0,0.0,COIN_2026-02-05,-0.1633,1.98,-10.0,both,0.0,0.0,False
COKE,2021-01-27,2021-01-27,2021-02-12,17.0,431.0,3.5,False,-0.0088,0.0166,0.0288,0.97,13.0,21.0,0.0,COKE_2021-01-27,-0.0088,0.97,13.0,both,0.0,0.0,False
COKE,2022-04-28,2022-04-28,2022-05-07,10.0,308.0,9.9,False,-0.0022,0.0491,0.1126,1.02,14.0,6.0,0.0,COKE_2022-04-28,-0.0022,1.02,14.0,both,0.0,0.0,False
COMS,2022-11-23,2022-12-01,2022-12-17,25.0,474.0,17.0,False,0.6222,-0.2146,1.1333,4.4,4.0,0.0,0.0,COMS_2022-11-23,0.6222,4.4,4.0,both,0.0,0.0,False
COO,2021-10-29,2021-11-01,2021-11-02,5.0,351.0,32.2,False,0.0125,-0.0031,0.0179,1.03,4.0,-7.0,0.0,COO_2021-10-29,0.0125,1.03,4.0,both,0.0,0.0,False
COSM,2022-11-21,2022-11-29,2022-12-08,18.0,1269.0,36.9,False,4.3423,-0.5634,4.3423,5.85,0.0,-6.0,0.0,COSM_2022-11-21,4.3423,5.85,0.0,both,0.0,0.0,False
COST,2020-03-02,2020-03-05,2020-03-06,5.0,360.0,21.2,False,0.1231,-0.014,0.1409,2.58,-1.0,-3.0,0.0,COST_2020-03-02,0.1231,2.58,-1.0,both,0.0,0.0,False
COST,2020-05-19,2020-05-28,2020-05-28,10.0,764.0,34.8,False,0.0225,0.0,0.0225,1.07,0.0,1.0,0.0,COST_2020-05-19,0.0225,1.07,0.0,both,0.0,0.0,False
COST,2020-09-01,2020-09-02,2020-09-08,8.0,432.0,31.7,False,0.0322,-0.0557,0.0322,1.31,0.0,1.0,0.0,COST_2020-09-01,0.0322,1.31,0.0,both,0.0,0.0,False
COST,2021-01-27,2021-02-04,2021-02-04,9.0,576.0,31.8,False,-0.025,0.0,0.0,0.99,-9.0,0.0,0.0,COST_2021-01-27,-0.025,0.99,-9.0,both,0.0,0.0,False
COST,2022-05-18,2022-05-26,2022-05-26,9.0,910.0,29.6,False,-0.052,0.0,0.0139,2.01,-13.0,-8.0,0.0,COST_2022-05-18,-0.052,2.01,-13.0,both,0.0,0.0,False
COST,2024-03-01,2024-03-07,2024-03-08,8.0,1204.0,63.8,False,0.0561,-0.0764,0.0561,1.91,0.0,1.0,0.0,COST_2024-03-01,0.0561,1.91,0.0,both,0.0,0.0,False
COST,2025-02-03,2025-03-06,2025-03-07,33.0,486.0,6.7,False,0.0477,-0.0607,0.099,1.1,-21.0,1.0,0.0,COST_2025-02-03,0.0477,1.11,-21.0,both,0.0,0.010000000000000009,False
COTY,2020-05-22,2020-06-08,2020-06-11,21.0,1302.0,123.6,False,0.8649,-0.2625,0.8649,2.4,0.0,-10.0,0.0,COTY_2020-05-22,0.8649,2.4,0.0,both,0.0,0.0,False
CPA,2021-01-27,2021-01-30,2021-02-27,32.0,572.0,6.1,False,-0.0003,0.1848,0.2136,1.22,31.0,33.0,0.0,CPA_2021-01-27,-0.0003,1.22,31.0,both,0.0,0.0,False
CPA,2021-05-22,2021-05-22,2021-06-02,12.0,310.0,3.6,False,,,0.0492,0.98,10.0,6.0,0.0,CPA_2021-05-22,,0.98,10.0,both,,0.0,False
CRKN,2024-12-31,2024-12-31,2025-01-21,22.0,556.0,11.1,False,0.0252,-0.2053,0.031,5.72,-4.0,17.0,0.0,CRKN_2024-12-31,0.0252,1.04,2.0,both,0.0,4.68,True
CRML,2025-10-06,2025-10-06,2025-10-15,10.0,402.0,29.4,False,0.4524,0.9603,2.7556,13.24,8.0,0.0,0.0,CRML_2025-10-06,0.4524,13.26,8.0,both,0.0,0.019999999999999574,False
CRM,2020-02-20,2020-02-25,2020-02-26,7.0,324.0,19.1,False,-0.0601,-0.0132,0.0025,2.09,-5.0,1.0,0.0,CRM_2020-02-20,-0.0601,2.09,-5.0,both,0.0,0.0,False
CRM,2020-05-08,2020-05-12,2020-05-28,21.0,2406.0,45.8,False,0.045,0.0201,0.0752,1.12,-1.0,17.0,0.0,CRM_2020-05-08,0.045,1.12,-1.0,both,0.0,0.0,False
CRM,2020-08-24,2020-08-26,2020-08-27,4.0,1647.0,77.3,False,0.3122,0.0147,0.3552,6.37,6.0,0.0,0.0,CRM_2020-08-24,0.3122,6.37,6.0,both,0.0,0.0,False
CRM,2020-11-25,2020-12-02,2020-12-22,28.0,5258.0,62.7,False,-0.1536,0.0471,0.0,2.7,-8.0,0.0,0.0,CRM_2020-11-25,-0.1536,2.7,-8.0,both,0.0,0.0,False
CRM,2021-11-29,2021-11-30,2021-12-01,3.0,316.0,16.2,False,0.0026,-0.1174,0.0441,4.3,-1.0,1.0,0.0,CRM_2021-11-29,0.0026,4.3,-1.0,both,0.0,0.0,False
CRM,2022-05-25,2022-05-31,2022-06-01,8.0,532.0,25.7,False,0.0211,0.0988,0.2005,1.99,2.0,1.0,0.0,CRM_2022-05-25,0.0211,1.99,2.0,both,0.0,0.0,False
CRM,2023-03-01,2023-03-01,2023-03-03,3.0,407.0,46.2,False,0.0229,0.114,0.1405,2.98,1.0,1.0,0.0,CRM_2023-03-01,0.0229,2.98,1.0,both,0.0,0.0,False
CRM,2023-05-30,2023-05-31,2023-06-01,3.0,430.0,43.1,False,0.0369,-0.0469,0.0369,3.34,0.0,1.0,0.0,CRM_2023-05-30,0.0369,3.34,0.0,both,0.0,0.0,False
CRM,2024-02-26,2024-02-28,2024-02-28,3.0,366.0,52.6,False,0.0238,0.0,0.0822,2.1,2.0,1.0,0.0,CRM_2024-02-26,0.0238,2.1,2.0,both,0.0,0.0,False
CRM,2024-05-29,2024-05-30,2024-05-31,3.0,1039.0,132.4,False,-0.192,0.0754,0.0091,9.08,-6.0,0.0,0.0,CRM_2024-05-29,-0.192,9.08,-6.0,both,0.0,0.0,False
CRM,2026-02-03,2026-02-25,2026-02-26,24.0,928.0,15.8,False,-0.0904,0.0403,0.0155,1.7,-27.0,1.0,0.0,CRM_2026-02-03,-0.0904,1.7,-27.0,both,0.0,0.0,False
CRON,2021-02-03,2021-02-11,2021-02-12,10.0,683.0,12.6,False,0.0705,0.0099,0.37,2.33,-1.0,-1.0,0.0,CRON_2021-02-03,0.0705,2.33,-1.0,both,0.0,0.0,False
CRSP,2020-11-27,2020-12-21,2021-02-22,88.0,3707.0,16.2,False,0.5167,-0.1695,0.9095,3.06,24.0,0.0,0.0,CRSP_2020-11-27,0.5167,3.06,24.0,both,0.0,0.0,False
CRSR,2020-10-20,2020-10-20,2020-10-22,3.0,317.0,9.1,False,0.1451,0.0457,0.2856,2.25,7.0,0.0,0.0,CRSR_2020-10-20,0.1451,2.25,7.0,both,0.0,0.0,False
CRSR,2020-11-18,2020-11-25,2020-12-02,15.0,6193.0,20.0,False,0.3333,-0.1916,0.5969,1.91,-1.0,0.0,0.0,CRSR_2020-11-18,0.3333,1.91,-1.0,both,0.0,0.0,False
CRSR,2021-01-22,2021-02-09,2021-02-16,26.0,7133.0,8.9,False,0.217,-0.1043,0.2521,2.12,-1.0,-13.0,0.0,CRSR_2021-01-22,0.217,2.12,-1.0,both,0.0,0.0,False
CRSR,2021-05-04,2021-05-05,2021-05-06,3.0,536.0,11.0,False,0.0169,-0.036,0.0251,3.52,-6.0,-1.0,0.0,CRSR_2021-05-04,0.0169,3.52,-6.0,both,0.0,0.0,False
CRSR,2021-06-09,2021-06-14,2021-06-15,7.0,3922.0,84.0,False,0.131,-0.0047,0.131,11.48,0.0,0.0,0.0,CRSR_2021-06-09,0.131,11.48,0.0,both,0.0,0.0,False
CRSR,2026-05-26,2026-05-28,2026-05-29,4.0,1385.0,698.2,False,0.5519,0.0159,0.5766,9.13,1.0,0.0,0.0,CRSR_2026-05-26,0.5519,9.25,1.0,both,0.0,0.11999999999999922,False
CRTX,2021-10-26,2021-11-02,2021-11-04,10.0,615.0,58.5,False,-0.7135,-0.0342,0.0024,31.76,-11.0,-6.0,0.0,CRTX_2021-10-26,-0.7135,31.76,-11.0,both,0.0,0.0,False
CRTX,2021-11-30,2021-12-01,2021-12-02,3.0,863.0,18.6,False,0.1191,0.0122,0.1327,0.77,1.0,0.0,0.0,CRTX_2021-11-30,0.1191,0.77,1.0,both,0.0,0.0,False
CRWD,2020-05-26,2020-06-02,2020-06-04,10.0,1147.0,42.3,False,0.122,0.0404,0.1931,3.09,1.0,1.0,0.0,CRWD_2020-05-26,0.122,3.09,1.0,both,0.0,0.0,False
CRWD,2020-08-26,2020-09-02,2020-09-02,8.0,906.0,39.3,False,0.2509,0.0,0.2652,2.92,-1.0,0.0,0.0,CRWD_2020-08-26,0.2509,2.92,-1.0,both,0.0,0.0,False
CRWD,2020-12-18,2020-12-18,2020-12-28,11.0,533.0,7.9,False,0.0999,0.0432,0.214,1.49,4.0,0.0,0.0,CRWD_2020-12-18,0.0999,1.49,4.0,both,0.0,0.0,False
CRWD,2021-08-24,2021-08-31,2021-09-01,9.0,312.0,14.7,False,0.1432,-0.0393,0.1651,3.64,-1.0,-6.0,0.0,CRWD_2021-08-24,0.1432,3.64,-1.0,both,0.0,0.0,False
CRWD,2021-11-15,2021-12-01,2021-12-03,19.0,364.0,17.5,False,-0.2912,-0.0221,0.0,2.32,-19.0,-16.0,0.0,CRWD_2021-11-15,-0.2912,2.32,-19.0,both,0.0,0.0,False
CRWD,2024-02-21,2024-03-05,2024-03-06,15.0,1527.0,101.4,False,-0.0808,0.1076,0.0184,2.24,2.0,1.0,0.0,CRWD_2024-02-21,-0.0808,2.24,2.0,both,0.0,0.0,False
CRWD,2024-05-30,2024-06-04,2024-06-05,7.0,683.0,89.8,False,-0.1257,0.1198,0.0717,3.17,6.0,1.0,0.0,CRWD_2024-05-30,-0.1257,3.17,6.0,both,0.0,0.0,False
CRWD,2024-07-19,2024-07-19,2024-07-23,5.0,5096.0,262.9,False,-0.111,-0.1183,0.1,6.68,-4.0,3.0,0.0,CRWD_2024-07-19,-0.111,6.68,-4.0,both,0.0,0.0,False
CRWD,2026-05-29,2026-06-03,2026-06-04,7.0,322.0,20.4,False,0.1142,-0.0381,0.1657,1.72,-2.0,1.0,0.0,CRWD_2026-05-29,0.1142,1.72,-2.0,both,0.0,0.0,False
CRWV,2025-05-14,2025-06-04,2025-06-05,23.0,2442.0,80.1,False,1.5782,-0.172,1.5782,5.03,0.0,-14.0,0.0,CRWV_2025-05-14,1.5782,5.0,0.0,both,0.0,0.03000000000000025,False
CRWV,2025-08-12,2025-08-14,2025-08-20,9.0,1115.0,9.7,False,-0.2881,-0.0802,0.0642,3.06,-2.0,1.0,0.0,CRWV_2025-08-12,-0.2881,3.07,-2.0,both,0.0,0.009999999999999787,False
CRWV,2025-11-10,2025-11-11,2025-11-14,5.0,861.0,13.1,False,-0.1502,-0.1248,0.1001,2.32,-6.0,0.0,0.0,CRWV_2025-11-10,-0.1502,2.34,-6.0,both,0.0,0.020000000000000018,False
CRY,2021-01-26,2021-01-28,2021-02-03,9.0,768.0,94.8,False,-0.0341,0.005,0.0377,0.97,11.0,-6.0,0.0,CRY_2021-01-26,-0.0341,0.97,11.0,both,0.0,0.0,False
CSCO,2020-05-07,2020-05-11,2020-05-13,7.0,4227.0,102.2,False,0.0527,-0.0316,0.095,1.22,7.0,3.0,0.0,CSCO_2020-05-07,0.0527,1.22,7.0,both,0.0,0.0,False
CSCO,2020-08-07,2020-08-12,2020-08-14,8.0,853.0,19.3,False,0.0069,-0.1164,0.0069,1.99,0.0,1.0,0.0,CSCO_2020-08-07,0.0069,1.99,0.0,both,0.0,0.0,False
CSCO,2022-04-29,2022-05-18,2022-05-20,22.0,705.0,51.8,False,-0.0448,-0.1121,0.0259,1.5,-23.0,1.0,0.0,CSCO_2022-04-29,-0.0448,1.5,-23.0,both,0.0,0.0,False
CSCO,2024-02-09,2024-02-14,2024-02-15,7.0,574.0,30.0,False,0.0066,-0.0243,0.0066,1.53,0.0,1.0,0.0,CSCO_2024-02-09,0.0066,1.53,0.0,both,0.0,0.0,False
CSCO,2024-05-15,2024-06-06,2024-06-07,24.0,455.0,13.7,False,-0.0556,-0.0084,0.0147,1.5,-22.0,-21.0,0.0,CSCO_2024-05-15,-0.0556,1.5,-22.0,both,0.0,0.0,False
CSCO,2024-06-18,2024-06-19,2024-06-21,4.0,304.0,4.9,False,0.0061,0.0287,0.037,1.85,6.0,2.0,0.0,CSCO_2024-06-18,0.0061,1.85,6.0,both,0.0,0.0,False
CSCO,2024-08-13,2024-08-14,2024-08-15,3.0,359.0,26.6,False,0.0129,0.068,0.1199,1.63,6.0,1.0,0.0,CSCO_2024-08-13,0.0129,1.63,6.0,both,0.0,0.0,False
CSCO,2026-05-09,2026-05-13,2026-05-15,7.0,633.0,55.3,False,0.0549,0.1604,0.231,2.4,5.0,1.0,0.0,CSCO_2026-05-09,0.0549,2.4,5.0,both,0.0,0.0,False
CSOD,2020-05-06,2020-05-08,2020-05-12,7.0,1802.0,135.7,False,0.097,-0.0411,0.097,1.11,0.0,4.0,0.0,CSOD_2020-05-06,0.097,1.11,0.0,both,0.0,0.0,False
CSX,2022-01-10,2022-04-06,2022-04-29,110.0,10588.0,217.0,False,-0.0757,-0.0095,0.0077,1.58,-7.0,-75.0,0.0,CSX_2022-01-10,-0.0757,1.58,-7.0,both,0.0,0.0,False
CS,2021-09-10,2021-09-20,2021-09-24,15.0,308.0,4.0,False,-0.1115,0.0511,0.0038,1.73,-7.0,0.0,0.0,CS_2021-09-10,-0.1115,1.73,-7.0,both,0.0,0.0,False
CS,2022-02-20,2022-02-21,2022-03-05,14.0,409.0,6.1,False,,,0.0202,1.67,-5.0,15.0,0.0,CS_2022-02-20,,1.67,-5.0,both,,0.0,False
CS,2022-09-23,2022-10-03,2022-10-04,12.0,3033.0,191.4,False,-0.1486,0.1222,0.1125,1.91,-14.0,4.0,0.0,CS_2022-09-23,-0.1486,1.91,-14.0,both,0.0,0.0,False
CS,2023-03-09,2023-03-15,2023-03-21,13.0,4849.0,68.4,False,-0.2552,-0.5518,0.0345,6.88,-9.0,0.0,0.0,CS_2023-03-09,-0.2552,6.88,-9.0,both,0.0,0.0,False
CTM,2024-12-19,2024-12-26,2025-01-08,21.0,2143.0,26.3,False,3.6,-0.1739,7.6,11.04,4.0,0.0,0.0,CTM_2024-12-19,3.6,11.04,4.0,both,0.0,0.0,False
CTM,2025-03-03,2025-03-03,2025-03-05,3.0,479.0,11.2,False,0.1574,0.152,0.4074,3.64,1.0,0.0,0.0,CTM_2025-03-03,0.1574,3.64,1.0,both,0.0,0.0,False
CTM,2025-07-15,2025-08-08,2025-08-18,35.0,855.0,10.4,False,0.0079,-0.1562,0.1732,1.61,-21.0,-21.0,0.0,CTM_2025-07-15,0.0079,1.61,-21.0,both,0.0,0.0,False
CTRM,2021-01-27,2021-01-28,2021-01-29,3.0,2645.0,97.8,False,0.5621,0.0162,0.8182,2.41,4.0,-1.0,0.0,CTRM_2021-01-27,0.5621,2.41,4.0,both,0.0,0.0,False
CTXR,2021-02-16,2021-02-22,2021-03-10,23.0,1985.0,108.5,False,0.6544,-0.1911,0.7206,9.18,1.0,-3.0,0.0,CTXR_2021-02-16,0.6544,9.18,1.0,both,0.0,0.0,False
CTXR,2021-06-15,2021-06-22,2021-07-06,22.0,779.0,9.7,False,0.3891,-0.4346,0.5382,4.54,-1.0,10.0,0.0,CTXR_2021-06-15,0.3891,4.54,-1.0,both,0.0,0.0,False
CUK,2020-02-26,2020-04-02,2020-04-20,55.0,2029.0,17.2,False,-0.7778,0.4813,0.1623,4.97,-41.0,0.0,0.0,CUK_2020-02-26,-0.7778,4.97,-41.0,both,0.0,0.0,False
CUK,2020-11-09,2020-11-09,2020-12-21,43.0,428.0,7.7,False,0.4102,0.0684,0.7164,1.61,25.0,0.0,0.0,CUK_2020-11-09,0.4102,1.61,25.0,both,0.0,0.0,False
CUK,2021-01-27,2021-01-28,2021-02-03,8.0,530.0,24.7,False,0.0346,0.0561,0.1649,1.4,11.0,-3.0,0.0,CUK_2021-01-27,0.0346,1.4,11.0,both,0.0,0.0,False
CUZ,2021-01-25,2021-01-28,2021-02-02,9.0,734.0,32.5,False,-0.0363,0.016,0.0275,1.2,-8.0,4.0,0.0,CUZ_2021-01-25,-0.0363,1.2,-8.0,both,0.0,0.0,False
CVLB,2021-01-28,2021-02-10,2021-02-12,16.0,1370.0,7.1,False,0.9665,-0.0416,0.9697,2.41,7.0,-9.0,0.0,CVLB_2021-01-28,0.9665,2.41,7.0,both,0.0,0.0,False
CVNA,2022-06-30,2022-06-30,2022-07-11,12.0,351.0,6.9,False,-0.0229,-0.0217,0.3129,1.2,-3.0,5.0,0.0,CVNA_2022-06-30,-0.0229,1.2,-3.0,both,0.0,0.0,False
CVNA,2022-08-04,2022-08-05,2022-08-11,8.0,373.0,9.7,False,0.3461,0.067,0.5642,1.74,11.0,0.0,0.0,CVNA_2022-08-04,0.3461,1.74,11.0,both,0.0,0.0,False
CVNA,2022-11-03,2022-11-07,2022-11-11,9.0,1060.0,14.8,False,-0.4514,0.6076,0.1344,3.24,-6.0,-3.0,0.0,CVNA_2022-11-03,-0.4514,3.24,-6.0,both,0.0,0.0,False
CVNA,2022-12-07,2022-12-07,2022-12-09,3.0,1121.0,11.7,False,-0.4292,0.3185,0.2027,3.69,-5.0,0.0,0.0,CVNA_2022-12-07,-0.4292,3.69,-5.0,both,0.0,0.0,False
CVNA,2023-01-30,2023-02-02,2023-02-03,5.0,1691.0,21.8,False,0.834,0.014,0.8597,3.7,1.0,0.0,0.0,CVNA_2023-01-30,0.834,3.7,1.0,both,0.0,0.0,False
CVNA,2023-05-04,2023-05-04,2023-05-11,8.0,455.0,15.6,False,0.0184,0.6611,0.86,4.98,6.0,1.0,0.0,CVNA_2023-05-04,0.0184,4.98,6.0,both,0.0,0.0,False
CVNA,2023-07-12,2023-07-19,2023-07-20,9.0,2365.0,22.3,False,0.5687,-0.1625,0.5687,1.9,0.0,0.0,0.0,CVNA_2023-07-12,0.5687,1.9,0.0,both,0.0,0.0,False
CVNA,2024-02-22,2024-02-22,2024-02-28,7.0,1235.0,46.4,False,0.0609,0.44,0.6794,3.19,8.0,1.0,0.0,CVNA_2024-02-22,0.0609,3.19,8.0,both,0.0,0.0,False
CVNA,2024-05-01,2024-05-01,2024-05-07,7.0,1089.0,56.5,False,0.0503,0.3395,0.483,3.2,5.0,1.0,0.0,CVNA_2024-05-01,0.0503,3.2,5.0,both,0.0,0.0,False
CVNA,2024-10-23,2024-10-30,2024-10-31,9.0,1050.0,37.2,False,0.0505,0.1929,0.2532,1.84,1.0,1.0,0.0,CVNA_2024-10-23,0.0505,1.84,1.0,both,0.0,0.0,False
CVNA,2025-01-02,2025-01-03,2025-01-16,15.0,2911.0,28.7,False,-0.1288,0.3091,0.1424,2.64,18.0,0.0,0.0,CVNA_2025-01-02,-0.8258,13.19,-4.0,both,0.697,10.549999999999999,True
CVNA,2025-05-07,2025-05-07,2025-05-19,13.0,558.0,7.3,False,0.0014,0.1776,0.1805,1.3,7.0,1.0,0.0,CVNA_2025-05-07,0.0014,1.3,7.0,both,0.0,0.0,False
CVNA,2025-07-17,2025-07-21,2025-07-24,8.0,600.0,5.8,False,-0.0287,-0.0463,0.0,0.86,-5.0,-5.0,0.0,CVNA_2025-07-17,-0.0287,0.86,-5.0,both,0.0,0.0,False
CVNA,2025-12-05,2025-12-08,2025-12-12,8.0,1055.0,23.5,False,0.1232,0.0172,0.1852,2.12,3.0,0.0,0.0,CVNA_2025-12-05,0.1232,2.12,3.0,both,0.0,0.0,False
CVS,2020-07-28,2020-08-05,2020-08-05,9.0,1111.0,55.0,False,0.0292,0.0,0.0502,1.19,5.0,0.0,0.0,CVS_2020-07-28,0.0292,1.19,5.0,both,0.0,0.0,False
CVS,2020-11-06,2020-11-17,2020-11-18,13.0,408.0,23.4,False,0.0933,-0.0118,0.1964,2.07,-1.0,0.0,0.0,CVS_2020-11-06,0.0933,2.07,-1.0,both,0.0,0.0,False
CVS,2021-01-27,2021-02-19,2021-02-19,24.0,1141.0,29.7,False,-0.0513,0.0,0.0,1.11,-24.0,-3.0,0.0,CVS_2021-01-27,-0.0513,1.11,-24.0,both,0.0,0.0,False
CVX,2021-02-16,2021-02-19,2021-02-19,4.0,532.0,43.7,False,0.0351,0.0,0.1163,1.29,5.0,5.0,0.0,CVX_2021-02-16,0.0351,1.29,5.0,both,0.0,0.0,False
CVX,2022-03-02,2022-03-08,2022-03-10,9.0,389.0,11.2,False,0.139,0.0017,0.1415,2.3,3.0,0.0,0.0,CVX_2022-03-02,0.139,2.3,3.0,both,0.0,0.0,False
CXAI,2026-05-20,2026-06-04,2026-06-09,21.0,503.0,109.0,False,0.5089,-0.1218,0.5089,12.41,0.0,0.0,0.0,CXAI_2026-05-20,0.5089,12.66,0.0,both,0.0,0.25,False
CYCU,2025-09-18,2025-09-25,2025-09-26,9.0,350.0,64.7,False,1.4672,-0.3065,1.4672,1.61,0.0,0.0,0.0,CYCU_2025-09-18,1.467,1.62,0.0,both,0.00019999999999997797,0.010000000000000009,False
CYN,2025-02-05,2025-02-11,2025-02-11,7.0,1633.0,156.0,False,1.2958,0.0,2.8028,45.42,-11.0,-1.0,0.0,CYN_2025-02-05,1.2958,45.44,-11.0,both,0.0,0.01999999999999602,False
CZR,2020-02-27,2020-03-17,2020-03-20,23.0,1345.0,183.0,False,-0.6062,0.0686,0.0826,3.76,-22.0,-18.0,0.0,CZR_2020-02-27,-0.6062,3.76,-22.0,both,0.0,0.0,False
DAL,2020-02-26,2020-02-27,2020-03-19,23.0,2919.0,72.6,False,-0.0531,-0.5536,0.1372,4.16,-6.0,26.0,0.0,DAL_2020-02-26,-0.0531,4.16,-6.0,both,0.0,0.0,False
DAL,2020-06-04,2020-06-05,2020-06-11,8.0,1286.0,5.4,False,0.1999,-0.2037,0.2986,1.72,3.0,-1.0,0.0,DAL_2020-06-04,0.1999,1.72,3.0,both,0.0,0.0,False
DAL,2023-07-10,2023-07-13,2023-07-14,5.0,509.0,29.0,False,-0.0036,-0.0256,0.0163,1.29,-2.0,0.0,0.0,DAL_2023-07-10,-0.0036,1.29,-2.0,both,0.0,0.0,False
DARE,2021-01-25,2021-01-29,2021-02-02,9.0,572.0,39.0,False,-0.226,-0.0686,0.0274,0.44,-9.0,-9.0,0.0,DARE_2021-01-25,-0.226,0.44,-9.0,both,0.0,0.0,False
DASH,2021-03-08,2021-03-08,2021-03-10,3.0,702.0,6.1,False,-0.1193,0.0177,0.0,3.26,-3.0,1.0,0.0,DASH_2021-03-08,-0.1193,3.26,-3.0,both,0.0,0.0,False
DASH,2021-08-12,2021-08-13,2021-08-21,10.0,320.0,7.7,False,0.0222,-0.055,0.0222,2.58,0.0,0.0,0.0,DASH_2021-08-12,0.0222,2.58,0.0,both,0.0,0.0,False
DASH,2021-11-08,2021-11-09,2021-11-10,3.0,603.0,43.8,False,-0.0336,0.1158,0.238,4.08,3.0,1.0,0.0,DASH_2021-11-08,-0.0336,4.08,3.0,both,0.0,0.0,False
DASH,2022-01-11,2022-02-16,2022-02-17,38.0,960.0,35.2,False,-0.2889,0.1069,0.0764,2.0,-36.0,1.0,0.0,DASH_2022-01-11,-0.2889,2.0,-36.0,both,0.0,0.0,False
DASH,2022-05-04,2022-05-05,2022-05-11,8.0,399.0,10.9,False,-0.0762,-0.1865,0.0389,2.75,-3.0,1.0,0.0,DASH_2022-05-04,-0.0762,2.75,-3.0,both,0.0,0.0,False
DASH,2025-03-20,2025-03-23,2025-03-24,5.0,336.0,10.0,False,-0.0002,0.0439,0.0475,4.73,2.0,-2.0,0.0,DASH_2025-03-20,-0.0002,4.7,2.0,both,0.0,0.03000000000000025,False
DASH,2025-10-30,2025-10-31,2025-11-06,8.0,305.0,15.9,False,-0.0439,-0.2277,0.0,2.39,-2.0,6.0,0.0,DASH_2025-10-30,-0.0439,2.43,-2.0,both,0.0,0.040000000000000036,False
DAWN,2025-01-16,2025-01-16,2025-02-13,29.0,334.0,7.5,False,0.0447,-0.0153,0.1129,0.81,12.0,-3.0,0.0,DAWN_2025-01-16,,,,left_only,,,True
DAY,2025-04-02,2025-04-07,2025-04-10,9.0,524.0,6.8,False,-0.1217,0.0562,0.0165,0.95,-5.0,-3.0,0.0,DAY_2025-04-02,,,,left_only,,,True
DBX,2020-05-06,2020-05-07,2020-05-08,3.0,925.0,258.2,False,0.0926,-0.0005,0.145,2.69,4.0,0.0,0.0,DBX_2020-05-06,0.0926,2.69,4.0,both,0.0,0.0,False
DBX,2020-08-03,2020-08-06,2020-08-10,8.0,306.0,15.3,False,0.0229,-0.144,0.0229,2.03,0.0,1.0,0.0,DBX_2020-08-03,0.0229,2.03,0.0,both,0.0,0.0,False
DBX,2020-11-21,2020-12-14,2020-12-14,24.0,929.0,59.1,False,0.2254,0.0,0.2554,1.41,3.0,0.0,0.0,DBX_2020-11-21,0.2254,1.41,3.0,both,0.0,0.0,False
DBX,2021-01-27,2021-01-27,2021-02-12,17.0,351.0,5.5,False,0.0928,0.0103,0.1189,1.07,9.0,0.0,0.0,DBX_2021-01-27,0.0928,1.07,9.0,both,0.0,0.0,False
DB,2020-03-06,2020-03-12,2020-03-20,15.0,317.0,13.7,False,-0.2865,0.0416,0.1084,1.35,-10.0,-1.0,0.0,DB_2020-03-06,-0.2865,1.35,-10.0,both,0.0,0.0,False
DB,2023-03-15,2023-03-24,2023-03-25,11.0,814.0,159.9,False,-0.1696,0.0,0.0,3.71,-10.0,0.0,0.0,DB_2023-03-15,-0.1696,3.71,-10.0,both,0.0,0.0,False
DCAR,2020-05-21,2020-05-21,2020-05-28,8.0,386.0,39.7,False,0.1553,-0.3462,0.1942,3.04,5.0,7.0,0.0,DCAR_2020-05-21,0.1553,3.04,5.0,both,0.0,0.0,False
DCRC,2021-06-09,2021-06-11,2021-06-16,8.0,1013.0,213.0,False,0.1681,-0.1487,0.1681,23.75,0.0,4.0,0.0,DCRC_2021-06-09,0.1681,23.75,0.0,both,0.0,0.0,False
DDOG,2020-05-07,2020-05-11,2020-05-14,8.0,616.0,149.6,False,0.1961,0.1706,0.5047,4.65,8.0,1.0,0.0,DDOG_2020-05-07,0.1961,4.65,8.0,both,0.0,0.0,False
DDOG,2020-08-03,2020-08-06,2020-08-07,5.0,384.0,14.5,False,-0.041,-0.1636,0.0193,2.29,-3.0,1.0,0.0,DDOG_2020-08-03,-0.041,2.29,-3.0,both,0.0,0.0,False
DDOG,2020-09-30,2020-09-30,2020-10-14,15.0,365.0,31.4,False,0.1236,0.1115,0.2854,1.72,13.0,0.0,0.0,DDOG_2020-09-30,0.1236,1.72,13.0,both,0.0,0.0,False
DDOG,2024-02-09,2024-02-09,2024-02-16,8.0,385.0,5.6,False,0.0263,-0.0383,0.0358,1.76,5.0,4.0,0.0,DDOG_2024-02-09,0.0263,1.76,5.0,both,0.0,0.0,False
DDS,2021-01-26,2021-01-27,2021-01-29,4.0,305.0,54.1,False,0.0908,-0.0767,0.1982,2.42,-1.0,0.0,0.0,DDS_2021-01-26,0.0908,2.42,-1.0,both,0.0,0.0,False
DEAC,2020-01-23,2020-01-28,2020-01-31,9.0,624.0,72.3,False,0.0568,-0.0365,0.0568,1.1,0.0,0.0,0.0,DEAC_2020-01-23,0.0568,1.1,0.0,both,0.0,0.0,False
DEAC,2020-04-17,2020-04-23,2020-04-23,7.0,437.0,59.7,False,0.0895,0.0,0.092,1.27,-3.0,-6.0,0.0,DEAC_2020-04-17,0.0895,1.27,-3.0,both,0.0,0.0,False
DEI,2025-01-28,2025-01-31,2025-02-12,16.0,971.0,14.7,False,0.0251,-0.0768,0.0251,1.12,0.0,5.0,0.0,DEI_2025-01-28,0.0251,1.12,0.0,both,0.0,0.0,False
DELL,2020-05-19,2020-05-28,2020-05-29,11.0,573.0,105.0,False,0.0411,0.0891,0.1339,1.89,1.0,1.0,0.0,DELL_2020-05-19,0.0411,1.89,1.0,both,0.0,0.0,False
DELL,2024-02-29,2024-03-01,2024-03-02,3.0,493.0,63.3,False,0.3361,0.0,0.3361,9.04,0.0,0.0,0.0,DELL_2024-02-29,0.3361,9.04,0.0,both,0.0,0.0,False
DELL,2024-05-23,2024-05-30,2024-05-31,9.0,799.0,144.4,False,0.1498,-0.1787,0.2127,4.91,-1.0,1.0,0.0,DELL_2024-05-23,0.1498,4.91,-1.0,both,0.0,0.0,False
DELL,2026-05-22,2026-05-28,2026-06-01,11.0,965.0,71.5,False,0.2542,0.4697,0.8432,3.62,4.0,1.0,0.0,DELL_2026-05-22,0.2542,3.62,4.0,both,0.0,0.0,False
DFLI,2025-09-24,2025-09-29,2025-10-03,10.0,3717.0,341.2,False,1.2699,1.8811,5.5398,35.13,4.0,3.0,0.0,DFLI_2025-09-24,1.2699,35.07,4.0,both,0.0,0.060000000000002274,False
DFS,2020-04-22,2020-04-23,2020-05-01,10.0,334.0,4.3,False,0.0152,0.1881,0.3385,1.04,6.0,0.0,0.0,DFS_2020-04-22,0.0152,1.04,6.0,both,0.0,0.0,False
DFS,2021-01-26,2021-02-19,2021-02-19,25.0,1291.0,33.1,False,0.0546,0.0,0.0999,1.0,5.0,-29.0,0.0,DFS_2021-01-26,0.0546,1.0,5.0,both,0.0,0.0,False
DGLY,2020-05-30,2020-06-09,2020-06-17,19.0,4843.0,942.0,False,4.0893,-0.2544,4.0893,43.82,0.0,-1.0,0.0,DGLY_2020-05-30,4.0893,43.82,0.0,both,0.0,0.0,False
DHT,2020-04-20,2020-05-05,2020-05-07,18.0,1346.0,66.3,False,-0.0989,-0.0307,0.1161,1.33,-14.0,-8.0,0.0,DHT_2020-04-20,-0.0989,1.33,-14.0,both,0.0,0.0,False
DISCA,2021-01-28,2021-01-28,2021-02-11,15.0,736.0,6.7,False,-0.065,0.1104,0.0896,0.91,15.0,-1.0,0.0,DISCA_2021-01-28,-0.065,0.91,15.0,both,0.0,0.0,False
DISCA,2021-03-26,2021-03-31,2021-04-01,7.0,1658.0,16.1,False,-0.2474,-0.0035,0.2926,4.76,-9.0,-5.0,0.0,DISCA_2021-03-26,-0.2474,4.76,-9.0,both,0.0,0.0,False
DISCA,2021-05-16,2021-05-17,2021-05-20,5.0,605.0,7.2,False,-0.0505,-0.0591,0.0318,3.87,-6.0,0.0,0.0,DISCA_2021-05-16,-0.0505,3.87,-6.0,both,0.0,0.0,False
DISCA,2022-01-07,2022-01-07,2022-02-25,50.0,1785.0,3.9,False,0.1687,-0.0605,0.2123,1.62,7.0,0.0,0.0,DISCA_2022-01-07,0.1687,1.62,7.0,both,0.0,0.0,False
DISCA,2022-03-23,2022-03-24,2022-03-30,8.0,628.0,5.4,False,0.0093,-0.0524,0.0179,0.68,1.0,4.0,0.0,DISCA_2022-03-23,0.0093,0.68,1.0,both,0.0,0.0,False
DISCB,2021-01-22,2021-01-28,2021-02-11,21.0,871.0,10.4,False,0.0614,0.1941,0.2938,1.56,19.0,-1.0,0.0,DISCB_2021-01-22,0.0614,1.56,19.0,both,0.0,0.0,False
DISCB,2021-03-28,2021-03-31,2021-04-01,5.0,1090.0,19.6,False,1.4768,-0.1315,1.4768,142.24,0.0,0.0,0.0,DISCB_2021-03-28,1.4768,142.24,0.0,both,0.0,0.0,False
DISCB,2021-05-16,2021-05-17,2021-05-28,13.0,731.0,5.4,False,0.1383,-0.1282,0.1383,1.46,0.0,0.0,0.0,DISCB_2021-05-16,0.1383,1.46,0.0,both,0.0,0.0,False
DISCB,2022-03-23,2022-03-24,2022-03-30,8.0,624.0,5.5,False,-0.0081,0.015,0.0067,2.95,6.0,5.0,0.0,DISCB_2022-03-23,-0.0081,2.95,6.0,both,0.0,0.0,False
DISCK,2021-01-22,2021-01-28,2021-02-11,21.0,875.0,10.6,False,0.0774,0.1168,0.2573,2.11,15.0,-1.0,0.0,DISCK_2021-01-22,0.0774,2.11,15.0,both,0.0,0.0,False
DISCK,2021-03-26,2021-03-28,2021-03-31,6.0,801.0,8.4,False,-0.2955,0.0259,0.2684,3.2,-6.0,-2.0,0.0,DISCK_2021-03-26,-0.2955,3.2,-6.0,both,0.0,0.0,False
DISCK,2021-05-17,2021-05-17,2021-05-28,12.0,677.0,5.4,False,0.0309,-0.0518,0.0309,1.66,0.0,0.0,0.0,DISCK_2021-05-17,0.0309,1.66,0.0,both,0.0,0.0,False
DISCK,2022-03-23,2022-03-24,2022-03-30,8.0,630.0,5.5,False,0.0056,-0.0509,0.013,0.84,1.0,-1.0,0.0,DISCK_2022-03-23,0.0056,0.84,1.0,both,0.0,0.0,False
DISH,2023-07-25,2023-07-26,2023-07-28,4.0,976.0,255.8,False,-0.0696,0.0789,0.0219,1.7,5.0,0.0,0.0,DISH_2023-07-25,-0.0696,1.7,5.0,both,0.0,0.0,False
DIS,2020-01-31,2020-02-04,2020-02-05,6.0,1349.0,21.8,False,0.0502,-0.0232,0.0502,2.06,0.0,1.0,0.0,DIS_2020-01-31,0.0502,2.06,0.0,both,0.0,0.0,False
DIS,2020-03-09,2020-03-12,2020-03-19,11.0,6908.0,22.6,False,-0.2035,0.034,0.0339,1.99,-8.0,6.0,0.0,DIS_2020-03-09,-0.2035,1.99,-8.0,both,0.0,0.0,False
DIS,2020-05-05,2020-05-20,2020-06-04,31.0,8641.0,7.9,False,0.1622,0.0314,0.2336,1.18,19.0,-14.0,0.0,DIS_2020-05-05,0.1622,1.18,19.0,both,0.0,0.0,False
DIS,2020-08-04,2020-08-04,2020-08-06,3.0,747.0,6.9,False,0.0081,0.1154,0.1244,3.06,2.0,1.0,0.0,DIS_2020-08-04,0.0081,3.06,2.0,both,0.0,0.0,False
DIS,2020-12-11,2020-12-11,2020-12-14,4.0,930.0,21.2,False,0.1359,-0.0365,0.1359,5.64,0.0,0.0,0.0,DIS_2020-12-11,0.1359,5.64,0.0,both,0.0,0.0,False
DIS,2021-02-08,2021-02-19,2021-02-24,17.0,2275.0,7.5,False,0.0137,0.0755,0.0903,1.63,5.0,-7.0,0.0,DIS_2021-02-08,0.0137,1.63,5.0,both,0.0,0.0,False
DIS,2021-05-13,2021-05-13,2021-05-17,5.0,527.0,6.0,False,0.0028,-0.0463,0.0363,2.8,-3.0,1.0,0.0,DIS_2021-05-13,0.0028,2.8,-3.0,both,0.0,0.0,False
DIS,2021-06-22,2021-07-12,2021-07-16,25.0,1017.0,15.3,False,0.0598,-0.0275,0.0598,1.24,0.0,0.0,0.0,DIS_2021-06-22,0.0598,1.24,0.0,both,0.0,0.0,False
DIS,2021-11-10,2021-11-11,2021-12-02,23.0,2173.0,7.2,False,-0.0742,-0.092,0.0101,2.19,-3.0,0.0,0.0,DIS_2021-11-10,-0.0742,2.19,-3.0,both,0.0,0.0,False
DIS,2022-04-19,2022-05-11,2022-05-12,24.0,1745.0,26.0,False,-0.1766,-0.0086,0.0323,2.1,-22.0,-21.0,0.0,DIS_2022-04-19,-0.1766,2.1,-22.0,both,0.0,0.0,False
DIS,2022-06-14,2022-06-14,2022-07-02,19.0,365.0,4.4,False,-0.0156,0.0204,0.0793,1.07,-5.0,14.0,0.0,DIS_2022-06-14,-0.0156,1.07,-5.0,both,0.0,0.0,False
DIS,2023-05-10,2023-05-10,2023-05-18,9.0,338.0,17.6,False,-0.0102,-0.073,0.0077,2.65,-2.0,1.0,0.0,DIS_2023-05-10,-0.0102,2.65,-2.0,both,0.0,0.0,False
DIS,2023-07-17,2023-07-18,2023-07-24,8.0,361.0,4.8,False,-0.0301,0.0076,0.0209,1.57,-5.0,-1.0,0.0,DIS_2023-07-17,-0.0301,1.57,-5.0,both,0.0,0.0,False
DIS,2024-02-06,2024-02-07,2024-02-08,3.0,502.0,26.5,False,0.0258,0.115,0.1437,2.96,1.0,1.0,0.0,DIS_2024-02-06,0.0258,2.96,1.0,both,0.0,0.0,False
DIS,2024-07-24,2024-08-07,2024-08-09,17.0,484.0,14.4,False,-0.0548,0.0029,0.0528,1.48,-19.0,0.0,0.0,DIS_2024-07-24,-0.0548,1.48,-19.0,both,0.0,0.0,False
DJT,2024-09-11,2024-09-11,2024-09-25,15.0,1332.0,8.0,False,-0.1047,-0.1529,0.0,2.53,-1.0,14.0,0.0,DJT_2024-09-11,-0.1047,2.53,-1.0,both,0.0,0.0,False
DJT,2024-10-14,2024-10-15,2024-10-16,3.0,931.0,7.8,False,0.0704,0.1552,0.2381,3.35,6.0,0.0,0.0,DJT_2024-10-14,0.0704,3.35,6.0,both,0.0,0.0,False
DJT,2024-10-28,2024-11-06,2024-11-08,12.0,5438.0,12.1,False,-0.0769,-0.1125,0.3225,3.09,-8.0,0.0,0.0,DJT_2024-10-28,-0.0769,3.09,-8.0,both,0.0,0.0,False
DJT,2025-01-06,2025-01-13,2025-01-23,18.0,3777.0,58.1,False,0.2395,-0.2181,0.2395,1.86,0.0,0.0,0.0,DJT_2025-01-06,0.2395,1.87,0.0,both,0.0,0.010000000000000009,False
DJT,2025-04-09,2025-04-09,2025-04-11,3.0,906.0,11.8,False,0.2167,-0.0681,0.2167,2.31,0.0,0.0,0.0,DJT_2025-04-09,0.2167,2.31,0.0,both,0.0,0.0,False
DJT,2026-03-23,2026-03-31,2026-04-21,30.0,715.0,4.1,False,0.0816,0.0582,0.1958,0.88,17.0,-12.0,0.0,DJT_2026-03-23,0.0816,0.88,17.0,both,0.0,0.0,False
DKNG,2020-05-12,2020-05-12,2020-05-20,9.0,3210.0,10.4,False,0.0752,0.1289,0.2138,2.01,8.0,3.0,0.0,DKNG_2020-05-12,0.0752,2.01,8.0,both,0.0,0.0,False
DKNG,2020-05-28,2020-06-02,2020-06-08,12.0,10011.0,7.4,False,0.1741,-0.0792,0.2432,1.86,-1.0,0.0,0.0,DKNG_2020-05-28,0.1741,1.86,-1.0,both,0.0,0.0,False
DKNG,2020-09-14,2020-09-14,2020-09-18,5.0,924.0,5.1,False,0.1727,0.1392,0.336,2.82,4.0,0.0,0.0,DKNG_2020-09-14,0.1727,2.82,4.0,both,0.0,0.0,False
DKNG,2021-02-02,2021-02-02,2021-02-11,10.0,1753.0,4.7,False,0.0855,-0.002,0.1689,1.06,3.0,0.0,0.0,DKNG_2021-02-02,0.0855,1.06,3.0,both,0.0,0.0,False
DKNG,2021-05-07,2021-05-07,2021-05-14,8.0,966.0,3.8,False,-0.0669,-0.0729,0.1,2.41,-4.0,0.0,0.0,DKNG_2021-05-07,-0.0669,2.41,-4.0,both,0.0,0.0,False
DKNG,2022-02-18,2022-02-18,2022-02-23,6.0,513.0,7.0,False,-0.2162,0.1353,0.0757,2.21,-3.0,0.0,0.0,DKNG_2022-02-18,-0.2162,2.21,-3.0,both,0.0,0.0,False
DKNG,2022-05-05,2022-05-05,2022-05-12,8.0,351.0,6.3,False,-0.082,-0.2126,0.0,1.5,-1.0,1.0,0.0,DKNG_2022-05-05,-0.082,1.5,-1.0,both,0.0,0.0,False
DKNG,2023-02-15,2023-02-16,2023-02-17,3.0,350.0,28.0,False,0.0729,0.1533,0.2373,3.09,1.0,1.0,0.0,DKNG_2023-02-15,0.0729,3.09,1.0,both,0.0,0.0,False
DKNG,2024-02-08,2024-02-15,2024-02-16,9.0,1273.0,69.4,False,0.0437,0.0025,0.0462,1.41,1.0,1.0,0.0,DKNG_2024-02-08,0.0437,1.41,1.0,both,0.0,0.0,False
DLTR,2020-05-17,2020-05-28,2020-05-28,12.0,403.0,50.8,False,0.3007,0.0,0.3037,1.9,1.0,0.0,0.0,DLTR_2020-05-17,0.3007,1.9,1.0,both,0.0,0.0,False
DLTR,2024-08-29,2024-09-04,2024-09-05,8.0,429.0,140.0,False,-0.3271,0.0772,0.0221,5.88,-9.0,0.0,0.0,DLTR_2024-08-29,-0.3271,5.88,-9.0,both,0.0,0.0,False
DMYD,2020-11-30,2020-12-08,2020-12-22,23.0,636.0,84.0,False,0.0536,0.3707,0.5086,4.58,16.0,1.0,0.0,DMYD_2020-11-30,0.0536,4.58,16.0,both,0.0,0.0,False
DNN,2021-02-11,2021-02-16,2021-02-18,8.0,1211.0,56.0,False,0.5265,-0.1477,0.547,25.15,1.0,0.0,0.0,DNN_2021-02-11,0.5265,25.15,1.0,both,0.0,0.0,False
DNUT,2025-10-21,2025-10-22,2025-10-23,3.0,431.0,77.4,False,0.2362,0.0199,0.2761,15.82,5.0,0.0,0.0,DNUT_2025-10-21,0.2362,15.79,5.0,both,0.0,0.030000000000001137,False
DOCU,2020-05-08,2020-06-04,2020-06-05,29.0,1809.0,54.6,False,0.19,-0.003,0.2579,1.68,6.0,-6.0,0.0,DOCU_2020-05-08,0.19,1.68,6.0,both,0.0,0.0,False
DOCU,2020-08-31,2020-09-01,2020-09-04,5.0,1890.0,20.1,False,0.2488,-0.1955,0.2488,6.67,0.0,2.0,0.0,DOCU_2020-08-31,0.2488,6.67,0.0,both,0.0,0.0,False
DOCU,2020-11-09,2020-12-03,2020-12-04,26.0,752.0,30.0,False,-0.0029,0.0529,0.0498,1.54,1.0,1.0,0.0,DOCU_2020-11-09,-0.0029,1.54,1.0,both,0.0,0.0,False
DOCU,2021-12-02,2021-12-03,2021-12-04,3.0,1444.0,155.8,False,-0.4147,0.0,0.0897,23.59,-4.0,0.0,0.0,DOCU_2021-12-02,-0.4147,23.59,-4.0,both,0.0,0.0,False
DOCU,2023-06-05,2023-06-08,2023-06-09,5.0,310.0,81.0,False,0.0176,-0.025,0.0292,4.48,-2.0,1.0,0.0,DOCU_2023-06-05,0.0176,4.48,-2.0,both,0.0,0.0,False
DOLE,2021-09-29,2021-09-30,2021-10-01,3.0,403.0,236.0,False,0.1292,-0.0737,0.1292,4.71,0.0,0.0,0.0,DOLE_2021-09-29,0.1292,4.71,0.0,both,0.0,0.0,False
DOMO,2021-04-06,2021-04-20,2021-04-23,18.0,937.0,54.0,False,0.0202,0.087,0.1633,0.5,8.0,-1.0,0.0,DOMO_2021-04-06,0.0202,0.5,8.0,both,0.0,0.0,False
DOOR,2021-01-22,2021-01-28,2021-02-05,15.0,1362.0,145.5,False,-0.0572,0.0603,0.0334,1.08,11.0,-1.0,0.0,DOOR_2021-01-22,-0.0572,1.08,11.0,both,0.0,0.0,False
DOW,2020-02-24,2020-03-12,2020-04-18,55.0,4440.0,16.7,False,-0.5099,0.4119,0.0095,2.14,-21.0,5.0,0.0,DOW_2020-02-24,-0.5099,2.14,-21.0,both,0.0,0.0,False
DOW,2020-06-11,2020-06-11,2020-06-15,5.0,466.0,5.7,False,-0.0991,0.0693,0.0532,1.23,-3.0,0.0,0.0,DOW_2020-06-11,-0.0991,1.23,-3.0,both,0.0,0.0,False
DOW,2020-11-09,2020-11-24,2020-11-25,17.0,612.0,13.5,False,0.197,-0.0225,0.197,1.15,0.0,-15.0,0.0,DOW_2020-11-09,0.197,1.15,0.0,both,0.0,0.0,False
DOW,2021-01-27,2021-01-29,2021-02-03,8.0,329.0,6.2,False,-0.0689,0.0665,0.0316,1.44,-7.0,0.0,0.0,DOW_2021-01-27,-0.0689,1.44,-7.0,both,0.0,0.0,False
DOW,2021-09-20,2021-09-20,2021-10-13,24.0,368.0,8.2,False,-0.0272,0.013,0.0424,1.53,-5.0,7.0,0.0,DOW_2021-09-20,-0.0272,1.53,-5.0,both,0.0,0.0,False
DOW,2022-01-24,2022-01-24,2022-02-04,12.0,341.0,4.8,False,-0.0018,0.0703,0.0929,1.36,16.0,3.0,0.0,DOW_2022-01-24,-0.0018,1.36,16.0,both,0.0,0.0,False
DOW,2022-04-22,2022-05-11,2022-05-24,33.0,671.0,4.7,False,-0.0391,0.0042,0.0158,1.32,-7.0,-20.0,0.0,DOW_2022-04-22,-0.0391,1.32,-7.0,both,0.0,0.0,False
DOW,2022-09-23,2022-09-23,2022-10-07,15.0,316.0,4.8,False,-0.0194,0.0116,0.044,0.9,-4.0,5.0,0.0,DOW_2022-09-23,-0.0194,0.9,-4.0,both,0.0,0.0,False
DOW,2025-04-03,2025-04-04,2025-04-10,8.0,400.0,8.3,False,-0.1917,-0.0323,0.0009,2.5,-4.0,5.0,0.0,DOW_2025-04-03,-0.1917,2.5,-4.0,both,0.0,0.0,False
DOW,2026-02-06,2026-02-12,2026-02-24,19.0,966.0,37.9,False,0.067,-0.049,0.1111,0.82,-1.0,-8.0,0.0,DOW_2026-02-06,0.067,0.82,-1.0,both,0.0,0.0,False
DPZ,2020-04-18,2020-04-22,2020-04-23,6.0,1169.0,108.9,False,0.0572,-0.0368,0.0572,1.31,0.0,1.0,0.0,DPZ_2020-04-18,0.0572,1.31,0.0,both,0.0,0.0,False
DPZ,2020-07-13,2020-07-15,2020-07-17,5.0,341.0,25.2,False,0.0386,-0.0567,0.0386,1.82,0.0,1.0,0.0,DPZ_2020-07-13,0.0386,1.82,0.0,both,0.0,0.0,False
DRUG,2024-10-15,2024-10-15,2024-10-21,7.0,686.0,240.0,False,14.4578,0.2476,18.8795,29.86,9.0,0.0,0.0,DRUG_2024-10-15,14.4578,29.86,9.0,both,0.0,0.0,False
DUOL,2025-11-05,2025-11-06,2025-11-10,6.0,337.0,45.0,False,-0.2606,-0.0049,0.0328,5.15,-6.0,0.0,0.0,DUOL_2025-11-05,-0.2606,5.27,-6.0,both,0.0,0.11999999999999922,False
DVLT,2025-09-16,2025-09-19,2025-09-29,14.0,1537.0,280.0,False,0.3488,1.5482,3.5726,28.17,13.0,4.0,0.0,DVLT_2025-09-16,0.3636,28.14,13.0,both,0.01479999999999998,0.030000000000001137,False
DWAC,2021-10-21,2021-10-22,2021-10-26,6.0,5898.0,783.2,False,8.4578,-0.3729,8.4578,1415.6,0.0,-1.0,0.0,DWAC_2021-10-21,8.4578,1415.6,0.0,both,0.0,0.0,False
DWAC,2021-12-02,2021-12-08,2021-12-09,8.0,982.0,4.1,False,0.4751,-0.1356,0.4751,2.43,0.0,0.0,0.0,DWAC_2021-12-02,0.4751,2.43,0.0,both,0.0,0.0,False
DWAC,2022-01-12,2022-01-18,2022-01-20,9.0,1071.0,9.7,False,0.3528,-0.0669,0.3528,4.37,0.0,0.0,0.0,DWAC_2022-01-12,0.3528,4.37,0.0,both,0.0,0.0,False
DWAC,2022-04-25,2022-04-25,2022-04-29,5.0,593.0,7.3,False,-0.129,0.4671,0.2778,2.69,4.0,2.0,0.0,DWAC_2022-04-25,-0.129,2.69,4.0,both,0.0,0.0,False
DWAC,2022-09-06,2022-09-06,2022-09-08,3.0,501.0,22.3,False,-0.1144,0.0551,0.0,4.47,-4.0,0.0,0.0,DWAC_2022-09-06,-0.1144,4.47,-4.0,both,0.0,0.0,False
DWAC,2022-11-07,2022-11-07,2022-11-20,14.0,909.0,18.6,False,0.6648,-0.2653,0.6648,8.91,0.0,0.0,0.0,DWAC_2022-11-07,0.6648,8.91,0.0,both,0.0,0.0,False
DWAC,2024-01-16,2024-01-22,2024-01-24,9.0,1102.0,387.4,False,1.8689,-0.2322,1.9301,87.02,1.0,0.0,0.0,DWAC_2024-01-16,1.8689,87.02,1.0,both,0.0,0.0,False
DWAC,2024-03-19,2024-03-22,2024-03-25,7.0,4062.0,101.4,False,0.0384,0.3522,0.4041,5.61,3.0,3.0,0.0,DWAC_2024-03-19,0.0384,5.61,3.0,both,0.0,0.0,False
EAT,2021-01-22,2021-01-28,2021-01-29,8.0,2596.0,294.4,False,-0.0317,-0.0164,0.0346,1.99,-3.0,-1.0,0.0,EAT_2021-01-22,-0.0317,1.99,-3.0,both,0.0,0.0,False
EBAY,2020-07-07,2020-07-09,2020-07-29,23.0,896.0,30.0,False,0.0543,-0.0792,0.0552,0.86,1.0,12.0,0.0,EBAY_2020-07-07,0.0543,0.86,1.0,both,0.0,0.0,False
EBAY,2026-05-01,2026-05-04,2026-05-13,13.0,636.0,124.0,False,0.0565,0.0337,0.1222,1.69,11.0,0.0,0.0,EBAY_2026-05-01,0.0565,1.71,11.0,both,0.0,0.020000000000000018,False
EBET,2023-08-10,2023-08-16,2023-08-21,12.0,536.0,139.0,False,1.1919,-0.2454,1.1919,7.52,0.0,0.0,0.0,EBET_2023-08-10,1.1919,7.52,0.0,both,0.0,0.0,False
EBON,2021-02-17,2021-02-18,2021-02-19,3.0,468.0,51.7,False,0.4327,-0.0204,0.4327,9.25,0.0,0.0,0.0,EBON_2021-02-17,0.4327,9.25,0.0,both,0.0,0.0,False
EBON,2021-04-06,2021-04-06,2021-04-16,11.0,485.0,7.7,False,-0.1291,-0.1284,0.1071,1.24,-5.0,10.0,0.0,EBON_2021-04-06,-0.1291,1.24,-5.0,both,0.0,0.0,False
EDU,2021-07-23,2021-07-23,2021-07-28,6.0,311.0,46.5,False,-0.5422,-0.1945,0.0187,14.19,-2.0,0.0,0.0,EDU_2021-07-23,-0.5422,14.19,-2.0,both,0.0,0.0,False
EH,2021-02-16,2021-02-17,2021-02-18,3.0,477.0,29.4,False,-0.3736,-0.2128,0.0,7.16,-5.0,0.0,0.0,EH_2021-02-16,-0.3736,7.16,-5.0,both,0.0,0.0,False
ELF,2021-01-14,2021-01-29,2021-02-09,27.0,1416.0,12.8,False,-0.0473,0.0671,0.0512,0.84,-10.0,6.0,0.0,ELF_2021-01-14,-0.0473,0.84,-10.0,both,0.0,0.0,False
ELF,2021-06-08,2021-06-08,2021-06-16,9.0,414.0,2.2,False,0.0164,0.0057,0.0392,0.64,7.0,-5.0,0.0,ELF_2021-06-08,0.0164,0.64,7.0,both,0.0,0.0,False
ELF,2025-02-03,2025-02-06,2025-02-07,5.0,380.0,26.2,False,-0.1143,-0.1962,0.0715,4.72,-7.0,1.0,0.0,ELF_2025-02-03,-0.1143,4.72,-7.0,both,0.0,0.0,False
ELS,2021-01-26,2021-02-01,2021-02-12,18.0,896.0,5.7,False,-0.0108,-0.004,0.0122,0.95,-6.0,-10.0,0.0,ELS_2021-01-26,-0.0108,0.95,-6.0,both,0.0,0.0,False
ELS,2022-09-24,2022-09-24,2022-10-11,18.0,319.0,3.4,False,,,0.0271,1.62,-5.0,6.0,0.0,ELS_2022-09-24,,1.62,-5.0,both,,0.0,False
ELS,2024-05-13,2024-05-13,2024-06-15,34.0,376.0,4.1,False,-0.0054,0.0043,0.0301,0.8,4.0,2.0,0.0,ELS_2024-05-13,-0.0054,0.8,4.0,both,0.0,0.0,False
ELY,2021-01-15,2021-01-20,2021-02-11,28.0,1052.0,32.5,False,0.0695,0.0598,0.1734,1.34,19.0,22.0,0.0,ELY_2021-01-15,0.0695,1.34,19.0,both,0.0,0.0,False
ENDP,2022-06-28,2022-07-05,2022-07-13,16.0,308.0,31.5,False,0.3573,-0.2031,0.8533,5.34,-7.0,-7.0,0.0,ENDP_2022-06-28,0.3573,5.34,-7.0,both,0.0,0.0,False
ENPH,2020-02-12,2020-02-19,2020-02-21,10.0,394.0,25.7,False,0.4428,0.0327,0.4899,2.41,2.0,0.0,0.0,ENPH_2020-02-12,0.4428,2.41,2.0,both,0.0,0.0,False
ENPH,2020-04-28,2020-05-05,2020-05-28,31.0,822.0,8.5,False,0.1924,0.2576,0.8017,1.63,14.0,-5.0,0.0,ENPH_2020-04-28,0.1924,1.63,14.0,both,0.0,0.0,False
ENPH,2020-12-15,2021-01-06,2021-01-26,43.0,1609.0,9.9,False,0.4019,-0.0789,0.4735,1.69,1.0,0.0,0.0,ENPH_2020-12-15,0.4019,1.69,1.0,both,0.0,0.0,False
ENPH,2023-07-27,2023-07-27,2023-08-07,12.0,324.0,12.8,False,-0.0378,-0.1879,0.0352,1.83,-2.0,1.0,0.0,ENPH_2023-07-27,-0.0378,1.83,-2.0,both,0.0,0.0,False
ENPH,2023-10-19,2023-10-26,2023-11-02,15.0,485.0,20.8,False,-0.2234,-0.1795,0.0436,2.41,-9.0,1.0,0.0,ENPH_2023-10-19,-0.2234,2.41,-9.0,both,0.0,0.0,False
EONR,2026-03-02,2026-03-09,2026-03-18,17.0,1403.0,177.6,False,0.8519,0.3,2.5417,91.08,4.0,0.0,0.0,EONR_2026-03-02,0.8519,91.08,4.0,both,0.0,0.0,False
ERIC,2021-01-25,2021-02-01,2021-02-02,9.0,809.0,32.9,False,0.0778,0.0024,0.115,3.72,3.0,-5.0,0.0,ERIC_2021-01-25,0.0778,3.72,3.0,both,0.0,0.0,False
ESI,2021-01-27,2021-01-28,2021-02-10,15.0,710.0,10.1,False,0.0254,-0.0098,0.0501,0.94,15.0,14.0,0.0,ESI_2021-01-27,0.0254,0.94,15.0,both,0.0,0.0,False
ESSC,2021-12-01,2021-12-14,2021-12-17,17.0,1866.0,381.0,False,0.2981,-0.1807,0.7692,22.65,-1.0,0.0,0.0,ESSC_2021-12-01,0.2981,22.65,-1.0,both,0.0,0.0,False
ESTA,2021-01-25,2021-01-28,2021-01-31,7.0,2540.0,154.3,False,-0.0259,-0.0196,0.0368,0.37,8.0,-7.0,0.0,ESTA_2021-01-25,-0.0259,0.37,8.0,both,0.0,0.0,False
ESTC,2020-05-21,2020-06-03,2020-06-04,15.0,631.0,60.4,False,0.1829,-0.0383,0.188,3.09,-2.0,0.0,0.0,ESTC_2020-05-21,0.1829,3.09,-2.0,both,0.0,0.0,False
ETH,2021-01-27,2021-01-30,2021-02-28,33.0,5298.0,22.8,False,-0.0339,0.0833,0.0711,1.27,31.0,-1.0,0.0,ETH_2021-01-27,-0.0339,1.27,31.0,both,0.0,0.0,False
ETH,2021-08-05,2021-08-05,2021-08-12,8.0,399.0,4.7,False,0.021,0.1181,0.1416,1.55,7.0,5.0,0.0,ETH_2021-08-05,0.021,1.55,7.0,both,0.0,0.0,False
ETSY,2020-07-31,2020-08-05,2020-08-06,7.0,450.0,44.9,False,0.2059,-0.0359,0.2059,2.72,0.0,1.0,0.0,ETSY_2020-07-31,0.2059,2.72,0.0,both,0.0,0.0,False
ETSY,2020-10-21,2020-10-28,2020-10-29,9.0,311.0,6.0,False,-0.0356,-0.0517,0.0247,1.36,-9.0,1.0,0.0,ETSY_2020-10-21,-0.0356,1.36,-9.0,both,0.0,0.0,False
EURN,2020-04-20,2020-05-07,2020-05-12,23.0,1854.0,108.1,False,-0.0617,-0.0469,0.1356,1.45,-10.0,-17.0,0.0,EURN_2020-04-20,-0.0617,1.45,-10.0,both,0.0,0.0,False
EVA,2024-03-05,2024-03-06,2024-03-14,10.0,352.0,35.8,False,0.8117,-0.4736,0.8117,3.14,0.0,0.0,0.0,EVA_2024-03-05,0.8117,3.14,0.0,both,0.0,0.0,False
EVFM,2022-06-27,2022-06-28,2022-07-21,25.0,799.0,79.0,False,1.8771,-0.0654,2.63,10.21,10.0,-1.0,0.0,EVFM_2022-06-27,1.8771,10.21,10.0,both,0.0,0.0,False
EVOL,2021-01-28,2021-01-28,2021-02-20,24.0,376.0,4.9,False,-0.0722,0.5268,0.575,1.8,19.0,19.0,0.0,EVOL_2021-01-28,-0.0722,1.8,19.0,both,0.0,0.0,False
EXE,2026-01-21,2026-01-21,2026-02-08,19.0,362.0,3.2,False,0.0453,0.0079,0.0731,1.0,9.0,19.0,0.0,EXE_2026-01-21,0.0453,1.0,9.0,both,0.0,0.0,False
EXPR,2020-05-29,2020-05-29,2020-06-26,29.0,399.0,2.9,False,-0.0297,-0.2755,0.2624,1.41,10.0,21.0,0.0,EXPR_2020-05-29,-0.0297,1.41,10.0,both,0.0,0.0,False
EXPR,2021-01-15,2021-01-27,2021-01-28,14.0,4595.0,192.6,False,6.4609,-0.5079,6.4609,18.85,0.0,-2.0,0.0,EXPR_2021-01-15,6.4609,18.85,0.0,both,0.0,0.0,False
EXPR,2021-06-02,2021-06-02,2021-06-10,9.0,649.0,3.4,False,0.3648,-0.232,0.3648,2.31,0.0,0.0,0.0,EXPR_2021-06-02,0.3648,2.31,0.0,both,0.0,0.0,False
EYES,2021-01-26,2021-01-27,2021-02-02,8.0,506.0,41.6,False,0.1388,-0.1176,0.1866,1.93,-1.0,-1.0,0.0,EYES_2021-01-26,0.1388,1.93,-1.0,both,0.0,0.0,False
EYES,2021-03-05,2021-03-09,2021-03-10,6.0,892.0,36.6,False,9.8252,-0.2487,9.8252,251.36,0.0,-4.0,0.0,EYES_2021-03-05,9.8252,251.36,0.0,both,0.0,0.0,False
FAMI,2021-09-28,2021-09-30,2021-10-04,7.0,1003.0,130.7,False,0.949,-0.2134,0.949,7.12,0.0,0.0,0.0,FAMI_2021-09-28,0.949,7.12,0.0,both,0.0,0.0,False
FAST,2021-01-22,2021-01-29,2021-02-05,15.0,1503.0,72.5,False,-0.0535,0.0375,0.0468,1.1,-10.0,-9.0,0.0,FAST_2021-01-22,-0.0535,1.1,-10.0,both,0.0,0.0,False
FAT,2021-01-25,2021-01-28,2021-02-02,9.0,610.0,43.5,False,0.0837,0.0094,0.3067,0.84,8.0,7.0,0.0,FAT_2021-01-25,0.0837,0.84,8.0,both,0.0,0.0,False
FB,2022-02-02,2022-02-03,2022-02-09,8.0,467.0,33.2,False,-0.2547,-0.0242,0.0125,4.78,-1.0,0.0,0.0,FB_2022-02-02,-0.2547,4.78,-1.0,both,0.0,0.0,False
FCCY,2021-11-19,2021-11-20,2021-11-22,4.0,998.0,77.3,False,-0.0171,0.0291,0.0218,2.24,-5.0,4.0,0.0,FCCY_2021-11-19,-0.0171,2.24,-5.0,both,0.0,0.0,False
FCEL,2020-11-16,2020-11-23,2020-11-24,9.0,1632.0,230.0,False,2.0,-0.1029,2.4,11.47,4.0,0.0,0.0,FCEL_2020-11-16,2.0,11.47,4.0,both,0.0,0.0,False
FCEL,2021-01-12,2021-01-12,2021-01-28,17.0,2071.0,6.3,False,0.2095,0.1538,0.3956,1.07,16.0,1.0,0.0,FCEL_2021-01-12,0.2095,1.07,16.0,both,0.0,0.0,False
FCN,2020-11-25,2020-11-25,2020-12-21,27.0,335.0,5.6,False,-0.0055,0.0627,0.0675,0.61,23.0,9.0,0.0,FCN_2020-11-25,-0.0055,0.61,23.0,both,0.0,0.0,False
FCN,2022-03-23,2022-03-25,2022-03-25,3.0,993.0,77.8,False,-0.0228,0.0,0.0193,0.92,5.0,-7.0,0.0,FCN_2022-03-23,-0.0228,0.92,5.0,both,0.0,0.0,False
FCX,2021-05-05,2021-05-11,2021-05-13,9.0,462.0,14.0,False,0.1423,-0.0632,0.1423,1.83,0.0,-1.0,0.0,FCX_2021-05-05,0.1423,1.83,0.0,both,0.0,0.0,False
FDX,2020-06-30,2020-06-30,2020-07-02,3.0,414.0,17.5,False,0.0421,0.1088,0.1783,4.02,7.0,1.0,0.0,FDX_2020-06-30,0.0421,4.02,7.0,both,0.0,0.0,False
FDX,2020-09-01,2020-09-15,2020-09-16,16.0,3298.0,25.2,False,0.0766,0.0576,0.1386,1.58,1.0,1.0,0.0,FDX_2020-09-01,0.0766,1.58,1.0,both,0.0,0.0,False
FDX,2020-10-19,2020-10-19,2020-10-28,10.0,940.0,4.1,False,-0.0067,-0.078,0.0124,1.13,1.0,9.0,0.0,FDX_2020-10-19,-0.0067,1.13,1.0,both,0.0,0.0,False
FDX,2020-12-14,2020-12-17,2020-12-21,8.0,693.0,12.7,False,0.0096,-0.0695,0.0202,2.36,-8.0,1.0,0.0,FDX_2020-12-14,0.0096,2.36,-8.0,both,0.0,0.0,False
FDX,2021-09-21,2021-09-22,2021-09-30,10.0,373.0,15.7,False,-0.0866,-0.0427,0.0302,3.22,-6.0,0.0,0.0,FDX_2021-09-21,-0.0866,3.22,-6.0,both,0.0,0.0,False
FDX,2021-12-11,2021-12-16,2021-12-17,7.0,461.0,22.0,False,-0.0315,0.0495,0.023,2.04,5.0,1.0,0.0,FDX_2021-12-11,-0.0315,2.04,5.0,both,0.0,0.0,False
FDX,2022-06-14,2022-06-23,2022-06-23,10.0,396.0,52.7,False,0.1351,0.0,0.2103,2.45,1.0,-9.0,0.0,FDX_2022-06-14,0.1351,2.45,1.0,both,0.0,0.0,False
FDX,2023-12-15,2023-12-20,2023-12-24,10.0,1689.0,156.3,False,-0.1188,0.0072,0.0088,4.54,-2.0,0.0,0.0,FDX_2023-12-15,-0.1188,4.54,-2.0,both,0.0,0.0,False
FDX,2024-03-15,2024-03-21,2024-03-21,7.0,542.0,100.3,False,0.0365,0.0,0.1309,1.69,5.0,1.0,0.0,FDX_2024-03-15,0.0365,1.69,5.0,both,0.0,0.0,False
FEMY,2025-10-02,2025-10-06,2025-10-09,8.0,828.0,225.0,False,1.2355,-0.2265,1.2355,11.1,0.0,0.0,0.0,FEMY_2025-10-02,1.2373,11.07,0.0,both,0.0018000000000000238,0.02999999999999936,False
FET,2020-05-08,2020-05-08,2020-05-13,6.0,437.0,129.0,False,0.1987,-0.1171,0.3767,0.78,3.0,3.0,0.0,FET_2020-05-08,0.1987,0.78,3.0,both,0.0,0.0,False
FEYE,2020-12-18,2020-12-18,2020-12-23,6.0,725.0,42.1,False,0.3373,0.2501,0.6718,9.63,5.0,0.0,0.0,FEYE_2020-12-18,0.3373,9.63,5.0,both,0.0,0.0,False
FFIE,2024-05-14,2024-05-17,2024-05-22,9.0,4373.0,1087.0,False,15.8852,0.0874,28.5082,12.19,3.0,-3.0,0.0,FFIE_2024-05-14,15.8852,12.19,3.0,both,0.0,0.0,False
FGF,2021-06-04,2021-06-10,2021-06-22,19.0,1788.0,2.7,False,0.0305,-0.0421,0.1729,1.03,15.0,1.0,0.0,FGF_2021-06-04,0.0305,1.03,15.0,both,0.0,0.0,False
FGF,2021-10-29,2021-10-29,2021-11-17,20.0,877.0,2.1,False,-0.0103,-0.0155,0.6154,36.2,4.0,5.0,0.0,FGF_2021-10-29,-0.0103,36.2,4.0,both,0.0,0.0,False
FGF,2022-08-19,2022-08-19,2022-08-25,7.0,309.0,2.3,False,-0.0063,-0.0696,0.0314,1.58,3.0,-1.0,0.0,FGF_2022-08-19,-0.0063,1.58,3.0,both,0.0,0.0,False
FGF,2024-01-03,2024-01-03,2024-01-25,23.0,425.0,2.4,False,-0.1125,-0.0423,0.0,0.82,-5.0,1.0,0.0,FGF_2024-01-03,-0.1125,0.82,-5.0,both,0.0,0.0,False
FGF,2024-06-07,2024-06-07,2024-06-20,14.0,511.0,3.5,False,-0.0254,-0.087,0.0424,0.56,-4.0,6.0,0.0,FGF_2024-06-07,-0.0254,0.56,-4.0,both,0.0,0.0,False
FGF,2024-11-07,2024-12-14,2024-12-20,44.0,982.0,2.5,False,0.6277,-0.0844,1.4323,2.09,-15.0,-40.0,1.0,FGF_2024-11-07,0.6277,0.53,-15.0,both,0.0,1.5599999999999998,False
FGL,2025-10-28,2025-11-04,2025-11-10,14.0,316.0,43.3,False,0.4669,-0.1375,0.4794,7.95,1.0,-7.0,0.0,FGL_2025-10-28,0.4687,7.9,1.0,both,0.0018000000000000238,0.04999999999999982,False
FIII,2020-11-19,2020-12-11,2020-12-28,40.0,793.0,71.0,False,0.2745,0.1289,0.449,35.63,12.0,0.0,0.0,FIII_2020-11-19,0.2745,35.63,12.0,both,0.0,0.0,False
FIZZ,2021-01-25,2021-01-27,2021-02-01,8.0,491.0,25.6,False,0.8439,-0.2751,0.8439,6.88,0.0,0.0,0.0,FIZZ_2021-01-25,0.8439,6.88,0.0,both,0.0,0.0,False
FLIR,2020-06-23,2020-06-26,2020-07-08,16.0,793.0,44.8,False,-0.0171,0.0182,0.0606,0.95,6.0,-4.0,0.0,FLIR_2020-06-23,-0.0171,0.95,6.0,both,0.0,0.0,False
FLT,2021-02-03,2021-02-08,2021-02-11,9.0,366.0,24.5,False,0.0138,0.0284,0.0631,1.27,8.0,-3.0,0.0,FLT_2021-02-03,0.0138,1.27,8.0,both,0.0,0.0,False
FLWS,2025-12-09,2025-12-09,2025-12-16,8.0,399.0,80.3,False,0.328,-0.0628,0.328,4.3,0.0,0.0,0.0,FLWS_2025-12-09,0.328,4.29,0.0,both,0.0,0.009999999999999787,False
FLY,2021-01-22,2021-01-28,2021-02-02,12.0,1873.0,48.2,False,0.0195,-0.0171,0.0851,0.45,8.0,8.0,0.0,FLY_2021-01-22,0.0195,0.45,8.0,both,0.0,0.0,False
FMCI,2020-05-28,2020-06-12,2020-06-18,22.0,2585.0,70.2,False,0.2178,0.395,0.7275,6.42,5.0,0.0,0.0,FMCI_2020-05-28,0.2178,6.42,5.0,both,0.0,0.0,False
FNKO,2021-01-26,2021-01-30,2021-02-08,14.0,591.0,11.8,False,-0.0173,0.1556,0.1357,1.18,9.0,-3.0,0.0,FNKO_2021-01-26,-0.0173,1.18,9.0,both,0.0,0.0,False
FNKO,2021-03-12,2021-03-24,2021-03-25,14.0,528.0,13.5,False,0.2551,0.0826,0.3588,19.22,1.0,0.0,0.0,FNKO_2021-03-12,0.2551,19.22,1.0,both,0.0,0.0,False
FOLD,2021-01-26,2021-01-29,2021-01-29,4.0,907.0,293.2,False,-0.0749,0.0,0.0318,0.77,-7.0,4.0,0.0,FOLD_2021-01-26,-0.0749,0.77,-7.0,both,0.0,0.0,False
FOSL,2021-01-27,2021-01-28,2021-02-24,29.0,766.0,4.9,False,0.1589,0.0628,0.8704,2.06,-1.0,-1.0,0.0,FOSL_2021-01-27,0.1589,2.06,-1.0,both,0.0,0.0,False
FOSL,2022-02-28,2022-02-28,2022-03-12,13.0,458.0,7.2,False,-0.0572,-0.3565,0.0132,2.33,9.0,10.0,0.0,FOSL_2022-02-28,-0.0572,2.33,9.0,both,0.0,0.0,False
FOSL,2022-06-09,2022-06-11,2022-06-27,19.0,550.0,7.9,False,-0.0793,-0.0815,0.0283,0.75,-4.0,6.0,0.0,FOSL_2022-06-09,-0.0793,0.75,-4.0,both,0.0,0.0,False
FOX,2021-01-27,2021-01-28,2021-02-03,8.0,318.0,30.4,False,-0.0832,-0.048,0.0,1.37,-2.0,-1.0,0.0,FOX_2021-01-27,-0.0832,1.37,-2.0,both,0.0,0.0,False
FRC,2023-03-10,2023-03-20,2023-03-27,18.0,7020.0,1183.0,False,-0.8731,0.1346,0.2714,61.73,-14.0,1.0,0.0,FRC_2023-03-10,-0.8731,61.73,-14.0,both,0.0,0.0,False
FRC,2023-04-24,2023-04-24,2023-04-28,5.0,5501.0,14.0,False,0.122,-0.7806,0.122,4.17,0.0,1.0,0.0,FRC_2023-04-24,0.122,4.17,0.0,both,0.0,0.0,False
FRGT,2025-04-09,2025-05-02,2025-05-12,34.0,578.0,10.2,False,1.7013,-0.3894,1.7013,171.09,0.0,0.0,0.0,FRGT_2025-04-09,1.7013,170.89,0.0,both,0.0,0.20000000000001705,False
FRG,2021-01-27,2021-01-30,2021-02-11,16.0,361.0,7.7,False,0.0381,-0.0041,0.0607,1.12,5.0,-3.0,0.0,FRG_2021-01-27,0.0381,1.12,5.0,both,0.0,0.0,False
FRO,2020-04-20,2020-04-28,2020-05-05,16.0,670.0,29.1,False,0.0906,-0.2225,0.1406,1.59,-6.0,-1.0,0.0,FRO_2020-04-20,0.0906,1.59,-6.0,both,0.0,0.0,False
FRO,2021-01-27,2021-01-28,2021-02-04,9.0,330.0,26.6,False,-0.0397,0.0671,0.1025,1.1,11.0,1.0,0.0,FRO_2021-01-27,-0.0397,1.1,11.0,both,0.0,0.0,False
FRX,2021-02-10,2021-02-19,2021-03-10,29.0,1132.0,48.6,False,0.3058,-0.2085,0.4442,34.95,3.0,0.0,0.0,FRX_2021-02-10,0.3058,34.95,3.0,both,0.0,0.0,False
FRX,2021-06-08,2021-06-25,2021-06-25,18.0,418.0,10.2,False,0.1893,0.0,0.1893,2.7,0.0,-16.0,0.0,FRX_2021-06-08,0.1893,2.7,0.0,both,0.0,0.0,False
FSLY,2020-05-06,2020-05-07,2020-05-12,7.0,394.0,51.1,False,0.4767,0.1048,0.737,4.21,8.0,0.0,0.0,FSLY_2020-05-06,0.4767,4.21,8.0,both,0.0,0.0,False
FSLY,2020-06-17,2020-06-23,2020-06-29,13.0,2038.0,42.3,False,0.4171,0.0296,0.6152,3.79,3.0,0.0,0.0,FSLY_2020-06-17,0.4171,3.79,3.0,both,0.0,0.0,False
FSLY,2020-08-05,2020-08-06,2020-08-07,3.0,1597.0,6.9,False,-0.2284,-0.115,0.0,2.25,-2.0,0.0,0.0,FSLY_2020-08-05,-0.2284,2.25,-2.0,both,0.0,0.0,False
FSLY,2020-10-07,2020-10-14,2020-10-16,10.0,2987.0,42.8,False,0.2268,-0.3126,0.283,3.52,-1.0,1.0,0.0,FSLY_2020-10-07,0.2268,3.52,-1.0,both,0.0,0.0,False
FSLY,2020-12-04,2020-12-04,2020-12-08,5.0,670.0,11.9,False,0.0708,0.105,0.1832,3.62,4.0,0.0,0.0,FSLY_2020-12-04,0.0708,3.62,4.0,both,0.0,0.0,False
FSLY,2021-05-05,2021-05-06,2021-05-07,3.0,508.0,34.4,False,-0.2864,-0.0102,0.0772,5.69,-6.0,0.0,0.0,FSLY_2021-05-05,-0.2864,5.69,-6.0,both,0.0,0.0,False
FSR,2021-02-12,2021-02-12,2021-02-16,5.0,506.0,14.6,False,0.2299,0.0247,0.2604,4.78,4.0,0.0,0.0,FSR_2021-02-12,0.2299,4.78,4.0,both,0.0,0.0,False
FSR,2021-05-14,2021-05-14,2021-05-20,7.0,353.0,4.0,False,0.0553,0.1743,0.2603,1.38,10.0,0.0,0.0,FSR_2021-05-14,0.0553,1.38,10.0,both,0.0,0.0,False
FSR,2021-06-08,2021-06-08,2021-06-11,4.0,329.0,4.1,False,0.0385,0.0315,0.073,0.93,1.0,-5.0,0.0,FSR_2021-06-08,0.0385,0.93,1.0,both,0.0,0.0,False
FSR,2023-12-08,2023-12-08,2023-12-20,13.0,508.0,6.1,False,0.1156,-0.1341,0.1156,0.9,0.0,0.0,0.0,FSR_2023-12-08,0.1156,0.9,0.0,both,0.0,0.0,False
FTHM,2021-01-27,2021-01-28,2021-02-10,15.0,410.0,8.9,False,-0.0222,0.137,0.3529,0.83,15.0,-3.0,0.0,FTHM_2021-01-27,-0.0222,0.83,15.0,both,0.0,0.0,False
FTIV,2021-01-08,2021-02-12,2021-03-04,56.0,3282.0,4.1,False,0.0082,-0.0883,0.1353,0.51,-21.0,-29.0,0.0,FTIV_2021-01-08,0.0082,0.51,-21.0,both,0.0,0.0,False
FTOC,2021-01-14,2021-02-03,2021-02-12,30.0,1955.0,25.6,False,0.3662,-0.0785,0.3662,10.85,0.0,0.0,0.0,FTOC_2021-01-14,0.3662,10.85,0.0,both,0.0,0.0,False
FUBO,2020-11-18,2020-12-01,2020-12-03,16.0,390.0,15.0,False,0.2345,0.006,0.3389,1.82,7.0,-14.0,0.0,FUBO_2020-11-18,0.2345,1.82,7.0,both,0.0,0.0,False
FUBO,2020-12-17,2020-12-22,2021-01-05,20.0,1474.0,12.6,False,1.0875,-0.5592,1.0875,5.93,0.0,14.0,0.0,FUBO_2020-12-17,1.0875,5.93,0.0,both,0.0,0.0,False
FUBO,2021-01-27,2021-01-27,2021-02-04,9.0,2408.0,7.3,False,0.0644,0.092,0.1931,0.78,5.0,0.0,0.0,FUBO_2021-01-27,0.0644,0.78,5.0,both,0.0,0.0,False
FUBO,2021-04-08,2021-04-09,2021-04-12,5.0,622.0,9.5,False,0.1239,-0.0841,0.1239,3.73,0.0,0.0,0.0,FUBO_2021-04-08,0.1239,3.73,0.0,both,0.0,0.0,False
FUBO,2021-11-09,2021-11-09,2021-11-16,8.0,343.0,11.5,False,-0.016,-0.2701,0.0,2.52,-1.0,1.0,0.0,FUBO_2021-11-09,-0.016,2.52,-1.0,both,0.0,0.0,False
FUBO,2022-08-04,2022-08-16,2022-08-17,14.0,1364.0,467.9,False,1.1747,-0.1559,1.1747,4.34,0.0,0.0,0.0,FUBO_2022-08-04,1.1747,4.34,0.0,both,0.0,0.0,False
FUBO,2025-01-06,2025-01-07,2025-01-08,3.0,506.0,289.0,False,2.7917,-0.0201,2.7917,32.54,0.0,-1.0,0.0,FUBO_2025-01-06,2.7917,3.04,0.0,both,0.0,29.5,False
FUSE,2020-11-30,2021-01-29,2021-02-03,66.0,3180.0,38.4,False,0.1443,0.0569,0.2395,17.43,10.0,-32.0,0.0,FUSE_2020-11-30,0.1443,17.43,10.0,both,0.0,0.0,False
FUSE,2021-02-12,2021-02-12,2021-02-16,5.0,586.0,4.0,False,-0.05,0.0492,0.0139,7.6,-4.0,0.0,0.0,FUSE_2021-02-12,-0.05,7.6,-4.0,both,0.0,0.0,False
FXLV,2023-06-22,2023-06-23,2023-06-24,3.0,480.0,14.9,False,-0.0838,0.0,0.0,5.12,-2.0,0.0,0.0,FXLV_2023-06-22,-0.0838,5.12,-2.0,both,0.0,0.0,False
F,2021-01-20,2021-01-21,2021-01-26,7.0,599.0,58.8,False,0.1507,-0.0295,0.1507,2.08,0.0,0.0,0.0,F_2021-01-20,0.1507,2.08,0.0,both,0.0,0.0,False
F,2021-05-21,2021-05-27,2021-06-17,28.0,693.0,11.3,False,0.1914,-0.0074,0.2802,1.77,7.0,0.0,0.0,F_2021-05-21,0.1914,1.77,7.0,both,0.0,0.0,False
F,2022-01-04,2022-01-04,2022-01-06,3.0,458.0,30.8,False,0.1167,0.0062,0.1236,2.96,2.0,0.0,0.0,F_2022-01-04,0.1167,2.96,2.0,both,0.0,0.0,False
GAN,2020-05-28,2020-06-01,2020-06-08,12.0,950.0,40.3,False,0.4745,-0.1724,0.4745,2.89,0.0,0.0,0.0,GAN_2020-05-28,0.4745,2.89,0.0,both,0.0,0.0,False
GAP,2025-09-19,2025-09-19,2025-10-27,39.0,487.0,13.4,False,-0.033,0.0723,0.0591,0.7,39.0,0.0,0.0,GAP_2025-09-19,-0.033,0.7,39.0,both,0.0,0.0,False
GBNY,2021-01-26,2021-01-28,2021-02-05,11.0,1307.0,22.5,False,-0.002,-0.0061,0.0153,0.12,-2.0,-6.0,0.0,GBNY_2021-01-26,-0.002,0.12,-2.0,both,0.0,0.0,False
GBNY,2021-12-06,2021-12-06,2021-12-20,15.0,359.0,2.5,False,0.0039,0.0181,0.0721,9.23,9.0,10.0,0.0,GBNY_2021-12-06,0.0039,9.23,9.0,both,0.0,0.0,False
GCP,2020-03-02,2020-04-16,2020-05-06,66.0,1511.0,10.5,False,-0.1341,0.0154,0.0827,1.28,-43.0,-43.0,0.0,GCP_2020-03-02,-0.1341,1.28,-43.0,both,0.0,0.0,False
GCP,2021-01-08,2021-01-28,2021-02-11,35.0,2468.0,19.0,False,-0.0222,0.0837,0.0729,0.77,12.0,-22.0,0.0,GCP_2021-01-08,-0.0222,0.77,12.0,both,0.0,0.0,False
GCTK,2025-01-08,2025-01-08,2025-01-15,8.0,1095.0,240.8,False,-0.1045,-0.4308,0.8923,57.16,-5.0,5.0,0.0,GCTK_2025-01-08,-0.1032,0.3,-5.0,both,0.0012999999999999956,56.86,False
GDC,2024-02-29,2024-03-05,2024-03-19,20.0,434.0,3.0,False,0.0103,-0.3147,0.0667,0.64,-4.0,8.0,0.0,GDC_2024-02-29,0.0103,0.64,-4.0,both,0.0,0.0,False
GDC,2024-07-28,2024-07-28,2024-08-15,19.0,397.0,3.5,False,,,0.6585,1.09,18.0,22.0,0.0,GDC_2024-07-28,,1.09,18.0,both,,0.0,False
GDC,2025-01-27,2025-04-11,2025-04-23,87.0,2876.0,9.7,False,0.6121,-0.2256,0.6788,3.73,-17.0,-46.0,0.0,GDC_2025-01-27,0.6121,0.1,-17.0,both,0.0,3.63,False
GENE,2021-01-28,2021-02-05,2021-02-12,16.0,361.0,6.3,False,-0.0891,0.08,0.2267,0.26,12.0,12.0,0.0,GENE_2021-01-28,-0.0891,0.26,12.0,both,0.0,0.0,False
GEO,2021-06-08,2021-06-09,2021-06-10,3.0,396.0,34.4,False,0.445,-0.1989,0.445,16.45,0.0,0.0,0.0,GEO_2021-06-08,0.445,16.45,0.0,both,0.0,0.0,False
GES,2024-04-01,2024-04-01,2024-04-03,3.0,330.0,154.0,False,0.0613,-0.0596,0.0613,1.27,0.0,0.0,0.0,GES_2024-04-01,0.0613,1.27,0.0,both,0.0,0.0,False
GEVO,2021-01-12,2021-01-27,2021-02-02,22.0,1330.0,28.0,False,1.3228,-0.0605,1.6218,1.62,-2.0,-8.0,0.0,GEVO_2021-01-12,1.3228,1.62,-2.0,both,0.0,0.0,False
GFAI,2022-03-31,2022-04-10,2022-04-12,13.0,565.0,16.8,False,-0.2308,-0.0083,0.109,0.58,-9.0,-12.0,0.0,GFAI_2022-03-31,-0.2308,0.58,-9.0,both,0.0,0.0,False
GFL,2021-01-27,2021-01-27,2021-03-04,37.0,808.0,4.4,False,-0.0258,0.116,0.1368,1.32,35.0,28.0,0.0,GFL_2021-01-27,-0.0258,1.32,35.0,both,0.0,0.0,False
GFL,2021-05-13,2021-05-13,2021-05-26,14.0,450.0,6.2,False,0.0166,0.0343,0.0681,0.59,14.0,14.0,0.0,GFL_2021-05-13,0.0166,0.59,14.0,both,0.0,0.0,False
GGPI,2021-11-12,2021-11-12,2021-11-18,7.0,632.0,13.8,False,0.1582,0.0453,0.3861,11.45,4.0,3.0,0.0,GGPI_2021-11-12,0.1582,11.45,4.0,both,0.0,0.0,False
GHC,2020-09-20,2020-09-22,2020-09-22,3.0,337.0,25.8,False,-0.0415,0.0,0.0256,1.12,-6.0,-4.0,0.0,GHC_2020-09-20,-0.0415,1.12,-6.0,both,0.0,0.0,False
GHIV,2020-12-04,2020-12-10,2021-01-21,49.0,5326.0,142.0,False,0.1198,0.0123,0.3566,21.56,18.0,13.0,0.0,GHIV_2020-12-04,0.1198,21.56,18.0,both,0.0,0.0,False
GHM,2020-09-20,2020-09-22,2020-09-22,3.0,337.0,25.9,False,-0.0163,0.0,0.075,0.84,-6.0,-4.0,0.0,GHM_2020-09-20,-0.0163,0.84,-6.0,both,0.0,0.0,False
GIK,2020-11-20,2020-12-11,2020-12-28,39.0,2441.0,229.0,False,0.1814,0.1614,0.386,37.55,12.0,12.0,0.0,GIK_2020-11-20,0.1814,37.55,12.0,both,0.0,0.0,False
GIK,2021-04-16,2021-04-16,2021-04-21,6.0,472.0,4.7,False,-0.1033,0.0022,0.0,1.92,-1.0,0.0,0.0,GIK_2021-04-16,-0.1033,1.92,-1.0,both,0.0,0.0,False
GILD,2020-02-24,2020-02-27,2020-03-23,29.0,1955.0,15.0,False,0.0425,-0.0007,0.1509,2.08,8.0,0.0,0.0,GILD_2020-02-24,0.0425,2.08,8.0,both,0.0,0.0,False
GILD,2020-04-16,2020-04-17,2020-04-23,8.0,3723.0,46.6,False,0.1254,-0.0739,0.1254,2.0,0.0,0.0,0.0,GILD_2020-04-16,0.1254,2.0,0.0,both,0.0,0.0,False
GIX,2020-11-30,2020-11-30,2020-12-10,11.0,458.0,23.3,False,0.0,0.0224,0.0839,7.39,7.0,7.0,0.0,GIX_2020-11-30,0.0,7.39,7.0,both,0.0,0.0,False
GLSI,2020-12-09,2020-12-09,2020-12-11,3.0,537.0,264.0,False,9.9835,-0.0193,12.8919,363.56,1.0,0.0,0.0,GLSI_2020-12-09,9.9835,363.56,1.0,both,0.0,0.0,False
GLXY,2025-07-22,2025-07-23,2025-07-29,8.0,338.0,20.9,False,0.1304,-0.1376,0.1617,1.37,1.0,-2.0,0.0,GLXY_2025-07-22,0.1304,1.37,1.0,both,0.0,0.0,False
GMBL,2021-01-26,2021-02-04,2021-02-14,20.0,1124.0,9.3,False,0.081,0.8138,1.3922,4.96,6.0,4.0,0.0,GMBL_2021-01-26,0.081,4.96,6.0,both,0.0,0.0,False
GME,2020-03-11,2020-04-14,2020-04-20,41.0,3593.0,40.9,False,0.4066,-0.0571,0.4066,1.6,0.0,0.0,0.0,GME_2020-03-11,0.4066,1.6,0.0,both,0.0,0.0,False
GME,2020-06-08,2020-06-09,2020-06-10,3.0,1446.0,54.7,False,0.1981,0.0222,0.2246,3.45,1.0,1.0,0.0,GME_2020-06-08,0.1981,3.45,1.0,both,0.0,0.0,False
GME,2020-08-31,2020-09-22,2020-10-01,32.0,3870.0,36.6,False,0.9592,-0.0748,0.9592,3.26,0.0,-22.0,0.0,GME_2020-08-31,0.9592,3.26,0.0,both,0.0,0.0,False
GME,2020-11-27,2020-11-30,2020-12-09,13.0,20672.0,18.9,False,0.1227,-0.1751,0.1485,2.15,8.0,0.0,0.0,GME_2020-11-27,0.1227,2.15,8.0,both,0.0,0.0,False
GME,2021-01-13,2021-01-28,2021-02-04,23.0,865463.0,124.2,False,8.7043,-0.7237,16.419,8.57,-1.0,-6.0,0.0,GME_2021-01-13,8.7043,8.57,-1.0,both,0.0,0.0,False
GME,2021-05-27,2021-05-27,2021-06-10,15.0,143912.0,2.6,False,0.0477,-0.1328,0.2474,2.06,13.0,14.0,0.0,GME_2021-05-27,0.0477,2.06,13.0,both,0.0,0.0,False
GME,2021-08-24,2021-08-24,2021-08-26,3.0,12957.0,2.3,False,0.2753,-0.0241,0.3235,4.78,7.0,0.0,0.0,GME_2021-08-24,0.2753,4.78,7.0,both,0.0,0.0,False
GME,2021-10-29,2021-10-29,2021-11-11,14.0,51211.0,2.5,False,0.0036,0.1134,0.1957,1.91,10.0,5.0,0.0,GME_2021-10-29,0.0036,1.91,10.0,both,0.0,0.0,False
GME,2022-03-17,2022-03-23,2022-04-13,28.0,132240.0,3.6,False,0.6233,0.0688,1.1827,4.34,5.0,0.0,0.0,GME_2022-03-17,0.6233,4.34,5.0,both,0.0,0.0,False
GME,2022-07-07,2022-07-07,2022-07-14,8.0,34686.0,2.8,False,0.1506,0.008,0.2918,1.48,12.0,0.0,0.0,GME_2022-07-07,0.1506,1.48,12.0,both,0.0,0.0,False
GME,2023-03-15,2023-03-22,2023-04-05,22.0,36254.0,5.5,False,0.4116,-0.0754,0.4181,3.06,2.0,0.0,0.0,GME_2023-03-15,0.4116,3.06,2.0,both,0.0,0.0,False
GME,2023-06-07,2023-06-07,2023-06-15,9.0,10982.0,3.9,False,0.0575,-0.0486,0.0915,3.83,6.0,1.0,0.0,GME_2023-06-07,0.0575,3.83,6.0,both,0.0,0.0,False
GME,2023-09-06,2023-09-06,2023-09-20,15.0,8102.0,2.7,False,-0.025,-0.0656,0.0,1.53,-1.0,9.0,0.0,GME_2023-09-06,-0.025,1.53,-1.0,both,0.0,0.0,False
GME,2023-11-29,2023-12-07,2023-12-08,10.0,7030.0,3.6,False,0.2128,-0.0495,0.2587,5.6,-3.0,-8.0,0.0,GME_2023-11-29,0.2128,5.6,-3.0,both,0.0,0.0,False
GME,2024-03-26,2024-03-26,2024-04-22,28.0,14473.0,4.5,False,0.0251,-0.3542,0.0251,1.6,0.0,1.0,0.0,GME_2024-03-26,0.0251,1.6,0.0,both,0.0,0.0,False
GME,2024-05-13,2024-06-07,2024-06-18,37.0,105897.0,22.8,False,0.6163,-0.1247,1.7921,7.96,-24.0,0.0,0.0,GME_2024-05-13,0.6163,7.96,-24.0,both,0.0,0.0,False
GME,2024-09-10,2024-09-11,2024-09-13,4.0,5525.0,4.7,False,-0.1489,0.0005,0.0,2.33,-2.0,0.0,0.0,GME_2024-09-10,-0.1489,2.33,-2.0,both,0.0,0.0,False
GME,2024-11-06,2024-11-06,2024-11-29,24.0,11301.0,2.5,False,0.0048,0.2576,0.3436,2.58,21.0,5.0,0.0,GME_2024-11-06,0.0048,2.58,21.0,both,0.0,0.0,False
GME,2025-02-18,2025-02-18,2025-02-25,8.0,3936.0,2.6,False,-0.0011,-0.0945,0.0015,1.08,2.0,-4.0,0.0,GME_2025-02-18,-0.0011,1.08,2.0,both,0.0,0.0,False
GME,2025-03-25,2025-03-26,2025-04-17,24.0,14975.0,5.8,False,0.1074,-0.0557,0.1074,5.02,0.0,1.0,0.0,GME_2025-03-25,0.1074,5.01,0.0,both,0.0,0.009999999999999787,False
GME,2025-07-29,2025-07-29,2025-07-31,3.0,1804.0,2.7,False,-0.0187,-0.0044,0.0239,1.01,-5.0,2.0,0.0,GME_2025-07-29,-0.0187,1.01,-5.0,both,0.0,0.0,False
GME,2025-09-09,2025-09-10,2025-09-18,10.0,6825.0,8.4,False,0.0495,0.062,0.1542,2.4,13.0,0.0,0.0,GME_2025-09-09,0.0495,2.4,13.0,both,0.0,0.0,False
GME,2026-01-26,2026-02-03,2026-02-10,16.0,7278.0,4.3,False,0.0666,0.0122,0.1244,2.21,-1.0,-8.0,0.0,GME_2026-01-26,0.0666,2.21,-1.0,both,0.0,0.0,False
GME,2026-03-24,2026-03-24,2026-03-31,8.0,1925.0,2.6,False,-0.0096,0.0101,0.0143,1.4,9.0,7.0,0.0,GME_2026-03-24,-0.0096,1.4,9.0,both,0.0,0.0,False
GME,2026-05-01,2026-05-12,2026-05-15,15.0,16695.0,17.4,False,-0.1034,-0.0349,0.0633,2.04,-11.0,-8.0,0.0,GME_2026-05-01,-0.1034,2.04,-11.0,both,0.0,0.0,False
GMHI,2020-11-20,2020-12-01,2020-12-02,13.0,346.0,60.0,False,0.6038,0.0588,0.7358,7.74,-1.0,-11.0,0.0,GMHI_2020-11-20,0.6038,7.74,-1.0,both,0.0,0.0,False
GNC,2020-06-24,2020-06-25,2020-06-26,3.0,1162.0,47.1,False,-0.1805,-0.0707,0.0944,4.2,-6.0,0.0,0.0,GNC_2020-06-24,-0.1805,4.2,-6.0,both,0.0,0.0,False
GNS,2023-01-19,2023-01-20,2023-01-25,7.0,1179.0,209.2,False,5.0504,0.2654,8.169,108.95,10.0,-1.0,0.0,GNS_2023-01-19,5.0504,108.95,10.0,both,0.0,0.0,False
GNUS,2020-05-06,2020-06-04,2020-06-08,34.0,7149.0,1541.0,False,20.764,-0.2493,24.1586,79.19,-1.0,-1.0,0.0,GNUS_2020-05-06,20.764,79.19,-1.0,both,0.0,0.0,False
GNUS,2021-01-25,2021-01-27,2021-01-28,4.0,2064.0,189.8,False,0.949,-0.3562,0.949,8.17,0.0,0.0,0.0,GNUS_2021-01-25,0.949,8.17,0.0,both,0.0,0.0,False
GNUS,2021-10-25,2021-10-26,2021-10-27,3.0,358.0,154.0,False,0.3955,-0.1872,0.5149,31.05,-1.0,-1.0,0.0,GNUS_2021-10-25,0.3955,31.05,-1.0,both,0.0,0.0,False
GOED,2021-05-28,2021-05-28,2021-06-28,32.0,313.0,31.0,False,-0.7002,1.3022,0.0,51.97,-1.0,0.0,0.0,GOED_2021-05-28,-0.7002,51.97,-1.0,both,0.0,0.0,False
GOEV,2021-03-11,2021-03-16,2021-03-22,12.0,1409.0,8.2,False,0.1978,-0.0084,0.218,2.36,-1.0,3.0,0.0,GOEV_2021-03-11,0.1978,2.36,-1.0,both,0.0,0.0,False
GOEV,2021-06-08,2021-06-15,2021-06-16,9.0,1894.0,42.6,False,0.2416,-0.0769,0.2416,4.44,0.0,0.0,0.0,GOEV_2021-06-08,0.2416,4.44,0.0,both,0.0,0.0,False
GOEV,2021-09-22,2021-09-24,2021-09-27,6.0,2016.0,48.3,False,0.3513,-0.0796,0.3513,3.74,0.0,0.0,0.0,GOEV_2021-09-22,0.3513,3.74,0.0,both,0.0,0.0,False
GOEV,2021-11-16,2021-11-17,2021-11-30,15.0,1303.0,32.5,False,0.2781,0.1083,0.5254,9.15,12.0,0.0,0.0,GOEV_2021-11-16,0.2781,9.15,12.0,both,0.0,0.0,False
GOGO,2021-01-25,2021-01-27,2021-01-28,4.0,391.0,212.0,False,0.1337,-0.0561,0.2046,4.62,-1.0,-2.0,0.0,GOGO_2021-01-25,0.1337,4.62,-1.0,both,0.0,0.0,False
GOLD,2020-02-21,2020-02-24,2020-03-03,12.0,401.0,22.3,False,0.0607,-0.064,0.0607,2.0,0.0,4.0,0.0,GOLD_2020-02-21,0.0607,2.0,0.0,both,0.0,0.0,False
GOLD,2020-07-22,2020-08-17,2020-08-19,29.0,990.0,15.5,False,0.0673,-0.0382,0.0673,1.6,0.0,0.0,0.0,GOLD_2020-07-22,0.0673,1.6,0.0,both,0.0,0.0,False
GOLD,2021-01-04,2021-01-29,2021-02-01,29.0,1584.0,66.9,False,-0.018,0.0076,0.0874,1.35,-22.0,-25.0,0.0,GOLD_2021-01-04,-0.018,1.35,-22.0,both,0.0,0.0,False
GOLD,2025-04-11,2025-04-16,2025-04-24,14.0,305.0,7.6,False,0.0733,-0.06,0.0733,1.12,0.0,-5.0,0.0,GOLD_2025-04-11,0.078,0.9,8.0,both,0.004699999999999996,0.22000000000000008,True
GOLD,2025-10-08,2025-10-17,2025-11-04,28.0,624.0,12.4,False,0.0033,-0.0498,0.0731,0.66,-1.0,7.0,0.0,GOLD_2025-10-08,0.0739,0.76,-1.0,both,0.0706,0.09999999999999998,False
GOOGL,2020-01-31,2020-02-03,2020-02-11,12.0,578.0,12.8,False,0.0195,0.0185,0.0443,1.54,11.0,1.0,0.0,GOOGL_2020-01-31,0.0195,1.54,11.0,both,0.0,0.0,False
GOOGL,2020-04-16,2020-04-28,2020-04-29,14.0,642.0,12.8,False,-0.0197,0.0889,0.0711,0.83,2.0,1.0,0.0,GOOGL_2020-04-16,-0.0197,0.83,2.0,both,0.0,0.0,False
GOOGL,2020-07-29,2020-07-30,2020-08-06,9.0,402.0,4.6,False,0.0231,-0.0217,0.0231,1.17,0.0,1.0,0.0,GOOGL_2020-07-29,0.0231,1.17,0.0,both,0.0,0.0,False
GOOGL,2020-10-20,2020-10-29,2020-10-30,11.0,310.0,6.8,False,0.0176,0.038,0.1411,1.36,6.0,1.0,0.0,GOOGL_2020-10-20,0.0176,1.36,6.0,both,0.0,0.0,False
GOOGL,2021-01-30,2021-02-02,2021-02-05,7.0,477.0,6.2,False,0.0502,0.0884,0.1431,1.39,3.0,1.0,0.0,GOOGL_2021-01-30,0.0502,1.39,3.0,both,0.0,0.0,False
GOOGL,2021-04-27,2021-04-28,2021-05-16,20.0,540.0,4.3,False,0.0213,-0.0342,0.0359,1.32,1.0,0.0,0.0,GOOGL_2021-04-27,0.0213,1.32,1.0,both,0.0,0.0,False
GOOGL,2021-10-21,2021-10-27,2021-11-09,20.0,939.0,6.0,False,0.0314,0.0185,0.0512,1.39,12.0,0.0,0.0,GOOGL_2021-10-21,0.0314,1.39,12.0,both,0.0,0.0,False
GOOGL,2022-02-01,2022-02-02,2022-02-03,3.0,1092.0,15.8,False,0.0938,-0.0332,0.0938,2.29,0.0,0.0,0.0,GOOGL_2022-02-01,0.0938,2.29,0.0,both,0.0,0.0,False
GOOGL,2022-04-21,2022-04-26,2022-04-27,7.0,1227.0,10.6,False,-0.0733,-0.0367,0.0154,2.12,-7.0,1.0,0.0,GOOGL_2022-04-21,-0.0733,2.12,-7.0,both,0.0,0.0,False
GOOGL,2022-07-18,2022-07-26,2022-07-27,10.0,809.0,11.2,False,-0.0605,0.0766,0.0406,1.15,3.0,1.0,1.0,GOOGL_2022-07-18,-0.953,22.95,-11.0,both,0.8925,21.8,True
GOOGL,2022-10-25,2022-10-26,2022-10-27,3.0,704.0,13.0,False,-0.074,-0.0285,0.0191,2.32,-1.0,0.0,0.0,GOOGL_2022-10-25,-0.074,2.32,-1.0,both,0.0,0.0,False
GOOGL,2023-01-20,2023-02-02,2023-02-16,28.0,1553.0,11.0,False,0.1579,-0.1135,0.1579,1.8,0.0,7.0,0.0,GOOGL_2023-01-20,0.1579,1.8,0.0,both,0.0,0.0,False
GOOGL,2023-07-13,2023-07-25,2023-07-26,14.0,519.0,13.5,False,0.0276,0.0578,0.116,1.46,6.0,-4.0,0.0,GOOGL_2023-07-13,0.0276,1.46,6.0,both,0.0,0.0,False
GOOGL,2023-12-07,2023-12-07,2023-12-25,19.0,309.0,5.0,False,0.0531,0.0333,0.0884,1.36,19.0,0.0,0.0,GOOGL_2023-12-07,0.0531,1.36,19.0,both,0.0,0.0,False
GOOGL,2024-01-30,2024-01-30,2024-02-15,17.0,547.0,9.4,False,-0.0134,-0.0574,0.0,1.42,-1.0,1.0,0.0,GOOGL_2024-01-30,-0.0134,1.42,-1.0,both,0.0,0.0,False
GOOGL,2024-07-23,2024-07-23,2024-07-25,3.0,634.0,16.4,False,0.0007,-0.0798,0.0007,2.17,0.0,1.0,0.0,GOOGL_2024-07-23,0.0007,2.17,0.0,both,0.0,0.0,False
GOOGL,2024-10-28,2024-10-29,2024-10-31,4.0,470.0,9.2,False,0.0267,0.0084,0.0556,2.33,1.0,1.0,0.0,GOOGL_2024-10-28,0.0267,2.33,1.0,both,0.0,0.0,False
GOOGL,2024-12-10,2024-12-11,2024-12-19,10.0,711.0,5.8,False,0.1142,-0.0353,0.1214,1.61,5.0,0.0,0.0,GOOGL_2024-12-10,0.1142,1.61,5.0,both,0.0,0.0,False
GOOGL,2025-02-04,2025-02-04,2025-02-18,15.0,1567.0,8.7,False,0.0256,-0.1096,0.0256,1.29,0.0,1.0,0.0,GOOGL_2025-02-04,0.0256,1.29,0.0,both,0.0,0.0,False
GOOGL,2025-07-23,2025-07-23,2025-07-31,9.0,1165.0,7.4,False,-0.0058,0.0088,0.0271,1.17,7.0,1.0,0.0,GOOGL_2025-07-23,-0.0058,1.17,7.0,both,0.0,0.0,False
GOOGL,2025-09-02,2025-09-03,2025-10-09,38.0,2690.0,4.8,False,0.0834,0.0471,0.1964,1.25,16.0,0.0,0.0,GOOGL_2025-09-02,0.0834,1.25,16.0,both,0.0,0.0,False
GOOGL,2025-10-29,2025-10-29,2025-10-31,3.0,518.0,4.6,False,0.0265,0.0241,0.063,1.81,7.0,1.0,0.0,GOOGL_2025-10-29,0.0265,1.81,7.0,both,0.0,0.0,False
GOOGL,2026-02-04,2026-02-04,2026-02-11,8.0,969.0,9.4,False,-0.0196,-0.0663,0.0117,1.79,-2.0,1.0,0.0,GOOGL_2026-02-04,-0.0196,1.81,-2.0,both,0.0,0.020000000000000018,False
GOOGL,2026-04-27,2026-04-29,2026-05-06,10.0,783.0,12.0,False,0.0161,0.1375,0.1638,1.35,9.0,1.0,0.0,GOOGL_2026-04-27,0.0161,1.36,9.0,both,0.0,0.010000000000000009,False
GOOGL,2026-06-01,2026-06-02,2026-06-04,4.0,405.0,3.7,False,-0.0486,0.0286,0.0257,1.62,-5.0,1.0,0.0,GOOGL_2026-06-01,-0.0486,1.64,-5.0,both,0.0,0.019999999999999796,False
GOOGL,2026-06-22,2026-06-22,2026-06-30,9.0,653.0,5.5,False,-0.0499,0.022,0.0,1.53,-4.0,4.0,0.0,GOOGL_2026-06-22,-0.0499,1.53,-4.0,both,0.0,0.0,False
GOOG,2020-01-31,2020-02-03,2020-02-04,5.0,357.0,12.6,False,0.0207,-0.0262,0.0207,2.01,0.0,1.0,0.0,GOOG_2020-01-31,0.0207,2.01,0.0,both,0.0,0.0,False
GOOG,2020-03-13,2020-04-28,2020-04-29,48.0,1735.0,33.0,False,0.1065,0.0874,0.2097,1.22,2.0,-43.0,0.0,GOOG_2020-03-13,0.1065,1.22,2.0,both,0.0,0.0,False
GOOG,2020-10-20,2020-10-29,2020-10-30,11.0,447.0,8.6,False,0.0213,0.0343,0.1398,1.3,6.0,1.0,0.0,GOOG_2020-10-20,0.0213,1.3,6.0,both,0.0,0.0,False
GOOG,2021-01-30,2021-02-02,2021-02-05,7.0,633.0,5.6,False,0.05,0.0885,0.1429,1.34,3.0,1.0,0.0,GOOG_2021-01-30,0.05,1.34,3.0,both,0.0,0.0,False
GOOG,2021-04-27,2021-04-27,2021-04-30,4.0,346.0,6.7,False,-0.0084,0.0446,0.0443,1.64,2.0,1.0,0.0,GOOG_2021-04-27,-0.0084,1.64,2.0,both,0.0,0.0,False
GOOG,2021-10-21,2021-10-27,2021-11-05,16.0,810.0,5.2,False,0.0282,0.0192,0.0487,1.23,12.0,0.0,0.0,GOOG_2021-10-21,0.0282,1.23,12.0,both,0.0,0.0,False
GOOG,2022-02-01,2022-02-02,2022-02-03,3.0,1146.0,14.4,False,0.0909,-0.0364,0.0909,2.15,0.0,0.0,0.0,GOOG_2022-02-01,0.0909,2.15,0.0,both,0.0,0.0,False
GOOG,2022-03-26,2022-03-26,2022-03-31,6.0,389.0,3.8,False,,,0.015,0.9,9.0,-4.0,0.0,GOOG_2022-03-26,,0.9,9.0,both,,0.0,False
GOOG,2022-04-22,2022-04-26,2022-04-27,6.0,1271.0,11.3,False,-0.0435,-0.0375,0.0448,2.15,-7.0,1.0,0.0,GOOG_2022-04-22,-0.0435,2.15,-7.0,both,0.0,0.0,False
GOOG,2022-07-18,2022-07-26,2022-07-27,10.0,1114.0,14.0,False,-0.065,0.0774,0.0343,1.09,3.0,-4.0,1.0,GOOG_2022-07-18,-0.9532,21.78,-11.0,both,0.8882000000000001,20.69,True
GOOG,2022-10-25,2022-10-26,2022-11-04,11.0,1216.0,13.4,False,-0.0791,-0.0856,0.019,1.92,-1.0,0.0,0.0,GOOG_2022-10-25,-0.0791,1.92,-1.0,both,0.0,0.0,False
GOOG,2023-01-20,2023-02-02,2023-02-15,27.0,1766.0,12.1,False,0.1586,-0.1075,0.1586,1.82,0.0,7.0,0.0,GOOG_2023-01-20,0.1586,1.82,0.0,both,0.0,0.0,False
GOOG,2023-07-13,2023-07-25,2023-07-26,14.0,617.0,18.2,False,0.0265,0.0559,0.1128,1.26,6.0,-4.0,0.0,GOOG_2023-07-13,0.0265,1.26,6.0,both,0.0,0.0,False
GOOG,2023-10-24,2023-10-25,2023-10-26,3.0,347.0,23.1,False,-0.0814,-0.0255,0.0161,2.04,-1.0,0.0,0.0,GOOG_2023-10-24,-0.0814,2.04,-1.0,both,0.0,0.0,False
GOOG,2023-12-07,2023-12-07,2023-12-29,23.0,418.0,4.9,False,0.0534,0.0179,0.0867,1.3,19.0,8.0,0.0,GOOG_2023-12-07,0.0534,1.3,19.0,both,0.0,0.0,False
GOOG,2024-01-25,2024-01-30,2024-02-02,9.0,495.0,17.2,False,0.018,-0.0621,0.0299,1.61,-1.0,1.0,0.0,GOOG_2024-01-25,0.018,1.61,-1.0,both,0.0,0.0,False
GOOG,2024-04-24,2024-04-25,2024-04-26,3.0,699.0,22.0,False,-0.0123,0.0997,0.0861,2.05,1.0,1.0,0.0,GOOG_2024-04-24,-0.0123,2.05,1.0,both,0.0,0.0,False
GOOG,2024-07-22,2024-07-23,2024-07-26,5.0,768.0,14.5,False,0.0235,-0.0813,0.0235,1.75,0.0,1.0,0.0,GOOG_2024-07-22,0.0235,1.75,0.0,both,0.0,0.0,False
GOOG,2024-10-29,2024-10-29,2024-10-31,3.0,472.0,10.1,False,0.0166,0.0091,0.0463,2.75,1.0,1.0,0.0,GOOG_2024-10-29,0.0166,2.75,1.0,both,0.0,0.0,False
GOOG,2024-12-10,2024-12-11,2024-12-23,14.0,1120.0,7.9,False,0.1107,-0.0037,0.1189,1.66,5.0,9.0,0.0,GOOG_2024-12-10,0.1107,1.66,5.0,both,0.0,0.0,False
GOOG,2025-02-04,2025-02-04,2025-02-07,4.0,1168.0,11.6,False,0.025,-0.099,0.025,1.85,0.0,1.0,0.0,GOOG_2025-02-04,0.025,1.87,0.0,both,0.0,0.020000000000000018,False
GOOG,2025-04-24,2025-04-24,2025-04-30,7.0,972.0,7.6,False,0.0238,-0.0036,0.0528,0.96,11.0,1.0,0.0,GOOG_2025-04-24,0.0238,0.96,11.0,both,0.0,0.0,False
GOOG,2025-05-07,2025-05-07,2025-05-14,8.0,1623.0,11.3,False,-0.0751,0.0917,0.0162,1.61,12.0,0.0,0.0,GOOG_2025-05-07,-0.0751,1.61,12.0,both,0.0,0.0,False
GOOG,2025-06-23,2025-06-30,2025-07-01,9.0,1171.0,4.5,False,0.0576,-0.0027,0.0764,1.45,3.0,-3.0,0.0,GOOG_2025-06-23,0.0576,1.45,3.0,both,0.0,0.0,False
GOOG,2025-09-02,2025-09-03,2025-09-09,8.0,1047.0,5.6,False,0.0823,0.0383,0.1304,1.82,9.0,0.0,0.0,GOOG_2025-09-02,0.0823,1.82,9.0,both,0.0,0.0,False
GOOG,2025-10-21,2025-10-29,2025-10-30,10.0,1385.0,9.7,False,0.0706,0.0245,0.1054,1.35,5.0,1.0,0.0,GOOG_2025-10-21,0.0706,1.35,5.0,both,0.0,0.0,False
GOOG,2026-02-03,2026-02-04,2026-02-06,4.0,1244.0,13.0,False,-0.0335,-0.0307,0.0,1.77,-2.0,1.0,0.0,GOOG_2026-02-03,-0.0335,1.78,-2.0,both,0.0,0.010000000000000009,False
GOOG,2026-04-29,2026-04-29,2026-05-05,7.0,849.0,12.7,False,-0.0005,0.1064,0.1426,1.51,9.0,1.0,0.0,GOOG_2026-04-29,-0.0005,1.52,9.0,both,0.0,0.010000000000000009,False
GOOG,2026-06-01,2026-06-01,2026-06-04,4.0,580.0,4.4,False,-0.0102,-0.0089,0.0257,1.76,-4.0,-3.0,0.0,GOOG_2026-06-01,-0.0102,1.78,-4.0,both,0.0,0.020000000000000018,False
GOOG,2026-06-22,2026-06-22,2026-06-25,4.0,501.0,4.8,False,-0.0508,-0.0189,0.0,1.07,-4.0,4.0,0.0,GOOG_2026-06-22,-0.0508,1.07,-4.0,both,0.0,0.0,False
GPI,2021-02-05,2021-02-12,2021-02-16,12.0,409.0,2.6,False,0.0689,-0.0118,0.1016,0.73,-4.0,-8.0,0.0,GPI_2021-02-05,0.0689,0.73,-4.0,both,0.0,0.0,False
GPI,2021-11-03,2021-11-12,2021-11-17,15.0,459.0,7.7,False,0.0841,-0.0875,0.1074,1.14,4.0,5.0,0.0,GPI_2021-11-03,0.0841,1.14,4.0,both,0.0,0.0,False
GPI,2025-03-27,2025-03-27,2025-04-10,15.0,311.0,5.1,False,-0.041,0.0155,0.0277,1.33,-2.0,7.0,0.0,GPI_2025-03-27,-0.041,1.33,-2.0,both,0.0,0.0,False
GPRO,2021-01-26,2021-01-27,2021-02-05,11.0,919.0,32.4,False,0.0948,-0.1356,0.1885,2.75,5.0,9.0,0.0,GPRO_2021-01-26,0.0948,2.75,5.0,both,0.0,0.0,False
GPRO,2021-03-15,2021-03-16,2021-03-24,10.0,309.0,6.8,False,0.1935,-0.1052,0.2595,1.81,3.0,0.0,0.0,GPRO_2021-03-15,0.1935,1.81,3.0,both,0.0,0.0,False
GPUS,2025-09-15,2025-09-29,2025-09-29,15.0,785.0,292.0,False,0.2162,0.0,0.4595,41.99,4.0,-3.0,0.0,GPUS_2025-09-15,0.2162,41.99,-11.0,both,0.0,0.0,True
GRAF,2020-06-17,2020-07-02,2020-07-12,26.0,579.0,25.1,False,0.7775,-0.0209,0.7775,85.63,0.0,0.0,0.0,GRAF_2020-06-17,0.7775,85.63,0.0,both,0.0,0.0,False
GRAF,2020-08-25,2020-09-29,2020-09-29,36.0,883.0,11.4,False,0.2871,0.0,0.5824,2.62,-20.0,-27.0,0.0,GRAF_2020-08-25,0.2871,2.62,-20.0,both,0.0,0.0,False
GRA,2021-01-27,2021-01-28,2021-02-11,16.0,452.0,6.6,False,-0.0005,0.0169,0.0343,0.78,11.0,1.0,0.0,GRA_2021-01-27,-0.0005,0.78,11.0,both,0.0,0.0,False
GRND,2024-06-05,2024-06-14,2024-06-17,13.0,1171.0,84.1,False,0.0867,-0.0227,0.0867,2.08,0.0,0.0,0.0,GRND_2024-06-05,0.0867,2.08,0.0,both,0.0,0.0,False
GROW,2021-01-27,2021-01-29,2021-01-29,3.0,399.0,119.0,False,0.0335,0.0,0.1359,1.54,5.0,0.0,0.0,GROW_2021-01-27,0.0335,1.54,5.0,both,0.0,0.0,False
GRPN,2020-02-18,2020-02-19,2020-02-20,3.0,320.0,69.2,False,-0.3993,0.0,0.0777,10.84,-1.0,0.0,0.0,GRPN_2020-02-18,-0.3993,10.84,-1.0,both,0.0,0.0,False
GRUB,2020-05-01,2020-05-12,2020-05-13,13.0,1062.0,49.5,False,0.2637,-0.0373,0.2637,3.14,0.0,0.0,0.0,GRUB_2020-05-01,0.2637,3.14,0.0,both,0.0,0.0,False
GRUB,2021-01-27,2021-02-01,2021-02-11,16.0,581.0,9.1,False,0.0118,-0.0658,0.0496,0.96,-10.0,2.0,0.0,GRUB_2021-01-27,0.0118,0.96,-10.0,both,0.0,0.0,False
GRWG,2020-11-04,2020-11-27,2020-12-05,32.0,676.0,9.5,False,0.9448,-0.016,0.9448,1.39,0.0,-15.0,0.0,GRWG_2020-11-04,0.9448,1.39,0.0,both,0.0,0.0,False
GSAH,2021-01-12,2021-01-29,2021-02-04,24.0,647.0,9.3,False,0.023,0.0562,0.1327,3.16,-4.0,-10.0,0.0,GSAH_2021-01-12,0.023,3.16,-4.0,both,0.0,0.0,False
GSAH,2021-02-18,2021-02-19,2021-02-23,6.0,364.0,6.1,False,0.2048,-0.14,0.2048,3.56,0.0,0.0,0.0,GSAH_2021-02-18,0.2048,3.56,0.0,both,0.0,0.0,False
GSAT,2020-07-06,2020-07-06,2020-07-10,5.0,471.0,200.0,False,0.3986,-0.1709,0.3986,4.9,0.0,0.0,0.0,GSAT_2020-07-06,0.3986,4.9,0.0,both,0.0,0.0,False
GSAT,2021-01-20,2021-01-28,2021-01-29,10.0,592.0,51.1,False,0.2256,-0.0708,0.4859,2.1,-8.0,-8.0,0.0,GSAT_2021-01-20,0.2256,2.1,-8.0,both,0.0,0.0,False
GSAT,2021-02-09,2021-02-10,2021-02-12,4.0,842.0,12.6,False,0.9512,0.0333,1.0894,3.49,7.0,0.0,0.0,GSAT_2021-02-09,0.9512,3.49,7.0,both,0.0,0.0,False
GSAT,2021-06-21,2021-06-22,2021-06-25,5.0,1211.0,72.2,False,0.4419,0.0108,0.4574,4.63,3.0,0.0,0.0,GSAT_2021-06-21,0.4419,4.63,3.0,both,0.0,0.0,False
GSAT,2022-08-26,2022-09-07,2022-09-08,14.0,931.0,115.8,False,0.0899,-0.1893,0.1058,5.39,-1.0,0.0,0.0,GSAT_2022-08-26,0.0899,5.39,-1.0,both,0.0,0.0,False
GSX,2020-05-18,2020-05-18,2020-05-26,9.0,362.0,10.4,False,-0.0731,-0.0554,0.0816,2.93,-5.0,0.0,0.0,GSX_2020-05-18,-0.0731,2.93,-5.0,both,0.0,0.0,False
GS,2020-03-15,2020-03-15,2020-03-25,11.0,399.0,5.6,False,,,0.0405,1.51,-5.0,3.0,0.0,GS_2020-03-15,,1.51,-5.0,both,,0.0,False
GS,2021-01-24,2021-01-31,2021-02-01,9.0,934.0,17.7,False,-0.063,0.0131,0.0166,1.02,-12.0,-12.0,0.0,GS_2021-01-24,-0.063,1.02,-12.0,both,0.0,0.0,False
GS,2023-01-16,2023-01-18,2023-01-28,13.0,376.0,4.5,False,-0.0666,0.0132,0.0,3.06,-5.0,-1.0,0.0,GS_2023-01-16,-0.0666,3.06,-5.0,both,0.0,0.0,False
GS,2023-03-13,2023-03-13,2023-03-23,11.0,394.0,7.1,False,-0.0371,-0.0021,0.066,1.74,-5.0,2.0,0.0,GS_2023-03-13,-0.0371,1.74,-5.0,both,0.0,0.0,False
GTES,2020-02-10,2020-02-12,2020-02-20,11.0,400.0,9.8,False,0.0304,-0.025,0.0624,1.23,-7.0,-7.0,0.0,GTES_2020-02-10,0.0304,1.23,-7.0,both,0.0,0.0,False
GTES,2020-03-13,2020-03-13,2020-03-19,7.0,399.0,6.7,False,-0.0062,-0.1055,0.1785,1.57,-3.0,7.0,0.0,GTES_2020-03-13,-0.0062,1.57,-3.0,both,0.0,0.0,False
GTES,2020-07-11,2020-07-15,2020-07-16,6.0,382.0,7.0,False,0.0664,-0.0009,0.0915,1.28,6.0,0.0,0.0,GTES_2020-07-11,0.0664,1.28,6.0,both,0.0,0.0,False
GTES,2020-11-19,2020-11-24,2020-12-01,13.0,457.0,9.6,False,0.0136,-0.0157,0.0144,0.88,1.0,-8.0,0.0,GTES_2020-11-19,0.0136,0.88,1.0,both,0.0,0.0,False
GTES,2021-01-25,2021-01-28,2021-02-03,10.0,1804.0,17.7,False,-0.0054,0.0054,0.0709,1.4,-2.0,-2.0,0.0,GTES_2021-01-25,-0.0054,1.4,-2.0,both,0.0,0.0,False
GTES,2021-05-03,2021-05-04,2021-05-08,6.0,2183.0,25.7,False,0.0041,0.0144,0.0209,0.63,6.0,8.0,0.0,GTES_2021-05-03,0.0041,0.63,6.0,both,0.0,0.0,False
GTES,2021-07-28,2021-07-28,2021-08-10,14.0,500.0,2.7,False,-0.0057,0.0165,0.0538,0.89,9.0,15.0,0.0,GTES_2021-07-28,-0.0057,0.89,9.0,both,0.0,0.0,False
GTES,2022-03-25,2022-04-23,2022-04-24,31.0,2566.0,109.2,False,-0.175,0.0,0.0137,1.99,-32.0,-24.0,0.0,GTES_2022-03-25,-0.175,1.99,-32.0,both,0.0,0.0,False
GTES,2022-10-04,2022-10-04,2022-11-12,40.0,733.0,2.8,False,0.0367,0.1396,0.1824,1.33,42.0,2.0,0.0,GTES_2022-10-04,0.0367,1.33,42.0,both,0.0,0.0,False
GTES,2022-12-15,2022-12-28,2022-12-28,14.0,642.0,8.0,False,-0.023,0.0,0.0159,1.65,-15.0,-12.0,0.0,GTES_2022-12-15,-0.023,1.65,-15.0,both,0.0,0.0,False
GTES,2026-01-29,2026-01-31,2026-02-06,9.0,435.0,19.6,False,0.0026,0.1646,0.1764,1.56,9.0,4.0,0.0,GTES_2026-01-29,0.0026,1.56,9.0,both,0.0,0.0,False
GTE,2021-01-28,2021-01-28,2021-02-02,6.0,821.0,144.0,False,0.3208,0.0063,0.3727,14.02,4.0,0.0,0.0,GTE_2021-01-28,0.3208,14.02,4.0,both,0.0,0.0,False
GTHX,2021-01-27,2021-01-28,2021-02-19,24.0,1294.0,7.4,False,0.0763,0.1919,0.5549,2.23,14.0,19.0,0.0,GTHX_2021-01-27,0.0763,2.23,14.0,both,0.0,0.0,False
GTIM,2021-01-27,2021-01-29,2021-02-11,16.0,849.0,9.5,False,-0.0411,0.2571,0.2911,0.85,10.0,14.0,0.0,GTIM_2021-01-27,-0.0411,0.85,10.0,both,0.0,0.0,False
GTLB,2024-03-01,2024-03-04,2024-03-05,5.0,434.0,270.0,False,0.0326,-0.2099,0.0326,5.66,0.0,1.0,0.0,GTLB_2024-03-01,0.0326,5.66,0.0,both,0.0,0.0,False
GTT,2021-01-27,2021-01-28,2021-02-01,6.0,330.0,15.6,False,0.0151,0.0106,0.2203,2.08,-1.0,-1.0,0.0,GTT_2021-01-27,0.0151,2.08,-1.0,both,0.0,0.0,False
GTT,2021-06-02,2021-06-03,2021-06-09,8.0,356.0,10.1,False,1.195,-0.2092,1.195,34.23,0.0,0.0,0.0,GTT_2021-06-02,1.195,34.23,0.0,both,0.0,0.0,False
GWAV,2024-05-16,2024-05-22,2024-05-23,8.0,935.0,97.4,False,0.3177,0.1244,1.6421,16.74,-2.0,-6.0,0.0,GWAV_2024-05-16,0.3177,16.74,-2.0,both,0.0,0.0,False
GXO,2025-04-08,2025-04-09,2025-05-06,29.0,612.0,5.3,False,0.0413,0.0639,0.1638,0.83,29.0,0.0,0.0,GXO_2025-04-08,0.0413,0.83,29.0,both,0.0,0.0,False
HAL,2020-03-08,2020-04-20,2020-04-29,53.0,872.0,83.0,False,-0.4162,0.4443,0.2204,2.48,-48.0,-42.0,0.0,HAL_2020-03-08,-0.4162,2.48,-48.0,both,0.0,0.0,False
HCAC,2020-08-04,2020-08-18,2020-08-26,23.0,795.0,12.4,False,-0.0358,0.0467,0.057,2.54,-14.0,0.0,0.0,HCAC_2020-08-04,-0.0358,2.54,-14.0,both,0.0,0.0,False
HCAC,2020-09-23,2020-09-23,2020-10-06,14.0,496.0,4.0,False,-0.0664,-0.0495,0.0252,0.61,-5.0,0.0,0.0,HCAC_2020-09-23,-0.0664,0.61,-5.0,both,0.0,0.0,False
HCAC,2020-11-19,2020-11-24,2020-12-21,33.0,2885.0,26.6,False,0.0791,0.7417,1.1215,9.17,16.0,13.0,0.0,HCAC_2020-11-19,0.0791,9.17,16.0,both,0.0,0.0,False
HCTI,2025-06-11,2025-06-12,2025-06-17,7.0,467.0,20.0,False,3.1667,-0.2633,3.1667,4.4,0.0,0.0,0.0,HCTI_2025-06-11,3.2857,4.39,0.0,both,0.11899999999999977,0.010000000000000675,False
HCTI,2025-07-23,2025-07-24,2025-07-25,3.0,1001.0,45.5,False,1.8579,0.2615,2.6053,9.74,1.0,0.0,0.0,HCTI_2025-07-23,1.8421,9.76,1.0,both,0.015800000000000036,0.019999999999999574,False
HD,2020-05-08,2020-05-18,2020-05-20,13.0,724.0,6.8,False,0.0693,-0.0292,0.0693,1.48,0.0,-3.0,0.0,HD_2020-05-08,0.0693,1.48,0.0,both,0.0,0.0,False
HD,2021-01-28,2021-01-28,2021-03-17,49.0,1212.0,6.2,False,0.0146,0.0071,0.0549,1.24,50.0,27.0,0.0,HD_2021-01-28,0.0146,1.24,50.0,both,0.0,0.0,False
HD,2021-05-06,2021-05-06,2021-05-18,13.0,371.0,3.8,False,0.0167,-0.0617,0.0273,1.26,4.0,12.0,0.0,HD_2021-05-06,0.0167,1.26,4.0,both,0.0,0.0,False
HEAR,2020-05-05,2020-05-07,2020-05-08,4.0,552.0,63.1,False,0.1536,-0.1819,0.1536,2.3,0.0,1.0,0.0,HEAR_2020-05-05,0.1536,2.3,0.0,both,0.0,0.0,False
HEAR,2021-01-22,2021-01-29,2021-02-05,15.0,1677.0,41.3,False,0.1974,-0.0157,0.2691,1.26,12.0,12.0,0.0,HEAR_2021-01-22,0.1974,1.26,12.0,both,0.0,0.0,False
HES,2021-01-25,2021-02-02,2021-02-03,10.0,2057.0,165.2,False,-0.0909,0.0712,0.0389,1.21,-13.0,-8.0,0.0,HES_2021-01-25,-0.0909,1.21,-13.0,both,0.0,0.0,False
HEXO,2020-05-18,2020-06-08,2020-06-11,25.0,473.0,97.0,False,1.2406,-0.2039,1.2406,8.06,0.0,0.0,0.0,HEXO_2020-05-18,1.2406,8.06,0.0,both,0.0,0.0,False
HFFG,2021-01-28,2021-02-08,2021-03-18,50.0,957.0,4.7,False,0.0098,-0.0414,0.0258,0.83,32.0,39.0,0.0,HFFG_2021-01-28,0.0098,0.83,32.0,both,0.0,0.0,False
HFFG,2021-05-18,2021-05-18,2021-06-02,16.0,306.0,3.8,False,0.0032,-0.0435,0.0032,0.62,0.0,-4.0,0.0,HFFG_2021-05-18,0.0032,0.62,0.0,both,0.0,0.0,False
HIHO,2021-01-28,2021-01-29,2021-02-05,9.0,316.0,12.2,False,0.0458,-0.0396,0.1983,1.5,-3.0,-3.0,0.0,HIHO_2021-01-28,0.0458,1.5,-3.0,both,0.0,0.0,False
HIMS,2021-01-28,2021-01-28,2021-03-01,33.0,487.0,26.5,False,0.2729,-0.0809,0.8801,1.46,11.0,4.0,0.0,HIMS_2021-01-28,0.2729,1.46,11.0,both,0.0,0.0,False
HIMS,2024-08-01,2024-08-05,2024-08-08,8.0,711.0,14.3,False,-0.1601,-0.1115,0.0221,2.68,-7.0,-4.0,0.0,HIMS_2024-08-01,-0.1601,2.68,-7.0,both,0.0,0.0,False
HIMS,2024-11-04,2024-11-05,2024-11-29,26.0,938.0,7.9,False,0.0138,0.561,0.666,2.06,29.0,9.0,0.0,HIMS_2024-11-04,0.0138,2.06,29.0,both,0.0,0.0,False
HIMS,2025-01-31,2025-02-24,2025-02-25,26.0,2133.0,50.9,False,0.5109,-0.2232,1.0241,3.35,-5.0,-3.0,0.0,HIMS_2025-01-31,0.5109,3.35,-5.0,both,0.0,0.0,False
HIMS,2025-04-29,2025-05-06,2025-05-14,16.0,1088.0,29.3,False,0.737,0.2355,1.27,3.46,10.0,0.0,0.0,HIMS_2025-04-29,0.737,3.46,10.0,both,0.0,0.0,False
HIMS,2026-02-05,2026-02-09,2026-02-10,6.0,662.0,23.9,False,-0.2078,-0.1081,0.0836,4.38,-7.0,0.0,0.0,HIMS_2026-02-05,-0.2078,4.38,-7.0,both,0.0,0.0,False
HIMS,2026-04-15,2026-04-21,2026-04-23,9.0,300.0,6.6,False,0.3933,-0.0541,0.4518,2.22,-1.0,-5.0,0.0,HIMS_2026-04-15,0.3933,2.22,-1.0,both,0.0,0.0,False
HIMX,2021-02-09,2021-02-09,2021-02-19,11.0,343.0,6.5,False,0.0119,-0.0144,0.0556,1.3,7.0,0.0,0.0,HIMX_2021-02-09,0.0119,1.3,7.0,both,0.0,0.0,False
HKD,2022-07-29,2022-08-02,2022-08-04,7.0,3359.0,1439.0,False,8.3278,-0.5235,8.3278,0.39,0.0,-5.0,0.0,HKD_2022-07-29,8.3278,0.39,0.0,both,0.0,0.0,False
HKD,2022-09-14,2022-09-14,2022-09-16,3.0,735.0,11.7,False,3.1178,-0.4298,3.1178,57.23,0.0,7.0,0.0,HKD_2022-09-14,3.1178,57.23,0.0,both,0.0,0.0,False
HKD,2023-01-05,2023-01-05,2023-01-09,5.0,818.0,143.7,False,1.995,-0.5032,1.995,80.1,0.0,0.0,0.0,HKD_2023-01-05,1.995,80.1,0.0,both,0.0,0.0,False
HLBZ,2023-01-20,2023-01-23,2023-01-26,7.0,1072.0,187.9,False,2.4606,-0.3258,2.4606,24.82,0.0,0.0,0.0,HLBZ_2023-01-20,2.4606,24.82,0.0,both,0.0,0.0,False
HLT,2020-03-18,2020-03-19,2020-03-26,9.0,311.0,16.2,False,-0.1049,0.2614,0.2129,1.8,-6.0,-1.0,0.0,HLT_2020-03-18,-0.1049,1.8,-6.0,both,0.0,0.0,False
HMHC,2020-07-16,2020-07-17,2020-07-21,6.0,713.0,258.0,False,0.573,-0.2464,0.573,20.41,0.0,0.0,0.0,HMHC_2020-07-16,0.573,20.41,0.0,both,0.0,0.0,False
HMHC,2022-03-31,2022-04-06,2022-04-06,7.0,442.0,74.5,False,0.0014,0.0,0.0029,1.13,-2.0,0.0,0.0,HMHC_2022-03-31,0.0014,1.13,-2.0,both,0.0,0.0,False
HOFV,2021-03-22,2021-03-24,2021-04-06,16.0,478.0,10.7,False,0.4,-0.2,0.6875,5.59,5.0,-2.0,0.0,HOFV_2021-03-22,0.4,5.59,5.0,both,0.0,0.0,False
HOG,2020-04-27,2020-04-28,2020-04-29,3.0,670.0,37.5,False,0.1687,0.1164,0.3048,2.39,1.0,0.0,0.0,HOG_2020-04-27,0.1687,2.39,1.0,both,0.0,0.0,False
HOLO,2024-05-14,2024-06-04,2024-06-12,30.0,947.0,42.5,False,-0.01,-0.303,0.615,2.52,-21.0,-21.0,0.0,HOLO_2024-05-14,-0.01,2.52,-21.0,both,0.0,0.0,False
HOLO,2024-12-30,2024-12-31,2025-01-02,4.0,311.0,36.1,False,1.0542,0.1765,1.6708,18.98,-1.0,-1.0,0.0,HOLO_2024-12-30,1.0542,16.39,2.0,both,0.0,2.59,True
HOME,2021-01-25,2021-01-29,2021-02-04,11.0,721.0,33.1,False,-0.0225,-0.0254,0.0389,0.83,-3.0,-8.0,0.0,HOME_2021-01-25,-0.0225,0.83,-3.0,both,0.0,0.0,False
HOOD,2022-08-02,2022-08-03,2022-08-25,24.0,5059.0,4.0,False,0.1405,-0.0485,0.2179,1.39,12.0,0.0,0.0,HOOD_2022-08-02,0.1405,1.39,12.0,both,0.0,0.0,False
HOOD,2022-12-20,2022-12-20,2022-12-23,4.0,850.0,4.6,False,-0.0122,-0.0185,0.0573,0.79,-5.0,-4.0,0.0,HOOD_2022-12-20,-0.0122,0.79,-5.0,both,0.0,0.0,False
HOOD,2023-05-01,2023-05-02,2023-05-03,3.0,1639.0,13.5,False,-0.0441,-0.0095,0.0068,1.08,6.0,-5.0,0.0,HOOD_2023-05-01,-0.0441,1.08,6.0,both,0.0,0.0,False
HOOD,2023-11-29,2024-03-27,2024-03-28,121.0,15300.0,13.7,False,1.316,0.006,1.3299,1.74,1.0,-42.0,0.0,HOOD_2023-11-29,1.316,1.74,1.0,both,0.0,0.0,False
HOOD,2024-05-08,2024-05-14,2024-06-20,44.0,9230.0,5.5,False,0.0017,0.2059,0.3174,2.45,29.0,3.0,0.0,HOOD_2024-05-08,0.0017,2.45,29.0,both,0.0,0.0,False
HOOD,2024-08-05,2024-08-05,2024-08-08,4.0,1789.0,8.6,False,-0.0817,0.0798,0.1504,2.75,-5.0,3.0,0.0,HOOD_2024-08-05,-0.0817,2.75,-5.0,both,0.0,0.0,False
HOOD,2024-10-09,2024-10-30,2024-10-31,23.0,3571.0,12.9,False,0.1015,-0.1673,0.1015,1.26,0.0,1.0,0.0,HOOD_2024-10-09,0.1015,1.26,0.0,both,0.0,0.0,False
HOOD,2025-02-12,2025-02-12,2025-02-14,3.0,1342.0,5.0,False,0.0482,0.1676,0.2238,2.54,2.0,1.0,0.0,HOOD_2025-02-12,0.0482,2.54,2.0,both,0.0,0.0,False
HOOD,2025-06-06,2025-06-06,2025-06-13,8.0,1679.0,4.5,False,0.0327,-0.0304,0.0805,1.16,12.0,0.0,0.0,HOOD_2025-06-06,0.0327,1.16,12.0,both,0.0,0.0,False
HOOD,2025-06-30,2025-06-30,2025-07-03,4.0,1750.0,3.8,False,0.1277,0.0082,0.1801,2.55,2.0,1.0,0.0,HOOD_2025-06-30,0.1277,2.55,2.0,both,0.0,0.0,False
HOOD,2025-09-10,2025-09-10,2025-09-12,3.0,1253.0,4.7,False,-0.0088,-0.0207,0.0012,0.97,7.0,-2.0,0.0,HOOD_2025-09-10,-0.0088,0.97,7.0,both,0.0,0.0,False
HOOD,2025-10-20,2025-10-20,2025-10-22,3.0,987.0,4.0,False,0.0453,-0.0632,0.1228,0.89,7.0,2.0,0.0,HOOD_2025-10-20,0.0453,0.89,7.0,both,0.0,0.0,False
HOOD,2026-02-02,2026-02-10,2026-02-13,12.0,3723.0,5.9,False,-0.1395,-0.1125,0.0394,2.44,-13.0,1.0,0.0,HOOD_2026-02-02,-0.1395,2.46,-13.0,both,0.0,0.020000000000000018,False
HOOD,2026-04-15,2026-04-28,2026-04-30,16.0,2173.0,6.9,False,0.0377,-0.1119,0.1541,1.53,-8.0,1.0,0.0,HOOD_2026-04-15,0.0377,1.53,-8.0,both,0.0,0.0,False
HOOD,2026-06-12,2026-06-12,2026-06-17,6.0,1348.0,6.6,False,0.0104,0.1289,0.1726,1.5,6.0,5.0,0.0,HOOD_2026-06-12,0.0104,1.5,6.0,both,0.0,0.0,False
HOPE,2021-01-25,2021-01-28,2021-02-05,12.0,1472.0,51.0,False,-0.0709,0.0217,0.0,1.03,-6.0,1.0,0.0,HOPE_2021-01-25,-0.0709,1.03,-6.0,both,0.0,0.0,False
HOPE,2021-05-18,2021-05-18,2021-06-17,31.0,345.0,5.4,False,-0.0203,-0.0544,0.0,1.04,-1.0,31.0,0.0,HOPE_2021-05-18,-0.0203,1.04,-1.0,both,0.0,0.0,False
HPE,2024-05-30,2024-06-04,2024-06-05,7.0,529.0,113.7,False,-0.0319,0.1068,0.1326,3.87,6.0,1.0,0.0,HPE_2024-05-30,-0.0319,3.87,6.0,both,0.0,0.0,False
HPE,2024-06-18,2024-06-18,2024-06-20,3.0,729.0,10.1,False,0.0083,-0.0165,0.0083,1.48,0.0,3.0,0.0,HPE_2024-06-18,0.0083,1.48,0.0,both,0.0,0.0,False
HPE,2026-05-28,2026-06-01,2026-06-02,6.0,1217.0,211.6,False,0.2634,0.1947,0.5094,5.81,1.0,1.0,0.0,HPE_2026-05-28,0.2634,5.81,1.0,both,0.0,0.0,False
HPQ,2020-05-15,2020-05-19,2020-05-28,14.0,1110.0,130.1,False,0.153,-0.1028,0.1923,1.45,1.0,9.0,0.0,HPQ_2020-05-15,0.153,1.45,1.0,both,0.0,0.0,False
HRC,2021-04-15,2021-05-13,2021-05-27,43.0,933.0,5.3,False,-0.0235,0.0007,0.0242,0.94,-15.0,-13.0,0.0,HRC_2021-04-15,-0.0235,0.94,-15.0,both,0.0,0.0,False
HRC,2021-09-21,2021-09-21,2021-10-07,17.0,338.0,3.6,False,-0.0022,0.0057,0.0076,0.59,20.0,-4.0,0.0,HRC_2021-09-21,-0.0022,0.59,20.0,both,0.0,0.0,False
HSBC,2021-09-17,2021-09-20,2021-09-23,7.0,338.0,30.5,False,-0.0345,0.05,0.0396,1.95,7.0,0.0,0.0,HSBC_2021-09-17,-0.0345,1.95,7.0,both,0.0,0.0,False
HTBK,2020-04-30,2020-05-19,2020-05-27,28.0,836.0,4.6,False,-0.2297,0.2247,0.0,0.64,-20.0,-7.0,0.0,HTBK_2020-04-30,-0.2297,0.64,-20.0,both,0.0,0.0,False
HTBK,2020-11-09,2021-02-04,2021-02-10,94.0,5505.0,23.0,False,0.3062,0.0129,0.3869,1.61,-21.0,-48.0,0.0,HTBK_2020-11-09,0.3062,1.61,-21.0,both,0.0,0.0,False
HTBK,2021-03-08,2021-03-08,2021-03-16,9.0,846.0,3.4,False,0.0485,0.1167,0.2336,1.23,11.0,11.0,0.0,HTBK_2021-03-08,0.0485,1.23,11.0,both,0.0,0.0,False
HTBK,2021-06-09,2021-06-09,2021-07-06,28.0,1857.0,3.8,False,-0.0175,-0.0745,0.0,2.37,-1.0,16.0,0.0,HTBK_2021-06-09,-0.0175,2.37,-1.0,both,0.0,0.0,False
HTBK,2022-08-19,2022-08-23,2022-09-01,14.0,374.0,3.5,False,-0.0401,-0.0281,0.0123,0.97,-7.0,-8.0,0.0,HTBK_2022-08-19,-0.0401,0.97,-7.0,both,0.0,0.0,False
HTBK,2025-03-04,2025-03-05,2025-03-11,8.0,306.0,7.7,False,-0.0354,-0.0625,0.0153,0.9,-5.0,-6.0,0.0,HTBK_2025-03-04,,,,left_only,,,True
HTBK,2025-03-20,2025-03-20,2025-03-24,5.0,365.0,9.7,False,-0.0144,0.0157,0.001,0.74,4.0,1.0,0.0,HTBK_2025-03-20,,,,left_only,,,True
HTZ,2020-04-29,2020-05-04,2020-05-07,9.0,566.0,26.0,False,-0.282,-0.1504,0.0,2.03,-6.0,-5.0,0.0,HTZ_2020-04-29,-0.282,2.03,-6.0,both,0.0,0.0,False
HTZ,2020-05-22,2020-05-26,2020-05-28,7.0,1591.0,11.3,False,-0.8192,0.8378,0.0326,6.11,-8.0,1.0,0.0,HTZ_2020-05-22,-0.8192,6.11,-8.0,both,0.0,0.0,False
HTZ,2020-06-05,2020-06-08,2020-06-18,14.0,8689.0,12.6,False,2.6867,-0.6745,2.6867,3.72,0.0,0.0,0.0,HTZ_2020-06-05,2.6867,3.72,0.0,both,0.0,0.0,False
HTZ,2020-10-16,2020-10-16,2020-10-19,4.0,1154.0,32.8,False,1.4272,-0.132,1.4272,79.16,0.0,0.0,0.0,HTZ_2020-10-16,1.4272,79.16,0.0,both,0.0,0.0,False
HTZ,2025-04-16,2025-04-17,2025-04-21,6.0,407.0,168.0,False,1.2575,-0.0498,1.3699,12.53,7.0,0.0,0.0,HTZ_2025-04-16,1.2575,12.52,7.0,both,0.0,0.009999999999999787,False
HUBC,2026-05-28,2026-05-29,2026-06-03,7.0,445.0,146.0,False,1.4632,1.4879,5.1283,16.35,5.0,0.0,1.0,HUBC_2026-05-28,1.4623,16.13,5.0,both,0.0009000000000001229,0.22000000000000242,False
HUT,2021-10-15,2021-11-09,2021-11-19,36.0,553.0,8.2,False,0.4583,-0.1416,0.5057,1.41,-1.0,-25.0,0.0,HUT_2021-10-15,0.4583,1.41,-1.0,both,0.0,0.0,False
HUYA,2020-05-18,2020-05-20,2020-05-21,4.0,1528.0,341.3,False,0.1179,-0.1076,0.1179,2.8,0.0,1.0,0.0,HUYA_2020-05-18,0.1179,2.8,0.0,both,0.0,0.0,False
HYLN,2021-04-07,2021-04-15,2021-04-30,24.0,685.0,7.5,False,-0.1759,0.1654,0.0249,1.63,-7.0,-8.0,0.0,HYLN_2021-04-07,-0.1759,1.63,-7.0,both,0.0,0.0,False
HYMC,2022-03-10,2022-03-15,2022-03-19,10.0,532.0,171.0,False,1.4127,-0.1118,1.9841,13.03,-4.0,-4.0,0.0,HYMC_2022-03-10,1.4127,13.03,-4.0,both,0.0,0.0,False
H,2021-06-09,2021-06-09,2021-06-30,22.0,344.0,21.7,False,-0.0211,-0.042,0.006,1.59,7.0,19.0,0.0,H_2021-06-09,-0.0211,1.59,7.0,both,0.0,0.0,False
IBIO,2020-02-27,2020-02-28,2020-03-10,13.0,607.0,26.1,False,6.3353,-0.4163,6.3353,4.48,0.0,0.0,0.0,IBIO_2020-02-27,6.3353,4.48,0.0,both,0.0,0.0,False
IBKR,2020-03-02,2020-03-31,2020-04-08,38.0,821.0,5.0,False,-0.1552,0.047,0.0613,1.49,-29.0,-25.0,0.0,IBKR_2020-03-02,-0.1552,1.49,-29.0,both,0.0,0.0,False
IBKR,2020-11-25,2021-01-28,2021-01-29,66.0,3689.0,139.4,False,0.2035,-0.0365,0.3242,1.55,-20.0,1.0,0.0,IBKR_2020-11-25,0.2035,1.55,-20.0,both,0.0,0.0,False
IBKR,2021-09-15,2021-10-29,2021-10-30,46.0,1138.0,10.9,False,0.1539,0.0,0.23,1.56,5.0,3.0,0.0,IBKR_2021-09-15,0.1539,1.56,5.0,both,0.0,0.0,False
IBM,2021-01-21,2021-01-21,2021-02-01,12.0,521.0,11.9,False,0.0121,-0.0844,0.0121,2.94,0.0,1.0,0.0,IBM_2021-01-21,0.0121,2.94,0.0,both,0.0,0.0,False
IBM,2021-10-20,2021-10-28,2021-10-28,9.0,375.0,17.7,False,-0.1137,0.0,0.0185,2.54,-13.0,-7.0,0.0,IBM_2021-10-20,-0.1137,2.54,-13.0,both,0.0,0.0,False
IBM,2025-09-25,2025-09-25,2025-10-13,19.0,352.0,5.9,False,0.052,-0.015,0.0985,1.29,12.0,0.0,0.0,IBM_2025-09-25,0.052,1.29,12.0,both,0.0,0.0,False
IBM,2026-05-29,2026-06-01,2026-06-03,6.0,601.0,13.3,False,0.2127,-0.0462,0.246,2.88,1.0,0.0,0.0,IBM_2026-05-29,0.2127,2.88,1.0,both,0.0,0.0,False
IBRX,2024-04-23,2024-04-29,2024-05-06,14.0,894.0,139.2,False,0.8198,-0.1313,0.8522,5.27,4.0,0.0,0.0,IBRX_2024-04-23,0.8198,5.27,4.0,both,0.0,0.0,False
IBRX,2026-01-14,2026-01-16,2026-01-23,10.0,1153.0,192.2,False,0.9574,0.1685,1.6028,7.59,6.0,4.0,0.0,IBRX_2026-01-14,0.9574,7.66,6.0,both,0.0,0.07000000000000028,False
ICBK,2020-02-27,2020-02-29,2020-04-11,45.0,1474.0,26.7,False,-0.0613,-0.2411,0.0244,3.15,-5.0,9.0,0.0,ICBK_2020-02-27,-0.0613,3.15,-5.0,both,0.0,0.0,False
ICBK,2020-05-09,2020-05-12,2020-05-13,5.0,523.0,13.4,False,-0.0246,-0.1188,0.0183,1.93,6.0,1.0,0.0,ICBK_2020-05-09,-0.0246,1.93,6.0,both,0.0,0.0,False
ICE,2022-01-03,2022-01-11,2022-01-20,18.0,405.0,4.6,False,-0.0352,-0.0442,0.0034,1.3,-13.0,10.0,0.0,ICE_2022-01-03,-0.0352,1.3,-13.0,both,0.0,0.0,False
ICE,2022-11-20,2022-12-02,2022-12-26,37.0,797.0,13.0,False,0.0484,-0.0589,0.0511,0.75,-1.0,14.0,0.0,ICE_2022-11-20,0.0484,0.75,-1.0,both,0.0,0.0,False
ICE,2024-01-12,2024-01-31,2024-01-31,20.0,436.0,13.8,False,0.0044,0.0,0.0233,0.74,1.0,-23.0,0.0,ICE_2024-01-12,0.0044,0.74,1.0,both,0.0,0.0,False
ICE,2025-01-21,2025-01-21,2025-05-22,122.0,1695.0,10.3,False,0.0175,0.1468,0.1974,1.23,126.0,78.0,0.0,ICE_2025-01-21,0.0175,1.23,126.0,both,0.0,0.0,False
ICE,2025-06-08,2025-07-03,2025-07-11,34.0,857.0,7.3,False,0.0248,-0.0142,0.0268,0.73,-3.0,-13.0,0.0,ICE_2025-06-08,0.0248,0.73,-3.0,both,0.0,0.0,False
ICE,2026-01-07,2026-01-24,2026-01-29,23.0,2029.0,30.7,False,0.0417,0.0125,0.0548,1.18,2.0,10.0,0.0,ICE_2026-01-07,0.0417,1.18,2.0,both,0.0,0.0,False
ICE,2026-03-21,2026-03-21,2026-03-26,6.0,336.0,8.8,False,,,0.0193,0.92,-5.0,-1.0,0.0,ICE_2026-03-21,,0.92,-5.0,both,,0.0,False
ICU,2024-01-18,2024-01-24,2024-01-26,9.0,552.0,21.3,False,0.3443,-0.0441,0.3803,3.04,5.0,0.0,0.0,ICU_2024-01-18,0.3443,3.04,5.0,both,0.0,0.0,False
IDEX,2020-06-09,2020-06-26,2020-07-01,23.0,6890.0,368.4,False,1.3548,0.1815,4.3065,15.63,-4.0,-4.0,0.0,IDEX_2020-06-09,1.3548,15.63,-4.0,both,0.0,0.0,False
IDEX,2020-08-10,2020-08-10,2020-08-14,5.0,394.0,3.0,False,0.092,-0.2528,0.092,1.21,0.0,0.0,0.0,IDEX_2020-08-10,0.092,1.21,0.0,both,0.0,0.0,False
IDEX,2020-11-20,2020-11-23,2020-11-25,6.0,317.0,28.7,False,1.1833,0.0344,1.625,20.9,1.0,1.0,0.0,IDEX_2020-11-20,1.1833,20.9,1.0,both,0.0,0.0,False
IDEX,2021-01-26,2021-01-28,2021-01-28,3.0,1056.0,55.9,False,-0.0173,0.0,0.0767,1.01,5.0,-3.0,0.0,IDEX_2021-01-26,-0.0173,1.01,5.0,both,0.0,0.0,False
IDEX,2021-05-17,2021-06-16,2021-06-17,32.0,703.0,19.4,False,0.2398,0.0066,0.374,1.4,-7.0,-7.0,0.0,IDEX_2021-05-17,0.2398,1.4,-7.0,both,0.0,0.0,False
IEC,2021-01-27,2021-01-31,2021-02-05,10.0,498.0,7.6,False,-0.1811,0.013,0.0,0.92,-5.0,-4.0,0.0,IEC_2021-01-27,-0.1811,0.92,-5.0,both,0.0,0.0,False
IEC,2021-06-27,2021-06-27,2021-07-14,18.0,416.0,3.3,False,,,0.0887,1.15,12.0,10.0,0.0,IEC_2021-06-27,,1.15,12.0,both,,0.0,False
IEX,2021-08-05,2021-08-20,2021-08-21,17.0,3308.0,10.0,False,-0.0242,0.0,0.0088,0.68,-17.0,-2.0,0.0,IEX_2021-08-05,-0.0242,0.68,-17.0,both,0.0,0.0,False
IEX,2021-10-17,2021-10-25,2021-10-26,10.0,1999.0,64.9,False,0.0363,-0.0056,0.0446,0.98,3.0,2.0,0.0,IEX_2021-10-17,0.0363,0.98,3.0,both,0.0,0.0,False
IEX,2022-03-23,2022-03-23,2022-04-01,10.0,925.0,16.2,False,-0.0195,-0.0064,0.0088,1.04,-5.0,-5.0,0.0,IEX_2022-03-23,-0.0195,1.04,-5.0,both,0.0,0.0,False
IEX,2022-07-22,2022-07-29,2022-07-30,9.0,537.0,13.8,False,0.0836,0.0,0.0949,1.14,6.0,-2.0,0.0,IEX_2022-07-22,0.0836,1.14,6.0,both,0.0,0.0,False
IHC,2021-01-27,2021-01-29,2021-02-02,7.0,328.0,9.6,False,-0.0425,0.013,0.05,1.24,-7.0,-3.0,0.0,IHC_2021-01-27,-0.0425,1.24,-7.0,both,0.0,0.0,False
IHC,2021-06-30,2021-07-04,2021-07-05,6.0,639.0,14.0,False,-0.0021,0.0,0.0086,0.86,3.0,-9.0,0.0,IHC_2021-06-30,-0.0021,0.86,3.0,both,0.0,0.0,False
IINN,2021-12-22,2021-12-30,2021-12-31,10.0,558.0,51.7,False,0.4142,-0.1297,0.4142,0.47,0.0,0.0,0.0,IINN_2021-12-22,0.4142,0.47,0.0,both,0.0,0.0,False
IMCC,2021-10-05,2021-11-15,2021-11-29,56.0,1677.0,7.3,False,-0.1413,0.2911,0.1685,3.71,9.0,16.0,0.0,IMCC_2021-10-05,-0.1413,3.71,9.0,both,0.0,0.0,False
IMCC,2022-03-22,2022-04-01,2022-04-05,15.0,569.0,8.8,False,0.1406,0.0411,0.2448,4.69,-2.0,-8.0,0.0,IMCC_2022-03-22,0.1406,4.69,-2.0,both,0.0,0.0,False
IMCC,2023-08-30,2023-09-11,2023-09-20,22.0,1085.0,25.7,False,-0.036,-0.2029,0.1742,5.0,-6.0,1.0,0.0,IMCC_2023-08-30,-0.036,5.0,-6.0,both,0.0,0.0,False
IMCC,2024-03-22,2024-04-04,2024-04-09,19.0,607.0,12.4,False,2.7216,-0.2796,2.7216,14.7,0.0,-13.0,0.0,IMCC_2024-03-22,2.7216,14.7,0.0,both,0.0,0.0,False
INDO,2022-03-04,2022-03-07,2022-03-10,7.0,329.0,19.7,False,2.0446,-0.3507,2.0446,1.6,0.0,-3.0,0.0,INDO_2022-03-04,2.0446,1.6,0.0,both,0.0,0.0,False
INFO,2021-01-25,2021-02-01,2021-02-05,12.0,737.0,54.7,False,0.003,0.011,0.0384,0.98,9.0,8.0,0.0,INFO_2021-01-25,0.003,0.98,9.0,both,0.0,0.0,False
ING,2021-01-27,2021-01-29,2021-01-29,3.0,444.0,104.8,False,-0.0403,0.0,0.0185,1.39,-7.0,-2.0,0.0,ING_2021-01-27,-0.0403,1.39,-7.0,both,0.0,0.0,False
INO,2020-02-14,2020-03-09,2020-03-12,28.0,3041.0,58.4,False,1.5466,-0.0336,2.6503,5.27,-3.0,-3.0,0.0,INO_2020-02-14,1.5466,5.27,-3.0,both,0.0,0.0,False
INO,2020-04-22,2020-04-24,2020-04-29,8.0,733.0,19.4,False,0.4737,-0.0583,0.4737,4.22,0.0,0.0,0.0,INO_2020-04-22,0.4737,4.22,0.0,both,0.0,0.0,False
INO,2020-06-23,2020-06-25,2020-07-01,9.0,1382.0,33.3,False,1.0425,-0.3686,1.0712,6.66,4.0,-2.0,0.0,INO_2020-06-23,1.0425,6.66,4.0,both,0.0,0.0,False
INO,2021-01-26,2021-02-01,2021-02-03,9.0,1343.0,65.6,False,0.7449,-0.1415,0.7449,3.57,0.0,0.0,0.0,INO_2021-01-26,0.7449,3.57,0.0,both,0.0,0.0,False
INO,2021-05-07,2021-05-10,2021-05-11,5.0,611.0,34.4,False,0.0246,-0.027,0.0522,0.9,-3.0,0.0,0.0,INO_2021-05-07,0.0246,0.9,-3.0,both,0.0,0.0,False
INSE,2021-01-20,2021-01-30,2021-02-04,16.0,2012.0,32.1,False,-0.1004,0.0427,0.1684,1.43,10.0,10.0,0.0,INSE_2021-01-20,-0.1004,1.43,10.0,both,0.0,0.0,False
INTC,2020-04-15,2020-04-23,2020-04-24,10.0,1749.0,29.2,False,-0.0267,0.0037,0.0188,0.76,6.0,1.0,0.0,INTC_2020-04-15,-0.0267,0.76,6.0,both,0.0,0.0,False
INTC,2020-06-09,2020-06-19,2020-06-23,15.0,1158.0,8.7,False,-0.0636,0.005,0.0105,1.32,-14.0,0.0,0.0,INTC_2020-06-09,-0.0636,1.32,-14.0,both,0.0,0.0,False
INTC,2020-07-23,2020-07-24,2020-07-31,9.0,7670.0,36.9,False,-0.1713,-0.0565,0.0016,3.78,-4.0,0.0,0.0,INTC_2020-07-23,-0.1713,3.78,-4.0,both,0.0,0.0,False
INTC,2020-10-22,2020-10-22,2020-10-24,3.0,2096.0,14.2,False,0.0075,-0.1058,0.0202,2.77,-3.0,1.0,0.0,INTC_2020-10-22,0.0075,2.77,-3.0,both,0.0,0.0,False
INTC,2020-12-04,2020-12-04,2020-12-08,5.0,453.0,2.9,False,0.0195,-0.0249,0.0195,1.11,0.0,-3.0,0.0,INTC_2020-12-04,0.0195,1.11,0.0,both,0.0,0.0,False
INTC,2020-12-18,2020-12-18,2020-12-21,4.0,589.0,3.6,False,-0.063,-0.0232,0.0093,2.52,-2.0,0.0,0.0,INTC_2020-12-18,-0.063,2.52,-2.0,both,0.0,0.0,False
INTC,2021-01-13,2021-01-21,2021-01-22,10.0,3104.0,13.6,False,0.1732,-0.0929,0.1732,1.8,0.0,-8.0,0.0,INTC_2021-01-13,0.1732,1.8,0.0,both,0.0,0.0,False
INTC,2021-06-29,2021-06-30,2021-07-05,7.0,616.0,3.6,False,-0.0233,0.011,0.0,1.08,-2.0,0.0,0.0,INTC_2021-06-29,-0.0233,1.08,-2.0,both,0.0,0.0,False
INTC,2021-07-22,2021-07-22,2021-07-27,6.0,717.0,3.9,False,-0.0048,-0.0497,0.0,2.12,-1.0,1.0,0.0,INTC_2021-07-22,-0.0048,2.12,-1.0,both,0.0,0.0,False
INTC,2021-10-21,2021-10-22,2021-11-22,33.0,4987.0,11.2,False,-0.1067,0.0075,0.0114,1.76,-1.0,0.0,0.0,INTC_2021-10-21,-0.1067,1.76,-1.0,both,0.0,0.0,False
INTC,2022-04-28,2022-04-28,2022-05-04,7.0,715.0,3.7,False,0.0358,-0.0064,0.0407,1.63,-3.0,1.0,0.0,INTC_2022-04-28,0.0358,1.63,-3.0,both,0.0,0.0,False
INTC,2022-07-19,2022-07-29,2022-08-02,15.0,2355.0,13.7,False,-0.062,-0.0083,0.0491,1.61,-8.0,0.0,0.0,INTC_2022-07-19,-0.062,1.61,-8.0,both,0.0,0.0,False
INTC,2022-10-11,2022-10-11,2022-10-16,6.0,816.0,3.2,False,-0.0063,0.0347,0.0786,1.14,-5.0,2.0,0.0,INTC_2022-10-11,-0.0063,1.14,-5.0,both,0.0,0.0,False
INTC,2023-01-26,2023-01-27,2023-02-01,7.0,1630.0,23.9,False,-0.0519,0.0323,0.0209,2.33,7.0,0.0,0.0,INTC_2023-01-26,-0.0519,2.33,7.0,both,0.0,0.0,False
INTC,2023-04-26,2023-04-27,2023-04-28,3.0,655.0,10.9,False,0.0339,0.0402,0.0755,1.52,1.0,1.0,0.0,INTC_2023-04-26,0.0339,1.52,1.0,both,0.0,0.0,False
INTC,2023-09-04,2023-09-04,2023-09-21,18.0,940.0,6.3,False,,,0.0615,1.45,8.0,11.0,0.0,INTC_2023-09-04,,1.45,8.0,both,,0.0,False
INTC,2023-10-23,2023-10-26,2023-10-27,5.0,312.0,10.3,False,-0.0687,0.0929,0.0679,2.02,6.0,1.0,0.0,INTC_2023-10-23,-0.0687,2.02,6.0,both,0.0,0.0,False
INTC,2023-12-26,2023-12-26,2023-12-31,6.0,609.0,6.9,False,0.0521,-0.005,0.0575,1.05,1.0,0.0,0.0,INTC_2023-12-26,0.0521,1.05,1.0,both,0.0,0.0,False
INTC,2024-03-04,2024-03-07,2024-03-13,10.0,2467.0,4.4,False,0.0532,-0.0633,0.0532,1.22,0.0,8.0,0.0,INTC_2024-03-04,0.0532,1.22,0.0,both,0.0,0.0,False
INTC,2024-04-25,2024-04-25,2024-04-29,5.0,1288.0,5.4,False,0.0177,-0.1068,0.0177,1.57,0.0,1.0,0.0,INTC_2024-04-25,0.0177,1.57,0.0,both,0.0,0.0,False
INTC,2024-08-01,2024-08-02,2024-08-05,5.0,10843.0,30.4,False,-0.3012,-0.0638,0.0029,3.34,-4.0,0.0,0.0,INTC_2024-08-01,-0.3012,3.34,-4.0,both,0.0,0.0,False
INTC,2024-09-16,2024-09-16,2024-09-23,8.0,3416.0,3.2,False,0.0636,0.0789,0.2167,2.28,10.0,4.0,0.0,INTC_2024-09-16,0.0636,2.28,10.0,both,0.0,0.0,False
INTC,2024-10-31,2024-10-31,2024-11-04,5.0,2131.0,9.6,False,-0.035,0.0465,0.1762,2.33,7.0,1.0,0.0,INTC_2024-10-31,-0.035,2.33,7.0,both,0.0,0.0,False
INTC,2024-12-02,2024-12-02,2024-12-12,11.0,2257.0,4.0,False,-0.005,-0.1316,0.0,1.59,-3.0,3.0,0.0,INTC_2024-12-02,-0.005,1.59,-3.0,both,0.0,0.0,False
INTC,2025-01-17,2025-01-30,2025-02-01,16.0,4347.0,6.6,False,0.0173,-0.029,0.1113,1.56,-8.0,-13.0,0.0,INTC_2025-01-17,0.0173,1.57,-8.0,both,0.0,0.010000000000000009,False
INTC,2025-06-10,2025-06-10,2025-06-17,8.0,534.0,5.9,False,0.0781,-0.058,0.0781,1.53,0.0,0.0,0.0,INTC_2025-06-10,0.0781,1.53,0.0,both,0.0,0.0,False
INTC,2025-08-07,2025-08-07,2025-08-26,20.0,6774.0,7.9,False,-0.0314,0.2317,0.2401,2.0,12.0,8.0,0.0,INTC_2025-08-07,-0.0314,2.01,12.0,both,0.0,0.009999999999999787,False
INTC,2025-11-28,2025-11-28,2025-12-04,7.0,650.0,4.0,False,0.1019,-0.0015,0.1888,1.36,5.0,4.0,0.0,INTC_2025-11-28,0.1019,1.36,5.0,both,0.0,0.0,False
INTC,2026-01-07,2026-01-22,2026-01-23,17.0,3285.0,23.8,False,0.3566,-0.1703,0.3566,2.43,0.0,1.0,0.0,INTC_2026-01-07,0.3566,2.45,0.0,both,0.0,0.020000000000000018,False
INTC,2026-03-31,2026-04-24,2026-05-12,43.0,10960.0,56.6,False,1.0039,0.4612,2.1425,1.68,17.0,0.0,0.0,INTC_2026-03-31,1.0039,1.69,17.0,both,0.0,0.010000000000000009,False
INTC,2026-06-18,2026-06-18,2026-06-22,5.0,791.0,3.3,False,0.1064,0.0519,0.1638,1.4,4.0,0.0,0.0,INTC_2026-06-18,0.1064,1.4,4.0,both,0.0,0.0,False
INTU,2026-05-20,2026-05-20,2026-05-22,3.0,328.0,79.5,False,-0.0395,-0.1667,0.0086,5.29,-2.0,1.0,0.0,INTU_2026-05-20,-0.0395,5.35,-2.0,both,0.0,0.05999999999999961,False
INVH,2021-01-15,2021-01-19,2021-01-28,14.0,467.0,87.4,False,0.0169,-0.0146,0.0508,1.03,13.0,-5.0,0.0,INVH_2021-01-15,0.0169,1.03,13.0,both,0.0,0.0,False
IOBT,2022-06-23,2022-06-29,2022-07-19,27.0,397.0,5.1,False,0.1123,-0.1262,0.1447,0.38,-2.0,-8.0,0.0,IOBT_2022-06-23,0.1123,0.38,-2.0,both,0.0,0.0,False
IOBT,2024-11-25,2024-11-25,2024-12-31,37.0,724.0,4.0,False,0.0595,0.2267,0.3844,0.52,32.0,-4.0,0.0,IOBT_2024-11-25,0.0595,0.52,32.0,both,0.0,0.0,False
IONQ,2024-11-06,2024-11-07,2024-12-20,45.0,1095.0,7.3,False,0.4404,1.009,1.9042,1.8,47.0,0.0,0.0,IONQ_2024-11-06,0.4404,1.8,47.0,both,0.0,0.0,False
IONQ,2025-01-08,2025-01-08,2025-01-15,8.0,379.0,7.9,False,-0.39,0.3021,0.0298,2.71,-2.0,0.0,0.0,IONQ_2025-01-08,-0.39,2.71,-2.0,both,0.0,0.0,False
IOVA,2024-02-21,2024-02-28,2024-02-28,8.0,324.0,43.8,False,0.4489,0.0,0.4522,2.91,-1.0,-7.0,0.0,IOVA_2024-02-21,0.4489,2.91,-1.0,both,0.0,0.0,False
IPGP,2026-04-19,2026-04-19,2026-06-03,46.0,602.0,8.2,False,,,0.0069,1.73,1.0,16.0,0.0,IPGP_2026-04-19,,1.73,1.0,both,,0.0,False
IPOB,2020-09-10,2020-09-15,2020-09-21,12.0,353.0,16.0,False,0.4732,-0.1259,0.4732,32.55,0.0,0.0,0.0,IPOB_2020-09-10,0.4732,32.55,0.0,both,0.0,0.0,False
IPOB,2020-11-25,2020-12-08,2020-12-20,26.0,737.0,4.3,False,0.3413,0.173,0.5733,1.81,10.0,-1.0,0.0,IPOB_2020-11-25,0.3413,1.81,10.0,both,0.0,0.0,False
IPOC,2020-12-07,2021-01-07,2021-01-07,32.0,1312.0,16.1,False,0.5243,0.0,0.6242,6.15,-10.0,-1.0,0.0,IPOC_2020-12-07,0.5243,6.15,-10.0,both,0.0,0.0,False
IPOD,2021-01-07,2021-01-27,2021-02-25,50.0,1476.0,10.7,False,0.0583,0.0,0.3408,2.52,-6.0,-6.0,0.0,IPOD_2021-01-07,0.0583,2.52,-6.0,both,0.0,0.0,False
IPOF,2021-01-07,2021-01-07,2021-03-12,65.0,3386.0,8.5,False,0.0811,-0.0627,0.3193,1.96,28.0,46.0,0.0,IPOF_2021-01-07,0.0811,1.96,28.0,both,0.0,0.0,False
IREN,2025-08-28,2025-10-07,2025-10-24,58.0,2793.0,55.4,False,1.7591,0.0198,2.1116,2.03,7.0,-39.0,0.0,IREN_2025-08-28,1.7591,2.03,7.0,both,0.0,0.0,False
IREN,2026-05-06,2026-05-07,2026-05-08,3.0,390.0,31.1,False,0.0385,0.0765,0.118,2.4,1.0,4.0,0.0,IREN_2026-05-06,0.0385,2.4,1.0,both,0.0,0.0,False
ISIG,2021-12-28,2021-12-30,2022-01-07,11.0,303.0,16.2,False,1.0581,-0.0164,1.1984,1.16,12.0,-2.0,0.0,ISIG_2021-12-28,1.0581,1.16,12.0,both,0.0,0.0,False
ISPC,2021-11-23,2021-11-29,2021-11-30,8.0,1353.0,384.0,False,1.2995,-0.0955,1.2995,8.14,0.0,-7.0,0.0,ISPC_2021-11-23,1.2995,8.14,0.0,both,0.0,0.0,False
IVR,2020-06-04,2020-06-08,2020-06-10,7.0,3311.0,134.2,False,1.3711,-0.2174,1.3711,5.23,0.0,0.0,0.0,IVR_2020-06-04,1.3711,5.23,0.0,both,0.0,0.0,False
IVR,2020-11-09,2020-11-09,2020-12-07,29.0,333.0,8.6,False,0.0801,0.0968,0.216,3.28,15.0,15.0,0.0,IVR_2020-11-09,0.0801,3.28,15.0,both,0.0,0.0,False
IVR,2021-01-25,2021-01-27,2021-02-04,11.0,447.0,20.8,False,0.1882,-0.1017,0.1882,2.48,0.0,-1.0,0.0,IVR_2021-01-25,0.1882,2.48,0.0,both,0.0,0.0,False
IXHL,2025-07-10,2025-07-24,2025-07-31,22.0,4616.0,68.7,False,6.3789,-0.6411,6.3789,5.92,0.0,-9.0,0.0,IXHL_2025-07-10,6.3756,5.91,0.0,both,0.0032999999999994145,0.009999999999999787,False
IZEA,2020-05-05,2020-05-06,2020-05-18,14.0,1455.0,317.0,False,0.3709,0.1525,0.8571,3.57,8.0,0.0,0.0,IZEA_2020-05-05,0.3709,3.57,8.0,both,0.0,0.0,False
IZEA,2020-06-08,2020-06-12,2020-06-13,6.0,1933.0,15.1,False,1.8671,0.0,3.7008,6.92,-1.0,-3.0,0.0,IZEA_2020-06-08,1.8671,6.92,-1.0,both,0.0,0.0,False
JACK,2020-12-24,2021-01-04,2021-01-14,22.0,325.0,12.3,False,-0.0266,0.0651,0.0781,0.94,15.0,-7.0,0.0,JACK_2020-12-24,-0.0266,0.94,15.0,both,0.0,0.0,False
JACS,2025-08-18,2025-08-22,2025-08-22,5.0,1281.0,27.7,False,0.0019,0.0,0.0039,8.12,-2.0,-3.0,0.0,JACS_2025-08-18,0.0019,8.11,-2.0,both,0.0,0.009999999999999787,False
JAGX,2021-01-27,2021-01-28,2021-01-29,3.0,413.0,12.7,False,-0.1043,-0.0342,0.0215,0.47,-3.0,0.0,0.0,JAGX_2021-01-27,-0.1043,0.47,-3.0,both,0.0,0.0,False
JAN,2021-01-27,2021-01-30,2021-02-01,6.0,596.0,18.5,False,0.3969,0.0433,1.014,4.94,-2.0,-2.0,0.0,JAN_2021-01-27,0.3969,4.94,-2.0,both,0.0,0.0,False
JBLU,2020-02-27,2020-02-28,2020-03-16,19.0,398.0,55.0,False,-0.0783,-0.3276,0.132,3.4,-4.0,17.0,0.0,JBLU_2020-02-27,-0.0783,3.4,-4.0,both,0.0,0.0,False
JCP,2020-05-13,2020-05-18,2020-05-18,6.0,737.0,13.4,False,-0.0855,0.0,0.188,7.62,-3.0,-3.0,0.0,JCP_2020-05-13,-0.0855,7.62,-3.0,both,0.0,0.0,False
JCS,2021-01-27,2021-01-28,2021-02-01,6.0,303.0,15.1,False,-0.0674,-0.0021,0.1233,1.4,7.0,-2.0,0.0,JCS_2021-01-27,-0.0674,1.4,7.0,both,0.0,0.0,False
JFK,2020-06-04,2020-06-04,2020-07-04,31.0,513.0,10.9,False,0.007,0.0089,0.0307,4.12,15.0,25.0,0.0,JFK_2020-06-04,0.007,4.12,15.0,both,0.0,0.0,False
JKS,2020-10-08,2020-10-21,2020-10-23,16.0,650.0,50.9,False,0.2272,-0.0615,0.5659,4.94,-1.0,0.0,0.0,JKS_2020-10-08,0.2272,4.94,-1.0,both,0.0,0.0,False
JMIA,2020-07-31,2020-08-03,2020-08-04,5.0,307.0,15.4,False,0.6575,-0.2248,0.6575,5.61,0.0,1.0,0.0,JMIA_2020-07-31,0.6575,5.61,0.0,both,0.0,0.0,False
JMIA,2020-10-08,2020-10-16,2020-10-28,21.0,500.0,33.5,False,0.7843,0.1603,1.1137,5.53,10.0,0.0,0.0,JMIA_2020-10-08,0.7843,5.53,10.0,both,0.0,0.0,False
JMIA,2020-11-19,2020-11-25,2020-12-02,14.0,1086.0,12.1,False,0.8373,-0.1306,0.8373,1.82,0.0,0.0,0.0,JMIA_2020-11-19,0.8373,1.82,0.0,both,0.0,0.0,False
JOB,2021-01-25,2021-01-29,2021-02-01,8.0,1019.0,130.0,False,-0.1102,0.0575,0.1417,0.38,7.0,-9.0,0.0,JOB_2021-01-25,-0.1102,0.38,7.0,both,0.0,0.0,False
JPM,2020-03-06,2020-04-14,2020-04-14,40.0,2029.0,115.9,False,-0.1621,0.0,0.0662,2.07,-43.0,-33.0,0.0,JPM_2020-03-06,-0.1621,2.07,-43.0,both,0.0,0.0,False
JPM,2020-06-25,2020-06-25,2020-06-28,4.0,535.0,4.7,False,0.0349,-0.0548,0.0349,1.32,0.0,1.0,0.0,JPM_2020-06-25,0.0349,1.32,0.0,both,0.0,0.0,False
JPM,2020-10-12,2020-10-14,2020-10-15,4.0,369.0,4.4,False,-0.0097,0.015,0.0123,0.98,-2.0,-1.0,0.0,JPM_2020-10-12,-0.0097,0.98,-2.0,both,0.0,0.0,False
JPM,2021-01-28,2021-01-31,2021-02-01,5.0,1284.0,14.7,False,0.0063,0.0074,0.0813,0.84,4.0,-4.0,0.0,JPM_2021-01-28,0.0063,0.84,4.0,both,0.0,0.0,False
JPM,2021-04-07,2021-04-16,2021-04-21,15.0,1139.0,9.6,False,0.005,-0.018,0.0245,0.84,-7.0,-2.0,0.0,JPM_2021-04-07,0.005,0.84,-7.0,both,0.0,0.0,False
JPM,2021-06-16,2021-07-13,2021-07-14,29.0,1361.0,6.9,False,0.003,-0.0034,0.0329,1.44,-32.0,-25.0,0.0,JPM_2021-06-16,0.003,1.44,-32.0,both,0.0,0.0,False
JPM,2021-11-16,2021-12-17,2021-12-20,35.0,1061.0,11.0,False,-0.0588,-0.018,0.0103,1.6,-24.0,0.0,0.0,JPM_2021-11-16,-0.0588,1.6,-24.0,both,0.0,0.0,False
JPM,2022-03-04,2022-03-04,2022-03-17,14.0,509.0,3.5,False,-0.0281,0.0428,0.0313,1.15,18.0,-3.0,0.0,JPM_2022-03-04,-0.0281,1.15,18.0,both,0.0,0.0,False
JPM,2023-03-09,2023-03-10,2023-03-21,13.0,2076.0,31.0,False,-0.0301,-0.0232,0.0364,3.4,-4.0,3.0,0.0,JPM_2023-03-09,-0.0301,3.4,-4.0,both,0.0,0.0,False
JPM,2023-05-01,2023-05-01,2023-05-04,4.0,1140.0,13.3,False,0.0214,-0.0501,0.0214,1.26,0.0,0.0,0.0,JPM_2023-05-01,0.0214,1.26,0.0,both,0.0,0.0,False
JPM,2024-07-07,2024-07-11,2024-07-17,11.0,342.0,8.1,False,0.013,0.0454,0.059,1.15,6.0,1.0,0.0,JPM_2024-07-07,0.013,1.15,6.0,both,0.0,0.0,False
JPM,2025-03-31,2025-03-31,2025-04-16,17.0,437.0,6.3,False,0.0101,-0.064,0.0337,1.3,-5.0,4.0,0.0,JPM_2025-03-31,0.0101,1.3,-5.0,both,0.0,0.0,False
JPM,2026-01-13,2026-01-13,2026-02-05,24.0,577.0,6.5,False,-0.0419,-0.0024,0.0163,1.38,-5.0,1.0,0.0,JPM_2026-01-13,-0.0419,1.38,-5.0,both,0.0,0.0,False
JPM,2026-04-30,2026-05-01,2026-05-02,3.0,311.0,15.0,False,0.0104,0.0,0.0183,0.89,5.0,-1.0,0.0,JPM_2026-04-30,0.0104,0.89,5.0,both,0.0,0.0,False
JWN,2022-05-23,2022-05-24,2022-05-25,3.0,480.0,125.1,False,-0.0236,0.1402,0.254,3.84,3.0,1.0,0.0,JWN_2022-05-23,-0.0236,3.84,3.0,both,0.0,0.0,False
JXN,2022-08-06,2022-08-26,2022-08-26,21.0,1298.0,62.4,False,0.146,0.0,0.2586,1.22,-8.0,-16.0,0.0,JXN_2022-08-06,0.146,1.22,-8.0,both,0.0,0.0,False
JXN,2023-08-17,2023-08-24,2023-08-25,9.0,1166.0,69.3,False,0.0086,0.0021,0.1718,0.82,5.0,5.0,0.0,JXN_2023-08-17,0.0086,0.82,5.0,both,0.0,0.0,False
JXN,2024-08-15,2024-08-23,2024-08-23,9.0,1194.0,65.9,False,0.029,0.0,0.0581,0.81,-7.0,-7.0,0.0,JXN_2024-08-15,0.029,0.81,-7.0,both,0.0,0.0,False
JXN,2025-08-18,2025-08-22,2025-08-22,5.0,1281.0,27.7,False,0.0427,0.0,0.0434,0.83,4.0,4.0,0.0,JXN_2025-08-18,0.0427,0.83,4.0,both,0.0,0.0,False
KBH,2021-06-22,2021-06-23,2021-06-24,3.0,440.0,280.0,False,0.0074,-0.0673,0.0074,3.84,0.0,1.0,0.0,KBH_2021-06-22,0.0074,3.84,0.0,both,0.0,0.0,False
KCAC,2020-09-03,2020-09-03,2020-09-16,14.0,415.0,89.0,False,0.874,-0.0043,1.25,248.72,1.0,0.0,0.0,KCAC_2020-09-03,0.874,248.72,1.0,both,0.0,0.0,False
KCAC,2020-11-13,2020-11-13,2020-11-25,13.0,366.0,9.9,False,0.3636,0.2051,0.6434,4.56,12.0,0.0,0.0,KCAC_2020-11-13,0.3636,4.56,12.0,both,0.0,0.0,False
KELYA,2021-09-27,2021-09-28,2021-10-20,24.0,314.0,8.1,False,0.0109,-0.0184,0.029,0.57,14.0,3.0,0.0,KELYA_2021-09-27,0.0109,0.57,14.0,both,0.0,0.0,False
KELYB,2021-09-27,2021-09-28,2021-10-20,24.0,313.0,8.1,False,-0.0076,0.0066,0.0486,0.61,-1.0,7.0,0.0,KELYB_2021-09-27,-0.0076,0.61,-1.0,both,0.0,0.0,False
KEN,2021-05-17,2021-05-17,2021-06-11,26.0,883.0,6.2,False,0.0074,0.0771,0.1107,0.66,7.0,23.0,0.0,KEN_2021-05-17,0.0074,0.66,7.0,both,0.0,0.0,False
KEYS,2022-03-12,2022-03-29,2022-03-29,18.0,567.0,249.0,False,0.1316,0.0,0.1316,0.92,0.0,-11.0,0.0,KEYS_2022-03-12,0.1316,0.92,0.0,both,0.0,0.0,False
KEY,2021-01-27,2021-02-03,2021-02-03,8.0,721.0,231.8,False,0.0349,0.0,0.0836,1.12,5.0,-7.0,0.0,KEY_2021-01-27,0.0349,1.12,5.0,both,0.0,0.0,False
KEY,2022-01-26,2022-01-28,2022-02-25,31.0,2692.0,81.3,False,0.0092,0.0068,0.0823,1.0,11.0,32.0,0.0,KEY_2022-01-26,0.0092,1.0,11.0,both,0.0,0.0,False
KEY,2022-04-27,2022-05-26,2022-05-26,30.0,2144.0,74.1,False,0.0005,0.0,0.0402,0.96,-34.0,5.0,0.0,KEY_2022-04-27,0.0005,0.96,-34.0,both,0.0,0.0,False
KIDS,2021-01-26,2021-01-27,2021-02-02,8.0,542.0,61.4,False,0.1078,-0.0694,0.1078,1.52,0.0,0.0,0.0,KIDS_2021-01-26,0.1078,1.52,0.0,both,0.0,0.0,False
KIDZ,2025-05-01,2025-05-02,2025-05-05,5.0,344.0,137.0,False,5.2435,-0.1212,5.2435,78.12,0.0,-1.0,0.0,KIDZ_2025-05-01,5.2435,78.26,0.0,both,0.0,0.14000000000000057,False
KNDI,2020-11-12,2020-11-20,2020-12-02,21.0,915.0,55.8,False,0.9389,-0.306,1.4003,4.96,3.0,0.0,0.0,KNDI_2020-11-12,0.9389,4.96,3.0,both,0.0,0.0,False
KODK,2020-07-28,2020-07-29,2020-07-30,3.0,1950.0,1262.0,False,11.6718,-0.1015,11.6718,1053.03,0.0,-1.0,0.0,KODK_2020-07-28,11.6718,1053.03,0.0,both,0.0,0.0,False
KOSS,2021-01-25,2021-01-28,2021-01-29,5.0,1838.0,1018.0,False,11.5629,0.5253,18.1617,16.61,1.0,-2.0,0.0,KOSS_2021-01-25,11.5629,16.61,1.0,both,0.0,0.0,False
KO,2022-04-28,2022-04-28,2022-05-07,10.0,314.0,10.3,False,0.0096,-0.0219,0.0096,1.37,0.0,-3.0,0.0,KO_2022-04-28,0.0096,1.37,0.0,both,0.0,0.0,False
KR,2020-05-27,2020-06-18,2020-06-19,24.0,1723.0,73.1,False,0.014,0.0135,0.0609,1.43,-22.0,0.0,0.0,KR_2020-05-27,0.014,1.43,-22.0,both,0.0,0.0,False
KSS,2025-01-05,2025-01-06,2025-01-15,11.0,348.0,13.8,False,-0.0085,-0.0843,0.0,0.83,-3.0,7.0,0.0,KSS_2025-01-05,-0.0085,0.83,-3.0,both,0.0,0.0,False
KSS,2025-07-21,2025-07-22,2025-07-23,3.0,2132.0,228.4,False,0.4969,-0.1423,0.4969,11.88,0.0,0.0,0.0,KSS_2025-07-21,0.4969,11.88,0.0,both,0.0,0.0,False
KTOV,2020-05-06,2020-05-08,2020-05-29,24.0,1970.0,192.0,False,0.0451,0.0372,0.3544,3.51,12.0,0.0,0.0,KTOV_2020-05-06,0.0451,3.51,12.0,both,0.0,0.0,False
KTOV,2020-06-22,2020-06-23,2020-07-01,10.0,2187.0,18.2,False,0.4411,0.0977,1.2144,13.27,2.0,0.0,0.0,KTOV_2020-06-22,0.4411,13.27,2.0,both,0.0,0.0,False
KTRA,2021-02-09,2021-02-17,2021-02-18,10.0,304.0,71.0,False,0.1905,0.0,0.3048,2.25,-7.0,-8.0,0.0,KTRA_2021-02-09,0.1905,2.25,-7.0,both,0.0,0.0,False
KULR,2024-03-21,2024-04-02,2024-04-15,26.0,876.0,17.7,False,2.3508,-0.173,2.841,7.02,9.0,-8.0,0.0,KULR_2024-03-21,2.3508,7.02,9.0,both,0.0,0.0,False
KULR,2024-11-22,2024-12-02,2024-12-06,15.0,864.0,18.7,False,2.3813,-0.0922,2.3813,14.84,0.0,-7.0,0.0,KULR_2024-11-22,2.3813,14.84,0.0,both,0.0,0.0,False
KULR,2024-12-26,2024-12-26,2025-01-03,9.0,2016.0,8.5,False,0.4035,-0.3083,0.4035,1.16,0.0,0.0,0.0,KULR_2024-12-26,0.4035,0.9,11.0,both,0.0,0.2599999999999999,True
KULR,2025-05-13,2025-05-14,2025-06-06,25.0,427.0,7.0,False,0.0662,-0.2671,0.0662,1.88,0.0,0.0,0.0,KULR_2025-05-13,0.0662,1.88,0.0,both,0.0,0.0,False
KVUE,2025-09-22,2025-09-22,2025-09-25,4.0,338.0,63.2,False,-0.0747,-0.0471,0.0,2.19,-5.0,0.0,0.0,KVUE_2025-09-22,-0.0747,2.19,-5.0,both,0.0,0.0,False
LAC,2020-09-15,2020-09-22,2020-10-02,18.0,1281.0,139.9,False,0.1092,0.6261,0.946,5.24,13.0,10.0,0.0,LAC_2020-09-15,0.1092,5.24,13.0,both,0.0,0.0,False
LAC,2025-09-23,2025-09-24,2025-10-03,11.0,878.0,215.0,False,0.8212,0.5042,1.7394,21.8,9.0,0.0,0.0,LAC_2025-09-23,0.8212,21.8,9.0,both,0.0,0.0,False
LAES,2024-12-16,2024-12-16,2025-01-21,37.0,468.0,13.5,False,0.4,1.049,4.1886,2.49,11.0,-4.0,0.0,LAES_2024-12-16,0.4,2.49,11.0,both,0.0,0.0,False
LAND,2021-01-26,2021-01-29,2021-02-02,8.0,365.0,31.0,False,-0.0703,0.0451,0.0018,1.11,7.0,-3.0,0.0,LAND_2021-01-26,-0.0703,1.11,7.0,both,0.0,0.0,False
LCA,2020-06-29,2020-06-30,2020-07-10,12.0,617.0,129.0,False,0.6204,-0.1609,0.6204,66.32,0.0,-1.0,0.0,LCA_2020-06-29,0.6204,66.32,0.0,both,0.0,0.0,False
LCA,2020-08-24,2020-09-23,2020-09-30,38.0,897.0,6.1,False,0.04,-0.0471,0.2497,1.51,-14.0,-14.0,0.0,LCA_2020-08-24,0.04,1.51,-14.0,both,0.0,0.0,False
LCA,2020-11-25,2020-12-03,2020-12-29,35.0,720.0,6.1,False,0.2101,0.2867,0.6029,2.78,25.0,15.0,0.0,LCA_2020-11-25,0.2101,2.78,25.0,both,0.0,0.0,False
LCID,2021-10-28,2021-10-28,2021-11-01,5.0,1539.0,23.4,False,0.3131,0.0296,0.547,7.61,8.0,0.0,0.0,LCID_2021-10-28,0.3131,7.61,8.0,both,0.0,0.0,False
LCID,2022-01-07,2022-01-20,2022-01-21,15.0,1726.0,8.9,False,0.0131,-0.0251,0.1897,0.84,-9.0,-13.0,0.0,LCID_2022-01-07,0.0131,0.84,-9.0,both,0.0,0.0,False
LCID,2023-01-27,2023-01-27,2023-01-30,4.0,624.0,113.6,False,0.43,-0.087,0.43,5.75,0.0,0.0,0.0,LCID_2023-01-27,0.43,5.75,0.0,both,0.0,0.0,False
LCID,2025-07-17,2025-07-23,2025-07-23,7.0,518.0,84.5,False,0.345,0.0,0.3668,2.85,-1.0,-6.0,0.0,LCID_2025-07-17,0.345,2.85,-1.0,both,0.0,0.0,False
LDI,2025-09-08,2025-09-17,2025-09-18,11.0,1802.0,432.0,False,0.5779,-0.0987,0.5779,6.83,0.0,-9.0,0.0,LDI_2025-09-08,0.5779,6.83,0.0,both,0.0,0.0,False
LEGO,2021-07-08,2021-07-10,2021-07-11,4.0,613.0,25.2,False,-0.001,0.0,0.0049,0.47,-4.0,-4.0,0.0,LEGO_2021-07-08,-0.001,0.47,-4.0,both,0.0,0.0,False
LFVN,2026-05-27,2026-06-05,2026-06-17,22.0,769.0,17.5,False,0.4387,-0.3922,0.544,4.99,3.0,-3.0,0.0,LFVN_2026-05-27,0.4387,4.97,3.0,both,0.0,0.020000000000000462,False
LGND,2021-01-26,2021-01-28,2021-02-09,15.0,873.0,73.3,False,0.2281,0.1265,0.3834,4.25,12.0,-1.0,0.0,LGND_2021-01-26,0.2281,4.25,12.0,both,0.0,0.0,False
LGVN,2021-11-18,2021-11-24,2021-12-10,23.0,2812.0,294.0,False,13.4863,-0.5407,13.4863,472.65,0.0,-6.0,0.0,LGVN_2021-11-18,13.4863,472.65,0.0,both,0.0,0.0,False
LGVW,2020-11-20,2020-11-24,2020-11-27,8.0,805.0,253.0,False,0.6481,0.0185,0.7617,307.92,1.0,-4.0,0.0,LGVW_2020-11-20,0.6481,307.92,1.0,both,0.0,0.0,False
LHX,2024-07-18,2024-07-21,2024-07-24,7.0,479.0,30.9,False,-0.0146,0.0101,0.0211,0.95,4.0,5.0,0.0,LHX_2024-07-18,-0.0146,0.95,4.0,both,0.0,0.0,False
LHX,2024-10-16,2024-11-06,2024-11-07,23.0,1193.0,21.9,False,0.0455,-0.0064,0.0771,1.18,5.0,-12.0,0.0,LHX_2024-10-16,0.0455,1.18,5.0,both,0.0,0.0,False
LHX,2025-03-29,2025-03-29,2025-04-22,25.0,1438.0,7.2,False,,,0.0719,1.4,16.0,11.0,0.0,LHX_2025-03-29,,1.4,16.0,both,,0.0,False
LIDR,2021-09-09,2021-09-16,2021-09-16,8.0,310.0,157.0,False,0.1815,0.0,0.1815,10.59,0.0,0.0,0.0,LIDR_2021-09-09,0.1815,10.59,0.0,both,0.0,0.0,False
LIVE,2021-01-21,2021-01-27,2021-02-03,14.0,4145.0,165.5,False,0.4565,-0.0738,0.4565,0.99,0.0,-1.0,0.0,LIVE_2021-01-21,0.4565,0.99,0.0,both,0.0,0.0,False
LK,2020-04-02,2020-04-02,2020-04-06,5.0,435.0,96.2,False,-0.7557,-0.3141,0.0378,14.16,-2.0,0.0,0.0,LK_2020-04-02,-0.7557,14.16,-2.0,both,0.0,0.0,False
LLY,2024-02-02,2024-02-05,2024-02-08,7.0,923.0,37.2,False,0.0693,0.0417,0.125,2.01,8.0,1.0,0.0,LLY_2024-02-02,0.0693,2.01,8.0,both,0.0,0.0,False
LLY,2024-06-10,2024-07-18,2024-07-19,40.0,892.0,12.2,False,-0.0013,0.0101,0.1182,1.25,-3.0,0.0,0.0,LLY_2024-06-10,-0.0013,1.25,-3.0,both,0.0,0.0,False
LLY,2025-04-17,2025-05-12,2025-05-15,29.0,480.0,19.0,False,0.0281,-0.0295,0.2232,1.43,-12.0,-11.0,0.0,LLY_2025-04-17,0.0281,1.43,-12.0,both,0.0,0.0,False
LLY,2025-07-29,2025-08-07,2025-08-08,11.0,581.0,74.4,False,-0.207,-0.0237,0.0057,2.85,-13.0,0.0,0.0,LLY_2025-07-29,-0.207,2.85,-13.0,both,0.0,0.0,False
LMND,2020-11-27,2020-12-10,2020-12-31,35.0,1273.0,12.3,False,0.4614,0.2287,0.9708,3.27,13.0,-7.0,0.0,LMND_2020-11-27,0.4614,3.27,13.0,both,0.0,0.0,False
LMT,2022-02-11,2022-02-24,2022-03-09,27.0,1194.0,8.7,False,0.0267,0.134,0.2094,1.56,11.0,4.0,0.0,LMT_2022-02-11,0.0267,1.56,11.0,both,0.0,0.0,False
LMT,2023-10-07,2023-10-09,2023-10-17,11.0,539.0,31.5,False,0.0893,0.0105,0.1209,2.16,10.0,0.0,0.0,LMT_2023-10-07,0.0893,2.16,10.0,both,0.0,0.0,False
LMT,2025-06-13,2025-06-13,2025-06-22,10.0,445.0,26.9,False,0.0366,-0.0327,0.0366,1.74,0.0,-2.0,0.0,LMT_2025-06-13,0.0366,1.74,0.0,both,0.0,0.0,False
LNG,2022-02-22,2022-02-22,2022-03-09,16.0,368.0,7.1,False,-0.0026,0.1581,0.2035,2.25,10.0,2.0,0.0,LNG_2022-02-22,-0.0026,2.25,10.0,both,0.0,0.0,False
LNG,2022-08-25,2022-09-05,2022-09-14,21.0,349.0,8.0,False,-0.0543,0.0727,0.0145,1.3,9.0,11.0,0.0,LNG_2022-08-25,-0.0543,1.3,9.0,both,0.0,0.0,False
LNG,2026-03-02,2026-03-19,2026-03-19,18.0,707.0,93.0,False,0.1957,0.0,0.2497,2.23,5.0,0.0,0.0,LNG_2026-03-02,0.1957,2.23,5.0,both,0.0,0.0,False
LODE,2024-12-26,2024-12-30,2025-01-02,8.0,1912.0,19.4,False,1.0872,-0.1597,1.0872,7.64,0.0,0.0,0.0,LODE_2024-12-26,1.0872,7.02,3.0,both,0.0,0.6200000000000001,True
LOGI,2020-05-07,2020-05-11,2020-05-12,6.0,1117.0,189.3,False,0.0359,0.0149,0.0787,4.94,2.0,1.0,0.0,LOGI_2020-05-07,0.0359,4.94,2.0,both,0.0,0.0,False
LOW,2020-05-15,2020-05-19,2020-05-20,6.0,311.0,13.2,False,0.0587,0.001,0.1074,2.06,3.0,1.0,0.0,LOW_2020-05-15,0.0587,2.06,3.0,both,0.0,0.0,False
LPL,2021-01-27,2021-01-28,2021-02-08,13.0,932.0,11.1,False,-0.0278,0.0138,0.0383,2.16,15.0,1.0,0.0,LPL_2021-01-27,-0.0278,2.16,15.0,both,0.0,0.0,False
LPL,2022-03-23,2022-03-23,2022-04-05,14.0,359.0,2.9,False,-0.0097,-0.0515,0.0365,0.82,6.0,13.0,0.0,LPL_2022-03-23,-0.0097,0.82,6.0,both,0.0,0.0,False
LPSN,2024-12-30,2024-12-31,2025-01-03,5.0,474.0,65.2,False,0.588,0.0921,0.7342,15.05,3.0,0.0,0.0,LPSN_2024-12-30,0.588,10.8,3.0,both,0.0,4.25,False
LTC,2021-01-28,2021-02-02,2021-02-25,29.0,1173.0,35.2,False,0.0069,0.0436,0.0726,0.99,9.0,-4.0,0.0,LTC_2021-01-28,0.0069,0.99,9.0,both,0.0,0.0,False
LTM,2020-05-26,2020-06-09,2020-06-09,15.0,340.0,68.0,False,0.2442,0.0,0.2442,14.88,0.0,-6.0,0.0,LTM_2020-05-26,0.2442,14.88,0.0,both,0.0,0.0,False
LULU,2020-02-21,2020-03-19,2020-03-26,35.0,637.0,15.1,False,-0.4127,0.2967,0.0,2.6,-28.0,1.0,0.0,LULU_2020-02-21,-0.4127,2.6,-28.0,both,0.0,0.0,False
LULU,2020-05-21,2020-06-11,2020-06-12,23.0,1118.0,12.7,False,0.1925,-0.0382,0.253,1.78,-8.0,1.0,0.0,LULU_2020-05-21,0.1925,1.78,-8.0,both,0.0,0.0,False
LULU,2020-08-24,2020-09-09,2020-09-10,18.0,1016.0,22.5,False,-0.1215,-0.0121,0.0801,1.91,-7.0,0.0,0.0,LULU_2020-08-24,-0.1215,1.91,-7.0,both,0.0,0.0,False
LULU,2021-12-06,2021-12-09,2021-12-10,5.0,351.0,34.7,False,-0.0431,-0.0176,0.0343,2.54,-7.0,0.0,0.0,LULU_2021-12-06,-0.0431,2.54,-7.0,both,0.0,0.0,False
LULU,2024-05-20,2024-06-05,2024-06-06,18.0,1053.0,110.2,False,-0.0797,0.0479,0.0355,2.66,-21.0,1.0,0.0,LULU_2024-05-20,-0.0797,2.66,-21.0,both,0.0,0.0,False
LULU,2025-06-03,2025-06-05,2025-06-06,4.0,434.0,75.3,False,0.0242,-0.198,0.0379,3.88,-1.0,1.0,0.0,LULU_2025-06-03,0.0242,3.85,-1.0,both,0.0,0.029999999999999805,False
LULU,2025-12-10,2025-12-11,2025-12-12,3.0,317.0,21.2,False,0.0259,0.096,0.1404,3.45,6.0,1.0,0.0,LULU_2025-12-10,0.0259,3.46,6.0,both,0.0,0.009999999999999787,False
LUMN,2021-01-15,2021-01-26,2021-01-27,13.0,675.0,54.4,False,0.2889,0.0528,0.3569,2.26,1.0,1.0,0.0,LUMN_2021-01-15,0.2889,2.26,1.0,both,0.0,0.0,False
LUMN,2024-07-30,2024-08-06,2024-08-08,10.0,895.0,332.0,False,1.5773,0.076,2.4175,10.83,1.0,0.0,0.0,LUMN_2024-07-30,1.5773,10.83,1.0,both,0.0,0.0,False
LUNA,2022-05-11,2022-05-12,2022-05-16,6.0,579.0,77.0,False,-0.0281,0.0869,0.152,1.94,5.0,4.0,0.0,LUNA_2022-05-11,-0.0281,1.94,5.0,both,0.0,0.0,False
LUNR,2024-02-13,2024-02-23,2024-02-26,14.0,3169.0,276.6,False,0.8094,-0.3462,1.0736,12.62,-3.0,0.0,0.0,LUNR_2024-02-13,0.8094,12.62,-3.0,both,0.0,0.0,False
LUNR,2024-08-16,2024-08-20,2024-08-22,7.0,1852.0,314.5,False,0.3966,-0.0617,0.3966,12.36,0.0,0.0,0.0,LUNR_2024-08-16,0.3966,12.36,0.0,both,0.0,0.0,False
LUNR,2024-11-07,2024-11-14,2024-11-15,9.0,3074.0,50.1,False,0.2385,0.2141,0.5206,3.24,5.0,0.0,0.0,LUNR_2024-11-07,0.2385,3.24,5.0,both,0.0,0.0,False
LUNR,2025-02-18,2025-02-18,2025-02-28,11.0,2006.0,5.2,False,0.0331,-0.2807,0.0331,1.08,0.0,0.0,0.0,LUNR_2025-02-18,0.0331,1.07,0.0,both,0.0,0.010000000000000009,False
LUNR,2026-05-26,2026-05-26,2026-05-29,4.0,697.0,18.2,False,-0.0889,0.2573,0.1945,2.54,2.0,0.0,0.0,LUNR_2026-05-26,-0.0889,2.56,2.0,both,0.0,0.020000000000000018,False
LUV,2020-02-27,2020-03-06,2020-03-24,27.0,871.0,27.9,False,-0.0648,-0.1765,0.1065,2.68,-11.0,13.0,0.0,LUV_2020-02-27,-0.0648,2.68,-11.0,both,0.0,0.0,False
LUV,2020-05-04,2020-05-04,2020-05-06,3.0,408.0,4.3,False,-0.0571,-0.0954,0.0691,1.61,-4.0,-5.0,0.0,LUV_2020-05-04,-0.0571,1.61,-4.0,both,0.0,0.0,False
LUV,2020-06-04,2020-06-05,2020-06-11,8.0,985.0,4.4,False,0.0483,-0.1401,0.1145,1.48,3.0,0.0,0.0,LUV_2020-06-04,0.0483,1.48,3.0,both,0.0,0.0,False
LUV,2021-01-28,2021-02-19,2021-02-19,23.0,849.0,47.9,False,0.1961,0.0,0.3429,1.11,5.0,5.0,0.0,LUV_2021-01-28,0.1961,1.11,5.0,both,0.0,0.0,False
LUV,2021-10-10,2021-10-11,2021-10-12,3.0,352.0,85.8,False,-0.0417,0.0099,0.0102,1.7,-6.0,0.0,0.0,LUV_2021-10-10,-0.0417,1.7,-6.0,both,0.0,0.0,False
LUV,2022-12-27,2022-12-27,2022-12-29,3.0,458.0,82.8,False,-0.0596,-0.0165,0.0,2.79,-4.0,1.0,0.0,LUV_2022-12-27,-0.0596,2.79,-4.0,both,0.0,0.0,False
LVGO,2020-07-07,2020-07-07,2020-07-20,14.0,819.0,9.7,False,0.2078,0.207,0.4579,1.78,14.0,0.0,0.0,LVGO_2020-07-07,0.2078,1.78,14.0,both,0.0,0.0,False
LVS,2020-03-01,2020-03-16,2020-03-26,26.0,1866.0,35.4,False,-0.3073,0.1973,0.0317,1.85,-20.0,2.0,0.0,LVS_2020-03-01,-0.3073,1.85,-20.0,both,0.0,0.0,False
LVS,2020-06-03,2020-06-04,2020-06-10,8.0,464.0,6.7,False,0.0954,-0.0111,0.1643,1.54,4.0,0.0,0.0,LVS_2020-06-03,0.0954,1.54,4.0,both,0.0,0.0,False
LYFT,2020-03-17,2020-03-20,2020-03-25,9.0,1001.0,52.6,False,0.1124,0.3141,0.5659,1.41,6.0,-1.0,0.0,LYFT_2020-03-17,0.1124,1.41,6.0,both,0.0,0.0,False
LYV,2020-03-06,2020-03-12,2020-03-23,18.0,1087.0,65.9,False,-0.3472,0.0312,0.0779,2.74,-8.0,0.0,0.0,LYV_2020-03-06,-0.3472,2.74,-8.0,both,0.0,0.0,False
LZB,2021-06-24,2021-06-25,2021-06-28,5.0,450.0,171.4,False,-0.0011,-0.0063,0.0116,2.52,-1.0,0.0,0.0,LZB_2021-06-24,-0.0011,2.52,-1.0,both,0.0,0.0,False
MAC,2021-01-25,2021-01-27,2021-02-01,8.0,2082.0,38.5,False,0.5705,-0.374,0.5705,5.74,0.0,0.0,0.0,MAC_2021-01-25,0.5705,5.74,0.0,both,0.0,0.0,False
MARA,2020-07-27,2020-08-03,2020-08-10,15.0,617.0,22.1,False,2.6827,0.1593,3.8942,15.09,3.0,0.0,0.0,MARA_2020-07-27,2.6827,15.09,3.0,both,0.0,0.0,False
MARA,2020-11-18,2020-11-24,2020-12-01,14.0,469.0,22.5,False,0.5839,0.2607,1.0258,2.57,6.0,6.0,0.0,MARA_2020-11-18,0.5839,2.57,6.0,both,0.0,0.0,False
MARA,2020-12-17,2020-12-17,2020-12-30,14.0,925.0,7.2,False,0.1507,0.1489,0.6974,1.47,5.0,0.0,0.0,MARA_2020-12-17,0.1507,1.47,5.0,both,0.0,0.0,False
MARA,2021-01-11,2021-01-11,2021-01-14,4.0,710.0,4.6,False,-0.1148,0.0462,0.0,1.21,-3.0,-4.0,0.0,MARA_2021-01-11,-0.1148,1.21,-3.0,both,0.0,0.0,False
MARA,2021-05-13,2021-05-13,2021-05-19,7.0,396.0,3.6,False,-0.1396,0.1043,0.2175,1.16,-3.0,0.0,0.0,MARA_2021-05-13,-0.1396,1.16,-3.0,both,0.0,0.0,False
MARA,2023-02-02,2023-02-02,2023-02-21,20.0,551.0,5.3,False,0.0638,-0.1088,0.0638,0.86,0.0,14.0,0.0,MARA_2023-02-02,0.0638,0.86,0.0,both,0.0,0.0,False
MARA,2023-12-04,2023-12-28,2024-01-04,32.0,3096.0,43.0,False,1.0518,-0.0655,1.2679,1.86,-1.0,1.0,0.0,MARA_2023-12-04,1.0518,1.86,-1.0,both,0.0,0.0,False
MARA,2024-02-26,2024-02-28,2024-02-29,4.0,2082.0,22.0,False,0.2935,-0.1653,0.2935,1.91,0.0,0.0,0.0,MARA_2024-02-26,0.2935,1.91,0.0,both,0.0,0.0,False
MARA,2024-11-11,2024-11-12,2024-11-13,3.0,567.0,35.9,False,0.3106,-0.1399,0.3106,2.14,0.0,-1.0,0.0,MARA_2024-11-11,0.3106,2.14,0.0,both,0.0,0.0,False
MARK,2020-04-30,2020-05-12,2020-06-10,42.0,2390.0,30.4,False,3.3418,0.3457,6.8522,6.13,15.0,0.0,0.0,MARK_2020-04-30,3.3418,6.13,15.0,both,0.0,0.0,False
MARK,2021-01-25,2021-02-02,2021-02-03,10.0,1194.0,101.7,False,0.2627,0.2081,0.7333,1.75,6.0,1.0,0.0,MARK_2021-01-25,0.2627,1.75,6.0,both,0.0,0.0,False
MARK,2021-10-22,2021-10-25,2021-10-26,5.0,904.0,86.7,False,2.4612,-0.3079,2.4612,137.8,0.0,0.0,0.0,MARK_2021-10-22,2.4612,137.8,0.0,both,0.0,0.0,False
MARK,2022-04-25,2022-04-27,2022-05-02,8.0,440.0,15.8,False,-0.0735,0.0407,0.0493,0.96,7.0,2.0,0.0,MARK_2022-04-25,-0.0735,0.96,7.0,both,0.0,0.0,False
MAR,2020-02-27,2020-03-18,2020-04-17,51.0,1125.0,20.5,False,-0.4691,0.3205,0.1218,4.23,-23.0,0.0,0.0,MAR_2020-02-27,-0.4691,4.23,-23.0,both,0.0,0.0,False
MASS,2021-01-28,2021-01-31,2021-03-02,34.0,1174.0,4.0,False,0.0272,0.0,0.3979,0.96,16.0,32.0,0.0,MASS_2021-01-28,0.0272,0.96,16.0,both,0.0,0.0,False
MASS,2022-04-20,2022-04-20,2022-05-30,41.0,620.0,3.2,False,-0.0005,-0.2078,0.0232,1.49,14.0,22.0,0.0,MASS_2022-04-20,-0.0005,1.49,14.0,both,0.0,0.0,False
MASS,2023-02-02,2023-02-10,2023-02-23,22.0,383.0,6.8,False,0.0764,-0.0069,0.1304,0.87,-8.0,18.0,0.0,MASS_2023-02-02,0.0764,0.87,-8.0,both,0.0,0.0,False
MASS,2024-01-16,2024-03-21,2024-03-25,70.0,885.0,7.8,True,-0.1134,-0.048,0.0683,0.71,-59.0,5.0,0.0,MASS_2024-01-16,-0.1134,0.71,-59.0,both,0.0,0.0,False
MAXN,2024-07-02,2024-07-12,2024-07-20,19.0,802.0,31.2,False,-0.5672,-0.0922,1.0408,40.18,-15.0,-7.0,0.0,MAXN_2024-07-02,-0.5672,40.18,-15.0,both,0.0,0.0,False
MAX,2021-01-27,2021-01-29,2021-02-02,7.0,387.0,17.2,False,0.0159,0.0364,0.0713,1.18,5.0,-3.0,0.0,MAX_2021-01-27,0.0159,1.18,5.0,both,0.0,0.0,False
MA,2020-04-14,2020-04-30,2020-05-07,24.0,322.0,5.0,False,0.0442,0.0127,0.0773,0.66,-1.0,-14.0,0.0,MA_2020-04-14,0.0442,0.66,-1.0,both,0.0,0.0,False
MBAC,2021-06-18,2021-06-26,2021-07-03,16.0,432.0,9.6,False,0.0155,-0.0071,0.0155,5.67,-1.0,-2.0,0.0,MBAC_2021-06-18,0.0155,5.67,-1.0,both,0.0,0.0,False
MBOT,2025-07-26,2025-07-26,2025-08-14,20.0,306.0,9.6,False,,,0.0539,1.37,19.0,2.0,0.0,MBOT_2025-07-26,,1.37,19.0,both,,0.0,False
MCD,2020-03-17,2020-03-17,2020-03-26,10.0,499.0,3.6,False,-0.0093,0.1337,0.1887,2.01,-4.0,0.0,0.0,MCD_2020-03-17,-0.0093,2.01,-4.0,both,0.0,0.0,False
MCD,2020-06-08,2020-06-08,2020-06-25,18.0,358.0,2.6,False,0.0278,-0.0981,0.0278,1.03,0.0,11.0,0.0,MCD_2020-06-08,0.0278,1.03,0.0,both,0.0,0.0,False
MCD,2021-01-27,2021-01-27,2021-02-05,10.0,440.0,3.5,False,-0.0389,0.027,0.0028,1.32,13.0,0.0,0.0,MCD_2021-01-27,-0.0389,1.32,13.0,both,0.0,0.0,False
MCD,2021-02-19,2021-02-19,2021-02-25,7.0,690.0,12.6,False,-0.0148,-0.0061,0.0,0.96,-1.0,7.0,0.0,MCD_2021-02-19,-0.0148,0.96,-1.0,both,0.0,0.0,False
MCD,2022-01-25,2022-01-25,2022-02-02,9.0,330.0,3.5,False,-0.0116,0.0463,0.0342,1.36,8.0,2.0,0.0,MCD_2022-01-25,-0.0116,1.36,8.0,both,0.0,0.0,False
MCD,2022-04-27,2022-04-28,2022-06-03,38.0,767.0,3.4,False,0.0226,-0.0229,0.0231,1.18,6.0,26.0,0.0,MCD_2022-04-27,0.0226,1.18,6.0,both,0.0,0.0,False
MCD,2022-10-13,2022-10-30,2022-11-03,22.0,478.0,6.1,False,0.158,-0.0057,0.1744,1.13,9.0,-17.0,0.0,MCD_2022-10-13,0.158,1.13,9.0,both,0.0,0.0,False
MCD,2024-02-02,2024-02-06,2024-02-10,9.0,450.0,11.8,False,-0.0451,0.0169,0.0,1.64,-5.0,-1.0,0.0,MCD_2024-02-02,-0.0451,1.64,-5.0,both,0.0,0.0,False
MCD,2024-10-21,2024-10-22,2024-10-23,3.0,554.0,29.5,False,-0.0059,-0.0512,0.0,3.89,-4.0,1.0,0.0,MCD_2024-10-21,-0.0059,3.89,-4.0,both,0.0,0.0,False
MCFE,2021-08-05,2021-08-06,2021-08-12,8.0,892.0,50.2,False,0.071,-0.0956,0.0926,4.8,5.0,5.0,0.0,MCFE_2021-08-05,0.071,4.8,5.0,both,0.0,0.0,False
MCO,2025-05-16,2025-05-17,2025-05-19,4.0,707.0,242.0,False,0.0032,0.0065,0.0098,0.69,2.0,-5.0,0.0,MCO_2025-05-16,0.0032,0.69,2.0,both,0.0,0.0,False
MDWT,2021-01-30,2021-01-30,2021-03-12,42.0,510.0,4.8,False,,,0.037,0.69,-5.0,-5.0,0.0,MDWT_2021-01-30,,0.69,-5.0,both,,0.0,False
META,2022-07-27,2022-07-27,2022-07-29,3.0,548.0,8.6,False,0.0655,-0.0618,0.0655,2.03,0.0,1.0,0.0,META_2022-07-27,0.0655,2.03,0.0,both,0.0,0.0,False
META,2022-08-31,2022-10-26,2022-10-31,62.0,5739.0,69.1,False,-0.174,-0.2824,0.0763,1.79,-47.0,1.0,0.0,META_2022-08-31,-0.174,1.79,-47.0,both,0.0,0.0,False
META,2023-01-31,2023-02-02,2023-02-03,4.0,1263.0,22.1,False,0.2836,-0.0119,0.303,2.86,5.0,0.0,0.0,META_2023-01-31,0.2836,2.86,5.0,both,0.0,0.0,False
META,2023-07-05,2023-07-26,2023-07-27,23.0,1843.0,11.0,False,0.0439,0.044,0.138,1.46,2.0,1.0,0.0,META_2023-07-05,0.0439,1.46,2.0,both,0.0,0.0,False
META,2023-12-01,2023-12-07,2023-12-11,11.0,446.0,10.1,False,-0.0017,-0.004,0.0362,1.08,-9.0,8.0,0.0,META_2023-12-01,-0.0017,1.08,-9.0,both,0.0,0.0,False
META,2024-07-05,2024-07-31,2024-08-01,28.0,2066.0,18.9,False,-0.0689,0.0482,0.0587,1.47,-26.0,1.0,0.0,META_2024-07-05,-0.0689,1.47,-26.0,both,0.0,0.0,False
META,2024-09-25,2024-10-04,2024-10-09,15.0,491.0,5.7,False,0.0579,-0.0091,0.0579,1.05,0.0,-14.0,0.0,META_2024-09-25,0.0579,1.05,0.0,both,0.0,0.0,False
META,2024-10-29,2024-10-30,2024-10-31,3.0,723.0,16.7,False,0.0236,-0.0409,0.0262,2.2,-1.0,0.0,0.0,META_2024-10-29,0.0236,2.2,-1.0,both,0.0,0.0,False
META,2025-01-06,2025-01-29,2025-01-30,25.0,2364.0,22.3,False,0.1188,0.0155,0.1647,1.32,6.0,1.0,0.0,META_2025-01-06,0.1188,1.33,6.0,both,0.0,0.010000000000000009,False
META,2025-04-29,2025-04-30,2025-05-01,3.0,563.0,11.7,False,-0.0013,0.0423,0.0901,1.12,5.0,1.0,0.0,META_2025-04-29,-0.0013,1.12,5.0,both,0.0,0.0,False
META,2025-10-29,2025-10-30,2025-11-25,28.0,7961.0,23.3,False,-0.1131,-0.0454,0.0003,2.32,-1.0,0.0,0.0,META_2025-10-29,-0.1131,2.33,-1.0,both,0.0,0.010000000000000231,False
META,2026-01-12,2026-01-28,2026-01-29,18.0,2461.0,12.8,False,0.024,0.104,0.1305,1.46,1.0,1.0,0.0,META_2026-01-12,0.024,1.47,1.0,both,0.0,0.010000000000000009,False
METX,2021-10-25,2021-10-26,2021-11-10,17.0,1162.0,27.8,False,0.8003,0.0107,1.238,8.32,14.0,0.0,0.0,METX_2021-10-25,0.8003,8.32,14.0,both,0.0,0.0,False
MFA,2020-03-25,2020-03-25,2020-04-18,25.0,500.0,31.7,False,2.1667,0.5614,9.0,7.16,-5.0,1.0,0.0,MFA_2020-03-25,2.1667,7.16,-5.0,both,0.0,0.0,False
MFA,2020-06-04,2020-06-09,2020-06-16,13.0,717.0,34.4,False,0.5825,-0.0847,0.7526,3.23,-1.0,-4.0,0.0,MFA_2020-06-04,0.5825,3.23,-1.0,both,0.0,0.0,False
MGM,2020-02-26,2020-03-10,2020-03-26,30.0,2915.0,64.6,False,-0.2546,-0.3531,0.1255,4.17,-18.0,10.0,0.0,MGM_2020-02-26,-0.2546,4.17,-18.0,both,0.0,0.0,False
MGM,2020-05-26,2020-06-08,2020-06-11,17.0,11419.0,37.1,False,0.4943,-0.2492,0.4943,1.38,0.0,-4.0,0.0,MGM_2020-05-26,0.4943,1.38,0.0,both,0.0,0.0,False
MGM,2020-11-09,2020-11-23,2020-12-16,38.0,505.0,6.6,False,0.1876,0.1847,0.4382,1.01,25.0,-14.0,0.0,MGM_2020-11-09,0.1876,1.01,25.0,both,0.0,0.0,False
MGM,2021-02-01,2021-02-01,2021-02-10,10.0,355.0,10.7,False,0.0249,0.246,0.277,0.93,9.0,9.0,0.0,MGM_2021-02-01,0.0249,0.93,9.0,both,0.0,0.0,False
MGM,2021-05-18,2021-05-26,2021-05-28,11.0,399.0,14.9,False,0.1061,0.0002,0.1301,1.28,1.0,-8.0,0.0,MGM_2021-05-18,0.1061,1.28,1.0,both,0.0,0.0,False
MGNI,2020-11-23,2020-11-25,2020-11-27,5.0,580.0,184.3,False,0.2894,0.0258,0.3227,1.63,2.0,-6.0,0.0,MGNI_2020-11-23,0.2894,1.63,2.0,both,0.0,0.0,False
MIND,2021-01-26,2021-01-27,2021-02-03,9.0,495.0,40.4,False,0.0047,0.0141,0.0708,1.34,8.0,1.0,0.0,MIND_2021-01-26,0.0047,1.34,8.0,both,0.0,0.0,False
MIST,2021-01-27,2021-01-28,2021-02-11,16.0,371.0,8.5,False,-0.06,0.0838,0.1062,1.2,6.0,7.0,0.0,MIST_2021-01-27,-0.06,1.2,6.0,both,0.0,0.0,False
MITT,2020-06-05,2020-06-08,2020-06-10,6.0,363.0,51.8,False,1.7527,-0.1757,1.7527,3.86,0.0,0.0,0.0,MITT_2020-06-05,1.7527,3.86,0.0,both,0.0,0.0,False
MKSI,2021-01-27,2021-01-30,2021-02-26,31.0,828.0,7.3,False,-0.1074,0.0432,0.0447,1.86,-8.0,9.0,0.0,MKSI_2021-01-27,-0.1074,1.86,-8.0,both,0.0,0.0,False
MKSI,2023-03-11,2023-03-13,2023-03-31,21.0,406.0,4.2,False,-0.0054,0.0185,0.064,0.87,-7.0,4.0,0.0,MKSI_2023-03-11,-0.0054,0.87,-7.0,both,0.0,0.0,False
MKSI,2025-04-09,2025-04-09,2025-04-30,22.0,377.0,3.6,False,0.2453,-0.0418,0.2901,1.22,23.0,-5.0,0.0,MKSI_2025-04-09,0.2453,1.22,23.0,both,0.0,0.0,False
MLM,2021-02-04,2021-02-19,2021-02-19,16.0,664.0,54.1,False,0.1406,0.0,0.1787,0.7,5.0,-9.0,0.0,MLM_2021-02-04,0.1406,0.7,5.0,both,0.0,0.0,False
MMAT,2021-08-27,2021-09-03,2021-09-07,12.0,899.0,11.0,False,0.5896,-0.0073,0.5896,3.78,0.0,0.0,0.0,MMAT_2021-08-27,0.5896,3.78,0.0,both,0.0,0.0,False
MMAT,2022-10-09,2022-10-13,2022-10-14,6.0,449.0,142.5,False,0.3837,-0.0232,0.5597,7.2,-1.0,0.0,0.0,MMAT_2022-10-09,0.3837,7.2,-1.0,both,0.0,0.0,False
MNLO,2020-05-26,2020-05-29,2020-06-04,10.0,401.0,34.2,False,0.067,-0.0753,0.1205,2.3,-1.0,0.0,0.0,MNLO_2020-05-26,0.067,2.3,-1.0,both,0.0,0.0,False
MNMD,2021-06-08,2021-06-11,2021-06-16,9.0,441.0,4.5,False,0.0077,-0.0485,0.0077,1.51,0.0,-4.0,0.0,MNMD_2021-06-08,0.0077,1.51,0.0,both,0.0,0.0,False
MOBX,2025-10-03,2025-10-06,2025-10-07,5.0,468.0,192.3,False,0.2248,-0.0818,0.2248,6.92,0.0,-3.0,0.0,MOBX_2025-10-03,0.2249,6.9,0.0,both,9.999999999998899e-05,0.019999999999999574,False
MOBX,2026-03-03,2026-03-03,2026-03-10,8.0,537.0,58.5,False,5.3277,-0.3258,5.3277,16.91,0.0,0.0,0.0,MOBX_2026-03-03,5.3277,16.9,0.0,both,0.0,0.010000000000001563,False
MOD,2021-01-27,2021-02-04,2021-02-04,9.0,342.0,30.9,False,0.0418,0.0,0.1246,0.74,4.0,1.0,0.0,MOD_2021-01-27,0.0418,0.74,4.0,both,0.0,0.0,False
MOD,2021-07-14,2021-07-17,2021-07-18,5.0,428.0,19.3,False,-0.1031,0.0,0.0063,0.86,-5.0,2.0,0.0,MOD_2021-07-14,-0.1031,0.86,-5.0,both,0.0,0.0,False
MOD,2021-10-07,2021-10-15,2021-10-15,9.0,385.0,24.2,False,0.0513,0.0,0.0686,0.74,-11.0,-11.0,0.0,MOD_2021-10-07,0.0513,0.74,-11.0,both,0.0,0.0,False
MORN,2021-02-01,2021-02-10,2021-02-10,10.0,1643.0,66.5,False,0.046,0.0,0.0783,1.01,2.0,-9.0,0.0,MORN_2021-02-01,0.046,1.01,2.0,both,0.0,0.0,False
MOVE,2021-06-08,2021-06-09,2021-06-14,7.0,328.0,8.9,False,-0.004,0.0384,0.0402,1.77,8.0,7.0,0.0,MOVE_2021-06-08,-0.004,1.77,8.0,both,0.0,0.0,False
MO,2021-02-09,2021-02-09,2021-02-28,20.0,413.0,7.8,False,0.0091,0.0055,0.05,0.98,24.0,23.0,0.0,MO_2021-02-09,0.0091,0.98,24.0,both,0.0,0.0,False
MP,2022-01-12,2022-01-12,2022-01-27,16.0,417.0,2.6,False,0.036,-0.2425,0.036,1.09,0.0,12.0,0.0,MP_2022-01-12,0.036,1.09,0.0,both,0.0,0.0,False
MP,2022-02-11,2022-02-11,2022-02-24,14.0,494.0,2.6,False,0.0256,0.0954,0.2004,0.79,14.0,18.0,0.0,MP_2022-02-11,0.0256,0.79,14.0,both,0.0,0.0,False
MP,2022-04-22,2022-04-22,2022-04-29,8.0,699.0,6.5,False,-0.0299,-0.076,0.1192,0.81,-3.0,-1.0,0.0,MP_2022-04-22,-0.0299,0.81,-3.0,both,0.0,0.0,False
MP,2024-11-06,2024-11-26,2024-11-27,22.0,401.0,4.0,False,0.0881,0.0291,0.1322,1.2,3.0,-20.0,0.0,MP_2024-11-06,0.0881,1.2,3.0,both,0.0,0.0,False
MP,2025-02-01,2025-02-02,2025-02-17,17.0,465.0,3.9,False,,,0.1621,1.49,8.0,2.0,0.0,MP_2025-02-01,,1.49,8.0,both,,0.0,False
MP,2025-04-03,2025-04-09,2025-04-24,22.0,2172.0,6.9,False,-0.0537,0.0924,0.0966,3.28,5.0,5.0,0.0,MP_2025-04-03,-0.0537,3.28,5.0,both,0.0,0.0,False
MP,2025-07-10,2025-07-10,2025-08-08,30.0,968.0,5.1,False,0.5062,0.6432,1.5108,2.01,34.0,0.0,0.0,MP_2025-07-10,0.5062,2.01,34.0,both,0.0,0.0,False
MP,2025-10-10,2025-10-12,2025-10-16,7.0,416.0,6.2,False,0.0837,0.0702,0.3646,2.72,2.0,-2.0,0.0,MP_2025-10-10,0.0837,2.72,2.0,both,0.0,0.0,False
MRIN,2021-06-28,2021-06-29,2021-07-13,16.0,1098.0,163.6,False,3.5407,-0.1671,5.336,6.55,7.0,0.0,0.0,MRIN_2021-06-28,3.5407,6.55,7.0,both,0.0,0.0,False
MRIN,2021-09-22,2021-09-24,2021-09-27,6.0,316.0,33.3,False,0.7944,0.0284,0.8453,15.17,3.0,-2.0,0.0,MRIN_2021-09-22,0.7944,15.17,3.0,both,0.0,0.0,False
MRK,2020-06-23,2020-06-25,2020-06-30,8.0,409.0,10.6,False,-0.0023,0.0099,0.0264,0.74,7.0,-6.0,0.0,MRK_2020-06-23,-0.0023,0.74,7.0,both,0.0,0.0,False
MRK,2021-10-01,2021-10-01,2021-10-04,4.0,374.0,63.8,False,0.0837,0.0209,0.1064,5.75,3.0,0.0,0.0,MRK_2021-10-01,0.0837,5.75,3.0,both,0.0,0.0,False
MRNA,2020-02-24,2020-02-27,2020-02-28,5.0,911.0,76.2,False,0.435,-0.0088,0.6391,8.49,4.0,-1.0,0.0,MRNA_2020-02-24,0.435,8.49,4.0,both,0.0,0.0,False
MRNA,2020-04-17,2020-04-17,2020-04-27,11.0,347.0,7.2,False,0.1539,0.0256,0.2732,1.76,3.0,4.0,0.0,MRNA_2020-04-17,0.1539,1.76,3.0,both,0.0,0.0,False
MRNA,2020-05-18,2020-05-19,2020-05-20,3.0,1749.0,33.2,False,0.0747,0.0251,0.1996,3.55,-1.0,-1.0,0.0,MRNA_2020-05-18,0.0747,3.55,-1.0,both,0.0,0.0,False
MRNA,2020-07-13,2020-07-15,2020-07-20,8.0,3885.0,37.8,False,0.2813,0.0307,0.5149,4.53,2.0,2.0,0.0,MRNA_2020-07-13,0.2813,4.53,2.0,both,0.0,0.0,False
MRNA,2020-11-12,2020-11-16,2020-11-16,5.0,1087.0,35.6,False,0.1881,0.0,0.1881,4.76,0.0,0.0,0.0,MRNA_2020-11-12,0.1881,4.76,0.0,both,0.0,0.0,False
MRNA,2021-01-29,2021-01-29,2021-02-09,12.0,822.0,3.5,False,0.0853,0.0367,0.1657,0.92,10.0,0.0,0.0,MRNA_2021-01-29,0.0853,0.92,10.0,both,0.0,0.0,False
MRNA,2021-04-10,2021-05-06,2021-05-07,28.0,1014.0,6.7,False,0.1389,0.0165,0.32,1.68,-3.0,0.0,0.0,MRNA_2021-04-10,0.1389,1.68,-3.0,both,0.0,0.0,False
MRNA,2021-07-15,2021-07-20,2021-07-23,9.0,1247.0,29.0,False,0.246,0.135,0.4162,5.34,8.0,0.0,0.0,MRNA_2021-07-15,0.246,5.34,8.0,both,0.0,0.0,False
MRNA,2021-08-04,2021-08-09,2021-08-12,9.0,3201.0,11.0,False,0.2534,-0.1921,0.2534,1.66,0.0,2.0,0.0,MRNA_2021-08-04,0.2534,1.66,0.0,both,0.0,0.0,False
MRNA,2021-10-01,2021-10-01,2021-10-06,6.0,353.0,4.5,False,-0.1137,-0.1134,0.0623,1.6,-4.0,0.0,0.0,MRNA_2021-10-01,-0.1137,1.6,-4.0,both,0.0,0.0,False
MRNA,2021-11-26,2021-11-30,2021-12-01,6.0,1666.0,13.4,False,0.2891,-0.1187,0.3479,2.52,-1.0,-4.0,0.0,MRNA_2021-11-26,0.2891,2.52,-1.0,both,0.0,0.0,False
MRNA,2025-02-13,2025-02-14,2025-02-24,12.0,301.0,4.6,False,0.0804,0.0276,0.1757,1.33,5.0,0.0,0.0,MRNA_2025-02-13,0.0804,1.33,5.0,both,0.0,0.0,False
MRO,2020-03-30,2020-04-09,2020-04-30,32.0,871.0,11.7,False,0.1705,0.4854,0.7386,1.18,21.0,0.0,0.0,MRO_2020-03-30,0.1705,1.18,21.0,both,0.0,0.0,False
MRO,2020-06-05,2020-06-08,2020-06-09,5.0,632.0,38.8,False,0.3531,-0.0913,0.3531,1.49,0.0,0.0,0.0,MRO_2020-06-05,0.3531,1.49,0.0,both,0.0,0.0,False
MRVI,2021-05-10,2021-05-17,2021-05-19,10.0,392.0,73.5,False,0.0336,0.0039,0.0565,0.95,3.0,-7.0,0.0,MRVI_2021-05-10,0.0336,0.95,3.0,both,0.0,0.0,False
MRVL,2024-03-01,2024-03-07,2024-03-07,7.0,1130.0,207.3,False,0.1874,0.0,0.1874,1.61,0.0,1.0,0.0,MRVL_2024-03-01,0.1874,1.61,0.0,both,0.0,0.0,False
MRVL,2026-04-19,2026-04-27,2026-04-28,10.0,385.0,20.6,False,0.1326,-0.0315,0.1852,1.24,-4.0,-7.0,0.0,MRVL_2026-04-19,0.1326,1.24,-4.0,both,0.0,0.0,False
MRVL,2026-05-27,2026-06-03,2026-06-05,10.0,2946.0,57.1,False,0.4484,-0.1266,0.5194,2.97,1.0,0.0,0.0,MRVL_2026-05-27,0.4484,2.99,1.0,both,0.0,0.020000000000000018,False
MSAI,2025-10-28,2025-10-31,2025-11-03,7.0,604.0,216.0,False,1.0257,0.2692,1.5711,12.43,3.0,0.0,0.0,MSAI_2025-10-28,1.026,12.44,3.0,both,0.00029999999999996696,0.009999999999999787,False
MSFT,2020-01-17,2020-02-11,2020-02-21,36.0,24283.0,34.3,False,0.1099,-0.0317,0.1356,1.52,-1.0,13.0,0.0,MSFT_2020-01-17,0.1099,1.52,-1.0,both,0.0,0.0,False
MSFT,2020-04-16,2020-04-29,2020-05-08,23.0,10625.0,4.9,False,0.0323,0.0409,0.0865,0.61,12.0,-8.0,0.0,MSFT_2020-04-16,0.0323,0.61,12.0,both,0.0,0.0,False
MSFT,2020-06-10,2020-06-22,2020-06-26,17.0,7555.0,6.4,False,0.0567,-0.0211,0.0785,1.13,9.0,4.0,0.0,MSFT_2020-06-10,0.0567,1.13,9.0,both,0.0,0.0,False
MSFT,2020-07-22,2020-07-22,2020-07-24,3.0,4117.0,4.7,False,0.0144,-0.0494,0.0144,1.55,0.0,1.0,0.0,MSFT_2020-07-22,0.0144,1.55,0.0,both,0.0,0.0,False
MSFT,2021-01-26,2021-01-26,2021-02-05,11.0,4340.0,4.0,False,0.0122,0.0425,0.062,1.4,14.0,1.0,0.0,MSFT_2021-01-26,0.0122,1.4,14.0,both,0.0,0.0,False
MSFT,2021-04-27,2021-04-27,2021-05-04,8.0,2490.0,3.4,False,0.0016,-0.0541,0.0016,1.31,0.0,1.0,0.0,MSFT_2021-04-27,0.0016,1.31,0.0,both,0.0,0.0,False
MSFT,2021-10-26,2022-01-25,2022-01-26,93.0,24720.0,31.2,False,-0.0637,0.0285,0.1135,1.36,-67.0,1.0,0.0,MSFT_2021-10-26,-0.0637,1.36,-67.0,both,0.0,0.0,False
MSFT,2022-04-23,2022-04-26,2022-04-27,5.0,2664.0,10.7,False,-0.0139,0.0481,0.0569,1.76,2.0,1.0,0.0,MSFT_2022-04-23,-0.0139,1.76,2.0,both,0.0,0.0,False
MSFT,2022-06-02,2022-06-02,2022-06-06,5.0,881.0,2.9,False,0.0079,-0.0212,0.0079,0.9,0.0,0.0,0.0,MSFT_2022-06-02,0.0079,0.9,0.0,both,0.0,0.0,False
MSFT,2022-07-12,2022-07-26,2022-07-28,17.0,3042.0,12.2,False,-0.0477,0.0973,0.0614,1.02,3.0,1.0,0.0,MSFT_2022-07-12,-0.0477,1.02,3.0,both,0.0,0.0,False
MSFT,2022-09-20,2022-09-22,2022-09-30,11.0,1499.0,3.7,False,-0.0145,-0.0335,0.0191,1.23,13.0,-6.0,0.0,MSFT_2022-09-20,-0.0145,1.23,13.0,both,0.0,0.0,False
MSFT,2022-10-25,2022-10-25,2022-10-28,4.0,1807.0,8.2,False,0.0138,-0.059,0.0138,1.76,0.0,1.0,0.0,MSFT_2022-10-25,0.0138,1.76,0.0,both,0.0,0.0,False
MSFT,2023-01-04,2023-01-24,2023-01-25,22.0,4562.0,22.6,False,0.0103,-0.0059,0.0358,1.22,3.0,1.0,0.0,MSFT_2023-01-04,0.0103,1.22,3.0,both,0.0,0.0,False
MSFT,2023-04-20,2023-04-26,2023-04-27,8.0,2323.0,11.0,False,0.024,0.032,0.0652,1.45,2.0,0.0,0.0,MSFT_2023-04-20,0.024,1.45,2.0,both,0.0,0.0,False
MSFT,2023-07-18,2023-07-25,2023-07-27,10.0,3285.0,13.0,False,0.0152,-0.0577,0.0398,1.99,-7.0,-4.0,0.0,MSFT_2023-07-18,0.0152,1.99,-7.0,both,0.0,0.0,False
MSFT,2023-10-24,2023-10-24,2023-10-26,3.0,1043.0,7.9,False,0.0037,-0.008,0.0345,1.92,1.0,1.0,0.0,MSFT_2023-10-24,0.0037,1.92,1.0,both,0.0,0.0,False
MSFT,2024-01-16,2024-01-30,2024-01-31,16.0,3366.0,14.4,False,0.0518,-0.0269,0.0586,1.28,3.0,1.0,0.0,MSFT_2024-01-16,0.0518,1.28,3.0,both,0.0,0.0,False
MSFT,2024-04-24,2024-04-25,2024-04-26,3.0,2084.0,18.8,False,-0.0209,0.0182,0.0037,1.56,-1.0,0.0,0.0,MSFT_2024-04-24,-0.0209,1.56,-1.0,both,0.0,0.0,False
MSFT,2024-07-19,2024-07-30,2024-07-31,13.0,4004.0,13.0,False,-0.0396,-0.0108,0.0309,1.34,-15.0,1.0,0.0,MSFT_2024-07-19,-0.0396,1.34,-15.0,both,0.0,0.0,False
MSFT,2025-01-03,2025-01-03,2025-01-06,4.0,542.0,2.9,False,0.0114,0.0106,0.0221,0.89,3.0,3.0,0.0,MSFT_2025-01-03,0.0114,0.9,3.0,both,0.0,0.010000000000000009,False
MSFT,2025-01-27,2025-01-29,2025-01-31,5.0,2145.0,8.7,False,-0.0039,-0.0617,0.0071,1.82,-1.0,1.0,0.0,MSFT_2025-01-27,-0.0039,1.84,-1.0,both,0.0,0.020000000000000018,False
MSFT,2025-04-03,2025-04-03,2025-04-09,7.0,781.0,2.7,False,-0.0236,0.0466,0.0219,1.88,6.0,4.0,0.0,MSFT_2025-04-03,-0.0236,1.88,6.0,both,0.0,0.0,False
MSFT,2025-07-30,2025-07-30,2025-08-01,3.0,1506.0,9.7,False,0.0013,0.0212,0.045,2.15,5.0,1.0,0.0,MSFT_2025-07-30,0.0013,2.16,5.0,both,0.0,0.010000000000000231,False
MSFT,2025-10-28,2025-10-29,2025-11-07,11.0,2671.0,9.0,False,0.0189,-0.0826,0.0198,1.65,-1.0,1.0,0.0,MSFT_2025-10-28,0.0189,1.66,-1.0,both,0.0,0.010000000000000009,False
MSFT,2026-01-21,2026-01-29,2026-02-12,23.0,9808.0,26.1,False,-0.0462,-0.073,0.0596,2.37,-1.0,0.0,0.0,MSFT_2026-01-21,-0.0462,2.39,-1.0,both,0.0,0.020000000000000018,False
MSFT,2026-06-18,2026-06-25,2026-06-30,13.0,7910.0,3.9,False,-0.0688,0.0572,0.055,1.81,-10.0,1.0,0.0,MSFT_2026-06-18,-0.0688,1.81,-10.0,both,0.0,0.0,False
MSGN,2021-01-25,2021-01-28,2021-02-05,12.0,1310.0,16.3,False,0.1151,0.0322,0.1883,1.84,-1.0,0.0,0.0,MSGN_2021-01-25,0.1151,1.84,-1.0,both,0.0,0.0,False
MSGN,2021-06-05,2021-06-07,2021-06-26,22.0,489.0,3.0,False,0.0172,-0.0526,0.0172,1.4,0.0,8.0,0.0,MSGN_2021-06-05,0.0172,1.4,0.0,both,0.0,0.0,False
MSTR,2021-02-08,2021-02-09,2021-02-17,10.0,473.0,15.6,False,0.5793,-0.2601,0.5793,1.84,0.0,0.0,0.0,MSTR_2021-02-08,0.5793,1.84,0.0,both,0.0,0.0,False
MSTR,2022-06-13,2022-06-13,2022-06-18,6.0,460.0,29.7,False,-0.2518,0.1015,0.1452,2.45,-5.0,0.0,0.0,MSTR_2022-06-13,-0.2518,2.45,-5.0,both,0.0,0.0,False
MSTR,2024-02-28,2024-03-14,2024-03-19,21.0,2838.0,29.3,False,0.9234,-0.1547,1.0445,2.97,1.0,-9.0,0.0,MSTR_2024-02-28,0.9234,2.97,1.0,both,0.0,0.0,False
MSTR,2024-07-05,2024-08-05,2024-08-08,35.0,622.0,4.4,False,0.0053,0.0389,0.3825,1.05,-14.0,-21.0,1.0,MSTR_2024-07-05,0.0053,1.34,-14.0,both,0.0,0.29000000000000004,False
MSTR,2024-09-27,2024-11-21,2024-11-26,61.0,12675.0,238.1,False,1.3935,-0.1097,1.8547,2.58,-1.0,0.0,0.0,MSTR_2024-09-27,1.3935,2.58,-1.0,both,0.0,0.0,False
MSTR,2025-10-30,2025-12-01,2025-12-02,34.0,3433.0,16.1,False,-0.3775,0.0578,0.0736,1.68,-35.0,0.0,0.0,MSTR_2025-10-30,-0.3775,1.69,-35.0,both,0.0,0.010000000000000009,False
MSTR,2026-01-31,2026-02-05,2026-02-06,7.0,2151.0,20.9,False,-0.2854,0.2611,0.0793,1.78,-9.0,0.0,0.0,MSTR_2026-01-31,-0.2854,1.78,-9.0,both,0.0,0.0,False
MSTR,2026-04-17,2026-04-20,2026-05-10,24.0,663.0,6.8,False,0.1468,0.0982,0.3156,1.11,21.0,-3.0,0.0,MSTR_2026-04-17,0.1468,1.11,21.0,both,0.0,0.0,False
MSTR,2026-06-02,2026-06-04,2026-06-08,7.0,664.0,8.0,False,-0.1363,-0.0168,0.0622,1.87,-6.0,1.0,0.0,MSTR_2026-06-02,-0.1363,1.87,-6.0,both,0.0,0.0,False
MS,2020-11-18,2020-12-02,2020-12-03,16.0,430.0,33.7,False,0.0886,0.0006,0.1053,0.92,2.0,-8.0,0.0,MS_2020-11-18,0.0886,0.92,2.0,both,0.0,0.0,False
MS,2022-02-12,2022-02-18,2022-02-18,7.0,372.0,10.6,False,-0.0875,0.0,0.0398,0.91,-9.0,0.0,0.0,MS_2022-02-12,-0.0875,0.91,-9.0,both,0.0,0.0,False
MS,2024-06-03,2024-06-04,2024-06-06,4.0,484.0,46.8,False,-0.0129,0.0028,0.0,0.89,-4.0,-4.0,0.0,MS_2024-06-03,-0.0129,0.89,-4.0,both,0.0,0.0,False
MTCH,2022-01-24,2022-02-02,2022-02-03,11.0,872.0,138.4,False,0.0187,-0.0511,0.0243,1.61,-13.0,0.0,0.0,MTCH_2022-01-24,0.0187,1.61,-13.0,both,0.0,0.0,False
MTX,2021-01-28,2021-01-28,2021-03-23,55.0,907.0,6.9,False,0.0067,0.1546,0.2671,1.28,48.0,50.0,0.0,MTX_2021-01-28,0.0067,1.28,48.0,both,0.0,0.0,False
MTX,2025-02-25,2025-03-04,2025-03-06,10.0,554.0,12.4,False,-0.046,0.0237,0.0195,1.06,-12.0,-7.0,0.0,MTX_2025-02-25,-0.046,1.06,-12.0,both,0.0,0.0,False
MTX,2025-04-07,2025-04-15,2025-04-24,18.0,1189.0,12.9,False,0.0178,0.0359,0.1307,1.0,-13.0,14.0,0.0,MTX_2025-04-07,0.0178,1.0,-13.0,both,0.0,0.0,False
MTX,2025-09-24,2025-10-14,2025-10-16,23.0,1383.0,45.5,False,-0.0383,0.0007,0.017,0.71,-25.0,-25.0,0.0,MTX_2025-09-24,-0.0383,0.71,-25.0,both,0.0,0.0,False
MTX,2026-01-04,2026-01-19,2026-02-05,33.0,901.0,8.9,False,0.0976,0.0672,0.1925,0.96,22.0,11.0,0.0,MTX_2026-01-04,0.0976,0.96,22.0,both,0.0,0.0,False
MT,2020-12-15,2020-12-16,2020-12-22,8.0,635.0,134.0,False,0.0964,-0.0069,0.1077,1.38,1.0,-1.0,0.0,MT_2020-12-15,0.0964,1.38,1.0,both,0.0,0.0,False
MT,2021-05-04,2021-05-10,2021-05-27,24.0,973.0,4.8,False,0.0838,-0.0095,0.1203,1.17,22.0,0.0,0.0,MT_2021-05-04,0.0838,1.17,22.0,both,0.0,0.0,False
MUDS,2021-04-06,2021-04-12,2021-05-06,31.0,636.0,53.0,False,0.2616,0.3074,0.7859,80.3,21.0,-6.0,0.0,MUDS_2021-04-06,0.2616,80.3,21.0,both,0.0,0.0,False
MULN,2022-02-28,2022-03-21,2022-04-11,43.0,5920.0,90.1,False,3.6657,-0.1713,3.811,10.68,1.0,-21.0,0.0,MULN_2022-02-28,3.6657,10.68,1.0,both,0.0,0.0,False
MULN,2022-10-19,2022-10-25,2022-11-19,32.0,783.0,13.9,False,1.348,-0.4698,1.4954,3.31,1.0,-6.0,0.0,MULN_2022-10-19,1.348,3.31,1.0,both,0.0,0.0,False
MU,2021-06-28,2021-06-30,2021-07-02,5.0,300.0,17.7,False,0.036,-0.0547,0.036,1.7,0.0,1.0,0.0,MU_2021-06-28,0.036,1.7,0.0,both,0.0,0.0,False
MU,2024-06-17,2024-06-26,2024-06-27,11.0,590.0,38.2,False,0.0071,-0.0712,0.0855,2.76,-8.0,1.0,0.0,MU_2024-06-17,0.0071,2.76,-8.0,both,0.0,0.0,False
MU,2024-12-16,2024-12-18,2024-12-20,5.0,301.0,17.6,False,0.0137,-0.1326,0.0595,3.33,-1.0,1.0,0.0,MU_2024-12-16,0.0137,3.33,-1.0,both,0.0,0.0,False
MU,2025-12-17,2025-12-17,2026-01-08,23.0,873.0,9.1,False,-0.0301,0.4501,0.4875,1.39,26.0,1.0,0.0,MU_2025-12-17,-0.0301,1.39,26.0,both,0.0,0.0,False
MU,2026-03-16,2026-03-18,2026-03-19,4.0,453.0,10.5,False,0.0835,-0.0378,0.0835,1.73,0.0,1.0,0.0,MU_2026-03-16,0.0835,1.74,0.0,both,0.0,0.010000000000000009,False
MU,2026-05-05,2026-05-27,2026-06-09,36.0,3728.0,17.9,False,0.6106,0.0081,0.8728,1.44,7.0,9.0,0.0,MU_2026-05-05,0.6106,1.44,7.0,both,0.0,0.0,False
MVIS,2020-05-01,2020-05-05,2020-05-12,12.0,3262.0,437.6,False,2.7153,-0.2923,2.7153,12.59,0.0,0.0,0.0,MVIS_2020-05-01,2.7153,12.59,0.0,both,0.0,0.0,False
MVIS,2020-12-15,2020-12-23,2020-12-28,14.0,646.0,40.9,False,1.1246,0.009,1.9617,9.49,-1.0,-1.0,0.0,MVIS_2020-12-15,1.1246,9.49,-1.0,both,0.0,0.0,False
MVIS,2021-01-26,2021-01-27,2021-01-28,3.0,351.0,13.5,False,0.0248,-0.0256,0.1228,0.99,-1.0,-1.0,0.0,MVIS_2021-01-26,0.0248,0.99,-1.0,both,0.0,0.0,False
MVIS,2021-02-08,2021-02-11,2021-02-17,10.0,2001.0,15.6,False,0.5867,0.0786,1.0555,1.4,5.0,0.0,0.0,MVIS_2021-02-08,0.5867,1.4,5.0,both,0.0,0.0,False
MVIS,2021-03-31,2021-03-31,2021-04-05,6.0,1015.0,10.3,False,0.5069,-0.1542,0.5069,2.91,0.0,0.0,0.0,MVIS_2021-03-31,0.5069,2.91,0.0,both,0.0,0.0,False
MVIS,2021-04-20,2021-04-26,2021-04-30,11.0,16730.0,45.3,False,1.5181,-0.4232,1.5181,7.79,0.0,0.0,0.0,MVIS_2021-04-20,1.5181,7.79,0.0,both,0.0,0.0,False
MVIS,2021-06-04,2021-06-04,2021-06-10,7.0,1643.0,4.7,False,0.1238,0.1151,0.2531,2.01,6.0,0.0,0.0,MVIS_2021-06-04,0.1238,2.01,6.0,both,0.0,0.0,False
MVIS,2021-08-04,2021-08-05,2021-08-06,3.0,620.0,14.3,False,0.1034,0.1221,0.2751,3.79,4.0,0.0,0.0,MVIS_2021-08-04,0.1034,3.79,4.0,both,0.0,0.0,False
MVIS,2023-06-05,2023-06-07,2023-06-08,4.0,907.0,32.1,False,0.5418,0.0106,0.558,5.05,1.0,0.0,0.0,MVIS_2023-06-05,0.5418,5.05,1.0,both,0.0,0.0,False
MVST,2024-12-19,2025-01-10,2025-01-11,24.0,1320.0,50.1,False,1.0435,0.0,1.3913,1.46,-11.0,0.0,0.0,MVST_2024-12-19,1.0435,1.46,-11.0,both,0.0,0.0,False
NAKD,2021-01-27,2021-01-28,2021-01-29,3.0,21389.0,2425.2,False,2.5486,0.1871,3.2124,3.96,1.0,0.0,0.0,NAKD_2021-01-27,2.5486,3.96,1.0,both,0.0,0.0,False
NAKD,2021-06-02,2021-06-02,2021-06-09,8.0,875.0,14.7,False,0.2896,-0.0543,0.2962,3.4,1.0,0.0,0.0,NAKD_2021-06-02,0.2896,3.4,1.0,both,0.0,0.0,False
NAKD,2021-08-20,2021-08-28,2021-09-07,19.0,359.0,11.6,False,0.3282,-0.0607,0.4977,3.18,-2.0,-2.0,0.0,NAKD_2021-08-20,0.3282,3.18,-2.0,both,0.0,0.0,False
NAK,2020-07-16,2020-07-24,2020-07-27,12.0,1564.0,55.6,False,0.3662,-0.1134,0.6479,5.26,-2.0,0.0,0.0,NAK_2020-07-16,0.3662,5.26,-2.0,both,0.0,0.0,False
NAK,2021-01-27,2021-01-28,2021-02-01,6.0,576.0,66.8,False,0.2552,0.2373,0.553,4.27,4.0,4.0,0.0,NAK_2021-01-27,0.2552,4.27,4.0,both,0.0,0.0,False
NATI,2021-01-27,2021-01-30,2021-02-26,31.0,823.0,7.3,False,-0.0496,0.0725,0.0693,0.81,12.0,-5.0,0.0,NATI_2021-01-27,-0.0496,0.81,12.0,both,0.0,0.0,False
NATI,2023-03-11,2023-03-13,2023-03-31,21.0,407.0,4.1,False,-0.0169,0.0735,0.061,1.06,21.0,10.0,0.0,NATI_2023-03-11,-0.0169,1.06,21.0,both,0.0,0.0,False
NAT,2020-04-20,2020-04-28,2020-04-30,11.0,3894.0,651.3,False,0.8213,-0.1798,0.8213,7.73,0.0,0.0,0.0,NAT_2020-04-20,0.8213,7.73,0.0,both,0.0,0.0,False
NAV,2020-09-15,2020-09-30,2020-10-29,45.0,1079.0,4.4,False,0.0121,-0.0163,0.0421,1.98,9.0,16.0,0.0,NAV_2020-09-15,0.0121,1.98,9.0,both,0.0,0.0,False
NAV,2020-11-26,2021-03-04,2021-03-09,104.0,12916.0,26.7,False,0.0018,-0.0005,0.007,0.49,-85.0,-94.0,0.0,NAV_2020-11-26,0.0018,0.49,-85.0,both,0.0,0.0,False
NBAC,2020-11-23,2020-11-25,2020-11-25,3.0,409.0,132.1,False,1.1941,0.0,1.1941,103.51,0.0,0.0,0.0,NBAC_2020-11-23,1.1941,103.51,0.0,both,0.0,0.0,False
NBA,2021-01-26,2021-01-29,2021-02-04,10.0,494.0,17.9,False,-0.0049,0.0302,0.0437,1.5,10.0,5.0,0.0,NBA_2021-01-26,-0.0049,1.5,10.0,both,0.0,0.0,False
NBA,2021-05-13,2021-05-13,2021-06-16,35.0,483.0,3.8,False,-0.0005,0.009,0.0135,0.6,26.0,39.0,0.0,NBA_2021-05-13,-0.0005,0.6,26.0,both,0.0,0.0,False
NBIS,2025-01-27,2025-02-20,2025-02-24,29.0,1862.0,18.9,False,0.1094,-0.2169,0.153,2.46,-2.0,-24.0,0.0,NBIS_2025-01-27,0.1094,2.45,-2.0,both,0.0,0.009999999999999787,False
NBIS,2025-05-07,2025-05-20,2025-05-21,15.0,358.0,60.5,False,0.5631,-0.0056,0.5631,2.22,0.0,0.0,0.0,NBIS_2025-05-07,0.5631,2.22,0.0,both,0.0,0.0,False
NBIS,2025-07-14,2025-07-14,2025-07-31,18.0,432.0,4.8,False,0.1727,0.0477,0.2454,1.12,22.0,0.0,0.0,NBIS_2025-07-14,0.1727,1.11,22.0,both,0.0,0.010000000000000009,False
NBIS,2025-08-07,2025-08-07,2025-08-13,7.0,374.0,7.8,False,0.1855,0.0815,0.3674,2.1,5.0,0.0,0.0,NBIS_2025-08-07,0.1855,2.11,5.0,both,0.0,0.009999999999999787,False
NBIS,2025-09-08,2025-09-09,2025-09-10,3.0,1089.0,31.2,False,0.462,-0.0243,0.462,4.93,0.0,0.0,0.0,NBIS_2025-09-08,0.462,4.95,0.0,both,0.0,0.020000000000000462,False
NBIS,2025-11-11,2025-11-11,2025-11-14,4.0,1286.0,4.2,False,-0.0703,-0.1827,0.0121,2.32,-4.0,0.0,0.0,NBIS_2025-11-11,-0.0703,2.36,-4.0,both,0.0,0.040000000000000036,False
NBIS,2026-03-16,2026-03-16,2026-03-18,3.0,490.0,7.4,False,0.1496,-0.0869,0.1496,3.23,0.0,1.0,0.0,NBIS_2026-03-16,0.1496,3.27,0.0,both,0.0,0.040000000000000036,False
NBIS,2026-05-13,2026-05-13,2026-05-15,3.0,637.0,8.5,False,0.1572,0.0611,0.2347,1.91,1.0,0.0,0.0,NBIS_2026-05-13,0.1572,1.93,1.0,both,0.0,0.020000000000000018,False
NBRV,2020-06-02,2020-06-18,2020-06-22,21.0,1521.0,57.3,False,0.114,-0.0918,0.4597,2.83,-20.0,1.0,0.0,NBRV_2020-06-02,0.114,2.83,-20.0,both,0.0,0.0,False
NCLH,2020-03-13,2020-03-16,2020-04-05,24.0,654.0,8.0,False,0.1337,-0.2267,1.1244,3.83,-6.0,22.0,0.0,NCLH_2020-03-13,0.1337,3.83,-6.0,both,0.0,0.0,False
NCLH,2020-04-29,2020-05-05,2020-05-14,16.0,655.0,11.4,False,-0.1459,-0.0376,0.2536,2.27,-6.0,0.0,0.0,NCLH_2020-04-29,-0.1459,2.27,-6.0,both,0.0,0.0,False
NCLH,2020-06-05,2020-06-08,2020-06-17,13.0,1389.0,6.2,False,0.3711,-0.2852,0.3711,1.36,0.0,2.0,0.0,NCLH_2020-06-05,0.3711,1.36,0.0,both,0.0,0.0,False
NCLH,2021-01-27,2021-02-19,2021-02-19,24.0,791.0,78.4,False,0.1348,0.0,0.3216,1.18,5.0,5.0,0.0,NCLH_2021-01-27,0.1348,1.18,5.0,both,0.0,0.0,False
NCNA,2025-06-10,2025-06-11,2025-06-12,3.0,366.0,9.6,False,1.1654,-0.0788,1.1654,5.3,0.0,-1.0,0.0,NCNA_2025-06-10,1.1711,5.29,0.0,both,0.005700000000000038,0.009999999999999787,False
NCNA,2025-07-22,2025-07-22,2025-08-11,21.0,791.0,10.1,False,0.0392,-0.5783,0.1686,1.03,3.0,3.0,1.0,NCNA_2025-07-22,0.0392,1.04,3.0,both,0.0,0.010000000000000009,False
NDLS,2021-01-27,2021-01-29,2021-02-05,10.0,350.0,12.0,False,-0.0342,0.0514,0.0958,1.15,12.0,12.0,0.0,NDLS_2021-01-27,-0.0342,1.15,12.0,both,0.0,0.0,False
NEGG,2021-06-30,2021-07-07,2021-07-08,9.0,2061.0,1194.0,False,5.2162,-0.3222,5.2162,96.74,0.0,0.0,0.0,NEGG_2021-06-30,5.2162,96.74,0.0,both,0.0,0.0,False
NEGG,2021-11-08,2021-11-08,2021-11-16,9.0,370.0,47.0,False,0.5895,-0.0048,0.6225,18.99,7.0,0.0,0.0,NEGG_2021-11-08,0.5895,18.99,7.0,both,0.0,0.0,False
NEGG,2022-03-28,2022-04-06,2022-04-11,15.0,325.0,80.0,False,0.6783,-0.157,0.6783,14.53,0.0,-9.0,0.0,NEGG_2022-03-28,0.6783,14.53,0.0,both,0.0,0.0,False
NEGG,2022-11-11,2022-11-11,2022-12-22,42.0,699.0,4.9,False,0.1893,-0.3383,0.1953,0.76,4.0,-2.0,0.0,NEGG_2022-11-11,0.1893,0.76,4.0,both,0.0,0.0,False
NEGG,2023-11-16,2023-12-05,2023-12-06,21.0,948.0,66.1,False,0.265,-0.0435,0.8,4.42,-4.0,-1.0,0.0,NEGG_2023-11-16,0.265,4.42,-4.0,both,0.0,0.0,False
NERV,2020-05-29,2020-05-29,2020-06-05,8.0,304.0,60.0,False,-0.7246,0.0566,0.0913,28.52,-3.0,0.0,0.0,NERV_2020-05-29,-0.7246,28.52,-3.0,both,0.0,0.0,False
NES,2021-12-31,2021-12-31,2022-01-11,12.0,339.0,44.9,False,0.2614,-0.2039,0.2614,0.69,0.0,11.0,0.0,NES_2021-12-31,0.2614,0.69,0.0,both,0.0,0.0,False
NET,2020-05-06,2020-05-07,2020-05-08,3.0,377.0,76.6,False,0.2044,-0.1104,0.2044,2.39,0.0,1.0,0.0,NET_2020-05-06,0.2044,2.39,0.0,both,0.0,0.0,False
NET,2021-10-13,2021-11-04,2021-11-08,27.0,481.0,9.8,False,0.3323,0.0443,0.3913,1.08,4.0,-16.0,0.0,NET_2021-10-13,0.3323,1.08,4.0,both,0.0,0.0,False
NFLX,2020-01-21,2020-01-21,2020-01-28,8.0,1276.0,8.8,False,-0.0046,0.0308,0.0397,2.68,3.0,1.0,0.0,NFLX_2020-01-21,-0.0046,2.68,3.0,both,0.0,0.0,False
NFLX,2020-02-27,2020-04-21,2020-04-22,56.0,8533.0,37.6,False,0.1439,-0.0286,0.158,1.81,-5.0,0.0,0.0,NFLX_2020-02-27,0.1439,1.81,-5.0,both,0.0,0.0,False
NFLX,2020-07-10,2020-07-16,2020-07-17,8.0,5745.0,27.7,False,0.0387,-0.0652,0.0807,3.25,-6.0,1.0,0.0,NFLX_2020-07-10,0.0387,3.25,-6.0,both,0.0,0.0,False
NFLX,2020-08-26,2020-08-26,2020-09-01,7.0,991.0,5.8,False,0.1161,0.0165,0.1345,1.95,6.0,0.0,0.0,NFLX_2020-08-26,0.1161,1.95,6.0,both,0.0,0.0,False
NFLX,2021-01-13,2021-01-19,2021-02-12,31.0,7535.0,12.3,False,0.0152,0.1091,0.1863,1.78,1.0,1.0,0.0,NFLX_2021-01-13,0.0152,1.78,1.0,both,0.0,0.0,False
NFLX,2021-03-29,2021-03-29,2021-03-31,3.0,656.0,3.2,False,0.0116,0.015,0.0642,0.76,7.0,-4.0,0.0,NFLX_2021-03-29,0.0116,0.76,7.0,both,0.0,0.0,False
NFLX,2021-04-20,2021-04-21,2021-04-22,3.0,2093.0,9.2,False,-0.0821,-0.0002,0.0,4.06,-2.0,0.0,0.0,NFLX_2021-04-20,-0.0821,4.06,-2.0,both,0.0,0.0,False
NFLX,2021-07-14,2021-07-15,2021-07-22,9.0,4010.0,15.9,False,0.0042,-0.0574,0.0134,1.71,-1.0,6.0,0.0,NFLX_2021-07-14,0.0042,1.71,-1.0,both,0.0,0.0,False
NFLX,2021-09-02,2021-09-03,2021-09-08,7.0,585.0,2.7,False,0.0145,0.0263,0.0423,1.89,4.0,-1.0,0.0,NFLX_2021-09-02,0.0145,1.89,4.0,both,0.0,0.0,False
NFLX,2021-10-18,2021-10-19,2021-10-20,3.0,1013.0,9.3,False,0.017,-0.0217,0.069,1.92,6.0,1.0,0.0,NFLX_2021-10-18,0.017,1.92,6.0,both,0.0,0.0,False
NFLX,2022-01-14,2022-01-21,2022-01-22,9.0,5666.0,51.8,False,-0.2344,0.0,0.0417,5.7,-10.0,0.0,0.0,NFLX_2022-01-14,-0.2344,5.7,-10.0,both,0.0,0.0,False
NFLX,2022-04-18,2022-04-20,2022-04-21,4.0,11193.0,108.3,False,-0.3369,-0.0352,0.0273,12.21,-7.0,0.0,0.0,NFLX_2022-04-18,-0.3369,12.21,-7.0,both,0.0,0.0,False
NFLX,2022-06-24,2022-06-24,2022-06-27,4.0,496.0,2.4,False,0.0503,-0.009,0.0503,1.11,0.0,0.0,0.0,NFLX_2022-06-24,0.0503,1.11,0.0,both,0.0,0.0,False
NFLX,2022-07-18,2022-07-19,2022-07-20,3.0,2853.0,17.3,False,0.0662,0.0735,0.1839,3.77,2.0,1.0,0.0,NFLX_2022-07-18,0.0662,3.77,2.0,both,0.0,0.0,False
NFLX,2022-09-13,2022-09-16,2022-09-17,5.0,1462.0,16.4,False,0.0152,0.0,0.03,2.1,3.0,-1.0,0.0,NFLX_2022-09-13,0.0152,2.1,3.0,both,0.0,0.0,False
NFLX,2023-04-17,2023-04-18,2023-04-19,3.0,1670.0,27.1,False,-0.0146,-0.0317,0.0223,2.47,-5.0,1.0,0.0,NFLX_2023-04-17,-0.0146,2.47,-5.0,both,0.0,0.0,False
NFLX,2023-07-18,2023-07-19,2023-07-20,3.0,1599.0,18.8,False,0.0612,-0.0841,0.0612,3.41,0.0,1.0,0.0,NFLX_2023-07-18,0.0612,3.41,0.0,both,0.0,0.0,False
NFLX,2024-01-22,2024-01-23,2024-01-29,8.0,2197.0,25.3,False,0.0191,0.1699,0.1922,3.18,6.0,1.0,0.0,NFLX_2024-01-22,0.0191,3.18,6.0,both,0.0,0.0,False
NFLX,2024-03-05,2024-03-06,2024-03-12,8.0,447.0,4.2,False,-0.0295,0.0224,0.0057,0.8,-5.0,9.0,0.0,NFLX_2024-03-05,-0.0295,0.8,-5.0,both,0.0,0.0,False
NFLX,2024-04-10,2024-04-18,2024-04-19,10.0,2194.0,49.4,False,-0.0124,-0.0909,0.0291,1.93,-13.0,1.0,0.0,NFLX_2024-04-10,-0.0124,1.93,-13.0,both,0.0,0.0,False
NFLX,2024-09-24,2024-10-17,2024-10-18,25.0,1370.0,42.2,False,-0.0251,0.1109,0.0946,1.37,4.0,1.0,0.0,NFLX_2024-09-24,-0.0251,1.37,4.0,both,0.0,0.0,False
NFLX,2025-03-07,2025-03-07,2025-03-11,5.0,316.0,4.3,False,-0.0168,0.0045,0.0933,1.89,-2.0,-1.0,0.0,NFLX_2025-03-07,-0.0168,1.9,-2.0,both,0.0,0.010000000000000009,False
NFLX,2025-04-15,2025-04-17,2025-04-22,8.0,1636.0,16.0,False,0.0448,0.0692,0.1828,1.63,8.0,4.0,0.0,NFLX_2025-04-15,0.0448,1.64,8.0,both,0.0,0.010000000000000009,False
NFLX,2025-09-11,2025-10-21,2025-10-22,42.0,2050.0,23.1,False,-0.0051,-0.1007,0.0125,1.45,-42.0,1.0,0.0,NFLX_2025-09-11,-0.0051,1.45,-42.0,both,0.0,0.0,False
NFLX,2025-12-05,2025-12-05,2025-12-10,6.0,2952.0,24.3,False,-0.0289,-0.0751,0.0594,2.39,-3.0,0.0,1.0,NFLX_2025-12-05,-0.0289,2.41,-3.0,both,0.0,0.020000000000000018,False
NFLX,2026-01-20,2026-01-20,2026-01-23,4.0,1877.0,9.1,False,-0.0084,-0.0131,0.0006,2.57,-5.0,1.0,0.0,NFLX_2026-01-20,-0.0084,2.6,-5.0,both,0.0,0.03000000000000025,False
NFLX,2026-06-16,2026-06-22,2026-06-30,15.0,1378.0,5.8,False,-0.1076,-0.0203,0.0,1.77,-7.0,-4.0,0.0,NFLX_2026-06-16,-0.1076,1.77,-7.0,both,0.0,0.0,False
NGAC,2021-02-08,2021-02-22,2021-03-03,24.0,627.0,49.5,False,0.3317,-0.2469,0.3317,11.07,0.0,0.0,0.0,NGAC_2021-02-08,0.3317,11.07,0.0,both,0.0,0.0,False
NGA,2020-11-25,2020-12-01,2020-12-28,34.0,1303.0,38.4,False,0.1559,0.3773,0.6112,11.3,23.0,-1.0,0.0,NGA_2020-11-25,0.1559,11.3,23.0,both,0.0,0.0,False
NGA,2021-01-12,2021-01-13,2021-01-21,10.0,858.0,6.6,False,0.2207,-0.0395,0.3915,2.45,2.0,1.0,0.0,NGA_2021-01-12,0.2207,2.45,2.0,both,0.0,0.0,False
NGS,2021-06-03,2021-06-04,2021-06-22,20.0,502.0,4.2,False,0.027,-0.0208,0.0595,1.08,10.0,7.0,0.0,NGS_2021-06-03,0.027,1.08,10.0,both,0.0,0.0,False
NGS,2021-09-27,2021-09-28,2021-10-13,17.0,570.0,7.4,False,0.0686,0.1926,0.3708,1.85,14.0,8.0,0.0,NGS_2021-09-27,0.0686,1.85,14.0,both,0.0,0.0,False
NGS,2022-01-12,2022-02-24,2022-03-10,58.0,2086.0,12.8,False,0.0589,0.0714,0.2127,1.47,6.0,6.0,0.0,NGS_2022-01-12,0.0589,1.47,6.0,both,0.0,0.0,False
NGS,2023-01-26,2023-01-26,2023-03-08,42.0,1222.0,4.3,False,0.0122,-0.0492,0.0297,0.41,1.0,8.0,0.0,NGS_2023-01-26,0.0122,0.41,1.0,both,0.0,0.0,False
NGS,2026-03-03,2026-03-19,2026-04-06,35.0,819.0,9.5,False,0.0188,-0.0418,0.0276,1.21,6.0,-2.0,0.0,NGS_2026-03-03,0.0188,1.21,6.0,both,0.0,0.0,False
NILE,2022-03-21,2022-04-10,2022-04-18,29.0,5788.0,191.5,False,0.0728,0.1795,0.6914,15.49,-13.0,-20.0,0.0,NILE_2022-03-21,0.0728,15.49,-13.0,both,0.0,0.0,False
NIO,2020-06-03,2020-06-09,2020-06-22,20.0,871.0,25.7,False,0.4213,0.1123,0.5809,2.83,13.0,-6.0,0.0,NIO_2020-06-03,0.4213,2.83,13.0,both,0.0,0.0,False
NIO,2020-07-06,2020-07-08,2020-07-17,12.0,6076.0,23.7,False,0.3731,-0.139,0.597,3.25,2.0,0.0,0.0,NIO_2020-07-06,0.3731,3.25,2.0,both,0.0,0.0,False
NIO,2020-08-25,2020-08-26,2020-08-31,7.0,2473.0,9.1,False,0.3654,-0.069,0.3654,3.2,0.0,0.0,0.0,NIO_2020-08-25,0.3654,3.2,0.0,both,0.0,0.0,False
NIO,2020-09-29,2020-09-29,2020-10-05,7.0,1248.0,5.2,False,0.1085,0.0355,0.1568,1.26,2.0,1.0,0.0,NIO_2020-09-29,0.1085,1.26,2.0,both,0.0,0.0,False
NIO,2020-10-14,2020-10-14,2020-10-19,6.0,3791.0,13.1,False,0.2257,0.0426,0.3173,3.63,2.0,0.0,0.0,NIO_2020-10-14,0.2257,3.63,2.0,both,0.0,0.0,False
NIO,2020-11-05,2020-11-13,2020-11-18,14.0,28958.0,14.5,False,0.1816,0.0112,0.4686,2.15,10.0,0.0,0.0,NIO_2020-11-05,0.1816,2.15,10.0,both,0.0,0.0,False
NIO,2021-06-11,2021-06-11,2021-06-17,7.0,1071.0,4.4,False,0.0683,0.0368,0.1076,0.98,6.0,7.0,0.0,NIO_2021-06-11,0.0683,0.98,6.0,both,0.0,0.0,False
NIO,2021-11-08,2021-11-09,2021-11-22,15.0,799.0,5.1,False,-0.039,0.0209,0.0215,1.16,-1.0,13.0,0.0,NIO_2021-11-08,-0.039,1.16,-1.0,both,0.0,0.0,False
NIO,2022-03-14,2022-03-24,2022-04-04,22.0,1108.0,7.3,False,0.3678,0.0851,0.4841,1.63,11.0,-8.0,0.0,NIO_2022-03-14,0.3678,1.63,11.0,both,0.0,0.0,False
NIO,2022-06-08,2022-06-08,2022-06-29,22.0,635.0,6.3,False,0.0372,0.0726,0.2254,1.11,16.0,7.0,0.0,NIO_2022-06-08,0.0372,1.11,16.0,both,0.0,0.0,False
NIO,2022-09-06,2022-09-07,2022-09-22,17.0,325.0,4.6,False,-0.0141,0.0498,0.2391,1.41,6.0,5.0,0.0,NIO_2022-09-06,-0.0141,1.41,6.0,both,0.0,0.0,False
NIO,2023-06-02,2023-06-09,2023-06-16,15.0,377.0,13.2,False,0.0252,0.216,0.2984,1.6,6.0,0.0,0.0,NIO_2023-06-02,0.0252,1.6,6.0,both,0.0,0.0,False
NIO,2023-12-18,2023-12-18,2024-01-05,19.0,499.0,7.3,False,0.0464,-0.0347,0.1817,1.45,10.0,0.0,0.0,NIO_2023-12-18,0.0464,1.45,10.0,both,0.0,0.0,False
NIO,2024-09-27,2024-09-30,2024-10-08,12.0,715.0,19.3,False,0.1557,-0.0659,0.2474,1.75,2.0,0.0,0.0,NIO_2024-09-27,0.1557,1.75,2.0,both,0.0,0.0,False
NIU,2020-11-13,2020-11-23,2020-11-24,12.0,330.0,11.3,False,0.0195,0.0191,0.1265,2.74,-4.0,0.0,0.0,NIU_2020-11-13,0.0195,2.74,-4.0,both,0.0,0.0,False
NKE,2020-09-22,2020-09-22,2020-09-24,3.0,335.0,22.5,False,0.0309,0.0674,0.1212,3.45,1.0,1.0,0.0,NKE_2020-09-22,0.0309,3.45,1.0,both,0.0,0.0,False
NKE,2024-06-27,2024-06-28,2024-07-01,5.0,832.0,77.5,False,-0.1987,0.0194,0.0331,7.34,-4.0,0.0,0.0,NKE_2024-06-27,-0.1987,7.34,-4.0,both,0.0,0.0,False
NKLA,2020-08-04,2020-08-04,2020-08-10,7.0,2730.0,3.7,False,0.0644,0.1537,0.2598,1.66,9.0,6.0,0.0,NKLA_2020-08-04,0.0644,1.66,9.0,both,0.0,0.0,False
NKLA,2020-09-08,2020-09-14,2020-10-01,24.0,21804.0,24.5,False,0.0068,-0.3263,0.4079,4.71,-6.0,17.0,0.0,NKLA_2020-09-08,0.0068,4.71,-6.0,both,0.0,0.0,False
NKLA,2020-11-24,2020-11-30,2020-12-03,10.0,4008.0,10.2,False,-0.306,-0.0701,0.1731,3.23,-6.0,0.0,0.0,NKLA_2020-11-24,-0.306,3.23,-6.0,both,0.0,0.0,False
NKLA,2021-05-27,2021-05-27,2021-06-17,22.0,1394.0,3.8,False,0.1915,0.0981,0.4269,1.24,12.0,6.0,0.0,NKLA_2021-05-27,0.1915,1.24,12.0,both,0.0,0.0,False
NKLA,2021-07-29,2021-07-29,2021-08-03,6.0,950.0,18.4,False,-0.1522,-0.1513,0.0,3.33,-1.0,5.0,0.0,NKLA_2021-07-29,-0.1522,3.33,-1.0,both,0.0,0.0,False
NKLA,2021-10-27,2021-11-04,2021-11-17,22.0,1173.0,10.0,False,0.4244,-0.1328,0.4244,1.83,0.0,0.0,0.0,NKLA_2021-10-27,0.4244,1.83,0.0,both,0.0,0.0,False
NKLA,2023-06-13,2023-06-15,2023-06-16,4.0,456.0,39.0,False,0.827,-0.15,0.8792,4.65,6.0,0.0,0.0,NKLA_2023-06-13,0.827,4.65,6.0,both,0.0,0.0,False
NKLA,2024-03-26,2024-03-28,2024-04-01,7.0,527.0,41.3,False,0.3986,-0.0096,0.3986,1.74,0.0,-1.0,0.0,NKLA_2024-03-26,0.3986,1.74,0.0,both,0.0,0.0,False
NNDM,2021-01-13,2021-01-22,2021-02-10,29.0,1475.0,14.2,False,0.5309,0.089,0.7787,1.18,18.0,-8.0,0.0,NNDM_2021-01-13,0.5309,1.18,18.0,both,0.0,0.0,False
NNDM,2021-06-04,2021-06-17,2021-06-28,25.0,641.0,11.8,False,0.1197,0.0885,0.2187,1.08,11.0,6.0,0.0,NNDM_2021-06-04,0.1197,1.08,11.0,both,0.0,0.0,False
NOEM,2026-01-03,2026-01-03,2026-06-06,155.0,1860.0,5.4,True,,,0.0165,2.28,131.0,32.0,0.0,NOEM_2026-01-03,,2.34,125.0,both,,0.06000000000000005,False
NOG,2022-02-24,2022-03-07,2022-03-15,20.0,519.0,8.1,False,0.18,-0.0901,0.1935,1.43,-3.0,11.0,0.0,NOG_2022-02-24,0.18,1.43,-3.0,both,0.0,0.0,False
NOK,2020-02-06,2020-02-07,2020-02-19,14.0,1003.0,18.8,False,0.0844,-0.0389,0.0943,1.96,4.0,0.0,0.0,NOK_2020-02-06,0.0844,1.96,4.0,both,0.0,0.0,False
NOK,2020-04-16,2020-04-16,2020-04-30,15.0,331.0,5.2,False,0.0712,0.0347,0.1146,0.99,15.0,0.0,0.0,NOK_2020-04-16,0.0712,0.99,15.0,both,0.0,0.0,False
NOK,2020-05-29,2020-06-17,2020-06-19,22.0,996.0,17.0,False,0.125,-0.0181,0.1531,1.52,-9.0,-6.0,0.0,NOK_2020-05-29,0.125,1.52,-9.0,both,0.0,0.0,False
NOK,2020-07-31,2020-07-31,2020-08-03,4.0,383.0,5.0,False,0.0742,0.0586,0.1461,2.64,4.0,0.0,0.0,NOK_2020-07-31,0.0742,2.64,4.0,both,0.0,0.0,False
NOK,2020-10-10,2020-10-19,2020-10-20,11.0,750.0,26.0,False,0.0372,0.0048,0.067,0.98,4.0,2.0,0.0,NOK_2020-10-10,0.0372,0.98,4.0,both,0.0,0.0,False
NOK,2021-01-14,2021-01-27,2021-01-29,16.0,151527.0,3570.6,False,0.6457,-0.3038,0.6457,11.44,0.0,0.0,0.0,NOK_2021-01-14,0.6457,11.44,0.0,both,0.0,0.0,False
NOK,2021-04-29,2021-04-29,2021-05-07,9.0,2669.0,14.5,False,0.1119,0.0921,0.2143,2.68,8.0,0.0,0.0,NOK_2021-04-29,0.1119,2.68,8.0,both,0.0,0.0,False
NOK,2021-06-02,2021-06-03,2021-06-08,7.0,4663.0,11.9,False,0.0559,0.0182,0.0809,1.61,4.0,-1.0,0.0,NOK_2021-06-02,0.0559,1.61,4.0,both,0.0,0.0,False
NOK,2025-10-23,2025-10-28,2025-10-29,7.0,814.0,80.5,False,0.4,-0.0566,0.4,3.85,0.0,0.0,0.0,NOK_2025-10-23,0.4,3.85,0.0,both,0.0,0.0,False
NOK,2026-04-29,2026-05-13,2026-05-14,16.0,874.0,17.9,False,0.3018,-0.017,0.3018,1.38,0.0,-14.0,0.0,NOK_2026-04-29,0.3018,1.38,0.0,both,0.0,0.0,False
NOVN,2020-07-10,2020-07-21,2020-07-28,19.0,679.0,7.7,False,1.4788,-0.3638,1.4788,2.19,0.0,0.0,0.0,NOVN_2020-07-10,1.4788,2.19,0.0,both,0.0,0.0,False
NPA,2020-12-16,2021-01-14,2021-01-26,42.0,2081.0,155.0,False,0.4012,-0.0201,0.5717,60.8,5.0,-29.0,0.0,NPA_2020-12-16,0.4012,60.8,5.0,both,0.0,0.0,False
NP,2021-01-25,2021-01-29,2021-02-01,8.0,362.0,30.9,False,-0.0596,0.0232,0.0137,1.15,-9.0,-2.0,0.0,NP_2021-01-25,-0.0596,1.15,-9.0,both,0.0,0.0,False
NRZ,2020-04-03,2020-04-05,2020-04-10,8.0,312.0,4.9,False,-0.2183,0.7267,0.4014,1.79,-6.0,-2.0,0.0,NRZ_2020-04-03,-0.2183,1.79,-6.0,both,0.0,0.0,False
NRZ,2020-06-05,2020-06-09,2020-06-10,6.0,828.0,32.4,False,0.0363,-0.0736,0.0775,1.25,-1.0,-1.0,0.0,NRZ_2020-06-05,0.0363,1.25,-1.0,both,0.0,0.0,False
NSC,2023-02-13,2023-02-16,2023-02-22,10.0,363.0,60.7,False,-0.0519,-0.0349,0.0165,2.12,-8.0,1.0,0.0,NSC_2023-02-13,-0.0519,2.12,-8.0,both,0.0,0.0,False
NSH,2021-03-01,2021-03-04,2021-03-30,30.0,675.0,20.0,False,-0.0325,-0.0168,0.0497,11.64,-3.0,-3.0,0.0,NSH_2021-03-01,-0.0325,11.64,-3.0,both,0.0,0.0,False
NUAI,2025-09-17,2025-09-26,2025-09-30,14.0,1950.0,406.0,False,2.9166,0.0,4.3214,11.21,3.0,-3.0,0.0,NUAI_2025-09-17,2.9149,11.15,3.0,both,0.0017000000000000348,0.0600000000000005,False
NUE,2021-05-06,2021-05-10,2021-06-29,55.0,3099.0,6.4,False,0.0912,-0.0658,0.1929,1.11,22.0,22.0,0.0,NUE_2021-05-06,0.0912,1.11,22.0,both,0.0,0.0,False
NUE,2021-08-10,2021-08-10,2021-08-13,4.0,474.0,7.6,False,0.0958,0.0683,0.1706,2.36,3.0,1.0,0.0,NUE_2021-08-10,0.0958,2.36,3.0,both,0.0,0.0,False
NVAX,2020-05-11,2020-05-12,2020-05-18,8.0,589.0,56.8,False,1.126,0.4304,2.0411,4.83,6.0,0.0,0.0,NVAX_2020-05-11,1.126,4.83,6.0,both,0.0,0.0,False
NVAX,2020-07-07,2020-07-17,2020-07-22,16.0,981.0,16.0,False,0.7685,0.0424,0.8435,1.31,5.0,-10.0,0.0,NVAX_2020-07-07,0.7685,1.31,5.0,both,0.0,0.0,False
NVAX,2020-11-24,2020-11-30,2020-12-02,9.0,361.0,14.7,False,0.4844,-0.1005,0.4844,2.37,0.0,0.0,0.0,NVAX_2020-11-24,0.4844,2.37,0.0,both,0.0,0.0,False
NVAX,2021-01-27,2021-01-29,2021-02-10,15.0,1089.0,19.9,False,0.7375,0.3504,1.516,2.93,10.0,0.0,0.0,NVAX_2021-01-27,0.7375,2.93,10.0,both,0.0,0.0,False
NVAX,2021-04-13,2021-04-13,2021-05-11,29.0,396.0,5.7,False,0.1082,-0.2901,0.467,1.7,14.0,20.0,0.0,NVAX_2021-04-13,0.1082,1.7,14.0,both,0.0,0.0,False
NVAX,2023-08-22,2023-09-06,2023-09-14,24.0,512.0,37.6,False,0.2069,-0.1797,0.2069,1.85,0.0,0.0,0.0,NVAX_2023-08-22,0.2069,1.85,0.0,both,0.0,0.0,False
NVAX,2024-05-10,2024-05-10,2024-05-15,6.0,323.0,113.0,False,0.9866,0.4527,2.3087,24.15,10.0,0.0,0.0,NVAX_2024-05-10,0.9866,24.15,10.0,both,0.0,0.0,False
NVDA,2020-02-10,2020-02-13,2020-02-28,19.0,2563.0,15.5,False,0.0763,-0.0026,0.2508,2.69,6.0,15.0,0.0,NVDA_2020-02-10,0.0763,2.69,6.0,both,0.0,0.0,False
NVDA,2020-04-16,2020-04-16,2020-04-27,12.0,736.0,3.3,False,0.0494,0.0081,0.0627,0.76,13.0,0.0,0.0,NVDA_2020-04-16,0.0494,0.76,13.0,both,0.0,0.0,False
NVDA,2020-05-15,2020-05-21,2020-05-27,13.0,3000.0,10.8,False,0.0927,-0.0285,0.124,1.87,1.0,6.0,0.0,NVDA_2020-05-15,0.0927,1.87,1.0,both,0.0,0.0,False
NVDA,2020-07-08,2020-09-01,2020-09-08,63.0,15725.0,21.7,False,0.4001,-0.1381,0.4533,1.11,1.0,3.0,0.0,NVDA_2020-07-08,0.4001,1.11,1.0,both,0.0,0.0,False
NVDA,2020-11-09,2020-11-18,2020-12-02,24.0,2771.0,5.6,False,-0.0778,0.0086,0.0,1.23,-12.0,-8.0,0.0,NVDA_2020-11-09,-0.0778,1.23,-12.0,both,0.0,0.0,False
NVDA,2021-01-06,2021-01-09,2021-01-21,16.0,1864.0,3.9,False,-0.0095,0.0445,0.0345,1.35,12.0,-3.0,0.0,NVDA_2021-01-06,-0.0095,1.35,12.0,both,0.0,0.0,False
NVDA,2021-02-19,2021-02-19,2021-03-09,19.0,3004.0,4.5,False,0.0066,-0.1612,0.0338,1.59,-3.0,6.0,0.0,NVDA_2021-02-19,0.0066,1.59,-3.0,both,0.0,0.0,False
NVDA,2021-04-12,2021-04-12,2021-04-15,4.0,1106.0,10.9,False,0.0562,0.061,0.1206,2.41,3.0,0.0,0.0,NVDA_2021-04-12,0.0562,2.41,3.0,both,0.0,0.0,False
NVDA,2021-05-21,2021-06-18,2021-07-23,64.0,10618.0,9.3,False,0.2755,0.0493,0.4165,1.86,18.0,0.0,1.0,NVDA_2021-05-21,0.2755,2.23,18.0,both,0.0,0.3699999999999999,False
NVDA,2021-08-23,2021-08-23,2021-08-27,5.0,1331.0,4.6,False,0.0549,0.0309,0.0899,1.37,7.0,-4.0,0.0,NVDA_2021-08-23,0.0549,1.37,7.0,both,0.0,0.0,False
NVDA,2021-10-26,2021-11-04,2021-11-22,28.0,10739.0,28.0,False,0.2864,0.0723,0.4239,2.16,15.0,0.0,0.0,NVDA_2021-10-26,0.2864,2.16,15.0,both,0.0,0.0,False
NVDA,2022-03-22,2022-03-24,2022-04-28,38.0,6175.0,5.7,False,0.053,-0.2973,0.0719,1.1,5.0,0.0,0.0,NVDA_2022-03-22,0.053,1.1,5.0,both,0.0,0.0,False
NVDA,2022-08-24,2022-09-01,2022-09-02,10.0,3308.0,9.0,False,-0.1888,-0.0208,0.0426,1.43,-7.0,0.0,0.0,NVDA_2022-08-24,-0.1888,1.43,-7.0,both,0.0,0.0,False
NVDA,2023-01-23,2023-02-23,2023-03-01,38.0,7947.0,22.9,False,0.3265,-0.0408,0.3392,1.24,8.0,0.0,0.0,NVDA_2023-01-23,0.3265,1.24,8.0,both,0.0,0.0,False
NVDA,2023-05-18,2023-05-25,2023-05-31,14.0,13532.0,17.4,False,0.2585,-0.0038,0.3291,2.0,5.0,0.0,0.0,NVDA_2023-05-18,0.2585,2.0,5.0,both,0.0,0.0,False
NVDA,2023-08-14,2023-08-23,2023-08-25,12.0,12255.0,14.4,False,0.1532,-0.0233,0.2058,1.63,7.0,1.0,0.0,NVDA_2023-08-14,0.1532,1.63,7.0,both,0.0,0.0,False
NVDA,2023-11-20,2023-11-21,2023-11-22,3.0,3088.0,8.3,False,0.0131,-0.0246,0.0225,1.49,-1.0,1.0,0.0,NVDA_2023-11-20,0.0131,1.49,-1.0,both,0.0,0.0,False
NVDA,2024-01-08,2024-02-21,2024-02-23,47.0,52600.0,42.1,False,0.3743,0.1681,0.6109,1.45,5.0,1.0,0.0,NVDA_2024-01-08,0.3743,1.45,5.0,both,0.0,0.0,False
NVDA,2024-05-22,2024-06-20,2024-07-11,51.0,70990.0,8.8,False,0.3711,-0.0258,0.4214,1.0,-2.0,-28.0,1.0,NVDA_2024-05-22,-0.8629,5.69,-15.0,both,1.234,4.69,False
NVDA,2024-07-30,2024-07-30,2024-08-08,10.0,14971.0,3.1,False,-0.0704,0.012,0.0487,1.71,1.0,6.0,0.0,NVDA_2024-07-30,-0.0704,1.71,1.0,both,0.0,0.0,False
NVDA,2024-08-28,2024-08-28,2024-09-03,7.0,11019.0,4.1,False,-0.021,-0.1402,0.0083,1.16,-5.0,6.0,0.0,NVDA_2024-08-28,-0.021,1.16,-5.0,both,0.0,0.0,False
NVDA,2024-11-20,2024-11-20,2024-11-27,8.0,6571.0,4.3,False,-0.0076,-0.0723,0.0,1.37,-1.0,1.0,0.0,NVDA_2024-11-20,-0.0076,1.37,-1.0,both,0.0,0.0,False
NVDA,2025-01-27,2025-01-27,2025-01-31,5.0,16527.0,12.3,False,-0.1697,0.0139,0.0323,2.48,-4.0,0.0,0.0,NVDA_2025-01-27,-0.1697,2.48,-4.0,both,0.0,0.0,False
NVDA,2025-04-15,2025-04-16,2025-04-17,3.0,3716.0,3.4,False,-0.0562,-0.0287,0.0135,0.94,-1.0,-6.0,0.0,NVDA_2025-04-15,-0.0562,0.94,-1.0,both,0.0,0.0,False
NVDA,2025-07-15,2025-07-15,2025-07-17,3.0,2293.0,5.4,False,0.0404,0.0135,0.0544,1.0,2.0,0.0,0.0,NVDA_2025-07-15,0.0404,1.0,2.0,both,0.0,0.0,False
NVDA,2025-08-27,2025-08-27,2025-08-29,3.0,5000.0,7.3,False,-0.0009,-0.0409,0.0,1.57,-1.0,1.0,0.0,NVDA_2025-08-27,-0.0009,1.58,-1.0,both,0.0,0.010000000000000009,False
NVDA,2025-10-28,2025-11-19,2025-11-26,30.0,27463.0,12.3,False,-0.026,-0.0336,0.0812,1.36,-21.0,2.0,0.0,NVDA_2025-10-28,-0.026,1.37,-21.0,both,0.0,0.010000000000000009,False
NVDA,2026-02-25,2026-02-25,2026-02-27,3.0,5122.0,9.4,False,0.0141,-0.0939,0.0141,1.8,0.0,1.0,0.0,NVDA_2026-02-25,0.0141,1.8,0.0,both,0.0,0.0,False
NVDA,2026-04-24,2026-05-20,2026-06-02,40.0,20471.0,17.9,False,0.1194,-0.0029,0.1808,1.15,-6.0,9.0,0.0,NVDA_2026-04-24,0.1194,1.15,-6.0,both,0.0,0.0,False
NVNI,2025-07-27,2025-07-29,2025-08-01,6.0,756.0,101.4,False,0.5334,-0.0379,0.6372,29.58,-1.0,-1.0,0.0,NVNI_2025-07-27,0.5357,29.65,-1.0,both,0.0022999999999999687,0.07000000000000028,False
NVNI,2025-09-17,2025-09-30,2025-10-02,16.0,877.0,30.2,False,0.2576,-0.5745,1.2121,9.01,-8.0,2.0,1.0,NVNI_2025-09-17,0.2576,9.02,-8.0,both,0.0,0.009999999999999787,False
NVOS,2023-01-24,2023-01-26,2023-02-03,11.0,785.0,142.9,False,0.1418,-0.0561,0.1418,3.76,0.0,-2.0,0.0,NVOS_2023-01-24,0.1418,3.76,0.0,both,0.0,0.0,False
NVOS,2023-03-06,2023-03-07,2023-03-08,3.0,462.0,11.3,False,0.5728,-0.0497,0.5728,7.06,0.0,0.0,0.0,NVOS_2023-03-06,0.5728,7.06,0.0,both,0.0,0.0,False
NVOS,2023-05-05,2023-05-08,2023-05-25,21.0,393.0,9.4,False,0.2519,-0.3205,0.2519,1.26,0.0,3.0,0.0,NVOS_2023-05-05,0.2519,1.26,0.0,both,0.0,0.0,False
NVO,2025-07-29,2025-07-29,2025-08-08,11.0,1063.0,36.7,False,-0.2183,-0.053,0.0391,5.94,-4.0,0.0,0.0,NVO_2025-07-29,-0.2183,5.94,-4.0,both,0.0,0.0,False
NVO,2025-11-05,2025-11-06,2025-11-11,7.0,485.0,6.4,False,-0.0361,0.0568,0.0417,2.38,6.0,0.0,0.0,NVO_2025-11-05,-0.0361,2.38,6.0,both,0.0,0.0,False
NVO,2026-02-23,2026-02-23,2026-02-25,3.0,379.0,11.3,False,-0.1643,-0.0371,0.0382,2.96,-5.0,0.0,0.0,NVO_2026-02-23,-0.1643,2.96,-5.0,both,0.0,0.0,False
NVTA,2022-08-10,2022-08-10,2022-08-12,3.0,571.0,321.0,False,2.7686,-0.3778,2.7686,16.4,0.0,0.0,0.0,NVTA_2022-08-10,2.7686,16.4,0.0,both,0.0,0.0,False
NWTG,2025-03-17,2025-04-07,2025-04-08,23.0,547.0,22.8,False,-0.06,-0.1028,0.4,5.63,-25.0,-7.0,1.0,NWTG_2025-03-17,-0.06,5.6,-25.0,both,0.0,0.03000000000000025,False
NXPI,2021-02-11,2021-02-12,2021-02-17,7.0,493.0,9.1,False,0.0345,-0.0242,0.0401,0.75,4.0,-2.0,0.0,NXPI_2021-02-11,0.0345,0.75,4.0,both,0.0,0.0,False
NXPI,2021-10-29,2021-11-01,2021-11-19,22.0,366.0,7.4,False,0.0262,0.0786,0.1218,1.17,4.0,10.0,0.0,NXPI_2021-10-29,0.0262,1.17,4.0,both,0.0,0.0,False
NXPI,2025-04-02,2025-04-13,2025-04-14,13.0,877.0,25.8,False,-0.1116,0.0104,0.0193,1.84,-11.0,-4.0,0.0,NXPI_2025-04-02,-0.1116,1.84,-11.0,both,0.0,0.0,False
NXPI,2026-04-24,2026-06-02,2026-06-09,47.0,1145.0,7.3,False,0.3419,-0.081,0.3795,1.47,-7.0,-34.0,0.0,NXPI_2026-04-24,0.3419,1.47,-7.0,both,0.0,0.0,False
NXTD,2021-12-22,2021-12-27,2021-12-29,8.0,461.0,109.0,False,0.8084,-0.3008,0.8084,2.67,0.0,0.0,0.0,NXTD_2021-12-22,0.8084,2.67,0.0,both,0.0,0.0,False
NYCB,2024-01-31,2024-02-07,2024-02-12,13.0,658.0,159.0,False,-0.5684,0.0915,0.0058,13.48,-9.0,0.0,0.0,NYCB_2024-01-31,-0.5684,13.48,-9.0,both,0.0,0.0,False
NYC,2021-01-27,2021-01-30,2021-02-02,7.0,901.0,13.3,False,-0.0194,0.0114,0.0163,0.39,5.0,-5.0,0.0,NYC_2021-01-27,-0.0194,0.39,5.0,both,0.0,0.0,False
NYC,2021-11-01,2021-11-04,2021-11-10,10.0,312.0,4.6,False,-0.0238,0.0135,0.02,1.44,-7.0,11.0,0.0,NYC_2021-11-01,-0.0238,1.44,-7.0,both,0.0,0.0,False
NYC,2023-08-11,2023-09-06,2023-09-08,29.0,367.0,10.1,False,-0.1014,0.0115,0.0364,0.64,-30.0,-8.0,0.0,NYC_2023-08-11,-0.1014,0.64,-30.0,both,0.0,0.0,False
NYC,2025-04-02,2025-04-08,2025-05-08,37.0,576.0,3.8,False,0.0079,-0.0004,0.0984,0.95,7.0,7.0,0.0,NYC_2025-04-02,0.0079,0.94,7.0,both,0.0,0.010000000000000009,False
NYT,2021-01-28,2021-01-31,2021-01-31,4.0,1357.0,117.6,False,-0.0984,0.0,0.0211,1.71,-5.0,-4.0,0.0,NYT_2021-01-28,-0.0984,1.71,-5.0,both,0.0,0.0,False
OBK,2025-04-03,2025-04-09,2025-04-19,17.0,437.0,10.0,False,-0.093,-0.0215,0.0076,1.55,-9.0,15.0,0.0,OBK_2025-04-03,-0.093,1.55,-9.0,both,0.0,0.0,False
OBNK,2021-01-28,2021-02-13,2021-02-24,28.0,929.0,9.8,False,0.141,0.0559,0.2217,1.2,16.0,-16.0,0.0,OBNK_2021-01-28,0.141,1.2,16.0,both,0.0,0.0,False
OCC,2021-04-05,2021-04-07,2021-04-08,4.0,495.0,76.4,False,-0.0108,0.0354,0.0323,0.92,2.0,1.0,0.0,OCC_2021-04-05,-0.0108,0.92,2.0,both,0.0,0.0,False
OCC,2021-05-18,2021-05-19,2021-05-20,3.0,477.0,11.7,False,-0.0943,0.0473,0.0,1.1,-2.0,-2.0,0.0,OCC_2021-05-18,-0.0943,1.1,-2.0,both,0.0,0.0,False
OCC,2024-05-04,2024-05-15,2024-05-17,14.0,301.0,29.6,False,-0.041,-0.0214,0.0512,1.41,-6.0,5.0,0.0,OCC_2024-05-04,-0.041,1.41,-6.0,both,0.0,0.0,False
OCGN,2020-12-22,2020-12-23,2021-01-05,15.0,1127.0,212.0,False,7.8435,0.0654,9.4422,20.9,12.0,0.0,0.0,OCGN_2020-12-22,7.8435,20.9,12.0,both,0.0,0.0,False
OCGN,2021-01-28,2021-02-08,2021-02-09,13.0,4143.0,43.5,False,8.5241,-0.2024,8.5241,5.22,0.0,0.0,0.0,OCGN_2021-01-28,8.5241,5.22,0.0,both,0.0,0.0,False
OCGN,2021-04-22,2021-04-23,2021-05-04,13.0,2622.0,23.0,False,0.4815,0.2991,1.4123,8.14,10.0,0.0,0.0,OCGN_2021-04-22,0.4815,8.14,10.0,both,0.0,0.0,False
OCGN,2021-06-10,2021-06-10,2021-06-15,6.0,561.0,8.5,False,-0.2814,-0.0643,0.1063,1.92,-3.0,0.0,0.0,OCGN_2021-06-10,-0.2814,1.92,-3.0,both,0.0,0.0,False
OCGN,2021-09-13,2021-09-13,2021-09-24,12.0,349.0,12.6,False,0.158,-0.0906,0.158,2.62,0.0,0.0,0.0,OCGN_2021-09-13,0.158,2.62,0.0,both,0.0,0.0,False
OCGN,2021-10-11,2021-10-12,2021-10-15,5.0,872.0,17.5,False,0.2885,-0.0494,0.4215,3.66,2.0,0.0,0.0,OCGN_2021-10-11,0.2885,3.66,2.0,both,0.0,0.0,False
OEG,2021-01-26,2021-01-30,2021-02-01,7.0,897.0,72.2,False,-0.0214,0.0797,0.1811,0.96,-4.0,-5.0,0.0,OEG_2021-01-26,-0.0214,0.96,-4.0,both,0.0,0.0,False
OKLO,2024-10-16,2024-10-21,2024-10-29,14.0,853.0,22.9,False,0.915,0.1134,1.1322,6.26,8.0,0.0,0.0,OKLO_2024-10-16,0.915,6.26,8.0,both,0.0,0.0,False
OKLO,2025-01-22,2025-02-07,2025-02-08,18.0,1315.0,11.7,False,0.7757,0.0,0.7757,2.15,0.0,-11.0,0.0,OKLO_2025-01-22,0.7757,2.15,0.0,both,0.0,0.0,False
OKLO,2025-07-24,2025-08-11,2025-08-13,21.0,473.0,8.4,False,0.073,0.0774,0.2556,1.13,-6.0,-18.0,0.0,OKLO_2025-07-24,0.073,1.13,-6.0,both,0.0,0.0,False
OKLO,2025-09-15,2025-09-19,2025-09-25,11.0,1502.0,55.2,False,0.635,-0.1191,0.7247,2.56,4.0,0.0,0.0,OKLO_2025-09-15,0.635,2.56,4.0,both,0.0,0.0,False
OKLO,2026-01-05,2026-01-09,2026-01-11,7.0,529.0,11.8,False,0.3536,0.0,0.3536,2.15,0.0,0.0,0.0,OKLO_2026-01-05,0.3536,2.15,0.0,both,0.0,0.0,False
ONDS,2025-08-06,2025-08-12,2025-08-18,13.0,319.0,9.3,False,0.3974,-0.0653,0.4625,2.13,10.0,1.0,0.0,ONDS_2025-08-06,0.3974,2.13,10.0,both,0.0,0.0,False
ONDS,2025-10-02,2025-10-06,2025-10-15,14.0,405.0,3.9,False,0.4583,-0.1079,0.5404,1.26,2.0,-4.0,0.0,ONDS_2025-10-02,0.4583,1.26,2.0,both,0.0,0.0,False
ONDS,2025-12-31,2026-01-08,2026-02-05,37.0,1473.0,5.3,False,0.5584,-0.3947,0.5584,1.48,0.0,8.0,0.0,ONDS_2025-12-31,0.5584,1.49,0.0,both,0.0,0.010000000000000009,False
ONDS,2026-05-28,2026-05-28,2026-06-03,7.0,326.0,11.5,False,0.2269,-0.1238,0.2574,1.98,5.0,0.0,0.0,ONDS_2026-05-28,0.2269,1.99,5.0,both,0.0,0.010000000000000009,False
ONTO,2021-01-26,2021-01-28,2021-02-02,8.0,535.0,59.7,False,-0.0271,0.0605,0.0378,1.6,7.0,4.0,0.0,ONTO_2021-01-26,-0.0271,1.6,7.0,both,0.0,0.0,False
ON,2021-02-05,2021-02-12,2021-02-16,12.0,1223.0,17.2,False,0.0829,0.0141,0.0987,0.84,7.0,-11.0,0.0,ON_2021-02-05,0.0829,0.84,7.0,both,0.0,0.0,False
ON,2021-10-28,2021-11-12,2021-11-22,26.0,559.0,4.4,False,0.3154,0.0531,0.4245,1.6,6.0,-11.0,0.0,ON_2021-10-28,0.3154,1.6,6.0,both,0.0,0.0,False
ON,2022-10-11,2022-10-16,2022-10-21,11.0,382.0,13.3,False,-0.0672,0.1369,0.1343,0.98,-10.0,-9.0,0.0,ON_2022-10-11,-0.0672,0.98,-10.0,both,0.0,0.0,False
ON,2024-05-28,2024-05-28,2024-06-26,30.0,483.0,4.1,False,0.015,-0.0744,0.0504,0.84,15.0,24.0,0.0,ON_2024-05-28,0.015,0.84,15.0,both,0.0,0.0,False
ON,2025-04-03,2025-04-13,2025-04-16,14.0,692.0,13.4,False,-0.1395,-0.0235,0.0,1.88,-11.0,-4.0,0.0,ON_2025-04-03,-0.1394,1.89,-11.0,both,0.00010000000000001674,0.010000000000000009,False
ON,2026-04-23,2026-05-11,2026-06-11,50.0,1631.0,8.0,False,0.2051,0.0813,0.505,1.51,23.0,-6.0,0.0,ON_2026-04-23,0.2051,1.52,23.0,both,0.0,0.010000000000000009,False
OPEN,2025-07-14,2025-07-21,2025-07-24,11.0,4189.0,305.1,False,3.1207,-0.2461,3.1207,6.47,0.0,0.0,0.0,OPEN_2025-07-14,3.1207,6.47,0.0,both,0.0,0.0,False
OPEN,2025-09-11,2025-09-11,2025-09-17,7.0,763.0,5.2,False,0.7952,-0.0295,0.7952,1.5,0.0,0.0,0.0,OPEN_2025-09-11,0.7952,1.5,0.0,both,0.0,0.0,False
OPES,2020-06-09,2020-06-17,2020-06-19,11.0,1322.0,357.0,False,0.5712,0.0547,0.7144,17.58,1.0,0.0,0.0,OPES_2020-06-09,0.5712,17.58,1.0,both,0.0,0.0,False
OPK,2020-03-05,2020-03-06,2020-03-13,9.0,1228.0,335.0,False,0.3976,-0.181,0.3976,13.04,0.0,7.0,0.0,OPK_2020-03-05,0.3976,13.04,0.0,both,0.0,0.0,False
OPK,2021-01-26,2021-01-27,2021-02-02,8.0,366.0,39.0,False,0.1076,-0.0522,0.1932,2.38,5.0,0.0,0.0,OPK_2021-01-26,0.1076,2.38,5.0,both,0.0,0.0,False
OPTT,2024-11-26,2024-12-02,2024-12-03,8.0,414.0,74.8,False,2.9106,-0.4714,2.9106,46.72,0.0,0.0,0.0,OPTT_2024-11-26,2.9106,46.72,0.0,both,0.0,0.0,False
OPTT,2024-12-27,2024-12-30,2025-01-08,13.0,1982.0,12.8,False,0.9422,0.2159,2.5533,1.68,7.0,0.0,0.0,OPTT_2024-12-27,0.9422,1.68,7.0,both,0.0,0.0,False
OPTT,2025-07-21,2025-07-24,2025-07-25,5.0,702.0,44.7,False,0.0481,-0.1483,0.1667,2.4,-1.0,-7.0,0.0,OPTT_2025-07-21,0.0417,2.4,-2.0,both,0.006399999999999996,0.0,True
OPY,2023-07-21,2023-07-23,2023-08-01,12.0,333.0,14.2,False,-0.001,-0.0877,0.0074,0.29,-5.0,5.0,0.0,OPY_2023-07-21,-0.001,0.29,-5.0,both,0.0,0.0,False
ORCL,2020-06-03,2020-06-16,2020-06-17,15.0,886.0,13.3,False,0.0246,-0.0562,0.0345,1.27,6.0,3.0,0.0,ORCL_2020-06-03,0.0246,1.27,6.0,both,0.0,0.0,False
ORCL,2020-08-27,2020-08-27,2020-09-03,8.0,793.0,12.6,False,-0.0054,-0.0014,0.0268,1.44,6.0,4.0,0.0,ORCL_2020-08-27,-0.0054,1.44,6.0,both,0.0,0.0,False
ORCL,2023-06-09,2023-06-12,2023-06-13,5.0,572.0,55.3,False,0.0833,0.0021,0.1774,3.48,3.0,0.0,0.0,ORCL_2023-06-09,0.0833,3.48,3.0,both,0.0,0.0,False
ORCL,2023-09-11,2023-09-11,2023-09-13,3.0,362.0,30.6,False,0.0031,-0.1174,0.0031,4.5,0.0,1.0,0.0,ORCL_2023-09-11,0.0031,4.5,0.0,both,0.0,0.0,False
ORCL,2024-03-07,2024-03-11,2024-03-12,6.0,961.0,60.1,False,0.0166,0.1175,0.136,2.89,1.0,1.0,0.0,ORCL_2024-03-07,0.0166,2.89,1.0,both,0.0,0.0,False
ORCL,2024-05-30,2024-06-11,2024-06-13,15.0,385.0,20.5,False,0.0011,0.1289,0.1689,2.18,7.0,1.0,0.0,ORCL_2024-05-30,0.0011,2.18,7.0,both,0.0,0.0,False
ORCL,2024-09-05,2024-09-09,2024-09-16,12.0,827.0,47.8,False,-0.0061,0.2176,0.2102,3.86,7.0,1.0,0.0,ORCL_2024-09-05,-0.0061,3.86,7.0,both,0.0,0.0,False
ORCL,2025-01-21,2025-01-22,2025-01-27,7.0,1101.0,58.4,False,0.144,-0.1408,0.158,4.19,1.0,0.0,0.0,ORCL_2025-01-21,0.144,4.19,1.0,both,0.0,0.0,False
ORCL,2025-06-11,2025-06-13,2025-06-16,6.0,549.0,16.6,False,0.2126,-0.0191,0.2126,4.36,0.0,-1.0,0.0,ORCL_2025-06-11,0.2126,4.36,0.0,both,0.0,0.0,False
ORCL,2025-09-08,2025-09-10,2025-09-11,4.0,3205.0,111.3,False,0.4104,-0.0623,0.4104,6.19,0.0,0.0,0.0,ORCL_2025-09-08,0.4104,6.19,0.0,both,0.0,0.0,False
ORCL,2025-12-10,2025-12-11,2025-12-17,8.0,3274.0,17.6,False,-0.1024,-0.1025,0.0067,2.3,-1.0,0.0,0.0,ORCL_2025-12-10,-0.1024,2.3,-1.0,both,0.0,0.0,False
ORCL,2026-01-29,2026-02-02,2026-02-09,12.0,941.0,7.9,False,-0.0737,-0.0217,0.0558,1.86,-7.0,7.0,0.0,ORCL_2026-01-29,-0.0737,1.86,-7.0,both,0.0,0.0,False
ORCL,2026-03-06,2026-03-10,2026-03-11,6.0,1271.0,16.9,False,-0.0348,0.0918,0.0538,1.87,1.0,1.0,0.0,ORCL_2026-03-06,-0.0348,1.87,1.0,both,0.0,0.0,False
ORCL,2026-05-29,2026-06-10,2026-06-11,14.0,1872.0,32.8,False,-0.012,-0.0853,0.2182,1.71,-9.0,1.0,0.0,ORCL_2026-05-29,-0.012,1.71,-9.0,both,0.0,0.0,False
OSK,2021-02-01,2021-02-10,2021-02-17,17.0,341.0,40.0,False,0.0729,0.0091,0.1276,0.78,12.0,-13.0,0.0,OSK_2021-02-01,0.0729,0.78,12.0,both,0.0,0.0,False
OSK,2021-02-23,2021-02-23,2021-02-25,3.0,624.0,26.1,False,0.0614,-0.0102,0.0936,5.82,1.0,0.0,0.0,OSK_2021-02-23,0.0614,5.82,1.0,both,0.0,0.0,False
OSS,2021-01-27,2021-01-27,2021-02-16,21.0,441.0,6.6,False,-0.0458,0.9307,1.1069,2.69,23.0,6.0,0.0,OSS_2021-01-27,-0.0458,2.69,23.0,both,0.0,0.0,False
OSTK,2020-07-30,2020-08-07,2020-09-04,37.0,811.0,12.9,False,0.7065,-0.3497,1.0138,1.53,13.0,0.0,0.0,OSTK_2020-07-30,0.7065,1.53,13.0,both,0.0,0.0,False
OTLY,2025-01-01,2025-01-02,2025-01-09,9.0,401.0,64.7,False,0.0863,-0.054,0.1406,1.8,1.0,0.0,0.0,OTLY_2025-01-01,20.726,0.09,1.0,both,20.639699999999998,1.71,False
OXM,2020-07-15,2020-07-20,2020-07-21,7.0,433.0,36.8,False,-0.0335,0.0535,0.0768,0.85,-5.0,-5.0,0.0,OXM_2020-07-15,-0.0335,0.85,-5.0,both,0.0,0.0,False
OXY,2020-06-05,2020-06-08,2020-06-10,6.0,898.0,38.8,False,0.5691,-0.1492,0.5691,2.62,0.0,0.0,0.0,OXY_2020-06-05,0.5691,2.62,0.0,both,0.0,0.0,False
OXY,2022-03-02,2022-03-07,2022-03-10,9.0,491.0,26.6,False,0.1836,0.0497,0.2424,3.44,3.0,2.0,0.0,OXY_2022-03-02,0.1836,3.44,3.0,both,0.0,0.0,False
OXY,2022-05-05,2022-05-10,2022-05-17,13.0,392.0,9.3,False,-0.0351,0.1436,0.1035,1.3,7.0,-5.0,0.0,OXY_2022-05-05,-0.0351,1.3,7.0,both,0.0,0.0,False
OXY,2022-08-19,2022-08-19,2022-08-29,11.0,597.0,11.1,False,0.0988,0.0557,0.16,2.27,10.0,0.0,0.0,OXY_2022-08-19,0.0988,2.27,10.0,both,0.0,0.0,False
PACB,2020-12-29,2021-01-08,2021-01-12,15.0,333.0,8.8,False,0.3424,-0.0944,0.3797,1.3,6.0,0.0,0.0,PACB_2020-12-29,0.3424,1.3,6.0,both,0.0,0.0,False
PACW,2023-03-13,2023-03-13,2023-03-22,10.0,361.0,55.0,False,-0.2105,0.0379,1.1603,14.66,-5.0,3.0,0.0,PACW_2023-03-13,-0.2105,14.66,-5.0,both,0.0,0.0,False
PACW,2023-04-25,2023-05-03,2023-05-05,11.0,1454.0,93.2,False,-0.4329,-0.1028,0.0,4.44,-9.0,2.0,0.0,PACW_2023-04-25,-0.4329,4.44,-9.0,both,0.0,0.0,False
PANW,2024-02-20,2024-02-21,2024-03-06,16.0,2556.0,47.8,False,-0.285,0.0645,0.0013,4.77,-6.0,0.0,0.0,PANW_2024-02-20,-0.285,4.77,-6.0,both,0.0,0.0,False
PANW,2025-07-30,2025-08-18,2025-08-18,20.0,549.0,61.9,False,-0.0912,0.0,0.055,3.19,-21.0,-19.0,0.0,PANW_2025-07-30,-0.0912,3.2,-21.0,both,0.0,0.010000000000000231,False
PATH,2024-03-12,2024-03-13,2024-03-14,3.0,478.0,61.2,False,0.0137,-0.0688,0.0224,2.64,-1.0,1.0,0.0,PATH_2024-03-12,0.0137,2.64,-1.0,both,0.0,0.0,False
PATH,2025-10-08,2025-10-09,2025-10-10,3.0,1157.0,30.5,False,0.249,-0.0789,0.249,3.15,0.0,0.0,0.0,PATH_2025-10-08,0.249,3.15,0.0,both,0.0,0.0,False
PATK,2021-01-27,2021-01-31,2021-02-05,10.0,631.0,17.0,False,-0.013,0.0943,0.1325,1.0,10.0,-6.0,0.0,PATK_2021-01-27,-0.013,1.0,10.0,both,0.0,0.0,False
PATK,2022-01-12,2022-01-12,2022-01-26,15.0,332.0,6.8,False,0.0118,-0.1656,0.0599,1.35,-5.0,9.0,0.0,PATK_2022-01-12,0.0118,1.35,-5.0,both,0.0,0.0,False
PATK,2022-03-07,2022-03-17,2022-03-17,11.0,512.0,29.1,False,-0.0222,0.0,0.0442,0.78,-15.0,1.0,0.0,PATK_2022-03-07,-0.0222,0.78,-15.0,both,0.0,0.0,False
PB,2025-04-03,2025-04-07,2025-04-23,21.0,674.0,5.6,False,-0.1054,0.0513,0.0,1.27,-5.0,16.0,0.0,PB_2025-04-03,-0.1054,1.27,-5.0,both,0.0,0.0,False
PCG,2020-05-15,2020-05-28,2020-05-29,15.0,1032.0,42.7,False,0.0523,0.0154,0.1054,1.82,-10.0,-2.0,0.0,PCG_2020-05-15,0.0523,1.82,-10.0,both,0.0,0.0,False
PCSA,2025-10-07,2025-10-08,2025-10-09,3.0,697.0,58.6,False,0.7165,-0.18,0.7165,25.38,0.0,-1.0,0.0,PCSA_2025-10-07,0.7168,25.42,0.0,both,0.00029999999999996696,0.0400000000000027,False
PEAK,2021-01-25,2021-01-28,2021-02-02,9.0,392.0,64.6,False,-0.0056,0.011,0.0169,1.02,7.0,7.0,0.0,PEAK_2021-01-25,-0.0056,1.02,7.0,both,0.0,0.0,False
PEAK,2021-04-15,2021-04-15,2021-05-18,34.0,309.0,12.8,False,0.0197,0.0075,0.0563,0.79,15.0,27.0,0.0,PEAK_2021-04-15,0.0197,0.79,15.0,both,0.0,0.0,False
PENG,2025-04-03,2025-04-09,2025-04-10,8.0,612.0,107.0,False,-0.0482,-0.0658,0.0,2.31,-7.0,-6.0,0.0,PENG_2025-04-03,-0.0482,2.31,-7.0,both,0.0,0.0,False
PENN,2020-01-29,2020-01-29,2020-02-26,29.0,402.0,35.0,False,0.1072,0.0221,0.4605,3.46,15.0,0.0,0.0,PENN_2020-01-29,0.1072,3.46,15.0,both,0.0,0.0,False
PENN,2020-03-20,2020-03-20,2020-03-30,11.0,310.0,6.7,False,0.2956,0.4778,1.3908,2.81,5.0,0.0,0.0,PENN_2020-03-20,0.2956,2.81,5.0,both,0.0,0.0,False
PENN,2020-05-07,2020-05-28,2020-06-09,34.0,1707.0,13.3,False,1.0044,0.029,1.3719,2.38,7.0,-7.0,0.0,PENN_2020-05-07,1.0044,2.38,7.0,both,0.0,0.0,False
PENN,2020-12-08,2021-02-05,2021-02-12,67.0,1361.0,12.6,False,0.7818,-0.0783,0.7818,1.22,0.0,-49.0,0.0,PENN_2020-12-08,0.7818,1.22,0.0,both,0.0,0.0,False
PENN,2021-03-13,2021-03-13,2021-03-23,11.0,336.0,4.1,False,,,0.046,2.65,2.0,6.0,0.0,PENN_2021-03-13,,2.65,2.0,both,,0.0,False
,,,,,,,,,,,,,,,PEW_2025-07-15,-0.2264,5.32,-1.0,right_only,,,True
PFE,2020-04-23,2020-04-28,2020-04-29,7.0,387.0,23.6,False,0.0458,0.0055,0.0582,0.85,2.0,0.0,0.0,PFE_2020-04-23,0.0458,0.85,2.0,both,0.0,0.0,False
PFE,2020-06-01,2020-07-01,2020-07-02,32.0,2730.0,22.3,False,-0.1165,0.0228,0.0,1.63,-33.0,-30.0,0.0,PFE_2020-06-01,-0.1165,1.63,-33.0,both,0.0,0.0,False
PFE,2020-07-22,2020-07-22,2020-07-28,7.0,1103.0,5.0,False,0.051,0.0119,0.07,1.68,7.0,0.0,0.0,PFE_2020-07-22,0.051,1.68,7.0,both,0.0,0.0,False
PFE,2020-11-09,2020-11-09,2020-11-18,10.0,3242.0,32.9,False,0.0769,-0.0735,0.0769,2.98,0.0,0.0,0.0,PFE_2020-11-09,0.0769,2.98,0.0,both,0.0,0.0,False
PFE,2021-01-28,2021-02-19,2021-02-19,23.0,1935.0,11.2,False,-0.0497,0.0,0.0295,1.09,-24.0,-17.0,0.0,PFE_2021-01-28,-0.0497,1.09,-24.0,both,0.0,0.0,False
PFE,2021-04-13,2021-04-13,2021-04-23,11.0,513.0,3.7,False,0.0051,0.0404,0.0692,1.16,8.0,3.0,0.0,PFE_2021-04-13,0.0051,1.16,8.0,both,0.0,0.0,False
PFE,2021-07-19,2021-08-23,2021-08-25,38.0,4202.0,25.0,False,0.2374,-0.0485,0.2496,2.23,-6.0,0.0,0.0,PFE_2021-07-19,0.2374,2.23,-6.0,both,0.0,0.0,False
PFE,2021-11-04,2021-11-05,2021-11-06,3.0,555.0,13.3,False,0.0846,0.0,0.1196,4.24,6.0,0.0,0.0,PFE_2021-11-04,0.0846,4.24,6.0,both,0.0,0.0,False
PFE,2022-02-07,2022-02-08,2022-02-09,3.0,513.0,11.0,False,-0.0245,-0.0044,0.0162,1.37,-6.0,0.0,0.0,PFE_2022-02-07,-0.0245,1.37,-6.0,both,0.0,0.0,False
PFE,2023-12-13,2023-12-13,2023-12-24,12.0,400.0,9.1,False,-0.0672,0.0653,0.0073,2.31,15.0,0.0,0.0,PFE_2023-12-13,-0.0672,2.31,15.0,both,0.0,0.0,False
PFE,2025-11-04,2025-11-04,2025-11-25,22.0,309.0,6.7,False,-0.0146,0.0584,0.0491,1.63,8.0,0.0,0.0,PFE_2025-11-04,-0.0146,1.63,8.0,both,0.0,0.0,False
PHAT,2024-03-31,2024-04-14,2024-05-05,36.0,608.0,56.0,False,-0.0452,-0.0099,0.1347,0.88,-5.0,-9.0,0.0,PHAT_2024-03-31,-0.0452,0.88,-5.0,both,0.0,0.0,False
PHM,2022-04-07,2022-04-13,2022-04-18,12.0,6326.0,1007.0,False,0.0479,-0.0148,0.0775,1.19,7.0,-1.0,0.0,PHM_2022-04-07,0.0479,1.19,7.0,both,0.0,0.0,False
PHM,2022-06-04,2022-06-04,2022-06-09,6.0,368.0,4.6,False,,,0.01,0.59,-2.0,9.0,0.0,PHM_2022-06-04,,0.59,-2.0,both,,0.0,False
PHM,2023-05-11,2023-05-17,2023-05-31,21.0,1529.0,34.5,False,0.0251,-0.0492,0.0347,0.88,1.0,14.0,0.0,PHM_2023-05-11,0.0251,0.88,1.0,both,0.0,0.0,False
PHUN,2020-07-17,2020-07-17,2020-07-20,4.0,427.0,124.8,False,0.1275,-0.0893,0.1275,1.73,0.0,-2.0,0.0,PHUN_2020-07-17,0.1275,1.73,0.0,both,0.0,0.0,False
PHUN,2021-01-29,2021-02-01,2021-02-02,5.0,319.0,54.8,False,0.6402,-0.0669,0.6402,4.13,0.0,-6.0,0.0,PHUN_2021-01-29,0.6402,4.13,0.0,both,0.0,0.0,False
PHUN,2021-10-21,2021-10-22,2021-10-25,5.0,1842.0,897.0,False,7.3238,-0.1808,7.3238,274.6,0.0,0.0,0.0,PHUN_2021-10-21,7.3238,274.6,0.0,both,0.0,0.0,False
PHX,2021-01-28,2021-01-28,2021-03-23,55.0,878.0,6.8,False,-0.0034,0.034,0.2407,0.8,28.0,11.0,0.0,PHX_2021-01-28,-0.0034,0.8,28.0,both,0.0,0.0,False
PHX,2025-02-25,2025-03-04,2025-03-06,10.0,551.0,12.4,False,-0.055,-0.0132,0.05,0.85,-12.0,-6.0,0.0,PHX_2025-02-25,,,,left_only,,,True
PHX,2025-04-07,2025-04-15,2025-04-24,18.0,1191.0,12.9,False,0.0028,0.0972,0.1086,1.19,13.0,-6.0,0.0,PHX_2025-04-07,,,,left_only,,,True
PIC,2020-11-19,2020-12-21,2020-12-21,33.0,1065.0,19.6,False,0.8663,0.0,0.8663,5.05,0.0,0.0,0.0,PIC_2020-11-19,0.8663,5.05,0.0,both,0.0,0.0,False
PINS,2020-04-20,2020-05-05,2020-05-06,17.0,609.0,94.4,False,0.1926,-0.1485,0.2281,1.51,-1.0,1.0,0.0,PINS_2020-04-20,0.1926,1.51,-1.0,both,0.0,0.0,False
PINS,2020-10-20,2020-10-28,2020-10-29,10.0,1326.0,37.1,False,0.0749,0.2692,0.3643,2.38,1.0,1.0,0.0,PINS_2020-10-20,0.0749,2.38,1.0,both,0.0,0.0,False
PINS,2021-02-02,2021-02-04,2021-02-11,10.0,741.0,13.4,False,0.1007,0.1181,0.2606,2.13,12.0,1.0,0.0,PINS_2021-02-02,0.1007,2.13,12.0,both,0.0,0.0,False
PINS,2021-04-16,2021-04-28,2021-05-06,21.0,947.0,11.3,False,-0.2144,-0.1072,0.0,1.95,-13.0,0.0,0.0,PINS_2021-04-16,-0.2144,1.95,-13.0,both,0.0,0.0,False
PINS,2021-10-20,2021-10-20,2021-10-25,6.0,789.0,84.6,False,0.1277,-0.1914,0.1277,7.02,0.0,0.0,0.0,PINS_2021-10-20,0.1277,7.02,0.0,both,0.0,0.0,False
PINS,2022-02-02,2022-02-03,2022-02-04,3.0,585.0,26.7,False,-0.1833,0.1118,0.0,2.58,-2.0,1.0,0.0,PINS_2022-02-02,-0.1833,2.58,-2.0,both,0.0,0.0,False
PINS,2024-02-07,2024-02-08,2024-02-09,3.0,704.0,144.6,False,-0.008,-0.0945,0.0,3.13,-2.0,1.0,0.0,PINS_2024-02-07,-0.008,3.13,-2.0,both,0.0,0.0,False
PIPP,2021-11-16,2021-11-17,2021-11-23,8.0,308.0,76.0,False,0.0515,0.0,0.1,15.04,1.0,-1.0,0.0,PIPP_2021-11-16,0.0515,15.04,1.0,both,0.0,0.0,False
PIXY,2022-01-14,2022-01-25,2022-01-27,14.0,460.0,19.2,False,0.4762,-0.1742,0.6476,2.94,1.0,-1.0,0.0,PIXY_2022-01-14,0.4762,2.94,1.0,both,0.0,0.0,False
PLAN,2021-01-26,2021-01-28,2021-02-04,10.0,1230.0,80.0,False,-0.0123,0.1271,0.2019,1.23,11.0,-1.0,0.0,PLAN_2021-01-26,-0.0123,1.23,11.0,both,0.0,0.0,False
PLTR,2020-11-06,2020-11-27,2020-12-08,33.0,83563.0,180.6,False,1.3283,0.0336,1.4453,4.39,-2.0,0.0,0.0,PLTR_2020-11-06,1.3283,4.39,-2.0,both,0.0,0.0,False
PLTR,2021-01-22,2021-01-22,2021-01-27,6.0,15875.0,3.4,False,0.254,0.1971,0.5012,3.49,5.0,3.0,0.0,PLTR_2021-01-22,0.254,3.49,5.0,both,0.0,0.0,False
PLTR,2021-08-09,2021-08-12,2021-08-18,10.0,2962.0,8.1,False,0.1407,0.0157,0.1586,2.92,6.0,0.0,0.0,PLTR_2021-08-09,0.1407,2.92,6.0,both,0.0,0.0,False
PLTR,2021-11-08,2021-11-09,2021-11-11,4.0,1568.0,9.8,False,-0.0673,-0.052,0.0288,2.73,-1.0,0.0,0.0,PLTR_2021-11-08,-0.0673,2.73,-1.0,both,0.0,0.0,False
PLTR,2022-02-17,2022-02-17,2022-02-24,8.0,2405.0,5.9,False,-0.1575,0.0051,0.0143,2.33,-2.0,0.0,0.0,PLTR_2022-02-17,-0.1575,2.33,-2.0,both,0.0,0.0,False
PLTR,2022-05-09,2022-05-09,2022-05-11,3.0,936.0,12.5,False,-0.2131,-0.1005,0.1582,3.13,-5.0,0.0,0.0,PLTR_2022-05-09,-0.2131,3.13,-5.0,both,0.0,0.0,False
PLTR,2022-11-07,2022-11-07,2022-11-16,10.0,450.0,6.4,False,-0.1148,0.1481,0.0605,1.55,4.0,0.0,0.0,PLTR_2022-11-07,-0.1148,1.55,4.0,both,0.0,0.0,False
PLTR,2023-02-13,2023-02-13,2023-02-15,3.0,729.0,17.7,False,0.0133,0.3285,0.3462,4.0,2.0,1.0,0.0,PLTR_2023-02-13,0.0133,4.0,2.0,both,0.0,0.0,False
PLTR,2023-05-08,2023-05-08,2023-05-11,4.0,501.0,18.7,False,0.0445,0.2765,0.3414,5.16,2.0,1.0,0.0,PLTR_2023-05-08,0.0445,5.16,2.0,both,0.0,0.0,False
PLTR,2023-07-28,2023-07-31,2023-08-01,5.0,753.0,14.6,False,0.2285,0.0076,0.2378,2.16,1.0,0.0,0.0,PLTR_2023-07-28,0.2285,2.16,1.0,both,0.0,0.0,False
PLTR,2024-02-02,2024-02-06,2024-02-09,8.0,2234.0,44.7,False,0.3393,0.1148,0.5426,5.03,8.0,0.0,0.0,PLTR_2024-02-02,0.3393,5.03,8.0,both,0.0,0.0,False
PLTR,2024-05-03,2024-05-06,2024-05-07,5.0,1384.0,41.2,False,0.118,-0.1511,0.118,3.88,0.0,0.0,0.0,PLTR_2024-05-03,0.118,3.88,0.0,both,0.0,0.0,False
PLTR,2024-08-05,2024-08-05,2024-08-16,12.0,1125.0,11.6,False,-0.0263,0.3317,0.3153,1.64,16.0,1.0,0.0,PLTR_2024-08-05,-0.0263,1.64,16.0,both,0.0,0.0,False
PLTR,2024-11-04,2024-11-05,2024-11-25,22.0,3628.0,7.6,False,0.2197,0.2644,0.6002,2.15,24.0,0.0,0.0,PLTR_2024-11-04,0.2197,2.15,24.0,both,0.0,0.0,False
PLTR,2024-12-06,2024-12-06,2024-12-16,11.0,2594.0,3.5,False,0.0622,-0.0077,0.1208,1.27,14.0,14.0,0.0,PLTR_2024-12-06,0.0622,1.27,14.0,both,0.0,0.0,False
PLTR,2025-02-03,2025-02-04,2025-02-12,10.0,6484.0,17.9,False,0.2587,0.1306,0.4445,1.79,10.0,0.0,0.0,PLTR_2025-02-03,0.2587,1.8,10.0,both,0.0,0.010000000000000009,False
PLTR,2025-05-02,2025-05-05,2025-05-06,5.0,2224.0,15.1,False,0.0651,-0.1205,0.0695,1.29,-3.0,1.0,0.0,PLTR_2025-05-02,0.0651,1.29,-3.0,both,0.0,0.0,False
PLTR,2025-08-04,2025-08-04,2025-08-12,9.0,3222.0,7.7,False,0.0414,0.1638,0.212,1.4,8.0,1.0,0.0,PLTR_2025-08-04,0.0414,1.41,8.0,both,0.0,0.010000000000000009,False
PLTR,2025-10-03,2025-10-03,2025-10-13,11.0,1150.0,2.7,False,-0.0747,0.0239,0.0,1.0,-1.0,0.0,0.0,PLTR_2025-10-03,-0.0747,1.0,-1.0,both,0.0,0.0,False
PLTR,2025-11-03,2025-11-04,2025-11-05,3.0,2161.0,11.6,False,-0.0485,-0.0149,0.0335,2.06,-1.0,0.0,0.0,PLTR_2025-11-03,-0.0485,2.07,-1.0,both,0.0,0.009999999999999787,False
PLTR,2026-01-02,2026-02-02,2026-02-05,35.0,3815.0,10.7,False,-0.1687,-0.1201,0.0362,1.41,-35.0,2.0,0.0,PLTR_2026-01-02,-0.1687,1.42,-35.0,both,0.0,0.010000000000000009,False
PLTR,2026-04-08,2026-04-10,2026-04-13,6.0,1407.0,18.2,False,-0.1467,0.0337,0.0,2.1,-3.0,0.0,0.0,PLTR_2026-04-08,-0.1467,2.1,-3.0,both,0.0,0.0,False
PLUG,2020-06-23,2020-06-24,2020-07-09,17.0,662.0,12.8,False,0.3591,0.1823,0.7917,2.92,12.0,0.0,0.0,PLUG_2020-06-23,0.3591,2.92,12.0,both,0.0,0.0,False
PLUG,2020-10-05,2020-10-07,2020-10-21,17.0,750.0,11.9,False,0.2889,-0.1846,0.3034,1.47,2.0,1.0,0.0,PLUG_2020-10-05,0.2889,1.47,2.0,both,0.0,0.0,False
PLUG,2020-11-16,2020-11-16,2020-11-25,10.0,1072.0,7.1,False,0.067,0.0464,0.1468,1.36,7.0,1.0,0.0,PLUG_2020-11-16,0.067,1.36,7.0,both,0.0,0.0,False
PLUG,2021-01-07,2021-01-12,2021-01-26,20.0,6748.0,17.0,False,0.8863,0.1085,1.0909,2.28,14.0,1.0,0.0,PLUG_2021-01-07,0.8863,2.28,14.0,both,0.0,0.0,False
PLUG,2021-03-17,2021-03-17,2021-03-19,3.0,774.0,5.6,False,-0.0785,-0.0267,0.1071,2.17,-5.0,0.0,0.0,PLUG_2021-03-17,-0.0785,2.17,-5.0,both,0.0,0.0,False
PLUG,2025-09-22,2025-10-03,2025-10-09,18.0,577.0,42.5,False,0.7477,-0.0079,0.8945,3.47,3.0,0.0,0.0,PLUG_2025-09-22,0.7477,3.47,3.0,both,0.0,0.0,False
PLUS,2021-01-26,2021-01-28,2021-01-29,4.0,869.0,165.0,False,-0.0518,-0.0301,0.0097,1.41,-6.0,-1.0,0.0,PLUS_2021-01-26,-0.0518,1.41,-6.0,both,0.0,0.0,False
POET,2024-12-19,2024-12-26,2025-01-04,17.0,305.0,19.3,False,0.5714,-0.1107,0.5714,1.52,0.0,0.0,0.0,POET_2024-12-19,0.5714,1.52,0.0,both,0.0,0.0,False
POET,2025-10-07,2025-10-08,2025-10-10,4.0,2333.0,132.0,False,0.4451,-0.1725,0.4451,12.2,0.0,0.0,0.0,POET_2025-10-07,0.4451,12.32,0.0,both,0.0,0.120000000000001,False
POET,2026-01-14,2026-01-14,2026-01-23,10.0,339.0,4.2,False,0.1331,-0.1459,0.1723,2.16,7.0,8.0,0.0,POET_2026-01-14,0.1331,2.17,7.0,both,0.0,0.009999999999999787,False
POET,2026-04-20,2026-04-27,2026-04-28,9.0,1733.0,230.5,False,0.095,0.0101,1.0799,7.63,-3.0,0.0,0.0,POET_2026-04-20,0.095,7.8,-3.0,both,0.0,0.16999999999999993,False
POW,2022-08-26,2022-09-07,2022-09-21,27.0,447.0,4.9,False,0.0025,0.0025,0.0051,1.64,7.0,-7.0,0.0,POW_2022-08-26,0.0025,1.64,7.0,both,0.0,0.0,False
PPL,2021-01-27,2021-01-28,2021-02-02,7.0,583.0,67.4,False,-0.0042,-0.0103,0.0,1.17,-2.0,-3.0,0.0,PPL_2021-01-27,-0.0042,1.17,-2.0,both,0.0,0.0,False
PPSI,2021-11-29,2021-11-30,2021-12-10,12.0,2995.0,337.4,False,0.685,-0.1296,0.7983,0.77,8.0,0.0,0.0,PPSI_2021-11-29,0.685,0.77,8.0,both,0.0,0.0,False
PRE,2022-07-18,2022-07-21,2022-07-22,5.0,491.0,74.3,False,0.0058,0.0018,0.0176,0.3,4.0,-8.0,0.0,PRE_2022-07-18,0.0058,0.3,4.0,both,0.0,0.0,False
PROG,2021-09-14,2021-10-26,2021-11-23,71.0,22364.0,142.2,False,3.2442,0.0,4.2016,6.92,24.0,21.0,0.0,PROG_2021-09-14,3.2442,6.92,24.0,both,0.0,0.0,False
PRPL,2020-07-29,2020-08-04,2020-08-05,8.0,4042.0,124.5,False,0.1828,-0.008,0.2422,2.35,-1.0,0.0,0.0,PRPL_2020-07-29,0.1828,2.35,-1.0,both,0.0,0.0,False
PRPL,2021-01-29,2021-01-30,2021-02-16,19.0,588.0,4.6,False,-0.0409,0.146,0.1285,0.76,20.0,-3.0,0.0,PRPL_2021-01-29,-0.0409,0.76,20.0,both,0.0,0.0,False
PRPL,2021-06-17,2021-06-17,2021-06-29,13.0,579.0,21.5,False,0.0256,0.0304,0.1243,1.62,7.0,12.0,0.0,PRPL_2021-06-17,0.0256,1.62,7.0,both,0.0,0.0,False
PRTH,2021-01-27,2021-01-28,2021-02-12,17.0,962.0,8.7,False,0.0506,-0.021,0.1,1.01,20.0,7.0,0.0,PRTH_2021-01-27,0.0506,1.01,20.0,both,0.0,0.0,False
PRTH,2021-09-21,2021-09-29,2021-10-15,25.0,571.0,3.2,False,-0.0685,-0.1456,0.0685,0.23,-5.0,-12.0,0.0,PRTH_2021-09-21,-0.0685,0.23,-5.0,both,0.0,0.0,False
PRTY,2021-01-27,2021-01-29,2021-02-01,6.0,456.0,86.0,False,-0.011,0.0223,0.2118,1.36,7.0,0.0,0.0,PRTY_2021-01-27,-0.011,1.36,7.0,both,0.0,0.0,False
PRTY,2022-08-16,2022-08-17,2022-08-30,15.0,1793.0,116.2,False,0.5032,-0.1568,0.5032,4.79,0.0,0.0,0.0,PRTY_2022-08-16,0.5032,4.79,0.0,both,0.0,0.0,False
PRTY,2023-01-06,2023-01-11,2023-01-17,12.0,370.0,49.2,False,-0.2088,0.3223,0.2622,18.69,-1.0,0.0,0.0,PRTY_2023-01-06,-0.2088,18.69,-1.0,both,0.0,0.0,False
PSFE,2021-06-24,2021-06-25,2021-06-28,5.0,1558.0,58.2,False,0.0902,0.0106,0.1018,3.64,3.0,0.0,0.0,PSFE_2021-06-24,0.0902,3.64,3.0,both,0.0,0.0,False
PSFE,2021-08-12,2021-08-16,2021-08-17,6.0,322.0,14.0,False,-0.1696,-0.0128,0.0539,3.84,-7.0,0.0,0.0,PSFE_2021-08-12,-0.1696,3.84,-7.0,both,0.0,0.0,False
PSTH,2020-11-30,2020-11-30,2020-12-08,9.0,1761.0,8.4,False,0.0404,-0.015,0.0404,3.8,0.0,0.0,0.0,PSTH_2020-11-30,0.0404,3.8,0.0,both,0.0,0.0,False
PSTH,2021-01-08,2021-01-08,2021-01-12,5.0,1602.0,6.6,False,0.0724,-0.0242,0.0871,2.06,7.0,0.0,0.0,PSTH_2021-01-08,0.0724,2.06,7.0,both,0.0,0.0,False
PSTH,2021-05-12,2021-05-16,2021-05-16,5.0,549.0,20.6,False,0.1021,0.0,0.1321,2.65,2.0,-4.0,0.0,PSTH_2021-05-12,0.1021,2.65,2.0,both,0.0,0.0,False
PSTV,2025-09-25,2025-10-06,2025-10-08,14.0,1528.0,86.5,False,1.2006,-0.1609,1.2006,13.68,0.0,-11.0,0.0,PSTV_2025-09-25,1.225,13.71,0.0,both,0.0244000000000002,0.030000000000001137,False
PTCT,2021-01-27,2021-01-28,2021-02-19,24.0,1166.0,6.5,False,-0.0786,0.0303,0.0451,1.35,11.0,8.0,0.0,PTCT_2021-01-27,-0.0786,1.35,11.0,both,0.0,0.0,False
PTE,2021-01-07,2021-01-08,2021-01-13,7.0,448.0,124.0,False,0.7778,-0.1288,0.7778,17.86,0.0,0.0,0.0,PTE_2021-01-07,0.7778,17.86,0.0,both,0.0,0.0,False
PTON,2020-02-05,2020-02-05,2020-02-07,3.0,407.0,7.8,False,-0.023,-0.148,0.0,2.0,-1.0,1.0,0.0,PTON_2020-02-05,-0.023,2.0,-1.0,both,0.0,0.0,False
PTON,2020-05-05,2020-05-06,2020-05-07,3.0,1551.0,40.6,False,0.1218,0.1601,0.3619,4.1,6.0,1.0,0.0,PTON_2020-05-05,0.1218,4.1,6.0,both,0.0,0.0,False
PTON,2020-06-24,2020-07-13,2020-07-20,27.0,1937.0,9.7,False,0.1221,0.0508,0.2476,0.96,-3.0,-17.0,0.0,PTON_2020-06-24,0.1221,0.96,-3.0,both,0.0,0.0,False
PTON,2020-09-01,2020-09-10,2020-09-15,15.0,5121.0,20.7,False,0.1445,-0.0262,0.1891,6.18,-1.0,1.0,0.0,PTON_2020-09-01,0.1445,6.18,-1.0,both,0.0,0.0,False
PTON,2020-10-16,2020-10-16,2020-10-21,6.0,1607.0,5.8,False,-0.0374,-0.0535,0.0,0.8,-1.0,0.0,0.0,PTON_2020-10-16,-0.0374,0.8,-1.0,both,0.0,0.0,False
PTON,2021-02-04,2021-02-04,2021-02-22,19.0,729.0,6.3,False,0.0704,-0.2017,0.0704,1.48,0.0,1.0,0.0,PTON_2021-02-04,0.0704,1.48,0.0,both,0.0,0.0,False
PTON,2021-04-19,2021-04-19,2021-04-22,4.0,316.0,6.8,False,-0.0728,-0.0581,0.0318,2.22,-4.0,0.0,0.0,PTON_2021-04-19,-0.0728,2.22,-4.0,both,0.0,0.0,False
PTON,2021-05-05,2021-05-05,2021-05-07,3.0,822.0,14.7,False,-0.1456,0.0144,0.0171,7.11,-5.0,0.0,0.0,PTON_2021-05-05,-0.1456,7.11,-5.0,both,0.0,0.0,False
PTON,2021-11-03,2021-11-04,2021-11-05,3.0,1080.0,57.2,False,-0.037,-0.3535,0.0387,6.45,-3.0,1.0,0.0,PTON_2021-11-03,-0.037,6.45,-3.0,both,0.0,0.0,False
PTPI,2021-11-27,2021-11-29,2021-12-03,7.0,885.0,130.6,False,0.9139,-0.38,0.9139,3.38,0.0,0.0,0.0,PTPI_2021-11-27,0.9139,3.38,0.0,both,0.0,0.0,False
PUBM,2021-06-10,2021-06-14,2021-06-17,8.0,326.0,16.0,False,0.0968,-0.0207,0.1164,1.38,8.0,-5.0,0.0,PUBM_2021-06-10,0.0968,1.38,8.0,both,0.0,0.0,False
PUMP,2020-03-12,2020-03-20,2020-03-20,9.0,875.0,10.1,False,-0.4894,0.0,0.0718,2.81,-11.0,-4.0,0.0,PUMP_2020-03-12,-0.4894,2.81,-11.0,both,0.0,0.0,False
PUMP,2020-06-05,2020-06-05,2020-06-18,14.0,655.0,4.4,False,0.1237,-0.1195,0.3357,1.18,3.0,-1.0,0.0,PUMP_2020-06-05,0.1237,1.18,3.0,both,0.0,0.0,False
PUMP,2021-01-19,2021-02-03,2021-02-03,16.0,16340.0,1271.1,False,0.0546,0.0,0.2389,1.07,5.0,2.0,0.0,PUMP_2021-01-19,0.0546,1.07,5.0,both,0.0,0.0,False
PUMP,2025-07-21,2025-07-23,2025-08-08,19.0,372.0,8.1,False,0.0776,-0.2111,0.1182,1.48,6.0,7.0,0.0,PUMP_2025-07-21,0.0776,1.48,6.0,both,0.0,0.0,False
PXD,2020-02-27,2020-07-06,2020-08-19,175.0,6773.0,6.1,True,-0.2133,0.0613,0.0835,1.68,-133.0,-119.0,0.0,PXD_2020-02-27,-0.2133,1.68,-133.0,both,0.0,0.0,False
PXD,2021-01-26,2021-02-19,2021-02-19,25.0,3977.0,11.6,False,0.0356,0.0,0.1603,0.84,5.0,-22.0,0.0,PXD_2021-01-26,0.0356,0.84,5.0,both,0.0,0.0,False
PXD,2021-10-04,2021-10-04,2021-10-11,8.0,637.0,2.5,False,0.0246,0.0787,0.1053,1.36,4.0,4.0,0.0,PXD_2021-10-04,0.0246,1.36,4.0,both,0.0,0.0,False
PXD,2022-02-24,2022-02-24,2022-03-09,14.0,1482.0,2.5,False,0.0028,0.0199,0.0754,1.47,6.0,12.0,0.0,PXD_2022-02-24,0.0028,1.47,6.0,both,0.0,0.0,False
PXD,2022-09-06,2022-09-06,2022-09-08,3.0,368.0,2.6,False,-0.0115,-0.0208,0.0286,0.94,6.0,-5.0,0.0,PXD_2022-09-06,-0.0115,0.94,6.0,both,0.0,0.0,False
PXD,2023-01-26,2023-01-26,2023-03-09,43.0,2285.0,2.6,False,0.0033,-0.1476,0.0221,1.91,-3.0,29.0,0.0,PXD_2023-01-26,0.0033,1.91,-3.0,both,0.0,0.0,False
PXMD,2023-03-23,2023-03-29,2023-04-04,13.0,580.0,27.7,False,0.3068,-0.0957,0.4716,0.43,-9.0,-7.0,0.0,PXMD_2023-03-23,0.3068,0.43,-9.0,both,0.0,0.0,False
PYPL,2020-01-29,2020-01-29,2020-02-28,31.0,432.0,4.0,False,0.0012,-0.0743,0.0634,1.14,21.0,30.0,0.0,PYPL_2020-01-29,0.0012,1.14,21.0,both,0.0,0.0,False
PYPL,2020-05-05,2020-05-07,2020-05-07,3.0,1029.0,21.6,False,0.183,0.0,0.183,2.09,0.0,0.0,0.0,PYPL_2020-05-05,0.183,2.09,0.0,both,0.0,0.0,False
PYPL,2020-06-18,2020-07-29,2020-07-30,43.0,3378.0,15.9,False,0.1268,0.0428,0.2045,1.07,6.0,1.0,0.0,PYPL_2020-06-18,0.1268,1.07,6.0,both,0.0,0.0,False
PYPL,2020-10-21,2020-10-21,2020-10-23,3.0,414.0,7.2,False,0.055,-0.0471,0.055,1.62,0.0,0.0,0.0,PYPL_2020-10-21,0.055,1.62,0.0,both,0.0,0.0,False
PYPL,2021-01-27,2021-02-19,2021-02-24,29.0,4139.0,9.0,False,0.1905,-0.0727,0.2647,1.67,-3.0,-15.0,0.0,PYPL_2021-01-27,0.1905,1.67,-3.0,both,0.0,0.0,False
PYPL,2021-07-28,2021-07-28,2021-08-04,8.0,553.0,5.0,False,0.005,-0.0877,0.0268,2.07,-5.0,1.0,0.0,PYPL_2021-07-28,0.005,2.07,-5.0,both,0.0,0.0,False
PYPL,2021-10-20,2021-11-09,2021-11-24,36.0,8120.0,55.3,False,-0.2439,-0.0813,0.0,3.98,-21.0,0.0,0.0,PYPL_2021-10-20,-0.2439,3.98,-21.0,both,0.0,0.0,False
PYPL,2022-02-01,2022-02-02,2022-02-03,3.0,3227.0,27.5,False,-0.229,-0.0624,0.0224,4.95,-1.0,0.0,0.0,PYPL_2022-02-01,-0.229,4.95,-1.0,both,0.0,0.0,False
PYPL,2022-04-20,2022-04-27,2022-04-28,9.0,1629.0,11.8,False,-0.2031,0.1148,0.0,1.7,-8.0,1.0,0.0,PYPL_2022-04-20,-0.2031,1.7,-8.0,both,0.0,0.0,False
PYPL,2022-10-08,2022-10-10,2022-10-11,4.0,1808.0,52.1,False,-0.0627,-0.0169,0.0471,1.47,-4.0,0.0,0.0,PYPL_2022-10-08,-0.0627,1.47,-4.0,both,0.0,0.0,False
PYPL,2023-01-31,2023-02-09,2023-02-10,11.0,885.0,32.9,False,-0.0153,0.0303,0.0919,1.45,-7.0,1.0,0.0,PYPL_2023-01-31,-0.0153,1.45,-7.0,both,0.0,0.0,False
PYPL,2023-05-08,2023-05-09,2023-05-13,6.0,1240.0,34.0,False,-0.1209,-0.064,0.0073,3.97,-1.0,0.0,0.0,PYPL_2023-05-08,-0.1209,3.97,-1.0,both,0.0,0.0,False
PYPL,2023-07-13,2023-07-18,2023-07-19,7.0,1005.0,5.3,False,0.0535,-0.002,0.0535,0.7,0.0,3.0,0.0,PYPL_2023-07-13,0.0535,0.7,0.0,both,0.0,0.0,False
PYPL,2023-08-02,2023-08-03,2023-08-09,8.0,1716.0,6.6,False,-0.1503,-0.0337,0.0038,1.95,-3.0,0.0,0.0,PYPL_2023-08-02,-0.1503,1.95,-3.0,both,0.0,0.0,False
PYPL,2024-01-19,2024-01-25,2024-01-26,8.0,2418.0,27.9,False,-0.0222,0.0176,0.0601,1.96,-6.0,-3.0,0.0,PYPL_2024-01-19,-0.0222,1.96,-6.0,both,0.0,0.0,False
PYPL,2024-04-26,2024-04-30,2024-04-30,5.0,402.0,18.7,False,0.0596,0.0,0.0596,2.68,0.0,0.0,0.0,PYPL_2024-04-26,0.0596,2.68,0.0,both,0.0,0.0,False
PYPL,2025-10-06,2025-10-10,2025-10-16,11.0,436.0,7.3,False,0.0085,-0.0543,0.0994,1.41,-2.0,-3.0,0.0,PYPL_2025-10-06,0.0085,1.4,-2.0,both,0.0,0.010000000000000009,False
PYPL,2026-01-12,2026-02-03,2026-02-04,24.0,2304.0,86.3,False,-0.2768,-0.0161,0.0147,1.72,-27.0,0.0,0.0,PYPL_2026-01-12,-0.2768,1.75,-27.0,both,0.0,0.030000000000000027,False
QBTS,2025-03-13,2025-03-14,2025-03-20,8.0,377.0,14.1,False,0.744,-0.1438,0.921,3.01,3.0,0.0,0.0,QBTS_2025-03-13,0.744,3.01,3.0,both,0.0,0.0,False
QBTS,2025-05-20,2025-05-20,2025-05-27,8.0,531.0,21.4,False,0.2593,0.0598,0.4479,3.38,2.0,0.0,0.0,QBTS_2025-05-20,0.2593,3.38,2.0,both,0.0,0.0,False
QBTS,2025-09-17,2025-10-23,2025-10-24,38.0,524.0,32.6,False,0.6365,0.0512,1.3593,2.27,-8.0,-36.0,0.0,QBTS_2025-09-17,0.6365,2.27,-8.0,both,0.0,0.0,False
QCOM,2021-02-03,2021-02-19,2021-02-19,17.0,1196.0,24.8,False,-0.1204,0.0,0.0,2.04,-17.0,-15.0,0.0,QCOM_2021-02-03,-0.1204,2.04,-17.0,both,0.0,0.0,False
QCOM,2021-11-03,2021-11-04,2021-11-05,3.0,312.0,12.4,False,0.1544,0.0443,0.233,4.17,5.0,0.0,0.0,QCOM_2021-11-03,0.1544,4.17,5.0,both,0.0,0.0,False
QCOM,2022-01-04,2022-02-02,2022-02-03,31.0,1142.0,39.6,False,0.0107,-0.0484,0.0133,1.55,-19.0,1.0,0.0,QCOM_2022-01-04,0.0107,1.55,-19.0,both,0.0,0.0,False
QCOM,2024-09-20,2024-09-20,2024-09-23,4.0,421.0,44.3,False,-0.0287,-0.0175,0.0,2.43,-1.0,0.0,0.0,QCOM_2024-09-20,-0.0287,2.43,-1.0,both,0.0,0.0,False
QCOM,2026-04-24,2026-04-29,2026-04-30,7.0,406.0,78.8,False,0.1646,0.1512,0.3927,3.99,6.0,1.0,0.0,QCOM_2026-04-24,0.1646,4.04,6.0,both,0.0,0.04999999999999982,False
QLGN,2021-11-23,2021-11-29,2021-12-01,9.0,760.0,220.0,False,0.264,-0.0759,1.048,26.18,-6.0,-6.0,0.0,QLGN_2021-11-23,0.264,26.18,-6.0,both,0.0,0.0,False
QUBT,2024-11-14,2025-01-08,2025-01-16,64.0,4216.0,59.3,False,2.7256,0.0979,8.6541,7.67,-21.0,-55.0,0.0,QUBT_2024-11-14,2.7256,7.67,-21.0,both,0.0,0.0,False
QUBT,2025-05-16,2025-06-11,2025-06-18,34.0,697.0,12.6,False,1.053,0.0063,1.2965,4.02,5.0,0.0,0.0,QUBT_2025-05-16,1.053,4.02,5.0,both,0.0,0.0,False
QUBT,2025-09-19,2025-10-23,2025-10-25,37.0,1238.0,16.3,False,-0.1313,-0.0257,0.3417,2.84,-20.0,-20.0,0.0,QUBT_2025-09-19,-0.1313,2.84,-20.0,both,0.0,0.0,False
QUBT,2026-05-21,2026-05-21,2026-06-04,15.0,360.0,9.1,False,0.1935,-0.0193,0.296,1.46,11.0,1.0,0.0,QUBT_2026-05-21,0.1935,1.47,11.0,both,0.0,0.010000000000000009,False
RACA,2021-01-27,2021-01-28,2021-02-19,24.0,1165.0,6.4,False,-0.0408,0.1037,0.206,1.94,14.0,13.0,0.0,RACA_2021-01-27,-0.0408,1.94,14.0,both,0.0,0.0,False
RACE,2021-01-26,2021-01-29,2021-02-10,16.0,666.0,7.2,False,-0.0094,-0.0049,0.0325,1.8,3.0,5.0,0.0,RACE_2021-01-26,-0.0094,1.8,3.0,both,0.0,0.0,False
RAD,2023-08-02,2023-08-04,2023-08-09,8.0,829.0,34.2,False,0.5765,-0.0522,0.6647,14.44,4.0,-2.0,0.0,RAD_2023-08-02,0.5765,14.44,4.0,both,0.0,0.0,False
RAPT,2021-01-27,2021-01-28,2021-02-19,24.0,1165.0,6.5,False,-0.0492,0.0333,0.0686,0.53,15.0,-1.0,0.0,RAPT_2021-01-27,-0.0492,0.53,15.0,both,0.0,0.0,False
RAPT,2021-06-14,2021-06-14,2021-07-01,18.0,304.0,5.4,False,1.1551,-0.2314,1.1551,22.64,0.0,0.0,0.0,RAPT_2021-06-14,1.1551,22.64,0.0,both,0.0,0.0,False
RAVE,2021-11-22,2021-11-23,2021-11-29,8.0,384.0,111.0,False,0.1154,-0.1103,0.1769,1.46,1.0,0.0,0.0,RAVE_2021-11-22,0.1154,1.46,1.0,both,0.0,0.0,False
RAYA,2025-07-21,2025-07-23,2025-07-24,4.0,855.0,381.0,False,-0.9415,0.1587,0.0065,64.35,-7.0,-2.0,0.0,RAYA_2025-07-21,-0.9415,64.15,-7.0,both,0.0,0.19999999999998863,False
RBC,2021-01-26,2021-01-28,2021-01-29,4.0,1437.0,115.4,False,-0.0548,-0.004,0.0025,0.96,-7.0,5.0,0.0,RBC_2021-01-26,-0.0548,0.96,-7.0,both,0.0,0.0,False
RBC,2021-04-08,2021-04-17,2021-04-18,11.0,562.0,41.5,False,0.0137,0.0,0.0364,0.57,6.0,3.0,0.0,RBC_2021-04-08,0.0137,0.57,6.0,both,0.0,0.0,False
RBC,2021-09-16,2021-09-16,2021-10-04,19.0,346.0,5.6,False,-0.0162,0.0248,0.0142,1.99,13.0,18.0,0.0,RBC_2021-09-16,-0.0162,1.99,13.0,both,0.0,0.0,False
RBLX,2021-05-24,2021-05-27,2021-05-28,5.0,1816.0,9.9,False,0.1815,-0.038,0.2104,1.69,6.0,-6.0,0.0,RBLX_2021-05-24,0.1815,1.69,6.0,both,0.0,0.0,False
RBLX,2021-10-28,2021-11-09,2021-11-10,14.0,1255.0,38.1,False,0.3575,-0.1302,0.3575,3.1,0.0,0.0,0.0,RBLX_2021-10-28,0.3575,3.1,0.0,both,0.0,0.0,False
RBLX,2021-12-30,2021-12-31,2022-01-19,21.0,1898.0,9.7,False,0.0598,-0.2617,0.0788,1.02,-4.0,24.0,0.0,RBLX_2021-12-30,0.0598,1.02,-4.0,both,0.0,0.0,False
RBLX,2022-02-10,2022-02-15,2022-02-16,7.0,2695.0,20.2,False,0.04,-0.2651,0.04,1.94,0.0,1.0,0.0,RBLX_2022-02-10,0.04,1.94,0.0,both,0.0,0.0,False
RBLX,2022-05-10,2022-05-10,2022-05-12,3.0,774.0,14.9,False,-0.0577,0.2324,0.3397,3.88,3.0,1.0,0.0,RBLX_2022-05-10,-0.0577,3.88,3.0,both,0.0,0.0,False
RBLX,2025-08-18,2025-08-18,2025-08-21,4.0,380.0,8.6,False,0.0222,-0.0425,0.0804,1.11,-5.0,-3.0,0.0,RBLX_2025-08-18,0.0222,1.11,-5.0,both,0.0,0.0,False
RBNE,2026-02-26,2026-03-02,2026-03-10,13.0,371.0,11.2,False,-0.1005,-0.4469,0.0176,10.5,-3.0,0.0,0.0,RBNE_2026-02-26,-0.1005,10.73,-3.0,both,0.0,0.23000000000000043,False
RCAT,2024-11-20,2024-11-25,2024-12-04,15.0,447.0,33.3,False,1.0274,-0.127,1.4831,6.32,4.0,-5.0,0.0,RCAT_2024-11-20,1.0274,6.32,4.0,both,0.0,0.0,False
RCAT,2024-12-16,2024-12-16,2024-12-31,16.0,852.0,7.1,False,0.2697,0.2297,0.712,2.03,14.0,0.0,0.0,RCAT_2024-12-16,0.2697,2.03,14.0,both,0.0,0.0,False
RCKY,2021-01-26,2021-01-29,2021-02-06,12.0,455.0,10.3,False,0.0153,0.0592,0.0793,0.99,10.0,-4.0,0.0,RCKY_2021-01-26,0.0153,0.99,10.0,both,0.0,0.0,False
RCL,2020-02-25,2020-03-10,2020-03-16,21.0,2312.0,60.0,False,-0.4652,-0.4206,0.1365,5.05,-19.0,0.0,0.0,RCL_2020-02-25,-0.4652,5.05,-19.0,both,0.0,0.0,False
RCL,2020-06-05,2020-06-05,2020-06-16,12.0,566.0,6.6,False,0.2037,-0.0999,0.3021,1.45,3.0,0.0,0.0,RCL_2020-06-05,0.2037,1.45,3.0,both,0.0,0.0,False
RDBX,2022-04-21,2022-05-02,2022-05-03,13.0,682.0,52.6,False,2.3583,-0.2239,2.3583,47.08,0.0,0.0,0.0,RDBX_2022-04-21,2.3583,47.08,0.0,both,0.0,0.0,False
RDBX,2022-06-10,2022-06-13,2022-06-17,8.0,1621.0,7.8,False,0.6125,-0.2135,0.6125,1.5,0.0,-3.0,0.0,RDBX_2022-06-10,0.6125,1.5,0.0,both,0.0,0.0,False
RDDT,2024-05-13,2024-06-03,2024-06-14,33.0,86273.0,9.3,False,0.0424,0.0921,0.2316,1.29,9.0,-17.0,0.0,RDDT_2024-05-13,0.0424,1.29,9.0,both,0.0,0.0,False
RDDT,2024-10-29,2025-02-13,2025-07-02,247.0,217559.0,4.6,True,1.5722,-0.2225,1.8267,1.88,-6.0,-106.0,0.0,RDDT_2024-10-29,1.5722,1.88,-6.0,both,0.0,0.0,False
RDDT,2025-09-10,2025-10-22,2025-11-25,77.0,80605.0,4.2,True,-0.1796,0.1088,0.127,0.94,-34.0,9.0,0.0,RDDT_2025-09-10,-0.1796,0.94,-34.0,both,0.0,0.0,False
RDDT,2026-01-27,2026-02-06,2026-02-13,18.0,16086.0,2.9,False,-0.3455,-0.0013,0.0246,2.08,-14.0,0.0,0.0,RDDT_2026-01-27,-0.3455,2.08,-14.0,both,0.0,0.0,False
RDDT,2026-05-12,2026-05-12,2026-06-04,24.0,22424.0,2.7,False,-0.0449,0.2072,0.153,1.03,23.0,8.0,0.0,RDDT_2026-05-12,-0.0449,1.03,23.0,both,0.0,0.0,False
RDW,2026-01-05,2026-01-27,2026-01-27,23.0,304.0,12.4,False,0.5725,0.0,0.5725,2.19,0.0,0.0,0.0,RDW_2026-01-05,0.5725,2.19,0.0,both,0.0,0.0,False
RDW,2026-05-22,2026-05-27,2026-06-12,22.0,596.0,15.4,False,0.5635,-0.37,0.6873,1.7,1.0,0.0,0.0,RDW_2026-05-22,0.5635,1.7,1.0,both,0.0,0.0,False
REE,2021-09-07,2021-09-14,2021-09-27,21.0,750.0,7.2,False,-0.0433,-0.0236,0.0901,1.24,-5.0,-12.0,0.0,REE_2021-09-07,-0.0433,1.24,-5.0,both,0.0,0.0,False
REE,2021-11-03,2021-11-12,2021-11-18,16.0,538.0,6.8,False,-0.0421,-0.0801,0.0371,2.87,-4.0,3.0,0.0,REE_2021-11-03,-0.0421,2.87,-4.0,both,0.0,0.0,False
REGI,2020-12-29,2021-01-07,2021-03-21,83.0,3886.0,5.7,True,0.1881,-0.234,0.5341,0.99,34.0,69.0,0.0,REGI_2020-12-29,0.1881,0.99,34.0,both,0.0,0.0,False
REGN,2020-10-02,2020-10-08,2020-10-08,7.0,683.0,95.9,False,0.0559,0.0,0.0701,2.67,5.0,-3.0,0.0,REGN_2020-10-02,0.0559,2.67,5.0,both,0.0,0.0,False
REKR,2024-12-27,2024-12-30,2025-01-11,16.0,531.0,45.2,False,0.8235,-0.0215,1.3627,16.7,7.0,0.0,0.0,REKR_2024-12-27,0.8235,16.76,7.0,both,0.0,0.060000000000002274,False
RELI,2021-12-13,2021-12-21,2021-12-22,10.0,403.0,113.0,False,1.6202,-0.1119,1.6202,10.33,0.0,0.0,0.0,RELI_2021-12-13,1.6202,10.33,0.0,both,0.0,0.0,False
REV,2022-06-14,2022-06-22,2022-06-24,11.0,1199.0,108.4,False,5.9573,-0.0233,5.9573,134.64,0.0,-1.0,0.0,REV_2022-06-14,5.9573,134.64,0.0,both,0.0,0.0,False
REV,2022-08-01,2022-08-02,2022-08-08,8.0,690.0,17.1,False,0.9888,-0.0574,0.9888,5.39,0.0,-1.0,0.0,REV_2022-08-01,0.9888,5.39,0.0,both,0.0,0.0,False
RF,2022-02-15,2022-02-21,2022-02-24,10.0,531.0,32.7,False,-0.0334,-0.0262,0.0314,1.0,-6.0,-4.0,0.0,RF_2022-02-15,-0.0334,1.0,-6.0,both,0.0,0.0,False
RGP,2021-01-21,2021-01-28,2021-02-04,15.0,1659.0,16.6,False,-0.0514,0.0398,0.0233,0.96,11.0,-9.0,0.0,RGP_2021-01-21,-0.0514,0.96,11.0,both,0.0,0.0,False
RGP,2021-04-06,2021-04-11,2021-07-22,108.0,6502.0,5.8,True,0.0325,0.1001,0.177,0.9,106.0,102.0,0.0,RGP_2021-04-06,0.0325,0.9,106.0,both,0.0,0.0,False
RGP,2021-10-23,2021-10-23,2021-11-02,11.0,626.0,2.3,False,,,0.0669,0.79,13.0,12.0,0.0,RGP_2021-10-23,,0.79,13.0,both,,0.0,False
RGP,2022-03-24,2022-03-25,2022-04-28,36.0,1705.0,4.1,False,0.0278,0.0365,0.1077,1.02,26.0,35.0,0.0,RGP_2022-03-24,0.0278,1.02,26.0,both,0.0,0.0,False
RGP,2022-11-14,2022-11-14,2022-11-22,9.0,339.0,3.5,False,0.0103,0.0484,0.0592,0.91,8.0,1.0,0.0,RGP_2022-11-14,0.0103,0.91,8.0,both,0.0,0.0,False
RGTI,2024-11-25,2025-01-08,2025-01-15,52.0,3302.0,183.2,False,4.7701,0.0896,10.4943,10.07,-6.0,7.0,0.0,RGTI_2024-11-25,4.7701,10.1,-6.0,both,0.0,0.02999999999999936,False
RGTI,2025-03-05,2025-03-06,2025-03-14,10.0,311.0,6.2,False,0.0827,0.3184,0.4275,0.93,8.0,8.0,0.0,RGTI_2025-03-05,0.0827,0.94,8.0,both,0.0,0.009999999999999898,False
RIDE,2021-01-22,2021-01-28,2021-02-04,14.0,4784.0,49.8,False,0.0546,0.0825,0.1508,0.76,12.0,-2.0,0.0,RIDE_2021-01-22,0.0546,0.76,12.0,both,0.0,0.0,False
RIDE,2021-03-12,2021-03-12,2021-03-22,11.0,1363.0,7.3,False,-0.1654,-0.0981,0.0,2.45,-1.0,0.0,0.0,RIDE_2021-03-12,-0.1654,2.45,-1.0,both,0.0,0.0,False
RIDE,2021-05-18,2021-06-09,2021-06-17,31.0,4276.0,19.0,False,0.3369,-0.0819,0.5952,3.29,-2.0,0.0,0.0,RIDE_2021-05-18,0.3369,3.29,-2.0,both,0.0,0.0,False
RIG,2021-06-24,2021-06-29,2021-07-09,16.0,560.0,13.7,False,0.0789,-0.0344,0.1787,1.8,3.0,-4.0,0.0,RIG_2021-06-24,0.0789,1.8,3.0,both,0.0,0.0,False
RILY,2024-02-29,2024-03-04,2024-03-15,16.0,470.0,11.3,False,0.0945,-0.1568,0.2404,1.34,2.0,0.0,0.0,RILY_2024-02-29,0.0945,1.34,2.0,both,0.0,0.0,False
RILY,2024-04-01,2024-04-03,2024-04-03,3.0,473.0,14.3,False,0.0846,0.0,0.2456,0.75,5.0,-6.0,0.0,RILY_2024-04-01,0.0846,0.75,5.0,both,0.0,0.0,False
RIME,2025-01-06,2025-01-07,2025-01-08,3.0,659.0,128.4,False,1.0359,-0.2727,1.0359,2.3,0.0,0.0,0.0,RIME_2025-01-06,1.0909,0.01,0.0,both,0.05499999999999994,2.29,False
RIOT,2020-05-07,2020-05-08,2020-05-14,8.0,369.0,63.9,False,0.4567,0.2324,0.7953,5.94,6.0,6.0,0.0,RIOT_2020-05-07,0.4567,5.94,6.0,both,0.0,0.0,False
RIOT,2020-11-17,2020-11-18,2020-11-24,8.0,719.0,73.1,False,0.2805,0.2971,0.7634,4.95,5.0,-1.0,0.0,RIOT_2020-11-17,0.2805,4.95,5.0,both,0.0,0.0,False
RIOT,2021-02-09,2021-02-17,2021-02-23,15.0,3688.0,17.2,False,1.3757,-0.3736,1.3757,2.14,0.0,1.0,0.0,RIOT_2021-02-09,1.3757,2.14,0.0,both,0.0,0.0,False
RIOT,2021-04-14,2021-04-14,2021-04-23,10.0,923.0,5.1,False,-0.1536,-0.2329,0.0,1.56,-1.0,0.0,0.0,RIOT_2021-04-14,-0.1536,1.56,-1.0,both,0.0,0.0,False
RIOT,2021-10-06,2021-10-15,2021-10-21,16.0,461.0,9.7,False,0.0573,0.0571,0.1936,1.96,5.0,0.0,0.0,RIOT_2021-10-06,0.0573,1.96,5.0,both,0.0,0.0,False
RIOT,2021-11-08,2021-11-09,2021-11-16,9.0,623.0,6.9,False,0.2658,-0.0743,0.4033,1.71,3.0,0.0,0.0,RIOT_2021-11-08,0.2658,1.71,3.0,both,0.0,0.0,False
RIVN,2022-04-28,2022-05-11,2022-05-12,15.0,1275.0,19.5,False,-0.3402,0.1796,0.0865,2.05,-7.0,-2.0,0.0,RIVN_2022-04-28,-0.3402,2.05,-7.0,both,0.0,0.0,False
RIVN,2023-06-29,2023-07-07,2023-07-13,15.0,1946.0,73.3,False,0.6872,0.0332,0.7698,3.29,5.0,0.0,0.0,RIVN_2023-06-29,0.6872,3.29,5.0,both,0.0,0.0,False
RIVN,2023-09-27,2023-10-05,2023-10-06,10.0,423.0,24.3,False,-0.1792,0.0356,0.0907,2.81,-6.0,0.0,0.0,RIVN_2023-09-27,-0.1792,2.81,-6.0,both,0.0,0.0,False
RIVN,2024-02-21,2024-02-21,2024-02-23,3.0,566.0,17.3,False,-0.0315,-0.3457,0.0258,3.7,-5.0,1.0,0.0,RIVN_2024-02-21,-0.0315,3.7,-5.0,both,0.0,0.0,False
RIVN,2025-02-18,2025-02-20,2025-02-21,4.0,447.0,21.6,False,-0.0299,-0.047,0.0292,1.87,-2.0,1.0,0.0,RIVN_2025-02-18,-0.0299,1.87,-2.0,both,0.0,0.0,False
RJAC,2022-08-06,2022-08-26,2022-08-26,21.0,1291.0,63.1,False,-0.004,0.0,0.0,0.04,-21.0,-17.0,0.0,RJAC_2022-08-06,-0.004,0.04,-21.0,both,0.0,0.0,False
RKLB,2021-09-03,2021-09-09,2021-09-10,8.0,1273.0,22.0,False,0.7816,-0.098,0.7816,5.61,0.0,0.0,0.0,RKLB_2021-09-03,0.7816,5.61,0.0,both,0.0,0.0,False
RKLB,2023-07-11,2023-07-18,2023-07-19,9.0,627.0,28.7,False,0.3116,0.0128,0.3283,1.72,1.0,0.0,0.0,RKLB_2023-07-11,0.3116,1.72,1.0,both,0.0,0.0,False
RKLB,2024-02-01,2024-02-27,2024-02-28,28.0,615.0,31.4,False,-0.0289,-0.0255,0.0598,2.66,-29.0,-26.0,0.0,RKLB_2024-02-01,-0.0289,2.66,-29.0,both,0.0,0.0,False
RKLB,2024-08-08,2024-08-16,2024-08-22,15.0,3706.0,101.4,False,0.4323,0.0427,0.5699,4.05,3.0,0.0,0.0,RKLB_2024-08-08,0.4323,4.05,3.0,both,0.0,0.0,False
RKLB,2024-09-25,2024-09-27,2024-10-08,14.0,1248.0,7.1,False,0.2885,-0.0378,0.2912,1.59,7.0,0.0,0.0,RKLB_2024-09-25,0.2885,1.59,7.0,both,0.0,0.0,False
RKLB,2024-11-11,2024-11-13,2024-11-14,4.0,2194.0,23.1,False,0.3938,-0.0781,0.5174,4.21,6.0,0.0,0.0,RKLB_2024-11-11,0.3938,4.21,6.0,both,0.0,0.0,False
RKLB,2025-01-21,2025-01-21,2025-01-24,4.0,761.0,5.5,False,0.3029,-0.0291,0.3154,2.17,2.0,0.0,0.0,RKLB_2025-01-21,0.3029,2.18,2.0,both,0.0,0.010000000000000231,False
RKLB,2025-05-27,2025-06-09,2025-06-10,15.0,1031.0,15.1,False,0.166,-0.0833,0.166,1.51,0.0,0.0,0.0,RKLB_2025-05-27,0.166,1.5,0.0,both,0.0,0.010000000000000009,False
RKLB,2025-07-14,2025-07-17,2025-07-23,10.0,1607.0,8.5,False,0.3151,-0.0425,0.3167,1.13,1.0,0.0,0.0,RKLB_2025-07-14,0.3151,1.13,1.0,both,0.0,0.0,False
RKLB,2025-10-08,2025-10-10,2025-10-15,8.0,668.0,6.4,False,0.0447,0.078,0.1262,1.21,5.0,0.0,0.0,RKLB_2025-10-08,0.0447,1.21,5.0,both,0.0,0.0,False
RKLB,2025-12-11,2025-12-22,2025-12-26,16.0,1875.0,11.8,False,0.3482,-0.089,0.3482,1.64,0.0,-3.0,0.0,RKLB_2025-12-11,0.3482,1.64,0.0,both,0.0,0.0,False
RKLB,2026-05-07,2026-05-08,2026-05-14,8.0,1613.0,13.1,False,0.246,0.2568,0.5659,1.85,6.0,0.0,0.0,RKLB_2026-05-07,0.246,1.86,6.0,both,0.0,0.010000000000000009,False
RKT,2020-11-09,2020-11-10,2020-11-11,3.0,2144.0,14.8,False,0.0136,-0.025,0.0629,2.38,6.0,0.0,0.0,RKT_2020-11-09,0.0136,2.38,6.0,both,0.0,0.0,False
RKT,2021-01-25,2021-01-27,2021-02-09,16.0,2588.0,7.7,False,0.1471,-0.0761,0.1566,1.93,-2.0,-2.0,0.0,RKT_2021-01-25,0.1471,1.93,-2.0,both,0.0,0.0,False
RKT,2021-02-25,2021-03-03,2021-03-03,7.0,31423.0,111.2,False,0.3784,0.0,1.0472,11.99,-1.0,-1.0,0.0,RKT_2021-02-25,0.3784,11.99,-1.0,both,0.0,0.0,False
RKT,2021-05-04,2021-05-05,2021-05-07,4.0,4426.0,19.1,False,0.0133,-0.2066,0.0178,3.69,-6.0,1.0,0.0,RKT_2021-05-04,0.0133,3.69,-6.0,both,0.0,0.0,False
RKT,2022-02-24,2022-03-03,2022-03-04,9.0,434.0,12.1,False,0.2617,0.0172,0.2834,1.49,1.0,-7.0,0.0,RKT_2022-02-24,0.2617,1.49,1.0,both,0.0,0.0,False
RKT,2025-07-21,2025-07-23,2025-07-23,3.0,3097.0,685.9,False,0.1587,0.0,0.1587,3.45,0.0,0.0,0.0,RKT_2025-07-21,0.1587,3.45,0.0,both,0.0,0.0,False
RMED,2021-06-03,2021-06-07,2021-06-11,9.0,446.0,55.4,False,1.457,-0.349,1.457,5.12,0.0,0.0,0.0,RMED_2021-06-03,1.457,5.12,0.0,both,0.0,0.0,False
RMG,2020-11-24,2020-12-24,2020-12-29,36.0,749.0,35.3,False,2.0088,-0.2059,2.0088,7.01,0.0,4.0,0.0,RMG_2020-11-24,2.0088,7.01,0.0,both,0.0,0.0,False
RMO,2021-03-31,2021-04-06,2021-04-07,8.0,665.0,53.0,False,0.2343,-0.1836,0.2343,9.5,0.0,0.0,0.0,RMO_2021-03-31,0.2343,9.5,0.0,both,0.0,0.0,False
RNG,2021-06-04,2021-06-04,2021-06-30,27.0,413.0,12.9,False,-0.0072,0.1777,0.235,0.63,24.0,-3.0,0.0,RNG_2021-06-04,-0.0072,0.63,24.0,both,0.0,0.0,False
ROAD,2020-03-17,2020-04-10,2020-05-13,58.0,1526.0,7.8,False,0.3373,-0.2385,0.4759,0.9,19.0,-24.0,0.0,ROAD_2020-03-17,0.3373,0.9,19.0,both,0.0,0.0,False
ROAD,2021-01-26,2021-01-27,2021-02-09,15.0,974.0,7.7,False,-0.0561,-0.0483,0.0409,1.3,-6.0,6.0,0.0,ROAD_2021-01-26,-0.0561,1.3,-6.0,both,0.0,0.0,False
ROAD,2021-09-14,2021-09-20,2021-10-05,22.0,890.0,4.4,False,-0.0206,0.0108,0.0289,1.02,-5.0,-3.0,0.0,ROAD_2021-09-14,-0.0206,1.02,-5.0,both,0.0,0.0,False
ROAD,2022-06-15,2022-06-15,2022-06-22,8.0,347.0,2.7,False,0.0194,-0.1093,0.0725,1.37,-5.0,9.0,0.0,ROAD_2022-06-15,0.0194,1.37,-5.0,both,0.0,0.0,False
ROAD,2024-01-24,2024-01-24,2024-02-23,31.0,412.0,2.8,False,0.0033,0.1121,0.2028,1.61,15.0,7.0,0.0,ROAD_2024-01-24,0.0033,1.61,15.0,both,0.0,0.0,False
ROAD,2025-09-26,2025-10-15,2025-10-15,20.0,309.0,3.2,False,-0.0933,0.0,0.0688,0.93,-23.0,-22.0,0.0,ROAD_2025-09-26,-0.0933,0.93,-23.0,both,0.0,0.0,False
ROCK,2021-01-26,2021-01-29,2021-02-04,10.0,617.0,29.7,False,-0.0633,0.0517,0.0149,0.66,10.0,11.0,0.0,ROCK_2021-01-26,-0.0633,0.66,10.0,both,0.0,0.0,False
ROKU,2020-02-13,2020-02-14,2020-02-19,7.0,546.0,11.8,False,-0.0581,-0.0283,0.0055,3.01,-1.0,0.0,0.0,ROKU_2020-02-13,-0.0581,3.01,-1.0,both,0.0,0.0,False
ROKU,2020-04-15,2020-04-16,2020-04-21,7.0,625.0,20.1,False,0.2015,-0.0347,0.2207,1.88,4.0,0.0,0.0,ROKU_2020-04-15,0.2015,1.88,4.0,both,0.0,0.0,False
ROKU,2020-06-16,2020-06-16,2020-06-19,4.0,667.0,16.7,False,0.1239,0.0637,0.2074,2.03,6.0,2.0,0.0,ROKU_2020-06-16,0.1239,2.03,6.0,both,0.0,0.0,False
ROKU,2020-12-09,2020-12-17,2020-12-28,20.0,550.0,7.1,False,0.0763,0.0332,0.1778,1.06,6.0,0.0,0.0,ROKU_2020-12-09,0.0763,1.06,6.0,both,0.0,0.0,False
ROKU,2022-04-21,2022-04-28,2022-04-28,8.0,373.0,55.4,False,-0.1637,0.0,0.0658,1.62,-9.0,1.0,0.0,ROKU_2022-04-21,-0.1637,1.62,-9.0,both,0.0,0.0,False
ROST,2022-05-18,2022-05-19,2022-05-20,3.0,367.0,225.0,False,-0.0039,-0.2247,0.0,5.57,-2.0,1.0,0.0,ROST_2022-05-18,-0.0039,5.57,-2.0,both,0.0,0.0,False
RPAY,2021-01-27,2021-01-28,2021-02-02,7.0,1503.0,121.8,False,-0.0426,0.0553,0.0364,1.18,8.0,1.0,0.0,RPAY_2021-01-27,-0.0426,1.18,8.0,both,0.0,0.0,False
RTP,2021-01-22,2021-02-24,2021-03-10,48.0,1340.0,11.3,False,-0.0182,-0.1842,0.1451,5.04,-8.0,0.0,0.0,RTP_2021-01-22,-0.0182,5.04,-8.0,both,0.0,0.0,False
RTTR,2020-05-05,2020-05-05,2020-05-20,16.0,640.0,88.0,False,0.8768,-0.2922,1.1173,5.67,7.0,0.0,0.0,RTTR_2020-05-05,0.8768,5.67,7.0,both,0.0,0.0,False
RTX,2023-07-25,2023-07-25,2023-07-28,4.0,728.0,78.3,False,-0.1022,0.0028,0.0015,5.92,-5.0,0.0,0.0,RTX_2023-07-25,-0.1022,5.92,-5.0,both,0.0,0.0,False
RVSN,2024-12-26,2024-12-31,2025-01-16,22.0,3251.0,397.0,False,3.588,-0.455,4.349,9.92,-1.0,-4.0,0.0,RVSN_2024-12-26,3.588,6.99,2.0,both,0.0,2.9299999999999997,True
RXRX,2024-11-29,2024-12-02,2024-12-10,12.0,359.0,15.4,False,0.1881,-0.0158,0.2962,2.06,7.0,7.0,0.0,RXRX_2024-11-29,0.1881,2.06,7.0,both,0.0,0.0,False
RZLV,2025-09-09,2025-10-01,2025-10-13,35.0,1124.0,7.7,False,0.0952,0.0791,0.671,2.45,-16.0,0.0,0.0,RZLV_2025-09-09,0.0952,2.46,-16.0,both,0.0,0.009999999999999787,False
SAVA,2021-02-02,2021-02-04,2021-02-05,4.0,1405.0,185.0,False,1.759,-0.2937,2.8256,12.03,-1.0,-2.0,0.0,SAVA_2021-02-02,1.759,12.03,-1.0,both,0.0,0.0,False
SAVA,2021-07-21,2021-07-30,2021-08-03,14.0,432.0,12.8,False,-0.2345,0.2205,0.4896,3.32,-2.0,0.0,0.0,SAVA_2021-07-21,-0.2345,3.32,-2.0,both,0.0,0.0,False
SAVA,2021-08-25,2021-08-25,2021-08-27,3.0,358.0,9.6,False,-0.3138,-0.2785,0.0,4.97,-1.0,2.0,0.0,SAVA_2021-08-25,-0.3138,4.97,-1.0,both,0.0,0.0,False
SAVA,2021-11-02,2021-11-04,2021-11-05,4.0,571.0,24.0,False,0.8304,0.0771,0.9716,7.29,1.0,0.0,0.0,SAVA_2021-11-02,0.8304,7.29,1.0,both,0.0,0.0,False
SAVA,2022-09-20,2022-09-22,2022-09-28,9.0,353.0,17.0,False,0.6851,-0.1414,0.6851,4.57,0.0,0.0,0.0,SAVA_2022-09-20,0.6851,4.57,0.0,both,0.0,0.0,False
SAVE,2020-06-03,2020-06-04,2020-06-11,9.0,765.0,10.3,False,0.4507,-0.235,0.764,2.4,4.0,0.0,0.0,SAVE_2020-06-03,0.4507,2.4,4.0,both,0.0,0.0,False
SAVE,2021-01-25,2021-01-27,2021-02-05,12.0,2470.0,96.6,False,-0.0802,0.1745,0.1811,1.43,14.0,7.0,0.0,SAVE_2021-01-25,-0.0802,1.43,14.0,both,0.0,0.0,False
SAVE,2023-11-17,2023-11-17,2023-12-05,19.0,438.0,11.1,False,0.1906,0.0998,0.4923,1.43,17.0,18.0,0.0,SAVE_2023-11-17,0.1906,1.43,17.0,both,0.0,0.0,False
SAVE,2024-01-08,2024-01-16,2024-01-24,17.0,2076.0,34.7,False,-0.5013,-0.1035,0.0233,13.67,-8.0,2.0,0.0,SAVE_2024-01-08,-0.5013,13.67,-8.0,both,0.0,0.0,False
SAVE,2024-10-21,2024-10-23,2024-10-31,11.0,328.0,11.5,False,1.0952,-0.2208,1.0952,4.13,0.0,-2.0,0.0,SAVE_2024-10-21,1.0952,4.13,0.0,both,0.0,0.0,False
SBAC,2021-01-27,2021-01-28,2021-02-01,6.0,303.0,15.1,False,-0.0275,0.0312,0.0159,1.03,5.0,6.0,0.0,SBAC_2021-01-27,-0.0275,1.03,5.0,both,0.0,0.0,False
SBE,2020-09-16,2020-09-24,2020-10-08,23.0,1138.0,143.0,False,0.1923,0.1814,0.4928,28.34,6.0,0.0,0.0,SBE_2020-09-16,0.1923,28.34,6.0,both,0.0,0.0,False
SBE,2020-11-17,2020-11-23,2020-11-25,9.0,1801.0,18.2,False,0.8725,0.0252,1.0401,6.32,4.0,1.0,0.0,SBE_2020-11-17,0.8725,6.32,4.0,both,0.0,0.0,False
SBFM,2022-04-07,2022-04-11,2022-04-19,13.0,303.0,25.9,False,-0.248,-0.1332,0.5342,2.56,-4.0,-6.0,0.0,SBFM_2022-04-07,-0.248,2.56,-4.0,both,0.0,0.0,False
SBUX,2020-01-28,2020-01-28,2020-01-31,4.0,361.0,6.1,False,-0.0015,-0.0426,0.0566,1.95,-5.0,1.0,0.0,SBUX_2020-01-28,-0.0015,1.95,-5.0,both,0.0,0.0,False
SBUX,2020-03-18,2020-03-19,2020-04-09,23.0,2098.0,5.3,False,0.0412,0.2031,0.2526,1.41,21.0,-1.0,0.0,SBUX_2020-03-18,0.0412,1.41,21.0,both,0.0,0.0,False
SBUX,2020-06-10,2020-06-12,2020-06-12,3.0,382.0,5.1,False,-0.0727,0.0,0.0144,2.36,-4.0,-1.0,0.0,SBUX_2020-06-10,-0.0727,2.36,-4.0,both,0.0,0.0,False
SBUX,2020-12-04,2020-12-04,2020-12-21,18.0,434.0,3.3,False,0.0217,0.0065,0.0527,0.99,6.0,6.0,0.0,SBUX_2020-12-04,0.0217,0.99,6.0,both,0.0,0.0,False
SBUX,2021-01-26,2021-01-30,2021-02-02,8.0,821.0,11.3,False,-0.0642,0.05,0.0293,1.81,6.0,-3.0,0.0,SBUX_2021-01-26,-0.0642,1.81,6.0,both,0.0,0.0,False
SBUX,2021-09-15,2021-09-15,2021-09-22,8.0,324.0,5.7,False,-0.0355,-0.0137,0.004,1.69,-5.0,0.0,0.0,SBUX_2021-09-15,-0.0355,1.69,-5.0,both,0.0,0.0,False
SBUX,2021-10-24,2021-10-29,2021-11-15,23.0,638.0,6.1,False,-0.074,0.0547,0.0206,1.78,7.0,0.0,0.0,SBUX_2021-10-24,-0.074,1.78,7.0,both,0.0,0.0,False
SBUX,2022-01-11,2022-02-01,2022-02-03,24.0,1063.0,11.5,False,-0.0686,-0.0286,0.0482,1.89,-26.0,-12.0,0.0,SBUX_2022-01-11,-0.0686,1.89,-26.0,both,0.0,0.0,False
SBUX,2022-09-03,2022-09-13,2022-09-15,13.0,316.0,3.9,False,0.0591,0.0499,0.1177,2.2,1.0,1.0,0.0,SBUX_2022-09-03,0.0591,2.2,1.0,both,0.0,0.0,False
SBUX,2023-02-02,2023-02-05,2023-02-05,4.0,446.0,26.7,False,-0.0517,0.0,0.0,1.96,-4.0,-2.0,0.0,SBUX_2023-02-02,-0.0517,1.96,-4.0,both,0.0,0.0,False
SBUX,2023-11-02,2023-11-15,2023-11-19,18.0,329.0,6.5,False,0.1607,-0.0043,0.1736,1.52,1.0,-13.0,0.0,SBUX_2023-11-02,0.1607,1.52,1.0,both,0.0,0.0,False
SBUX,2024-01-28,2024-01-30,2024-02-01,5.0,536.0,21.5,False,0.0138,-0.0075,0.0309,2.3,7.0,1.0,0.0,SBUX_2024-01-28,0.0138,2.3,7.0,both,0.0,0.0,False
SBUX,2024-04-30,2024-05-01,2024-05-02,3.0,1041.0,40.1,False,-0.1573,0.0066,0.0018,4.47,-1.0,0.0,0.0,SBUX_2024-04-30,-0.1573,4.47,-1.0,both,0.0,0.0,False
SBUX,2024-07-08,2024-07-19,2024-07-20,13.0,367.0,8.4,False,0.0423,0.0,0.0423,1.25,0.0,0.0,0.0,SBUX_2024-07-08,0.0423,1.25,0.0,both,0.0,0.0,False
SBUX,2024-07-30,2024-07-30,2024-08-02,4.0,348.0,7.7,False,0.0098,-0.0008,0.0366,1.38,1.0,-5.0,0.0,SBUX_2024-07-30,0.0098,1.38,1.0,both,0.0,0.0,False
SBUX,2024-08-13,2024-08-13,2024-08-15,3.0,1599.0,27.7,False,0.245,-0.0106,0.245,5.41,0.0,0.0,0.0,SBUX_2024-08-13,0.245,5.41,0.0,both,0.0,0.0,False
SBUX,2025-01-26,2025-01-28,2025-01-29,4.0,490.0,24.4,False,0.0162,0.0814,0.1031,3.06,2.0,1.0,0.0,SBUX_2025-01-26,0.0162,3.09,2.0,both,0.0,0.029999999999999805,False
SCHW,2023-03-13,2023-03-13,2023-03-24,12.0,703.0,92.8,False,-0.1157,0.026,0.2981,5.63,-5.0,0.0,0.0,SCHW_2023-03-13,-0.1157,5.63,-5.0,both,0.0,0.0,False
SCWO,2025-10-07,2025-10-09,2025-10-10,4.0,1562.0,649.0,False,0.8152,0.1412,1.1212,108.22,-1.0,-1.0,0.0,SCWO_2025-10-07,0.8182,110.15,-1.0,both,0.0030000000000000027,1.9300000000000068,False
SDC,2020-05-06,2020-05-12,2020-05-13,8.0,1700.0,92.0,False,0.1985,-0.0457,0.3615,1.67,-1.0,0.0,0.0,SDC_2020-05-06,0.1985,1.67,-1.0,both,0.0,0.0,False
SDC,2021-02-22,2021-02-22,2021-03-04,11.0,304.0,8.1,False,0.0252,-0.1311,0.0261,0.81,-5.0,11.0,0.0,SDC_2021-02-22,0.0252,0.81,-5.0,both,0.0,0.0,False
SDC,2021-05-26,2021-06-09,2021-06-10,16.0,835.0,71.3,False,0.2826,-0.0201,0.2826,1.79,0.0,0.0,0.0,SDC_2021-05-26,0.2826,1.79,0.0,both,0.0,0.0,False
SDC,2021-09-13,2021-09-17,2021-09-27,15.0,11258.0,82.6,False,0.301,-0.1119,0.301,5.59,0.0,0.0,0.0,SDC_2021-09-13,0.301,5.59,0.0,both,0.0,0.0,False
SEAS,2020-03-06,2020-03-06,2020-03-30,25.0,570.0,38.7,False,-0.0247,-0.4496,0.2335,2.41,-4.0,19.0,0.0,SEAS_2020-03-06,-0.0247,2.41,-4.0,both,0.0,0.0,False
SEGG,2026-04-28,2026-05-28,2026-05-29,32.0,805.0,8.0,False,0.7568,0.0305,1.571,2.22,-10.0,-30.0,0.0,SEGG_2026-04-28,0.7559,2.24,-10.0,both,0.0009000000000000119,0.020000000000000018,False
SENS,2021-01-14,2021-02-16,2021-03-04,50.0,4273.0,205.8,False,4.924,-0.4896,4.924,4.57,0.0,-28.0,0.0,SENS_2021-01-14,4.924,4.57,0.0,both,0.0,0.0,False
SENS,2021-06-03,2021-06-11,2021-06-14,12.0,3708.0,183.6,False,0.9187,-0.0125,0.9187,8.38,0.0,-7.0,0.0,SENS_2021-06-03,0.9187,8.38,0.0,both,0.0,0.0,False
SENS,2022-02-04,2022-02-11,2022-02-11,8.0,363.0,15.7,False,-0.1987,0.0,0.2285,2.82,-2.0,0.0,0.0,SENS_2022-02-04,-0.1987,2.82,-2.0,both,0.0,0.0,False
SERV,2024-07-19,2024-07-25,2024-07-31,13.0,309.0,43.0,False,3.6122,0.4444,6.3726,120.83,4.0,-6.0,0.0,SERV_2024-07-19,3.6122,120.83,4.0,both,0.0,0.0,False
SFTW,2021-02-18,2021-03-25,2021-03-30,41.0,1014.0,30.9,False,-0.0466,-0.0144,0.3689,13.9,-34.0,-35.0,0.0,SFTW_2021-02-18,-0.0466,13.9,-34.0,both,0.0,0.0,False
SFT,2022-06-23,2022-06-23,2022-07-04,12.0,303.0,41.0,False,0.2397,-0.0136,0.3745,10.25,15.0,0.0,0.0,SFT_2022-06-23,0.2397,10.25,15.0,both,0.0,0.0,False
SGRY,2021-01-25,2021-01-27,2021-02-05,12.0,1045.0,18.5,False,-0.0126,0.2117,0.3325,3.87,5.0,1.0,0.0,SGRY_2021-01-25,-0.0126,3.87,5.0,both,0.0,0.0,False
SHIP,2020-06-05,2020-06-05,2020-06-09,5.0,406.0,9.7,False,0.2344,0.1567,0.5238,4.6,3.0,3.0,0.0,SHIP_2020-06-05,0.2344,4.6,3.0,both,0.0,0.0,False
SHIP,2021-01-22,2021-01-27,2021-02-02,12.0,1586.0,90.3,False,0.0495,-0.0189,0.198,1.49,-2.0,2.0,0.0,SHIP_2021-01-22,0.0495,1.49,-2.0,both,0.0,0.0,False
SHLL,2020-06-19,2020-06-22,2020-06-30,12.0,979.0,239.0,False,0.7896,0.5003,2.1155,134.72,7.0,7.0,0.0,SHLL_2020-06-19,0.7896,134.72,7.0,both,0.0,0.0,False
SHLL,2020-08-24,2020-09-28,2020-10-01,39.0,3986.0,8.3,False,0.6048,-0.0644,0.8673,2.95,-26.0,-35.0,0.0,SHLL_2020-08-24,0.6048,2.95,-26.0,both,0.0,0.0,False
SHOP,2020-02-07,2020-02-12,2020-02-13,7.0,825.0,21.6,False,0.1232,0.0032,0.1341,2.14,6.0,0.0,0.0,SHOP_2020-02-07,0.1232,2.14,6.0,both,0.0,0.0,False
SHOP,2020-04-17,2020-04-21,2020-04-24,8.0,1603.0,15.7,False,0.1113,0.0995,0.2218,2.04,3.0,0.0,0.0,SHOP_2020-04-17,0.1113,2.04,3.0,both,0.0,0.0,False
SHOP,2021-10-19,2021-11-13,2021-11-14,27.0,3261.0,25.9,False,0.1395,0.0,0.1539,1.41,6.0,-16.0,0.0,SHOP_2021-10-19,0.1395,1.41,6.0,both,0.0,0.0,False
SHOP,2022-04-21,2022-05-05,2022-05-12,22.0,1742.0,12.8,False,-0.2132,-0.1442,0.1536,1.89,-16.0,0.0,0.0,SHOP_2022-04-21,-0.2132,1.89,-16.0,both,0.0,0.0,False
SHOP,2022-10-17,2022-10-27,2022-10-27,11.0,319.0,8.7,False,0.3085,0.0,0.335,1.16,5.0,0.0,0.0,SHOP_2022-10-17,0.3085,1.16,5.0,both,0.0,0.0,False
SHOP,2024-02-08,2024-02-13,2024-02-13,6.0,529.0,26.6,False,-0.0938,0.0,0.0652,2.31,-4.0,0.0,0.0,SHOP_2024-02-08,-0.0938,2.31,-4.0,both,0.0,0.0,False
SHOT,2025-10-02,2025-10-03,2025-10-06,5.0,936.0,150.3,False,0.3221,0.0265,0.5125,7.77,5.0,3.0,0.0,SHOT_2025-10-02,,,,left_only,,,True
SIGA,2022-07-23,2022-07-29,2022-08-05,14.0,1161.0,33.3,False,0.4137,0.3554,0.9161,4.48,7.0,-4.0,0.0,SIGA_2022-07-23,0.4137,4.48,7.0,both,0.0,0.0,False
SII,2021-09-02,2021-09-10,2021-09-16,15.0,435.0,35.0,False,0.1301,-0.0034,0.1371,1.12,3.0,-8.0,0.0,SII_2021-09-02,0.1301,1.12,3.0,both,0.0,0.0,False
SIRI,2021-01-26,2021-01-27,2021-01-31,6.0,508.0,46.7,False,0.1337,-0.0888,0.1337,2.71,0.0,0.0,0.0,SIRI_2021-01-26,0.1337,2.71,0.0,both,0.0,0.0,False
SIRI,2023-07-20,2023-07-20,2023-07-24,5.0,416.0,49.4,False,0.4226,-0.2318,0.4226,5.44,0.0,1.0,0.0,SIRI_2023-07-20,0.4226,5.44,0.0,both,0.0,0.0,False
SIRI,2024-07-03,2024-07-08,2024-07-18,16.0,360.0,11.8,False,0.0484,0.0646,0.2548,0.94,7.0,-3.0,0.0,SIRI_2024-07-03,0.0484,0.94,7.0,both,0.0,0.0,False
SIRI,2024-08-15,2024-08-21,2024-08-28,14.0,416.0,7.8,False,0.1237,-0.0092,0.1306,0.89,9.0,-6.0,0.0,SIRI_2024-08-15,0.1237,0.89,9.0,both,0.0,0.0,False
SIX,2020-03-05,2020-03-13,2020-03-19,15.0,1142.0,35.9,False,-0.2826,-0.3264,0.0666,1.88,-11.0,0.0,0.0,SIX_2020-03-05,-0.2826,1.88,-11.0,both,0.0,0.0,False
SI,2023-02-14,2023-02-15,2023-02-16,3.0,456.0,13.6,False,0.5173,-0.2227,0.5173,3.11,0.0,0.0,0.0,SI_2023-02-14,0.5173,3.11,0.0,both,0.0,0.0,False
SKLZ,2021-02-04,2021-02-04,2021-02-09,6.0,322.0,6.1,False,0.2469,0.0716,0.3981,2.04,1.0,0.0,0.0,SKLZ_2021-02-04,0.2469,2.04,1.0,both,0.0,0.0,False
SKLZ,2021-04-08,2021-04-23,2021-04-27,20.0,1042.0,11.3,False,0.0145,0.0952,0.1815,2.11,3.0,-1.0,0.0,SKLZ_2021-04-08,0.0145,2.11,3.0,both,0.0,0.0,False
SKLZ,2021-08-03,2021-09-01,2021-09-01,30.0,1463.0,55.2,False,-0.1407,0.0,0.0,2.39,-30.0,0.0,0.0,SKLZ_2021-08-03,-0.1407,2.39,-30.0,both,0.0,0.0,False
SKM,2021-01-26,2021-01-26,2021-02-12,18.0,310.0,4.3,False,-0.0216,-0.0268,0.0,0.73,-1.0,3.0,0.0,SKM_2021-01-26,-0.0216,0.73,-1.0,both,0.0,0.0,False
SKT,2021-01-26,2021-01-27,2021-01-31,6.0,618.0,156.6,False,0.3036,-0.1361,0.3036,4.74,0.0,0.0,0.0,SKT_2021-01-26,0.3036,4.74,0.0,both,0.0,0.0,False
SKYX,2022-10-26,2022-11-01,2022-11-18,24.0,1147.0,4.4,False,-0.1417,-0.2159,0.0,1.17,-7.0,16.0,0.0,SKYX_2022-10-26,-0.1417,1.17,-7.0,both,0.0,0.0,False
SKYX,2024-07-19,2024-08-05,2024-08-13,26.0,691.0,5.6,False,-0.1078,0.1209,0.1961,0.49,-7.0,-6.0,0.0,SKYX_2024-07-19,-0.1078,0.49,-7.0,both,0.0,0.0,False
SKYX,2024-10-30,2024-10-30,2024-11-21,23.0,499.0,2.3,False,-0.0148,-0.266,0.0444,0.61,-5.0,13.0,0.0,SKYX_2024-10-30,-0.0148,0.61,-5.0,both,0.0,0.0,False
SKYX,2025-01-06,2025-01-22,2025-02-26,52.0,1468.0,3.4,False,0.2097,0.0267,0.6532,1.67,15.0,15.0,0.0,SKYX_2025-01-06,0.2097,1.68,15.0,both,0.0,0.010000000000000009,False
SKYX,2026-05-28,2026-05-28,2026-06-12,16.0,373.0,2.2,False,0.009,-0.0536,0.1261,0.59,5.0,13.0,0.0,SKYX_2026-05-28,0.009,0.59,5.0,both,0.0,0.0,False
SKY,2021-01-22,2021-01-28,2021-02-04,14.0,1416.0,36.0,False,-0.0851,0.2038,0.187,1.44,11.0,5.0,0.0,SKY_2021-01-22,-0.0851,1.44,11.0,both,0.0,0.0,False
SKY,2022-08-20,2022-08-31,2022-09-06,18.0,703.0,14.4,False,-0.1039,-0.0334,0.0957,0.82,-16.0,-5.0,0.0,SKY_2022-08-20,-0.1039,0.82,-16.0,both,0.0,0.0,False
SLGG,2021-03-03,2021-03-03,2021-03-05,3.0,689.0,250.4,False,0.2993,0.1324,1.1995,66.63,1.0,1.0,0.0,SLGG_2021-03-03,0.2993,66.63,1.0,both,0.0,0.0,False
SLGG,2021-04-13,2021-04-19,2021-04-21,9.0,631.0,21.9,False,-0.0728,0.0036,0.1557,0.24,-11.0,-6.0,0.0,SLGG_2021-04-13,-0.0728,0.24,-11.0,both,0.0,0.0,False
SLI,2022-02-28,2022-04-23,2022-04-24,56.0,1306.0,7.1,False,0.0016,0.0,0.4364,0.6,-19.0,-24.0,0.0,SLI_2022-02-28,0.0016,0.6,-19.0,both,0.0,0.0,False
SLI,2022-08-31,2022-09-20,2022-09-22,23.0,623.0,6.6,False,-0.0735,-0.0694,0.0809,0.99,-25.0,-4.0,0.0,SLI_2022-08-31,-0.0735,0.99,-25.0,both,0.0,0.0,False
SLI,2024-01-18,2024-01-19,2024-02-02,16.0,414.0,7.6,False,-0.1176,0.1583,0.1397,1.15,18.0,12.0,0.0,SLI_2024-01-18,-0.1176,1.15,18.0,both,0.0,0.0,False
SLI,2025-09-23,2025-09-24,2025-10-01,9.0,433.0,33.1,False,0.0984,0.1012,0.327,3.74,12.0,1.0,0.0,SLI_2025-09-23,0.0984,3.74,12.0,both,0.0,0.0,False
SLS,2020-12-10,2020-12-11,2020-12-14,5.0,368.0,142.0,False,0.3099,-0.2007,1.7637,57.68,-1.0,-1.0,0.0,SLS_2020-12-10,0.3099,57.68,-1.0,both,0.0,0.0,False
SLS,2021-01-29,2021-02-03,2021-02-04,7.0,319.0,33.8,False,0.7091,0.0426,0.8455,15.14,5.0,0.0,0.0,SLS_2021-01-29,0.7091,15.14,5.0,both,0.0,0.0,False
SLS,2025-12-29,2026-01-05,2026-01-07,10.0,752.0,23.0,False,0.7422,-0.192,0.7422,3.65,0.0,-3.0,0.0,SLS_2025-12-29,0.7422,3.65,0.0,both,0.0,0.0,False
SLS,2026-05-13,2026-05-20,2026-06-01,20.0,415.0,15.6,False,0.7184,0.0111,0.7835,3.28,9.0,-7.0,0.0,SLS_2026-05-13,0.7184,3.28,9.0,both,0.0,0.0,False
SLS,2026-06-25,2026-06-29,2026-06-30,6.0,401.0,12.7,False,0.6848,-0.0447,0.6848,2.74,0.0,0.0,0.0,SLS_2026-06-25,0.6848,2.74,0.0,both,0.0,0.0,False
SMCI,2024-01-19,2024-02-16,2024-02-23,36.0,16447.0,911.9,False,1.5794,0.0706,2.2237,5.04,-1.0,0.0,0.0,SMCI_2024-01-19,1.5794,5.04,-1.0,both,0.0,0.0,False
SMCI,2024-04-19,2024-04-19,2024-04-22,4.0,842.0,8.0,False,-0.2314,0.0047,0.0515,2.47,-3.0,0.0,0.0,SMCI_2024-04-19,-0.2314,2.47,-3.0,both,0.0,0.0,False
SMCI,2024-10-30,2024-10-30,2024-11-06,8.0,2801.0,20.8,False,-0.3268,-0.3136,0.0,2.97,-1.0,0.0,1.0,SMCI_2024-10-30,-0.3268,3.17,-1.0,both,0.0,0.19999999999999973,False
SMCI,2025-02-05,2025-02-19,2025-02-26,22.0,6572.0,36.2,False,1.0662,-0.1517,1.0662,4.07,0.0,0.0,0.0,SMCI_2025-02-05,1.0662,4.06,0.0,both,0.0,0.010000000000000675,False
SMCI,2025-07-28,2025-08-05,2025-08-06,10.0,790.0,21.7,False,0.0512,-0.1829,0.1146,1.73,-6.0,1.0,0.0,SMCI_2025-07-28,0.0512,1.74,-6.0,both,0.0,0.010000000000000009,False
SMCI,2026-02-02,2026-02-03,2026-02-04,3.0,478.0,26.0,False,0.0192,0.1378,0.181,1.9,3.0,1.0,0.0,SMCI_2026-02-02,0.0192,1.91,3.0,both,0.0,0.010000000000000009,False
SMCI,2026-05-05,2026-05-05,2026-05-08,4.0,364.0,17.5,False,-0.0032,0.2709,0.2668,2.51,3.0,1.0,0.0,SMCI_2026-05-05,-0.0032,2.5,3.0,both,0.0,0.009999999999999787,False
SMFL,2024-05-28,2024-05-30,2024-05-31,4.0,378.0,56.2,False,0.9446,-0.4221,0.9446,13.51,0.0,0.0,0.0,SMFL_2024-05-28,0.9446,13.51,0.0,both,0.0,0.0,False
SMR,2024-10-16,2024-10-16,2024-10-21,6.0,323.0,18.1,False,0.4001,-0.0058,0.4001,4.02,0.0,0.0,0.0,SMR_2024-10-16,0.4001,4.02,0.0,both,0.0,0.0,False
SMX,2025-11-28,2025-12-05,2025-12-08,11.0,602.0,123.2,False,18.0793,-0.5909,18.0793,3.2,0.0,-9.0,1.0,SMX_2025-11-28,18.0793,1.04,0.0,both,0.0,2.16,False
SNAP,2020-04-20,2020-04-22,2020-04-23,4.0,2900.0,70.8,False,0.3105,-0.0558,0.3105,3.25,0.0,0.0,0.0,SNAP_2020-04-20,0.3105,3.25,0.0,both,0.0,0.0,False
SNAP,2020-10-15,2020-10-23,2020-10-30,16.0,3636.0,60.7,False,0.5802,-0.0876,0.5802,5.27,0.0,-2.0,0.0,SNAP_2020-10-15,0.5802,5.27,0.0,both,0.0,0.0,False
SNAP,2021-02-02,2021-02-04,2021-02-05,4.0,514.0,10.7,False,0.0257,0.0914,0.1219,2.15,4.0,1.0,0.0,SNAP_2021-02-02,0.0257,2.15,4.0,both,0.0,0.0,False
SNAP,2021-07-22,2021-07-23,2021-07-27,6.0,607.0,30.6,False,0.23,-0.0513,0.23,3.8,0.0,0.0,0.0,SNAP_2021-07-22,0.23,3.8,0.0,both,0.0,0.0,False
SNAP,2021-10-18,2021-10-21,2021-10-25,8.0,1540.0,86.0,False,-0.0288,-0.2744,0.0,3.32,-6.0,1.0,0.0,SNAP_2021-10-18,-0.0288,3.32,-6.0,both,0.0,0.0,False
SNAP,2022-02-02,2022-02-03,2022-02-04,3.0,1802.0,90.6,False,-0.2721,0.5882,0.1967,6.41,6.0,1.0,0.0,SNAP_2022-02-02,-0.2721,6.41,6.0,both,0.0,0.0,False
SNAP,2022-07-20,2022-07-21,2022-07-22,3.0,1393.0,137.1,False,0.1555,-0.3908,0.1555,5.65,0.0,1.0,0.0,SNAP_2022-07-20,0.1555,5.65,0.0,both,0.0,0.0,False
SNAP,2022-10-18,2022-10-20,2022-10-21,4.0,1132.0,126.0,False,0.0189,-0.2808,0.0255,4.06,-1.0,1.0,0.0,SNAP_2022-10-18,0.0189,4.06,-1.0,both,0.0,0.0,False
SNAP,2023-01-30,2023-01-31,2023-02-01,3.0,615.0,78.5,False,0.0596,-0.1029,0.1063,3.1,6.0,1.0,0.0,SNAP_2023-01-30,0.0596,3.1,6.0,both,0.0,0.0,False
SNAP,2023-07-24,2023-07-25,2023-07-26,3.0,474.0,55.3,False,-0.0181,-0.1423,0.029,2.81,-6.0,1.0,0.0,SNAP_2023-07-24,-0.0181,2.81,-6.0,both,0.0,0.0,False
SNAP,2024-02-05,2024-02-06,2024-02-07,3.0,800.0,112.7,False,0.0235,-0.3461,0.0235,4.68,0.0,1.0,0.0,SNAP_2024-02-05,0.0235,4.68,0.0,both,0.0,0.0,False
SNAP,2024-04-24,2024-04-25,2024-04-26,3.0,351.0,37.4,False,0.0009,0.2763,0.3924,3.98,6.0,1.0,0.0,SNAP_2024-04-24,0.0009,3.98,6.0,both,0.0,0.0,False
SNAP,2025-09-17,2025-09-22,2025-09-23,7.0,741.0,20.6,False,0.1021,-0.0129,0.1021,2.34,0.0,3.0,0.0,SNAP_2025-09-17,0.1021,2.34,0.0,both,0.0,0.0,False
SNAP,2025-10-31,2025-11-05,2025-11-07,8.0,625.0,8.5,False,-0.0395,0.1247,0.1961,1.15,7.0,1.0,0.0,SNAP_2025-10-31,-0.0395,1.15,7.0,both,0.0,0.0,False
SNDK,2026-01-02,2026-01-30,2026-02-05,35.0,4951.0,230.0,False,1.4275,-0.0001,1.9299,2.54,4.0,0.0,0.0,SNDK_2026-01-02,1.4275,2.54,4.0,both,0.0,0.0,False
SNDK,2026-04-30,2026-05-05,2026-05-15,16.0,5014.0,7.4,False,0.3215,0.0009,0.4681,1.09,3.0,-4.0,0.0,SNDK_2026-04-30,0.3215,1.09,3.0,both,0.0,0.0,False
SNDL,2020-11-06,2020-11-09,2020-11-09,4.0,374.0,77.8,False,1.0841,0.0,1.0841,24.37,0.0,0.0,0.0,SNDL_2020-11-06,1.0841,24.37,0.0,both,0.0,0.0,False
SNDL,2021-01-05,2021-01-28,2021-02-03,30.0,39522.0,1085.9,False,0.5,0.4667,1.3273,3.09,11.0,0.0,0.0,SNDL_2021-01-05,0.5,3.09,11.0,both,0.0,0.0,False
SNDL,2021-05-26,2021-06-03,2021-06-09,15.0,7395.0,29.2,False,0.7014,-0.1163,0.7014,2.1,0.0,0.0,0.0,SNDL_2021-05-26,0.7014,2.1,0.0,both,0.0,0.0,False
SNDL,2021-11-11,2021-11-12,2021-11-22,12.0,1405.0,13.0,False,0.3582,-0.2502,0.3582,2.82,0.0,0.0,0.0,SNDL_2021-11-11,0.3582,2.82,0.0,both,0.0,0.0,False
SNDL,2022-03-23,2022-03-25,2022-04-05,14.0,643.0,18.8,False,0.3887,-0.2045,0.3887,4.21,0.0,0.0,0.0,SNDL_2022-03-23,0.3887,4.21,0.0,both,0.0,0.0,False
SNDL,2022-07-26,2022-07-26,2022-08-19,25.0,443.0,19.0,False,-0.2334,0.2719,0.1355,1.85,-5.0,20.0,1.0,SNDL_2022-07-26,6.6664,0.18,20.0,both,6.8998,1.6700000000000002,True
SNDL,2024-05-14,2024-05-14,2024-05-16,3.0,462.0,28.0,False,0.0917,0.0115,0.1042,1.99,2.0,0.0,0.0,SNDL_2024-05-14,0.0917,1.99,2.0,both,0.0,0.0,False
SNE,2020-06-09,2020-06-11,2020-06-11,3.0,393.0,42.6,False,-0.0174,0.0,0.0284,1.23,-1.0,0.0,0.0,SNE_2020-06-09,-0.0174,1.23,-1.0,both,0.0,0.0,False
SNOW,2020-11-25,2020-12-04,2020-12-23,29.0,1118.0,6.6,False,0.3743,-0.1446,0.3825,3.85,4.0,11.0,0.0,SNOW_2020-11-25,0.3743,3.85,4.0,both,0.0,0.0,False
SNPR,2021-02-08,2021-02-08,2021-03-11,32.0,1275.0,8.5,False,0.3364,-0.3039,0.3364,5.05,0.0,0.0,0.0,SNPR_2021-02-08,0.3364,5.05,0.0,both,0.0,0.0,False
SNR,2021-01-11,2021-01-28,2021-02-08,29.0,1058.0,15.7,False,0.0037,0.0788,0.0827,0.7,11.0,15.0,0.0,SNR_2021-01-11,0.0037,0.7,11.0,both,0.0,0.0,False
SNR,2021-04-13,2021-04-13,2021-04-19,7.0,452.0,7.9,False,0.0088,-0.0407,0.0088,1.06,0.0,-4.0,0.0,SNR_2021-04-13,0.0088,1.06,0.0,both,0.0,0.0,False
SOBR,2025-02-14,2025-02-18,2025-02-19,6.0,1101.0,230.0,False,0.2252,0.0,0.3069,3.85,3.0,0.0,0.0,SOBR_2025-02-14,0.2252,3.85,3.0,both,0.0,0.0,False
SOFI,2021-06-28,2021-06-29,2021-06-30,3.0,2838.0,25.8,False,0.02,0.0159,0.1568,5.38,-6.0,0.0,0.0,SOFI_2021-06-28,0.02,5.38,-6.0,both,0.0,0.0,False
SOFI,2021-09-22,2021-09-22,2021-09-29,8.0,728.0,5.3,False,0.1101,-0.0493,0.1668,1.63,5.0,0.0,0.0,SOFI_2021-09-22,0.1101,1.63,5.0,both,0.0,0.0,False
SOFI,2022-01-18,2022-01-20,2022-01-28,11.0,1876.0,9.8,False,0.1364,-0.26,0.1364,4.17,0.0,0.0,0.0,SOFI_2022-01-18,0.1364,4.17,0.0,both,0.0,0.0,False
SOFI,2022-03-01,2022-03-01,2022-03-03,3.0,554.0,6.0,False,-0.0218,-0.0455,0.0114,1.81,1.0,1.0,0.0,SOFI_2022-03-01,-0.0218,1.81,1.0,both,0.0,0.0,False
SOFI,2022-10-31,2022-11-01,2022-11-02,3.0,315.0,32.7,False,0.0514,-0.1065,0.0514,3.3,0.0,0.0,0.0,SOFI_2022-10-31,0.0514,3.3,0.0,both,0.0,0.0,False
SOFI,2023-04-28,2023-05-01,2023-05-02,5.0,322.0,29.6,False,-0.0974,-0.1033,0.0281,3.89,-3.0,0.0,0.0,SOFI_2023-04-28,-0.0974,3.89,-3.0,both,0.0,0.0,False
SOFI,2024-01-25,2024-01-29,2024-01-30,6.0,894.0,40.1,False,0.2116,-0.083,0.2116,3.11,0.0,0.0,0.0,SOFI_2024-01-25,0.2116,3.11,0.0,both,0.0,0.0,False
SOFI,2024-04-26,2024-04-29,2024-04-29,4.0,558.0,32.0,False,-0.0718,0.0,0.0369,3.11,-3.0,0.0,0.0,SOFI_2024-04-26,-0.0718,3.11,-3.0,both,0.0,0.0,False
SOFI,2024-10-14,2024-10-29,2024-10-30,17.0,676.0,22.8,False,0.162,0.0716,0.2453,1.77,1.0,0.0,0.0,SOFI_2024-10-14,0.162,1.77,1.0,both,0.0,0.0,False
SOFI,2025-06-30,2025-07-08,2025-07-18,19.0,539.0,9.3,False,0.1612,0.0932,0.2858,1.12,9.0,-8.0,0.0,SOFI_2025-06-30,0.1612,1.12,9.0,both,0.0,0.0,False
SOFI,2026-01-06,2026-01-06,2026-01-16,11.0,350.0,7.1,False,-0.0786,-0.0315,0.0,1.23,-1.0,0.0,0.0,SOFI_2026-01-06,-0.0786,1.22,-1.0,both,0.0,0.010000000000000009,False
SOLO,2020-06-02,2020-06-04,2020-06-11,10.0,1825.0,123.3,False,0.0702,0.2951,1.2281,10.52,5.0,5.0,0.0,SOLO_2020-06-02,0.0702,10.52,5.0,both,0.0,0.0,False
SOLO,2020-11-12,2020-11-20,2020-11-24,13.0,2231.0,101.8,False,1.8674,-0.2202,1.8674,7.49,0.0,-7.0,0.0,SOLO_2020-11-12,1.8674,7.49,0.0,both,0.0,0.0,False
SOLO,2021-01-12,2021-02-04,2021-02-05,25.0,420.0,11.7,False,0.3112,-0.0833,0.3112,1.52,0.0,-23.0,0.0,SOLO_2021-01-12,0.3112,1.52,0.0,both,0.0,0.0,False
SON,2021-01-22,2021-01-29,2021-02-02,12.0,383.0,29.7,False,-0.0493,0.014,0.0115,1.25,-9.0,0.0,0.0,SON_2021-01-22,-0.0493,1.25,-9.0,both,0.0,0.0,False
SOS,2021-01-27,2021-03-03,2021-03-04,37.0,5630.0,133.1,False,2.8538,-0.153,5.0377,5.59,-14.0,0.0,0.0,SOS_2021-01-27,2.8538,5.59,-14.0,both,0.0,0.0,False
SOUN,2024-02-15,2024-02-29,2024-03-01,16.0,4396.0,588.9,False,2.2905,-0.1867,2.2905,13.94,0.0,-2.0,0.0,SOUN_2024-02-15,2.2905,13.94,0.0,both,0.0,0.0,False
SOUN,2024-12-05,2024-12-05,2024-12-19,15.0,1214.0,11.2,False,0.3133,0.4145,1.1433,2.5,15.0,1.0,0.0,SOUN_2024-12-05,0.3133,2.5,15.0,both,0.0,0.0,False
SOUN,2026-05-01,2026-05-04,2026-05-08,8.0,1008.0,50.5,False,0.1897,-0.0623,0.2098,1.85,3.0,-3.0,0.0,SOUN_2026-05-01,0.1897,1.85,3.0,both,0.0,0.0,False
SPAQ,2020-07-09,2020-07-13,2020-07-17,9.0,1022.0,32.8,False,0.3932,0.0259,0.5449,57.35,-3.0,0.0,0.0,SPAQ_2020-07-09,0.3932,57.35,-3.0,both,0.0,0.0,False
SPB,2021-01-21,2021-01-28,2021-02-04,15.0,1251.0,16.7,False,-0.04,0.0458,0.0357,1.12,11.0,8.0,0.0,SPB_2021-01-21,-0.04,1.12,11.0,both,0.0,0.0,False
SPCE,2020-01-22,2020-01-22,2020-01-29,8.0,3396.0,12.0,False,0.1399,-0.1085,0.1399,2.61,0.0,0.0,0.0,SPCE_2020-01-22,0.1399,2.61,0.0,both,0.0,0.0,False
SPCE,2020-02-12,2020-02-18,2020-02-27,16.0,17287.0,11.2,False,0.381,-0.2749,0.7024,4.65,1.0,2.0,0.0,SPCE_2020-02-12,0.381,4.65,1.0,both,0.0,0.0,False
SPCE,2020-04-14,2020-04-14,2020-04-16,3.0,1676.0,9.7,False,0.2309,-0.0384,0.2924,2.25,1.0,0.0,0.0,SPCE_2020-04-14,0.2309,2.25,1.0,both,0.0,0.0,False
SPCE,2020-05-27,2020-05-27,2020-06-01,6.0,1317.0,4.3,False,0.0729,0.0,0.0729,1.25,0.0,7.0,0.0,SPCE_2020-05-27,0.0729,1.25,0.0,both,0.0,0.0,False
SPCE,2020-07-09,2020-07-17,2020-07-28,20.0,3410.0,9.1,False,0.4324,-0.0079,0.5211,2.17,5.0,0.0,0.0,SPCE_2020-07-09,0.4324,2.17,5.0,both,0.0,0.0,False
SPCE,2020-09-08,2020-09-08,2020-09-15,8.0,439.0,4.2,False,0.093,0.0172,0.1124,1.28,1.0,0.0,0.0,SPCE_2020-09-08,0.093,1.28,1.0,both,0.0,0.0,False
SPCE,2020-09-28,2020-09-28,2020-10-06,9.0,935.0,7.5,False,0.2483,0.0254,0.3445,2.26,10.0,0.0,0.0,SPCE_2020-09-28,0.2483,2.26,10.0,both,0.0,0.0,False
SPCE,2020-12-07,2020-12-14,2020-12-18,12.0,3302.0,5.6,False,-0.079,-0.0994,0.1761,1.98,-7.0,0.0,0.0,SPCE_2020-12-07,-0.079,1.98,-7.0,both,0.0,0.0,False
SPCE,2021-01-14,2021-01-14,2021-01-19,6.0,1236.0,8.3,False,0.1985,-0.0418,0.2438,2.33,8.0,0.0,0.0,SPCE_2021-01-14,0.1985,2.33,8.0,both,0.0,0.0,False
SPCE,2021-01-26,2021-01-28,2021-02-04,10.0,6911.0,14.3,False,0.1975,0.2693,0.5867,3.11,6.0,-1.0,0.0,SPCE_2021-01-26,0.1975,3.11,6.0,both,0.0,0.0,False
SPCE,2021-04-15,2021-04-15,2021-04-21,7.0,536.0,6.4,False,-0.1357,-0.0347,0.0075,2.13,-2.0,0.0,0.0,SPCE_2021-04-15,-0.1357,2.13,-2.0,both,0.0,0.0,False
SPCE,2021-05-20,2021-05-24,2021-05-28,9.0,5130.0,28.4,False,0.557,0.1614,0.8083,5.07,4.0,0.0,0.0,SPCE_2021-05-20,0.557,5.07,4.0,both,0.0,0.0,False
SPCE,2021-06-25,2021-06-25,2021-07-02,8.0,4197.0,8.5,False,0.3887,-0.1962,0.3887,4.6,0.0,0.0,0.0,SPCE_2021-06-25,0.3887,4.6,0.0,both,0.0,0.0,False
SPCE,2022-01-13,2022-01-13,2022-01-19,7.0,388.0,13.0,False,-0.1892,-0.0937,0.0016,3.31,-2.0,0.0,0.0,SPCE_2022-01-13,-0.1892,3.31,-2.0,both,0.0,0.0,False
SPCE,2023-06-15,2023-06-29,2023-06-29,15.0,1360.0,31.3,False,-0.0386,0.0,0.3659,5.24,-9.0,-13.0,0.0,SPCE_2023-06-15,-0.0386,5.24,-9.0,both,0.0,0.0,False
SPCE,2026-05-28,2026-06-01,2026-06-02,6.0,8191.0,786.4,False,0.9842,-0.3896,0.9842,12.43,0.0,0.0,0.0,SPCE_2026-05-28,0.9842,12.43,0.0,both,0.0,0.0,False
SPG,2020-06-03,2020-06-09,2020-06-11,9.0,570.0,10.4,False,0.3628,-0.1683,0.5051,1.97,-1.0,-4.0,0.0,SPG_2020-06-03,0.3628,1.97,-1.0,both,0.0,0.0,False
SPIR,2021-09-16,2021-09-22,2021-09-23,8.0,984.0,109.5,False,0.8904,-0.2043,0.8904,20.34,0.0,-1.0,0.0,SPIR_2021-09-16,0.8904,20.34,0.0,both,0.0,0.0,False
SPLK,2020-12-02,2020-12-04,2020-12-09,8.0,326.0,36.7,False,-0.2197,-0.034,0.0,7.42,-3.0,-1.0,0.0,SPLK_2020-12-02,-0.2197,7.42,-3.0,both,0.0,0.0,False
SPOT,2020-05-19,2020-05-19,2020-05-25,7.0,798.0,25.6,False,0.0842,0.0865,0.194,2.63,2.0,1.0,0.0,SPOT_2020-05-19,0.0842,2.63,2.0,both,0.0,0.0,False
SPOT,2020-06-18,2020-06-18,2020-06-29,12.0,1749.0,7.9,False,0.1274,0.1769,0.3586,3.92,14.0,1.0,0.0,SPOT_2020-06-18,0.1274,3.92,14.0,both,0.0,0.0,False
SPOT,2021-01-15,2021-01-29,2021-02-05,22.0,1804.0,19.9,False,-0.0797,-0.0134,0.0176,1.79,-8.0,5.0,0.0,SPOT_2021-01-15,-0.0797,1.79,-8.0,both,0.0,0.0,False
SPOT,2022-01-29,2022-02-02,2022-02-07,10.0,2096.0,35.7,False,0.1095,-0.1063,0.1771,3.67,-1.0,1.0,0.0,SPOT_2022-01-29,0.1095,3.67,-1.0,both,0.0,0.0,False
SPOT,2022-04-20,2022-04-27,2022-04-29,10.0,493.0,7.6,False,-0.2965,0.0515,0.0,2.94,-8.0,0.0,0.0,SPOT_2022-04-20,-0.2965,2.94,-8.0,both,0.0,0.0,False
SPOT,2022-10-25,2022-11-05,2022-11-07,14.0,329.0,10.4,False,-0.2494,0.0336,0.0252,1.61,-11.0,-10.0,0.0,SPOT_2022-10-25,-0.2494,1.61,-11.0,both,0.0,0.0,False
SPOT,2023-07-24,2023-07-26,2023-07-26,3.0,486.0,34.2,False,-0.1315,0.0,0.0473,5.59,-7.0,-1.0,0.0,SPOT_2023-07-24,-0.1315,5.59,-7.0,both,0.0,0.0,False
SPOT,2024-02-02,2024-02-02,2024-02-06,5.0,647.0,49.9,False,0.016,0.0425,0.0999,2.65,5.0,4.0,0.0,SPOT_2024-02-02,0.016,2.65,5.0,both,0.0,0.0,False
SPOT,2024-04-03,2024-04-09,2024-04-11,9.0,342.0,9.4,False,0.1156,0.0094,0.1511,1.78,-4.0,-6.0,0.0,SPOT_2024-04-03,0.1156,1.78,-4.0,both,0.0,0.0,False
SPPI,2021-01-21,2021-01-28,2021-02-06,17.0,1366.0,16.5,False,-0.1222,0.0613,0.0,1.13,-8.0,11.0,0.0,SPPI_2021-01-21,-0.1222,1.13,-8.0,both,0.0,0.0,False
SPRQ,2021-01-25,2021-01-25,2021-02-04,11.0,362.0,47.5,False,0.2134,-0.0858,0.2134,10.92,0.0,0.0,0.0,SPRQ_2021-01-25,0.2134,10.92,0.0,both,0.0,0.0,False
SPRT,2021-06-10,2021-08-27,2021-09-14,97.0,10868.0,178.3,False,6.4379,-0.5518,9.2797,17.48,3.0,0.0,0.0,SPRT_2021-06-10,6.4379,17.48,3.0,both,0.0,0.0,False
SPR,2022-09-07,2022-09-07,2022-09-23,17.0,373.0,11.6,False,0.0382,-0.1903,0.0851,1.5,5.0,9.0,0.0,SPR_2022-09-07,0.0382,1.5,5.0,both,0.0,0.0,False
SPSC,2020-04-30,2020-05-19,2020-05-27,28.0,836.0,4.6,False,0.1018,0.1396,0.2692,0.89,13.0,-4.0,0.0,SPSC_2020-04-30,0.1018,0.89,13.0,both,0.0,0.0,False
SPSC,2020-11-09,2021-02-04,2021-02-10,94.0,5510.0,23.0,False,0.1725,0.018,0.2742,1.26,-28.0,-31.0,0.0,SPSC_2020-11-09,0.1725,1.26,-28.0,both,0.0,0.0,False
SPSC,2021-03-08,2021-03-08,2021-03-16,9.0,846.0,3.4,False,-0.0399,0.0786,0.0412,0.59,7.0,-3.0,0.0,SPSC_2021-03-08,-0.0399,0.59,7.0,both,0.0,0.0,False
SPSC,2021-06-09,2021-06-09,2021-07-06,28.0,1856.0,3.8,False,-0.0031,0.0733,0.0699,1.3,27.0,16.0,0.0,SPSC_2021-06-09,-0.0031,1.3,27.0,both,0.0,0.0,False
SPSC,2022-08-19,2022-08-23,2022-09-01,14.0,374.0,3.5,False,-0.0432,-0.0545,0.012,0.67,-7.0,9.0,0.0,SPSC_2022-08-19,-0.0432,0.67,-7.0,both,0.0,0.0,False
SPSC,2025-03-04,2025-03-05,2025-03-11,8.0,306.0,7.4,False,0.0139,-0.0547,0.0139,0.7,0.0,9.0,0.0,SPSC_2025-03-04,0.0139,0.7,0.0,both,0.0,0.0,False
SPSC,2025-03-20,2025-03-20,2025-03-24,5.0,365.0,9.7,False,-0.003,0.0548,0.0589,1.21,7.0,1.0,0.0,SPSC_2025-03-20,-0.003,1.21,7.0,both,0.0,0.0,False
SPWR,2021-01-06,2021-01-28,2021-02-09,35.0,1197.0,17.1,False,1.1378,-0.0713,1.1831,1.78,1.0,-22.0,0.0,SPWR_2021-01-06,1.1378,1.78,1.0,both,0.0,0.0,False
SRAC,2020-11-25,2020-11-27,2020-11-27,3.0,333.0,16.3,False,0.2279,0.0,0.2558,6.52,5.0,0.0,0.0,SRAC_2020-11-25,0.2279,6.52,5.0,both,0.0,0.0,False
SRNE,2020-05-15,2020-05-15,2020-05-19,5.0,1487.0,671.0,False,1.5802,-0.1982,1.5802,59.13,0.0,0.0,0.0,SRNE_2020-05-15,1.5802,59.13,0.0,both,0.0,0.0,False
SRNE,2020-08-04,2020-08-10,2020-08-12,9.0,461.0,23.5,False,0.9263,-0.3406,0.9263,4.77,0.0,-6.0,0.0,SRNE_2020-08-04,0.9263,4.77,0.0,both,0.0,0.0,False
SRNE,2021-01-26,2021-01-27,2021-02-01,7.0,868.0,45.5,False,0.6412,-0.0394,0.6412,2.71,0.0,0.0,0.0,SRNE_2021-01-26,0.6412,2.71,0.0,both,0.0,0.0,False
SRNE,2021-06-09,2021-06-14,2021-06-17,9.0,315.0,14.5,False,0.0886,-0.0835,0.0886,1.38,0.0,0.0,0.0,SRNE_2021-06-09,0.0886,1.38,0.0,both,0.0,0.0,False
SRNE,2021-06-24,2021-07-01,2021-07-01,8.0,408.0,6.8,False,0.2157,0.0,0.2157,1.62,0.0,0.0,0.0,SRNE_2021-06-24,0.2157,1.62,0.0,both,0.0,0.0,False
SRNG,2021-08-04,2021-08-05,2021-08-23,20.0,356.0,4.6,False,0.0061,0.0,0.0202,4.51,6.0,4.0,0.0,SRNG_2021-08-04,0.0061,4.51,6.0,both,0.0,0.0,False
SRPT,2021-01-07,2021-01-11,2021-01-20,14.0,664.0,171.0,False,-0.4607,0.078,0.015,8.71,-4.0,-3.0,0.0,SRPT_2021-01-07,-0.4607,8.71,-4.0,both,0.0,0.0,False
SSB,2021-03-19,2021-03-25,2021-03-25,7.0,366.0,13.7,False,-0.0987,0.0,0.0072,1.39,-10.0,-6.0,0.0,SSB_2021-03-19,-0.0987,1.39,-10.0,both,0.0,0.0,False
SSB,2021-04-24,2021-04-26,2021-06-05,43.0,7342.0,25.8,False,0.0013,0.0778,0.0937,0.87,25.0,4.0,0.0,SSB_2021-04-24,0.0013,0.87,25.0,both,0.0,0.0,False
SSB,2021-10-25,2021-11-04,2021-11-24,31.0,1058.0,6.5,False,0.0214,0.0127,0.058,0.97,11.0,-7.0,0.0,SSB_2021-10-25,0.0214,0.97,11.0,both,0.0,0.0,False
SST,2022-04-04,2022-04-08,2022-04-14,11.0,4109.0,57.2,False,0.5097,-0.1031,0.7387,12.29,-1.0,-3.0,0.0,SST_2022-04-04,0.5097,12.29,-1.0,both,0.0,0.0,False
STAY,2021-01-22,2021-01-28,2021-02-02,12.0,5171.0,183.3,False,-0.0245,-0.0252,0.0052,0.91,-8.0,5.0,0.0,STAY_2021-01-22,-0.0245,0.91,-8.0,both,0.0,0.0,False
STEP,2021-01-27,2021-01-29,2021-02-05,10.0,416.0,35.8,False,-0.0375,0.0612,0.071,0.73,12.0,12.0,0.0,STEP_2021-01-27,-0.0375,0.73,12.0,both,0.0,0.0,False
STIC,2021-05-05,2021-05-07,2021-05-19,15.0,387.0,7.9,False,-0.03,-0.008,0.0309,1.97,-7.0,17.0,0.0,STIC_2021-05-05,-0.03,1.97,-7.0,both,0.0,0.0,False
STLD,2021-06-10,2021-06-16,2021-07-09,30.0,1113.0,8.1,False,-0.0357,-0.0114,0.031,0.82,-8.0,2.0,0.0,STLD_2021-06-10,-0.0357,0.82,-8.0,both,0.0,0.0,False
STNG,2020-04-20,2020-05-05,2020-05-11,22.0,1535.0,99.1,False,0.0765,-0.1694,0.3495,2.42,-8.0,-14.0,0.0,STNG_2020-04-20,0.0765,2.42,-8.0,both,0.0,0.0,False
STPK,2021-03-24,2021-03-25,2021-03-30,7.0,321.0,3.4,False,0.0391,-0.0295,0.095,0.65,-6.0,0.0,0.0,STPK_2021-03-24,0.0391,0.65,-6.0,both,0.0,0.0,False
STRA,2020-03-13,2020-04-20,2020-04-22,41.0,684.0,11.1,False,0.0337,-0.0035,0.1149,1.28,-38.0,-34.0,0.0,STRA_2020-03-13,0.0337,1.28,-38.0,both,0.0,0.0,False
STRA,2021-01-26,2021-02-03,2021-03-16,50.0,2149.0,6.3,False,-0.0227,-0.0276,0.0575,0.87,8.0,-13.0,0.0,STRA_2021-01-26,-0.0227,0.87,8.0,both,0.0,0.0,False
STRA,2021-06-09,2021-06-09,2021-06-17,9.0,340.0,3.0,False,0.0267,0.0433,0.0992,1.03,12.0,9.0,0.0,STRA_2021-06-09,0.0267,1.03,12.0,both,0.0,0.0,False
STRA,2022-01-18,2022-02-24,2022-03-17,59.0,1528.0,6.4,False,-0.1374,0.2296,0.1217,1.03,25.0,22.0,0.0,STRA_2022-01-18,-0.1374,1.03,25.0,both,0.0,0.0,False
STRA,2022-08-18,2022-08-31,2022-08-31,14.0,599.0,10.9,False,-0.0793,0.0,0.0107,0.95,-12.0,1.0,0.0,STRA_2022-08-18,-0.0793,0.95,-12.0,both,0.0,0.0,False
STRA,2022-09-07,2022-09-07,2022-09-13,7.0,491.0,6.5,False,0.0135,0.0127,0.0569,1.24,5.0,9.0,0.0,STRA_2022-09-07,0.0135,1.24,5.0,both,0.0,0.0,False
STRA,2025-03-02,2025-03-07,2025-03-12,11.0,757.0,6.7,False,0.0348,-0.041,0.2162,1.86,-9.0,-8.0,0.0,STRA_2025-03-02,0.0348,1.87,-9.0,both,0.0,0.010000000000000009,False
STRA,2025-04-09,2025-04-09,2025-04-13,5.0,369.0,3.4,False,0.0564,-0.0448,0.0564,1.28,0.0,5.0,0.0,STRA_2025-04-09,0.0564,1.28,0.0,both,0.0,0.0,False
STRA,2025-09-18,2025-10-15,2025-11-07,51.0,1163.0,3.6,False,-0.0271,-0.0464,0.0506,0.97,-13.0,-26.0,0.0,STRA_2025-09-18,-0.0271,0.97,-13.0,both,0.0,0.0,False
STRA,2026-01-03,2026-01-20,2026-02-05,34.0,814.0,3.7,False,0.0659,-0.0448,0.0984,1.2,2.0,-13.0,0.0,STRA_2026-01-03,0.0659,1.21,2.0,both,0.0,0.010000000000000009,False
STRA,2026-03-09,2026-03-09,2026-03-16,8.0,601.0,7.8,False,-0.0034,-0.0355,0.0206,0.97,-4.0,-5.0,0.0,STRA_2026-03-09,-0.0034,0.98,-4.0,both,0.0,0.010000000000000009,False
STZ,2021-02-10,2021-02-19,2021-02-19,10.0,469.0,53.0,False,-0.0426,0.0,0.026,1.82,-8.0,4.0,0.0,STZ_2021-02-10,-0.0426,1.82,-8.0,both,0.0,0.0,False
SUMO,2020-12-04,2020-12-07,2020-12-08,5.0,329.0,26.3,False,-0.0534,0.1805,0.1559,5.76,-3.0,0.0,0.0,SUMO_2020-12-04,-0.0534,5.76,-3.0,both,0.0,0.0,False
SUNE,2025-04-08,2025-04-15,2025-04-16,9.0,611.0,59.2,False,-0.18,-0.522,4.28,6.81,-12.0,0.0,1.0,SUNE_2025-04-08,-0.2,6.85,-12.0,both,0.020000000000000018,0.040000000000000036,False
SWBI,2020-08-25,2020-08-25,2020-09-04,11.0,411.0,8.7,False,0.0383,0.0521,0.2695,2.41,7.0,10.0,1.0,SWBI_2020-08-25,-0.1743,3.03,-5.0,both,0.2126,0.6199999999999997,True
SWI,2020-12-14,2020-12-18,2020-12-21,8.0,580.0,150.0,False,-0.3979,0.1368,0.0,16.7,-7.0,3.0,0.0,SWI_2020-12-14,-0.3979,16.7,-7.0,both,0.0,0.0,False
SXTP,2025-04-07,2025-04-08,2025-04-22,16.0,358.0,4.1,False,0.6215,-0.0697,0.9492,271.14,7.0,0.0,0.0,SXTP_2025-04-07,0.6215,269.77,7.0,both,0.0,1.3700000000000045,False
TALK,2021-11-16,2021-11-16,2021-11-30,15.0,342.0,22.3,False,-0.3628,0.0602,0.056,6.85,-5.0,0.0,0.0,TALK_2021-11-16,-0.3628,6.85,-5.0,both,0.0,0.0,False
TAL,2021-07-23,2021-07-23,2021-07-29,7.0,617.0,35.5,False,-0.7076,-0.0217,0.0395,8.76,-2.0,0.0,0.0,TAL_2021-07-23,-0.7076,8.76,-2.0,both,0.0,0.0,False
TBLT,2022-07-19,2022-07-22,2022-08-01,14.0,1173.0,50.0,False,1.9776,0.0827,2.2239,3.16,10.0,0.0,0.0,TBLT_2022-07-19,1.9776,3.16,10.0,both,0.0,0.0,False
TCBI,2020-03-09,2020-05-10,2020-05-18,71.0,3640.0,19.3,False,-0.3404,0.004,0.1311,2.24,-67.0,-19.0,0.0,TCBI_2020-03-09,-0.3404,2.24,-67.0,both,0.0,0.0,False
TCBI,2020-06-11,2020-06-26,2020-07-07,27.0,2832.0,8.5,False,-0.1483,-0.0327,0.1182,1.0,-18.0,0.0,0.0,TCBI_2020-06-11,-0.1483,1.0,-18.0,both,0.0,0.0,False
TCBI,2020-12-08,2020-12-11,2020-12-12,5.0,476.0,7.8,False,0.0049,0.0,0.0396,0.63,5.0,-7.0,0.0,TCBI_2020-12-08,0.0049,0.63,5.0,both,0.0,0.0,False
TCBI,2021-01-27,2021-01-29,2021-02-03,8.0,1326.0,14.3,False,-0.052,0.081,0.0668,0.85,10.0,-7.0,0.0,TCBI_2021-01-27,-0.052,0.85,10.0,both,0.0,0.0,False
TCBI,2021-06-07,2021-06-09,2021-06-09,3.0,589.0,3.8,False,-0.0118,0.0,0.0141,0.71,-1.0,-2.0,0.0,TCBI_2021-06-07,-0.0118,0.71,-1.0,both,0.0,0.0,False
TCBI,2022-01-22,2022-01-22,2022-02-04,14.0,739.0,4.6,False,,,0.1253,0.84,17.0,-1.0,0.0,TCBI_2022-01-22,,0.84,17.0,both,,0.0,False
TCBI,2022-06-06,2022-06-06,2022-06-23,18.0,1136.0,2.7,False,0.0123,-0.068,0.022,1.17,-4.0,18.0,0.0,TCBI_2022-06-06,0.0123,1.17,-4.0,both,0.0,0.0,False
TCBI,2022-09-05,2022-09-07,2022-10-06,32.0,1083.0,4.1,False,0.0338,0.0454,0.0993,1.51,27.0,-1.0,0.0,TCBI_2022-09-05,0.0338,1.51,27.0,both,0.0,0.0,False
TCBI,2024-01-26,2024-01-31,2024-02-02,8.0,535.0,12.8,False,-0.027,-0.0121,0.0231,1.14,-9.0,-6.0,0.0,TCBI_2024-01-26,-0.027,1.14,-9.0,both,0.0,0.0,False
TCBI,2025-10-01,2025-10-03,2025-10-22,22.0,336.0,4.7,False,0.0022,-0.0318,0.0247,1.33,4.0,13.0,0.0,TCBI_2025-10-01,0.0022,1.33,4.0,both,0.0,0.0,False
TCBI,2026-03-06,2026-03-24,2026-04-07,33.0,757.0,5.5,False,-0.0063,0.0317,0.065,0.87,16.0,-4.0,0.0,TCBI_2026-03-06,-0.0063,0.88,16.0,both,0.0,0.010000000000000009,False
TCDA,2022-11-25,2022-11-30,2022-12-08,14.0,459.0,33.3,False,0.2435,-0.0087,0.4756,0.94,-2.0,-2.0,0.0,TCDA_2022-11-25,0.2435,0.94,-2.0,both,0.0,0.0,False
TCRR,2021-01-27,2021-01-28,2021-02-19,24.0,1167.0,6.5,False,-0.0434,0.1091,0.0805,0.9,11.0,-1.0,0.0,TCRR_2021-01-27,-0.0434,0.9,11.0,both,0.0,0.0,False
TDOC,2020-07-29,2020-08-05,2020-08-06,9.0,574.0,86.9,False,-0.0502,0.0519,0.1727,4.16,-1.0,0.0,0.0,TDOC_2020-07-29,-0.0502,4.16,-1.0,both,0.0,0.0,False
TDOC,2020-11-09,2020-11-09,2020-11-20,12.0,338.0,5.4,False,-0.1366,0.1237,0.0115,1.67,-4.0,0.0,0.0,TDOC_2020-11-09,-0.1366,1.67,-4.0,both,0.0,0.0,False
TDOC,2020-12-16,2020-12-17,2020-12-29,14.0,445.0,4.1,False,0.0036,0.011,0.0679,1.15,6.0,-1.0,0.0,TDOC_2020-12-16,0.0036,1.15,6.0,both,0.0,0.0,False
TDOC,2021-04-28,2021-04-29,2021-05-14,17.0,335.0,9.0,False,-0.1005,-0.1825,0.0006,2.17,-3.0,0.0,0.0,TDOC_2021-04-28,-0.1005,2.17,-3.0,both,0.0,0.0,False
TDOC,2022-04-27,2022-04-28,2022-04-29,3.0,764.0,115.0,False,-0.4199,0.0075,0.0483,14.38,-3.0,0.0,0.0,TDOC_2022-04-27,-0.4199,14.38,-3.0,both,0.0,0.0,False
TELL,2021-01-15,2021-01-27,2021-02-05,22.0,3262.0,113.7,False,0.7412,0.1351,1.3235,3.94,-2.0,-12.0,0.0,TELL_2021-01-15,0.7412,3.94,-2.0,both,0.0,0.0,False
TELL,2021-05-22,2021-06-03,2021-06-09,19.0,1354.0,13.5,False,0.9695,-0.0465,1.0305,3.73,5.0,-7.0,0.0,TELL_2021-05-22,0.9695,3.73,5.0,both,0.0,0.0,False
TELL,2021-09-16,2021-09-27,2021-10-09,24.0,542.0,6.8,False,0.1554,-0.1614,0.1554,1.58,0.0,-10.0,0.0,TELL_2021-09-16,0.1554,1.58,0.0,both,0.0,0.0,False
TETC,2022-03-08,2022-03-08,2022-03-18,11.0,310.0,2.3,False,0.001,0.0021,0.0031,1.16,10.0,3.0,0.0,TETC_2022-03-08,0.001,1.16,10.0,both,0.0,0.0,False
TGTX,2021-01-27,2021-01-28,2021-02-19,24.0,1187.0,6.4,False,-0.0391,-0.016,0.0859,1.01,8.0,8.0,0.0,TGTX_2021-01-27,-0.0391,1.01,8.0,both,0.0,0.0,False
TGT,2020-05-08,2020-05-19,2020-05-20,13.0,783.0,33.1,False,0.0865,-0.0287,0.1044,1.22,-1.0,1.0,0.0,TGT_2020-05-08,0.0865,1.22,-1.0,both,0.0,0.0,False
TGT,2020-08-05,2020-08-19,2020-08-19,15.0,638.0,46.5,False,0.1822,0.0,0.1822,2.17,0.0,0.0,0.0,TGT_2020-08-05,0.1822,2.17,0.0,both,0.0,0.0,False
TGT,2020-11-12,2020-11-18,2020-11-25,14.0,384.0,9.5,False,0.0448,0.0777,0.1261,1.95,7.0,0.0,0.0,TGT_2020-11-12,0.0448,1.95,7.0,both,0.0,0.0,False
TGT,2022-05-17,2022-05-18,2022-05-19,3.0,871.0,94.6,False,-0.2629,-0.0506,0.0022,7.86,-5.0,0.0,0.0,TGT_2022-05-17,-0.2629,7.86,-5.0,both,0.0,0.0,False
TGT,2022-11-14,2022-11-16,2022-11-16,3.0,313.0,78.0,False,-0.103,0.0,0.0327,4.8,-1.0,0.0,0.0,TGT_2022-11-14,-0.103,4.8,-1.0,both,0.0,0.0,False
TGT,2023-05-31,2023-06-01,2023-06-20,21.0,539.0,8.8,False,-0.02,0.0119,0.038,2.08,-6.0,-1.0,0.0,TGT_2023-05-31,-0.02,2.08,-6.0,both,0.0,0.0,False
TGT,2024-03-01,2024-03-05,2024-03-05,5.0,472.0,98.7,False,0.1024,0.0,0.1348,3.52,1.0,0.0,0.0,TGT_2024-03-01,0.1024,3.52,1.0,both,0.0,0.0,False
THBR,2020-12-15,2020-12-16,2021-01-08,25.0,631.0,80.0,False,0.0182,0.262,0.3522,66.26,12.0,12.0,0.0,THBR_2020-12-15,0.0182,66.26,12.0,both,0.0,0.0,False
THCA,2020-11-23,2020-11-25,2020-12-03,11.0,568.0,107.0,False,0.0114,0.0262,0.0649,164.79,6.0,6.0,0.0,THCA_2020-11-23,0.0114,164.79,6.0,both,0.0,0.0,False
THCA,2022-03-31,2022-04-05,2022-04-11,12.0,382.0,54.0,False,0.2216,-0.1243,0.2764,16.86,2.0,-4.0,0.0,THCA_2022-03-31,0.2216,16.86,2.0,both,0.0,0.0,False
THCB,2020-11-20,2020-11-24,2020-11-24,5.0,2662.0,911.0,False,0.0867,0.0,0.1879,10.49,3.0,3.0,0.0,THCB_2020-11-20,0.0867,10.49,3.0,both,0.0,0.0,False
THCB,2021-01-27,2021-02-01,2021-02-02,7.0,1127.0,9.7,False,0.7073,-0.1265,0.7073,3.67,0.0,0.0,0.0,THCB_2021-01-27,0.7073,3.67,0.0,both,0.0,0.0,False
THCB,2021-04-15,2021-04-15,2021-04-21,7.0,711.0,3.6,False,-0.064,0.0065,0.0674,1.32,-3.0,1.0,0.0,THCB_2021-04-15,-0.064,1.32,-3.0,both,0.0,0.0,False
THC,2020-11-24,2020-11-27,2020-12-03,10.0,1026.0,88.0,False,0.0055,0.0012,0.0575,0.49,7.0,-4.0,0.0,THC_2020-11-24,0.0055,0.49,7.0,both,0.0,0.0,False
THC,2021-02-01,2021-02-01,2021-03-01,29.0,761.0,7.5,False,0.073,0.0426,0.1377,1.03,32.0,9.0,0.0,THC_2021-02-01,0.073,1.03,32.0,both,0.0,0.0,False
THO,2021-01-27,2021-01-28,2021-02-05,10.0,415.0,33.3,False,0.0052,-0.0038,0.0611,1.48,12.0,0.0,0.0,THO_2021-01-27,0.0052,1.48,12.0,both,0.0,0.0,False
TIGR,2020-12-06,2021-02-12,2021-03-06,91.0,4661.0,10.4,False,4.4392,-0.356,5.6642,3.54,4.0,-9.0,0.0,TIGR_2020-12-06,4.4392,3.54,4.0,both,0.0,0.0,False
TIO,2023-06-06,2023-06-12,2023-06-17,12.0,304.0,19.8,False,-0.622,0.3278,0.2353,2.13,-11.0,-6.0,0.0,TIO_2023-06-06,-0.622,2.13,-11.0,both,0.0,0.0,False
TLRY,2020-11-06,2020-11-09,2020-11-09,4.0,386.0,16.6,False,0.2916,0.0,0.2916,6.53,0.0,-3.0,0.0,TLRY_2020-11-06,0.2916,6.53,0.0,both,0.0,0.0,False
TLRY,2020-12-15,2020-12-16,2020-12-17,3.0,652.0,27.5,False,0.2659,-0.0397,0.2659,2.15,0.0,0.0,0.0,TLRY_2020-12-15,0.2659,2.15,0.0,both,0.0,0.0,False
TLRY,2021-02-03,2021-02-10,2021-02-11,9.0,17688.0,33.4,False,1.7207,-0.4968,1.7207,2.67,0.0,1.0,0.0,TLRY_2021-02-03,1.7207,2.67,0.0,both,0.0,0.0,False
TLRY,2021-05-03,2021-05-07,2021-05-10,8.0,1917.0,6.2,False,-0.1178,-0.0705,0.0534,2.04,-9.0,0.0,0.0,TLRY_2021-05-03,-0.1178,2.04,-9.0,both,0.0,0.0,False
TLRY,2021-05-28,2021-06-09,2021-06-10,14.0,9923.0,15.0,False,0.2481,-0.0644,0.2481,1.89,0.0,0.0,0.0,TLRY_2021-05-28,0.2481,1.89,0.0,both,0.0,0.0,False
TLRY,2021-10-04,2021-10-07,2021-10-08,5.0,1369.0,12.1,False,-0.0117,-0.0481,0.0126,1.3,-7.0,0.0,0.0,TLRY_2021-10-04,-0.0117,1.3,-7.0,both,0.0,0.0,False
TLRY,2022-01-03,2022-01-10,2022-01-13,11.0,1403.0,15.5,False,0.037,-0.0576,0.0512,1.76,-7.0,0.0,0.0,TLRY_2022-01-03,0.037,1.76,-7.0,both,0.0,0.0,False
TLRY,2022-03-22,2022-03-25,2022-03-30,9.0,2942.0,99.7,False,0.609,-0.0491,0.609,6.41,0.0,0.0,0.0,TLRY_2022-03-22,0.609,6.41,0.0,both,0.0,0.0,False
TLRY,2022-07-14,2022-08-17,2022-08-18,36.0,1605.0,22.4,False,0.2593,-0.0062,0.3354,1.95,-9.0,-28.0,0.0,TLRY_2022-07-14,0.2593,1.95,-9.0,both,0.0,0.0,False
TLRY,2022-12-02,2022-12-05,2022-12-06,5.0,377.0,10.6,False,0.1223,-0.1325,0.1223,2.95,0.0,0.0,0.0,TLRY_2022-12-02,0.1223,2.95,0.0,both,0.0,0.0,False
TLRY,2023-07-26,2023-07-27,2023-08-01,7.0,418.0,20.1,False,0.2738,0.1121,0.506,3.59,4.0,-1.0,0.0,TLRY_2023-07-26,0.2738,3.59,4.0,both,0.0,0.0,False
TLRY,2024-03-17,2024-04-09,2024-04-09,24.0,1402.0,64.9,False,0.1879,0.0,0.6474,3.47,-6.0,-18.0,0.0,TLRY_2024-03-17,0.1879,3.47,-6.0,both,0.0,0.0,False
TLRY,2024-12-20,2024-12-23,2024-12-27,8.0,855.0,48.8,False,0.2328,0.0,0.2759,1.73,3.0,0.0,0.0,TLRY_2024-12-20,0.2328,1.73,3.0,both,0.0,0.0,False
TLRY,2025-12-12,2025-12-12,2025-12-19,8.0,336.0,27.5,False,0.4413,-0.0815,0.6536,8.36,4.0,0.0,1.0,TLRY_2025-12-12,0.4413,8.41,4.0,both,0.0,0.05000000000000071,False
TMBR,2021-01-27,2021-01-27,2021-02-26,31.0,347.0,13.0,False,-0.1293,0.4062,1.0816,1.13,20.0,15.0,0.0,TMBR_2021-01-27,-0.1293,1.13,20.0,both,0.0,0.0,False
TMC,2025-06-11,2025-06-18,2025-06-26,16.0,372.0,15.2,False,0.592,0.0637,0.7665,1.88,7.0,0.0,0.0,TMC_2025-06-11,0.592,1.88,7.0,both,0.0,0.0,False
TNXP,2021-01-05,2021-01-13,2021-01-14,10.0,718.0,46.8,False,0.3985,-0.0435,0.3985,2.61,0.0,-2.0,0.0,TNXP_2021-01-05,0.3985,2.61,0.0,both,0.0,0.0,False
TOWN,2021-01-25,2021-01-27,2021-01-29,5.0,359.0,30.3,False,-0.0832,-0.0165,0.0,0.91,-5.0,-5.0,0.0,TOWN_2021-01-25,-0.0832,0.91,-5.0,both,0.0,0.0,False
TPET,2026-03-02,2026-03-03,2026-03-12,11.0,406.0,71.0,False,3.6429,-0.0923,3.6429,108.89,0.0,-1.0,0.0,TPET_2026-03-02,3.6429,108.89,0.0,both,0.0,0.0,False
TRCH,2021-01-14,2021-02-16,2021-03-04,50.0,862.0,20.2,False,2.0426,-0.5058,2.0426,3.84,0.0,-6.0,0.0,TRCH_2021-01-14,2.0426,3.84,0.0,both,0.0,0.0,False
TRCH,2021-06-14,2021-06-21,2021-06-23,10.0,1585.0,76.6,False,2.1795,-0.504,2.1795,26.95,0.0,0.0,0.0,TRCH_2021-06-14,2.1795,26.95,0.0,both,0.0,0.0,False
TRIP,2021-01-27,2021-01-29,2021-02-03,8.0,348.0,17.5,False,-0.0529,0.1127,0.1095,1.24,10.0,-2.0,0.0,TRIP_2021-01-27,-0.0529,1.24,10.0,both,0.0,0.0,False
TRIT,2021-01-25,2021-01-27,2021-02-05,12.0,383.0,12.6,False,0.0774,-0.0995,0.1198,2.27,-1.0,-2.0,0.0,TRIT_2021-01-25,0.0774,2.27,-1.0,both,0.0,0.0,False
TRKA,2022-12-21,2023-01-24,2023-02-06,48.0,1042.0,18.6,False,0.7709,0.2834,1.3627,2.36,10.0,13.0,0.0,TRKA_2022-12-21,0.7709,2.36,10.0,both,0.0,0.0,False
TRKA,2023-02-27,2023-03-07,2023-03-09,11.0,2980.0,20.2,False,0.8361,-0.3652,1.5098,6.72,-1.0,0.0,0.0,TRKA_2023-02-27,0.8361,6.72,-1.0,both,0.0,0.0,False
TRVG,2021-01-27,2021-01-27,2021-01-29,3.0,331.0,194.0,False,0.519,-0.21,0.519,22.99,0.0,0.0,0.0,TRVG_2021-01-27,0.519,22.99,0.0,both,0.0,0.0,False
TRVN,2020-08-03,2020-08-07,2020-08-11,9.0,743.0,50.2,False,0.0259,0.1513,0.3491,7.54,3.0,3.0,0.0,TRVN_2020-08-03,0.0259,7.54,3.0,both,0.0,0.0,False
TR,2021-01-23,2021-01-27,2021-01-29,7.0,700.0,267.0,False,0.4217,-0.0763,0.4217,15.66,0.0,0.0,0.0,TR_2021-01-23,0.4217,15.66,0.0,both,0.0,0.0,False
TSLA,2020-02-03,2020-02-04,2020-02-06,4.0,16803.0,9.8,False,0.3635,-0.1557,0.3635,2.45,0.0,0.0,0.0,TSLA_2020-02-03,0.3635,2.45,0.0,both,0.0,0.0,False
TSLA,2020-04-14,2020-05-01,2020-05-14,31.0,38173.0,5.8,False,0.0774,0.1455,0.2588,0.94,7.0,0.0,0.0,TSLA_2020-04-14,0.0774,0.94,7.0,both,0.0,0.0,False
TSLA,2020-06-10,2020-06-10,2020-06-12,3.0,4824.0,3.7,False,0.0897,-0.0876,0.0897,1.47,0.0,0.0,0.0,TSLA_2020-06-10,0.0897,1.47,0.0,both,0.0,0.0,False
TSLA,2020-07-02,2020-07-13,2020-07-24,23.0,61565.0,9.1,False,0.3371,-0.0535,0.4674,1.65,7.0,0.0,0.0,TSLA_2020-07-02,0.3371,1.65,7.0,both,0.0,0.0,False
TSLA,2020-08-31,2020-09-01,2020-09-08,9.0,39535.0,4.4,False,0.0731,-0.3049,0.1257,1.43,-1.0,-1.0,1.0,TSLA_2020-08-31,-0.7854,7.16,-5.0,both,0.8585,5.73,True
TSLA,2020-11-17,2020-12-18,2020-12-23,37.0,79553.0,7.3,False,0.7031,-0.0705,0.7031,2.0,0.0,0.0,0.0,TSLA_2020-11-17,0.7031,2.0,0.0,both,0.0,0.0,False
TSLA,2021-01-08,2021-01-08,2021-01-12,5.0,24775.0,4.3,False,0.0784,-0.0347,0.0784,1.1,0.0,0.0,0.0,TSLA_2021-01-08,0.0784,1.1,0.0,both,0.0,0.0,False
TSLA,2021-06-24,2021-06-24,2021-06-28,5.0,4862.0,3.6,False,0.0354,0.0131,0.049,1.43,4.0,0.0,0.0,TSLA_2021-06-24,0.0354,1.43,4.0,both,0.0,0.0,False
TSLA,2021-07-26,2021-07-26,2021-08-02,8.0,5260.0,3.1,False,0.0221,0.0791,0.1107,1.42,10.0,7.0,0.0,TSLA_2021-07-26,0.0221,1.42,10.0,both,0.0,0.0,False
TSLA,2021-09-27,2021-10-25,2021-11-23,58.0,69495.0,10.1,False,0.3234,0.0821,0.5882,1.59,10.0,0.0,0.0,TSLA_2021-09-27,0.3234,1.59,10.0,both,0.0,0.0,False
TSLA,2022-01-03,2022-01-03,2022-01-14,12.0,15257.0,3.7,False,0.1353,-0.1252,0.1353,1.28,0.0,0.0,0.0,TSLA_2022-01-03,0.1353,1.28,0.0,both,0.0,0.0,False
TSLA,2022-04-20,2022-04-20,2022-05-03,14.0,21911.0,4.9,False,-0.0496,-0.0695,0.0,1.23,-1.0,6.0,0.0,TSLA_2022-04-20,-0.0496,1.23,-1.0,both,0.0,0.0,False
TSLA,2022-07-20,2022-07-20,2022-07-22,3.0,5325.0,3.5,False,0.008,0.1,0.1193,1.24,7.0,1.0,0.0,TSLA_2022-07-20,0.008,1.24,7.0,both,0.0,0.0,False
TSLA,2022-12-15,2022-12-28,2023-01-06,23.0,42227.0,5.5,False,-0.2812,0.0031,0.0703,1.91,-16.0,6.0,0.0,TSLA_2022-12-15,-0.2812,1.91,-16.0,both,0.0,0.0,False
TSLA,2023-04-19,2023-04-19,2023-04-21,3.0,4426.0,6.3,False,-0.0202,-0.0859,0.0148,1.19,-2.0,1.0,0.0,TSLA_2023-04-19,-0.0202,1.19,-2.0,both,0.0,0.0,False
TSLA,2023-06-08,2023-07-19,2023-07-21,44.0,25806.0,7.9,False,0.297,-0.1073,0.3062,1.1,-1.0,-28.0,0.0,TSLA_2023-06-08,0.297,1.1,-1.0,both,0.0,0.0,False
TSLA,2023-09-11,2023-09-11,2023-09-18,8.0,3786.0,4.2,False,0.1009,-0.0303,0.1108,1.09,3.0,0.0,0.0,TSLA_2023-09-11,0.1009,1.09,3.0,both,0.0,0.0,False
TSLA,2023-10-18,2023-10-18,2023-10-20,3.0,3115.0,4.3,False,-0.0478,-0.1265,0.0,1.28,-1.0,1.0,0.0,TSLA_2023-10-18,-0.0478,1.28,-1.0,both,0.0,0.0,False
TSLA,2024-01-16,2024-01-25,2024-02-06,22.0,16774.0,8.9,False,-0.1657,0.0135,0.0381,1.12,-14.0,0.0,0.0,TSLA_2024-01-16,-0.1657,1.12,-14.0,both,0.0,0.0,False
TSLA,2024-03-14,2024-03-14,2024-03-18,5.0,3258.0,2.9,False,-0.0412,0.0695,0.0489,1.11,-3.0,0.0,0.0,TSLA_2024-03-14,-0.0412,1.11,-3.0,both,0.0,0.0,False
TSLA,2024-04-22,2024-04-23,2024-04-30,9.0,14964.0,6.6,False,-0.0161,0.2668,0.3196,1.53,6.0,6.0,0.0,TSLA_2024-04-22,-0.0161,1.53,6.0,both,0.0,0.0,False
TSLA,2024-06-13,2024-06-13,2024-06-17,5.0,3631.0,5.3,False,0.0292,0.0272,0.0573,1.46,4.0,0.0,0.0,TSLA_2024-06-13,0.0292,1.46,4.0,both,0.0,0.0,False
TSLA,2025-01-29,2025-01-29,2025-02-13,16.0,18510.0,4.9,False,-0.0226,-0.0852,0.0213,1.13,-5.0,13.0,0.0,TSLA_2025-01-29,-0.0226,1.13,-5.0,both,0.0,0.0,False
TSLA,2025-03-10,2025-03-11,2025-04-09,31.0,68698.0,6.1,False,-0.1222,0.1805,0.097,1.61,14.0,29.0,0.0,TSLA_2025-03-10,-0.1222,1.61,14.0,both,0.0,0.0,False
TSLA,2025-04-22,2025-04-22,2025-04-25,4.0,13765.0,4.3,False,0.046,0.1974,0.2836,0.91,7.0,3.0,0.0,TSLA_2025-04-22,0.046,0.91,7.0,both,0.0,0.0,False
TSLA,2025-06-05,2025-06-05,2025-06-11,7.0,10730.0,6.0,False,-0.1426,0.1466,0.0368,1.69,-2.0,0.0,0.0,TSLA_2025-06-05,-0.1426,1.68,-2.0,both,0.0,0.010000000000000009,False
TSLA,2025-09-12,2025-09-15,2025-10-07,26.0,11086.0,6.2,False,0.1118,0.0562,0.2458,1.41,16.0,-3.0,0.0,TSLA_2025-09-12,0.1118,1.41,16.0,both,0.0,0.0,False
TSLA,2025-12-15,2025-12-16,2025-12-22,8.0,5351.0,6.6,False,0.0674,-0.0023,0.0674,1.36,0.0,-1.0,0.0,TSLA_2025-12-15,0.0674,1.36,0.0,both,0.0,0.0,False
TSLA,2026-01-28,2026-01-29,2026-02-05,9.0,5494.0,6.1,False,-0.0333,-0.0465,0.0421,1.12,-6.0,1.0,0.0,TSLA_2026-01-28,-0.0333,1.12,-6.0,both,0.0,0.0,False
TSLA,2026-04-02,2026-04-22,2026-04-23,22.0,6021.0,9.8,False,0.0164,-0.0356,0.0508,1.16,-5.0,-7.0,0.0,TSLA_2026-04-02,0.0164,1.16,-5.0,both,0.0,0.0,False
TSLA,2026-06-12,2026-06-12,2026-06-17,6.0,2935.0,4.4,False,0.0182,-0.0247,0.0301,1.01,3.0,0.0,0.0,TSLA_2026-06-12,0.0182,1.01,3.0,both,0.0,0.0,False
TSM,2020-07-13,2020-07-16,2020-07-17,5.0,332.0,15.6,False,0.0429,-0.0029,0.0733,1.66,6.0,-7.0,0.0,TSM_2020-07-13,0.0429,1.66,6.0,both,0.0,0.0,False
TSM,2020-07-24,2020-07-27,2020-07-30,7.0,803.0,11.3,False,0.2357,-0.0399,0.2357,3.27,0.0,-3.0,0.0,TSM_2020-07-24,0.2357,3.27,0.0,both,0.0,0.0,False
TSM,2021-01-08,2021-01-14,2021-01-26,19.0,1782.0,14.7,False,0.0413,0.0016,0.1048,2.63,7.0,0.0,0.0,TSM_2021-01-08,0.0413,2.63,7.0,both,0.0,0.0,False
TSM,2022-01-03,2022-01-13,2022-01-13,11.0,758.0,22.9,False,0.1569,0.0,0.1691,3.21,1.0,0.0,0.0,TSM_2022-01-03,0.1569,3.21,1.0,both,0.0,0.0,False
TSM,2022-02-24,2022-02-28,2022-03-07,12.0,377.0,7.2,False,-0.0767,-0.0721,0.0087,2.15,-6.0,7.0,0.0,TSM_2022-02-24,-0.0767,2.15,-6.0,both,0.0,0.0,False
TSM,2022-10-08,2022-10-13,2022-10-24,17.0,412.0,11.6,False,-0.0449,-0.08,0.0678,1.65,-8.0,0.0,0.0,TSM_2022-10-08,-0.0449,1.65,-8.0,both,0.0,0.0,False
TSM,2024-01-17,2024-01-18,2024-01-29,13.0,328.0,12.3,False,0.1117,0.0349,0.1533,2.92,8.0,0.0,0.0,TSM_2024-01-17,0.1117,2.92,8.0,both,0.0,0.0,False
TSM,2024-03-04,2024-03-08,2024-03-19,16.0,7298.0,40.2,False,0.0931,-0.0786,0.1143,1.61,-1.0,0.0,0.0,TSM_2024-03-04,0.0931,1.61,-1.0,both,0.0,0.0,False
TSM,2024-10-15,2024-10-17,2024-10-17,3.0,668.0,45.7,False,0.0709,0.0,0.0709,2.88,0.0,0.0,0.0,TSM_2024-10-15,0.0709,2.88,0.0,both,0.0,0.0,False
TSM,2025-01-06,2025-01-16,2025-01-16,11.0,654.0,25.2,False,0.0296,0.0,0.0546,1.69,-10.0,0.0,0.0,TSM_2025-01-06,0.0296,1.69,-10.0,both,0.0,0.0,False
TSM,2026-01-02,2026-01-15,2026-01-15,14.0,413.0,19.4,False,0.1242,0.0,0.1267,1.58,1.0,0.0,0.0,TSM_2026-01-02,0.1242,1.58,1.0,both,0.0,0.0,False
TTCF,2021-08-30,2021-09-03,2021-09-03,5.0,729.0,18.9,False,0.0985,0.0,0.1955,1.28,-1.0,0.0,0.0,TTCF_2021-08-30,0.0985,1.28,-1.0,both,0.0,0.0,False
TTI,2020-04-30,2020-04-30,2020-05-05,6.0,442.0,152.0,False,0.4872,0.1209,0.667,4.51,5.0,0.0,0.0,TTI_2020-04-30,0.4872,4.51,5.0,both,0.0,0.0,False
TTNP,2020-05-11,2020-05-15,2020-05-15,5.0,306.0,80.0,False,-0.0984,0.0,0.1311,1.65,-3.0,-8.0,0.0,TTNP_2020-05-11,-0.0984,1.65,-3.0,both,0.0,0.0,False
TTOO,2021-01-26,2021-02-05,2021-02-05,11.0,481.0,87.7,False,0.4692,0.0,0.7962,2.67,3.0,0.0,0.0,TTOO_2021-01-26,0.4692,2.67,3.0,both,0.0,0.0,False
TTOO,2023-08-01,2023-08-03,2023-08-11,11.0,1271.0,54.0,False,1.3729,-0.0346,3.0075,2.24,12.0,0.0,0.0,TTOO_2023-08-01,1.3729,2.24,12.0,both,0.0,0.0,False
TTWO,2020-05-18,2020-05-20,2020-05-21,4.0,430.0,31.4,False,0.1079,-0.0589,0.1079,3.27,0.0,1.0,0.0,TTWO_2020-05-18,0.1079,3.27,0.0,both,0.0,0.0,False
TTWO,2020-08-02,2020-08-03,2020-08-04,3.0,390.0,41.7,False,0.0223,0.0587,0.0823,3.33,1.0,1.0,0.0,TTWO_2020-08-02,0.0223,3.33,1.0,both,0.0,0.0,False
TTWO,2021-01-28,2021-01-29,2021-02-13,17.0,433.0,9.7,False,0.0259,-0.0029,0.0919,1.53,10.0,11.0,0.0,TTWO_2021-01-28,0.0259,1.53,10.0,both,0.0,0.0,False
TUP,2023-07-24,2023-07-28,2023-08-04,12.0,1293.0,151.6,False,2.4222,0.5487,4.9778,43.54,4.0,-1.0,0.0,TUP_2023-07-24,2.4222,43.54,4.0,both,0.0,0.0,False
TWLO,2020-05-06,2020-05-07,2020-05-08,3.0,565.0,192.5,False,0.466,0.0515,0.6324,7.36,5.0,0.0,0.0,TWLO_2020-05-06,0.466,7.36,5.0,both,0.0,0.0,False
TWLO,2020-08-03,2020-08-04,2020-08-05,3.0,366.0,19.5,False,0.0229,-0.0199,0.0321,1.72,-1.0,3.0,0.0,TWLO_2020-08-03,0.0229,1.72,-1.0,both,0.0,0.0,False
TWNK,2021-06-08,2021-06-09,2021-06-14,7.0,714.0,66.4,False,0.0151,0.0229,0.0415,1.73,6.0,0.0,0.0,TWNK_2021-06-08,0.0151,1.73,6.0,both,0.0,0.0,False
TWTR,2020-02-06,2020-02-06,2020-02-13,8.0,1446.0,4.6,False,0.1503,-0.0325,0.1503,2.59,0.0,0.0,0.0,TWTR_2020-02-06,0.1503,2.59,0.0,both,0.0,0.0,False
TWTR,2020-05-28,2020-05-29,2020-06-05,9.0,4798.0,4.9,False,-0.0635,0.1259,0.108,1.18,10.0,0.0,0.0,TWTR_2020-05-28,-0.0635,1.18,10.0,both,0.0,0.0,False
TWTR,2021-01-06,2021-01-28,2021-02-02,28.0,43359.0,39.5,False,-0.0429,0.0471,0.0538,1.87,8.0,-17.0,0.0,TWTR_2021-01-06,-0.0429,1.87,8.0,both,0.0,0.0,False
TWTR,2021-05-12,2021-05-12,2021-05-19,8.0,6337.0,2.4,False,-0.0412,0.0438,0.079,0.81,12.0,12.0,0.0,TWTR_2021-05-12,-0.0412,0.81,12.0,both,0.0,0.0,False
TWTR,2021-09-27,2021-09-28,2021-11-23,58.0,33516.0,5.7,False,-0.071,-0.2452,0.0,1.4,-4.0,29.0,0.0,TWTR_2021-09-27,-0.071,1.4,-4.0,both,0.0,0.0,False
TWTR,2022-03-29,2022-04-14,2022-04-28,31.0,42180.0,7.4,False,0.1524,0.0894,0.3216,5.43,11.0,-10.0,0.0,TWTR_2022-03-29,0.1524,5.43,11.0,both,0.0,0.0,False
TWTR,2022-07-08,2022-07-09,2022-07-22,15.0,14357.0,6.9,False,-0.051,0.0823,0.0273,2.46,18.0,2.0,0.0,TWTR_2022-07-08,-0.051,2.46,18.0,both,0.0,0.0,False
TWTR,2022-08-18,2022-08-18,2022-09-09,23.0,21554.0,6.0,False,-0.003,-0.0381,0.0116,0.96,-3.0,5.0,0.0,TWTR_2022-08-18,-0.003,0.96,-3.0,both,0.0,0.0,False
TWTR,2022-10-04,2022-10-04,2022-10-07,4.0,5093.0,4.5,False,0.2224,-0.0542,0.2224,4.64,0.0,1.0,0.0,TWTR_2022-10-04,0.2224,4.64,0.0,both,0.0,0.0,False
TXG,2020-12-19,2020-12-19,2021-02-15,59.0,1770.0,15.0,False,,,0.2875,0.78,55.0,18.0,0.0,TXG_2020-12-19,,0.78,55.0,both,,0.0,False
TXMD,2021-01-27,2021-02-08,2021-02-17,22.0,1059.0,115.4,False,0.451,-0.1667,0.6667,4.3,1.0,3.0,0.0,TXMD_2021-01-27,0.451,4.3,1.0,both,0.0,0.0,False
TYME,2021-02-03,2021-02-03,2021-02-09,7.0,344.0,51.8,False,0.9396,-0.0765,0.9396,32.58,0.0,0.0,0.0,TYME_2021-02-03,0.9396,32.58,0.0,both,0.0,0.0,False
T,2021-02-16,2021-02-17,2021-02-23,8.0,350.0,13.6,False,0.0267,-0.0132,0.0267,0.94,0.0,9.0,0.0,T_2021-02-16,0.0267,0.94,0.0,both,0.0,0.0,False
UAL,2020-02-26,2020-02-27,2020-03-06,10.0,1076.0,123.6,False,-0.0798,-0.1977,0.1054,2.36,-6.0,8.0,0.0,UAL_2020-02-26,-0.0798,2.36,-6.0,both,0.0,0.0,False
UAL,2020-06-04,2020-06-05,2020-06-16,13.0,957.0,8.3,False,0.2602,-0.0518,0.447,1.75,3.0,-1.0,0.0,UAL_2020-06-04,0.2602,1.75,3.0,both,0.0,0.0,False
UAL,2021-02-19,2021-02-19,2021-02-22,4.0,588.0,29.6,False,0.0683,0.0348,0.2224,1.62,5.0,3.0,0.0,UAL_2021-02-19,0.0683,1.62,5.0,both,0.0,0.0,False
UAMY,2025-10-07,2025-10-13,2025-10-27,21.0,653.0,26.9,False,1.0655,-0.4273,1.1595,2.83,1.0,1.0,0.0,UAMY_2025-10-07,1.0655,2.83,1.0,both,0.0,0.0,False
UAVS,2020-04-27,2020-04-30,2020-05-05,9.0,1615.0,349.2,False,1.1018,-0.1034,2.3338,8.31,-1.0,0.0,0.0,UAVS_2020-04-27,1.1018,8.31,-1.0,both,0.0,0.0,False
UAVS,2020-07-07,2020-07-07,2020-07-20,14.0,423.0,6.0,False,0.2969,0.8795,1.6719,7.05,9.0,0.0,0.0,UAVS_2020-07-07,0.2969,7.05,9.0,both,0.0,0.0,False
UBER,2020-02-06,2020-02-06,2020-02-11,6.0,347.0,17.8,False,0.0076,0.1127,0.1212,2.41,5.0,1.0,0.0,UBER_2020-02-06,0.0076,2.41,5.0,both,0.0,0.0,False
UBER,2020-03-19,2020-03-19,2020-03-24,6.0,982.0,14.9,False,0.3826,0.2879,0.8974,1.54,7.0,0.0,0.0,UBER_2020-03-19,0.3826,1.54,7.0,both,0.0,0.0,False
UBER,2020-05-06,2020-05-07,2020-05-12,7.0,522.0,18.2,False,0.1019,0.0475,0.1763,2.02,6.0,5.0,0.0,UBER_2020-05-06,0.1019,2.02,6.0,both,0.0,0.0,False
UBER,2025-02-04,2025-02-05,2025-02-12,9.0,567.0,12.2,False,-0.0418,0.2306,0.1932,1.96,8.0,2.0,0.0,UBER_2025-02-04,-0.0418,1.96,8.0,both,0.0,0.0,False
UBS,2023-03-15,2023-03-19,2023-03-21,7.0,2916.0,255.8,False,-0.0895,0.1566,0.053,6.54,2.0,1.0,0.0,UBS_2023-03-15,-0.0895,6.54,2.0,both,0.0,0.0,False
UBS,2024-05-14,2024-05-25,2024-05-28,15.0,1350.0,72.5,False,0.0401,0.0,0.0741,0.6,6.0,6.0,0.0,UBS_2024-05-14,0.0401,0.6,6.0,both,0.0,0.0,False
UEC,2020-12-07,2020-12-08,2020-12-16,10.0,323.0,18.9,False,0.2231,0.1554,0.5207,3.62,9.0,-1.0,0.0,UEC_2020-12-07,0.2231,3.62,9.0,both,0.0,0.0,False
UEC,2021-02-06,2021-02-06,2021-02-18,13.0,1893.0,12.7,False,,,0.3736,2.05,13.0,10.0,0.0,UEC_2021-02-06,,2.05,13.0,both,,0.0,False
UEC,2021-09-02,2021-09-10,2021-09-16,15.0,3394.0,42.5,False,0.2539,0.1059,0.4414,4.21,5.0,7.0,0.0,UEC_2021-09-02,0.2539,4.21,5.0,both,0.0,0.0,False
UEC,2022-01-05,2022-01-05,2022-01-16,12.0,488.0,9.9,False,0.0131,-0.1399,0.0184,1.22,2.0,0.0,0.0,UEC_2022-01-05,0.0131,1.22,2.0,both,0.0,0.0,False
UEC,2022-02-22,2022-03-09,2022-03-21,28.0,1736.0,13.1,False,0.7639,-0.0079,0.809,1.89,1.0,1.0,0.0,UEC_2022-02-22,0.7639,1.89,1.0,both,0.0,0.0,False
UEC,2022-06-07,2022-06-07,2022-07-06,30.0,447.0,6.9,False,0.154,-0.337,0.154,0.78,0.0,0.0,0.0,UEC_2022-06-07,0.154,0.78,0.0,both,0.0,0.0,False
UEC,2022-08-24,2022-08-30,2022-09-09,17.0,1073.0,20.2,False,0.2316,-0.0177,0.2316,1.88,0.0,-6.0,0.0,UEC_2022-08-24,0.2316,1.88,0.0,both,0.0,0.0,False
UEC,2024-01-12,2024-01-12,2024-01-18,7.0,378.0,13.3,False,0.1212,0.0193,0.1544,2.18,4.0,0.0,0.0,UEC_2024-01-12,0.1212,2.18,4.0,both,0.0,0.0,False
UEC,2024-08-22,2024-09-02,2024-09-03,13.0,335.0,12.6,False,0.0377,-0.0975,0.0655,0.94,-10.0,4.0,0.0,UEC_2024-08-22,0.0377,0.94,-10.0,both,0.0,0.0,False
UEC,2024-10-16,2024-10-16,2024-10-20,5.0,628.0,15.7,False,0.0845,0.0628,0.1526,2.49,2.0,1.0,0.0,UEC_2024-10-16,0.0845,2.49,2.0,both,0.0,0.0,False
UEC,2026-01-03,2026-01-26,2026-02-06,35.0,777.0,9.0,False,0.3997,-0.1215,0.5362,1.13,2.0,3.0,0.0,UEC_2026-01-03,0.3997,1.13,2.0,both,0.0,0.0,False
UEC,2026-03-31,2026-04-08,2026-04-17,18.0,991.0,10.1,False,0.115,0.0723,0.2109,0.71,8.0,-9.0,0.0,UEC_2026-03-31,0.115,0.71,8.0,both,0.0,0.0,False
UEC,2026-05-21,2026-05-21,2026-05-29,9.0,439.0,9.4,False,0.0275,0.0511,0.211,0.8,12.0,-2.0,0.0,UEC_2026-05-21,0.0275,0.8,12.0,both,0.0,0.0,False
ULTA,2020-03-18,2020-03-20,2020-03-25,8.0,1216.0,121.0,False,-0.0423,0.296,0.3393,1.86,-7.0,0.0,0.0,ULTA_2020-03-18,-0.0423,1.86,-7.0,both,0.0,0.0,False
UNFI,2021-03-04,2021-03-04,2021-03-12,9.0,417.0,19.7,False,0.0528,0.3104,0.3817,3.59,7.0,6.0,0.0,UNFI_2021-03-04,0.0528,3.59,7.0,both,0.0,0.0,False
UNH,2024-12-04,2024-12-04,2024-12-18,15.0,1086.0,132.1,False,0.0092,-0.1818,0.0092,2.65,0.0,13.0,0.0,UNH_2024-12-04,0.0092,2.65,0.0,both,0.0,0.0,False
UNH,2025-05-13,2025-05-15,2025-05-21,9.0,11099.0,56.5,False,-0.2756,0.1044,0.018,6.72,-7.0,0.0,0.0,UNH_2025-05-13,-0.2756,6.72,-7.0,both,0.0,0.0,False
UNH,2025-07-24,2025-07-29,2025-08-06,14.0,5595.0,9.8,False,-0.1075,-0.0586,0.0,2.05,-6.0,0.0,0.0,UNH_2025-07-24,-0.1075,2.05,-6.0,both,0.0,0.0,False
UNH,2025-10-28,2025-10-28,2025-11-03,7.0,766.0,8.1,False,0.0051,-0.0926,0.0051,1.59,0.0,0.0,0.0,UNH_2025-10-28,0.0051,1.59,0.0,both,0.0,0.0,False
UONEK,2020-06-16,2020-06-17,2020-06-19,4.0,617.0,226.0,False,0.8151,0.566,1.8425,453.72,2.0,0.0,0.0,UONEK_2020-06-16,0.8151,453.72,2.0,both,0.0,0.0,False
UONE,2020-06-16,2020-06-19,2020-06-19,4.0,824.0,218.0,False,4.5505,0.0,4.5505,26.15,0.0,-1.0,0.0,UONE_2020-06-16,4.5505,26.15,0.0,both,0.0,0.0,False
UONE,2021-06-07,2021-06-11,2021-06-15,9.0,498.0,14.8,False,0.5758,-0.1093,0.6041,1.17,3.0,0.0,0.0,UONE_2021-06-07,0.5758,1.17,3.0,both,0.0,0.0,False
UPC,2025-04-03,2025-04-07,2025-04-23,21.0,695.0,3.1,False,0.0842,0.233,1.0877,6.05,21.0,21.0,1.0,UPC_2025-04-03,0.0842,6.04,21.0,both,0.0,0.009999999999999787,False
UPC,2026-01-30,2026-02-05,2026-02-16,18.0,319.0,3.6,False,-0.0433,-0.2814,0.0889,0.94,-2.0,-2.0,0.0,UPC_2026-01-30,-0.0433,0.94,-2.0,both,0.0,0.0,False
UPST,2021-03-17,2021-03-18,2021-03-23,7.0,914.0,61.6,False,0.9166,0.0295,1.7455,7.55,4.0,0.0,0.0,UPST_2021-03-17,0.9166,7.55,4.0,both,0.0,0.0,False
UPST,2021-08-10,2021-08-11,2021-08-24,15.0,991.0,26.4,False,0.2479,0.2818,0.6268,2.98,16.0,0.0,0.0,UPST_2021-08-10,0.2479,2.98,16.0,both,0.0,0.0,False
UPST,2021-09-21,2021-09-21,2021-09-23,3.0,372.0,5.5,False,0.093,0.0485,0.1461,1.44,2.0,-4.0,0.0,UPST_2021-09-21,0.093,1.44,2.0,both,0.0,0.0,False
UPST,2022-02-15,2022-02-15,2022-02-17,3.0,365.0,12.9,False,0.0431,0.2797,0.415,3.34,1.0,1.0,0.0,UPST_2022-02-15,0.0431,3.34,1.0,both,0.0,0.0,False
UPST,2022-05-09,2022-05-10,2022-05-11,3.0,1214.0,38.9,False,-0.5994,-0.1669,0.1154,4.53,-6.0,0.0,0.0,UPST_2022-05-09,-0.5994,4.53,-6.0,both,0.0,0.0,False
UPST,2023-07-17,2023-08-08,2023-08-10,25.0,811.0,26.4,False,0.1122,-0.3807,0.5493,1.71,-7.0,1.0,0.0,UPST_2023-07-17,0.1122,1.71,-7.0,both,0.0,0.0,False
UPS,2020-04-24,2020-04-28,2020-04-30,7.0,323.0,15.3,False,-0.0304,-0.0184,0.0312,1.39,-1.0,0.0,0.0,UPS_2020-04-24,-0.0304,1.39,-1.0,both,0.0,0.0,False
UPS,2020-06-30,2020-07-30,2020-07-30,31.0,1751.0,99.1,False,0.2921,0.0,0.3219,1.05,5.0,0.0,0.0,UPS_2020-06-30,0.2921,1.05,5.0,both,0.0,0.0,False
UPS,2020-10-26,2020-10-28,2020-10-28,3.0,1036.0,6.2,False,-0.0938,0.0,0.0063,1.99,-6.0,0.0,0.0,UPS_2020-10-26,-0.0938,1.99,-6.0,both,0.0,0.0,False
UPS,2021-11-27,2022-02-01,2022-02-03,69.0,2041.0,13.9,False,0.1237,-0.0087,0.1306,1.36,1.0,0.0,0.0,UPS_2021-11-27,0.1237,1.36,1.0,both,0.0,0.0,False
UPS,2023-07-13,2023-07-25,2023-07-26,14.0,707.0,16.9,False,-0.0097,-0.0016,0.0099,0.91,-1.0,0.0,0.0,UPS_2023-07-13,-0.0097,0.91,-1.0,both,0.0,0.0,False
UPS,2023-12-20,2023-12-24,2023-12-24,5.0,318.0,18.7,False,-0.0209,0.0,0.0082,1.05,-9.0,-9.0,0.0,UPS_2023-12-20,-0.0209,1.05,-9.0,both,0.0,0.0,False
USAR,2025-10-02,2025-10-13,2025-10-15,14.0,539.0,45.7,False,1.101,-0.1293,1.101,5.58,0.0,-3.0,0.0,USAR_2025-10-02,1.101,5.57,0.0,both,0.0,0.009999999999999787,False
USCR,2021-01-28,2021-02-04,2021-02-12,16.0,793.0,6.0,False,0.1384,0.0358,0.2,0.54,12.0,-8.0,0.0,USCR_2021-01-28,0.1384,0.54,12.0,both,0.0,0.0,False
USFD,2020-06-08,2020-06-08,2020-06-12,5.0,330.0,4.9,False,0.0808,-0.2009,0.0808,1.32,0.0,0.0,0.0,USFD_2020-06-08,0.0808,1.32,0.0,both,0.0,0.0,False
USFD,2021-01-28,2021-02-08,2021-03-18,50.0,976.0,4.7,False,0.1575,-0.003,0.2662,1.09,32.0,31.0,0.0,USFD_2021-01-28,0.1575,1.09,32.0,both,0.0,0.0,False
USFD,2021-05-18,2021-05-18,2021-06-02,16.0,306.0,3.8,False,-0.019,0.0175,0.0233,1.07,14.0,14.0,0.0,USFD_2021-05-18,-0.019,1.07,14.0,both,0.0,0.0,False
UUUU,2021-02-01,2021-02-01,2021-02-23,23.0,863.0,3.1,False,0.1237,0.2763,0.6132,1.42,15.0,4.0,0.0,UUUU_2021-02-01,0.1237,1.42,15.0,both,0.0,0.0,False
UUUU,2021-06-09,2021-06-09,2021-06-18,10.0,370.0,3.2,False,-0.0286,-0.0825,0.0429,0.89,-2.0,5.0,0.0,UUUU_2021-06-09,-0.0286,0.89,-2.0,both,0.0,0.0,False
UUUU,2022-02-28,2022-03-08,2022-03-14,15.0,575.0,7.8,False,0.2074,-0.0672,0.3338,2.97,2.0,2.0,0.0,UUUU_2022-02-28,0.2074,2.97,2.0,both,0.0,0.0,False
UUUU,2022-06-11,2022-06-11,2022-06-27,17.0,412.0,5.5,False,,,0.1685,0.91,-4.0,-4.0,0.0,UUUU_2022-06-11,,0.91,-4.0,both,,0.0,False
UUUU,2025-07-15,2025-08-06,2025-08-08,25.0,668.0,10.8,False,0.3809,-0.0134,0.4322,1.21,-9.0,-27.0,0.0,UUUU_2025-07-15,0.3809,1.21,-9.0,both,0.0,0.0,False
UUUU,2025-09-24,2025-10-14,2025-10-22,29.0,1705.0,15.0,False,0.5735,-0.1331,0.5735,2.29,0.0,0.0,0.0,UUUU_2025-09-24,0.5735,2.29,0.0,both,0.0,0.0,False
UUUU,2026-01-05,2026-01-28,2026-02-04,31.0,752.0,11.9,False,0.6619,-0.2273,0.6619,2.27,0.0,0.0,0.0,UUUU_2026-01-05,0.6619,2.27,0.0,both,0.0,0.0,False
UWMC,2021-05-06,2021-05-17,2021-05-19,14.0,3681.0,20.9,False,0.041,0.0296,0.0795,2.32,1.0,0.0,0.0,UWMC_2021-05-06,0.041,2.32,1.0,both,0.0,0.0,False
UWMC,2021-06-09,2021-06-09,2021-06-18,10.0,6684.0,7.6,False,0.0768,-0.0442,0.1049,1.62,2.0,0.0,0.0,UWMC_2021-06-09,0.0768,1.62,2.0,both,0.0,0.0,False
UWMC,2021-08-13,2021-08-16,2021-08-16,4.0,364.0,9.4,False,0.0013,0.0,0.055,3.26,-3.0,0.0,0.0,UWMC_2021-08-13,0.0013,3.26,-3.0,both,0.0,0.0,False
UWMC,2021-11-17,2021-11-19,2021-11-19,3.0,340.0,55.1,False,-0.0257,0.0,0.0575,8.57,-7.0,0.0,0.0,UWMC_2021-11-17,-0.0257,8.57,-7.0,both,0.0,0.0,False
VACQ,2021-03-01,2021-03-04,2021-03-29,29.0,1354.0,107.0,False,0.1054,0.0459,0.361,31.81,-3.0,-3.0,0.0,VACQ_2021-03-01,0.1054,31.81,-3.0,both,0.0,0.0,False
VALE,2020-09-17,2020-09-22,2020-09-23,7.0,2567.0,349.5,False,-0.082,0.0009,0.025,1.89,-5.0,1.0,0.0,VALE_2020-09-17,-0.082,1.89,-5.0,both,0.0,0.0,False
VALE,2020-11-24,2020-12-17,2020-12-23,30.0,1608.0,37.4,False,0.3063,-0.0232,0.3169,1.11,1.0,-23.0,0.0,VALE_2020-11-24,0.3063,1.11,1.0,both,0.0,0.0,False
VALE,2021-07-30,2021-08-18,2021-08-24,26.0,453.0,5.6,False,-0.1557,-0.0202,0.0031,1.37,-21.0,1.0,0.0,VALE_2021-07-30,-0.1557,1.37,-21.0,both,0.0,0.0,False
VAL,2020-06-05,2020-06-08,2020-06-09,5.0,303.0,58.5,False,5.1725,-0.379,5.1725,13.59,0.0,0.0,0.0,VAL_2020-06-05,5.1725,13.59,0.0,both,0.0,0.0,False
VBIV,2020-02-25,2020-02-28,2020-04-29,65.0,2587.0,10.7,False,-0.1549,0.075,0.1197,2.19,52.0,52.0,0.0,VBIV_2020-02-25,-0.1549,2.19,52.0,both,0.0,0.0,False
VBIV,2020-05-14,2020-05-19,2020-05-26,13.0,1353.0,7.2,False,0.3966,-0.08,0.3966,1.47,0.0,-4.0,0.0,VBIV_2020-05-14,0.3966,1.47,0.0,both,0.0,0.0,False
VBIV,2020-07-14,2020-07-20,2020-07-22,9.0,1294.0,6.3,False,0.5803,-0.0308,0.6237,1.8,-3.0,-5.0,0.0,VBIV_2020-07-14,0.5803,1.8,-3.0,both,0.0,0.0,False
VBIV,2020-11-09,2020-11-16,2020-12-23,45.0,4555.0,10.5,False,0.1266,0.2472,0.4768,1.59,36.0,14.0,0.0,VBIV_2020-11-09,0.1266,1.59,36.0,both,0.0,0.0,False
VBIV,2021-01-27,2021-02-02,2021-02-16,21.0,3005.0,5.1,False,0.2127,0.0183,0.3714,1.46,7.0,-1.0,0.0,VBIV_2021-01-27,0.2127,1.46,7.0,both,0.0,0.0,False
VBIV,2021-11-26,2021-11-26,2021-12-02,7.0,1387.0,18.0,False,-0.028,-0.0252,0.0909,5.96,5.0,5.0,0.0,VBIV_2021-11-26,-0.028,5.96,5.0,both,0.0,0.0,False
VEL,2020-05-11,2020-05-11,2020-06-04,25.0,398.0,5.0,False,0.0329,0.621,1.0822,1.56,25.0,-3.0,0.0,VEL_2020-05-11,0.0329,1.56,25.0,both,0.0,0.0,False
VEL,2021-01-27,2021-01-27,2021-03-26,59.0,1123.0,5.3,False,0.0,0.2347,0.2917,1.32,51.0,50.0,0.0,VEL_2021-01-27,0.0,1.32,51.0,both,0.0,0.0,False
VERB,2021-06-30,2021-07-15,2021-07-16,17.0,324.0,72.0,False,1.0645,-0.0875,1.0645,22.3,0.0,0.0,0.0,VERB_2021-06-30,1.0645,22.3,0.0,both,0.0,0.0,False
VERU,2022-07-11,2022-08-11,2022-08-22,43.0,688.0,52.1,False,0.202,0.0593,0.7853,1.45,6.0,0.0,0.0,VERU_2022-07-11,0.202,1.45,6.0,both,0.0,0.0,False
VERY,2020-03-13,2020-03-13,2020-04-06,25.0,566.0,4.8,False,-0.0896,-0.2483,0.1961,1.83,-4.0,7.0,0.0,VERY_2020-03-13,-0.0896,1.83,-4.0,both,0.0,0.0,False
VERY,2021-01-19,2021-01-29,2021-02-03,16.0,3042.0,49.5,False,0.0595,0.0169,0.2262,0.9,7.0,7.0,0.0,VERY_2021-01-19,0.0595,0.9,7.0,both,0.0,0.0,False
VET,2021-01-29,2021-02-05,2021-02-21,24.0,1974.0,81.9,False,0.1013,0.104,0.4912,0.84,19.0,18.0,0.0,VET_2021-01-29,0.1013,0.84,19.0,both,0.0,0.0,False
VFF,2021-02-05,2021-02-11,2021-02-11,7.0,1021.0,88.1,False,0.0856,0.0,0.3159,1.48,-1.0,0.0,0.0,VFF_2021-02-05,0.0856,1.48,-1.0,both,0.0,0.0,False
VGAC,2021-01-27,2021-02-04,2021-02-05,10.0,499.0,24.1,False,0.293,-0.0912,0.293,4.83,0.0,0.0,0.0,VGAC_2021-01-27,0.293,4.83,0.0,both,0.0,0.0,False
VIACA,2021-03-29,2021-04-01,2021-04-06,9.0,388.0,23.5,False,-0.041,-0.0116,0.4209,3.14,-8.0,-3.0,0.0,VIACA_2021-03-29,-0.041,3.14,-8.0,both,0.0,0.0,False
VIAC,2021-03-26,2021-03-29,2021-04-12,18.0,3455.0,21.1,False,-0.3216,-0.1164,0.5123,3.81,-7.0,-3.0,0.0,VIAC_2021-03-26,-0.3216,3.81,-7.0,both,0.0,0.0,False
VIAC,2022-01-07,2022-01-14,2022-01-24,18.0,413.0,8.1,False,0.1253,-0.116,0.1253,1.22,0.0,-7.0,0.0,VIAC_2022-01-07,0.1253,1.22,0.0,both,0.0,0.0,False
VIH,2021-08-30,2021-09-03,2021-09-13,15.0,1223.0,143.1,False,0.1194,-0.0914,0.1194,13.74,0.0,0.0,0.0,VIH_2021-08-30,0.1194,13.74,0.0,both,0.0,0.0,False
VISL,2020-04-27,2020-04-30,2020-05-05,9.0,341.0,44.6,False,0.7,-0.0882,0.7,5.27,-1.0,0.0,0.0,VISL_2020-04-27,0.7,5.27,-1.0,both,0.0,0.0,False
VISL,2020-06-01,2020-06-04,2020-06-08,8.0,444.0,17.8,False,2.8828,-0.1316,2.8828,5.88,0.0,0.0,0.0,VISL_2020-06-01,2.8828,5.88,0.0,both,0.0,0.0,False
VLDR,2020-12-04,2020-12-08,2020-12-22,19.0,2056.0,71.4,False,0.3893,0.3138,0.8253,6.37,14.0,14.0,0.0,VLDR_2020-12-04,0.3893,6.37,14.0,both,0.0,0.0,False
VLTA,2021-09-17,2021-09-17,2021-09-21,5.0,314.0,46.1,False,0.0465,-0.0345,0.0465,1.77,0.0,0.0,0.0,VLTA_2021-09-17,0.0465,1.77,0.0,both,0.0,0.0,False
VLY,2021-01-26,2021-01-31,2021-02-10,16.0,968.0,7.8,False,-0.0659,0.1538,0.0778,1.41,10.0,10.0,0.0,VLY_2021-01-26,-0.0659,1.41,10.0,both,0.0,0.0,False
VLY,2023-03-09,2023-03-10,2023-03-14,6.0,2541.0,101.2,False,-0.0746,-0.0408,0.0414,4.69,-4.0,3.0,0.0,VLY_2023-03-09,-0.0746,4.69,-4.0,both,0.0,0.0,False
VSPR,2020-12-14,2020-12-23,2021-01-11,29.0,480.0,16.3,False,0.0423,0.0027,0.1268,1.09,5.0,-14.0,0.0,VSPR_2020-12-14,0.0423,1.09,5.0,both,0.0,0.0,False
VST,2025-01-21,2025-01-27,2025-01-31,11.0,398.0,22.2,False,-0.1977,0.2258,0.1231,2.58,-4.0,0.0,0.0,VST_2025-01-21,-0.1977,2.58,-4.0,both,0.0,0.0,False
VS,2021-01-27,2021-01-30,2021-02-12,17.0,1847.0,15.9,False,-0.0343,0.4485,0.5171,0.32,18.0,11.0,0.0,VS_2021-01-27,-0.0343,0.32,18.0,both,0.0,0.0,False
VS,2025-04-03,2025-04-09,2025-04-23,21.0,590.0,3.4,False,-0.1408,0.2429,0.0777,1.27,13.0,1.0,0.0,VS_2025-04-03,-0.1408,1.27,13.0,both,0.0,0.0,False
VTIQ,2020-05-07,2020-05-13,2020-05-14,8.0,3019.0,523.7,False,1.2989,-0.1488,1.2989,16.0,0.0,0.0,0.0,VTIQ_2020-05-07,1.2989,16.0,0.0,both,0.0,0.0,False
VTVT,2021-01-27,2021-01-28,2021-02-19,24.0,1205.0,6.5,False,-0.061,0.37,0.338,6.0,6.0,5.0,0.0,VTVT_2021-01-27,-0.061,6.0,6.0,both,0.0,0.0,False
VXRT,2021-01-25,2021-02-03,2021-02-11,18.0,2195.0,332.7,False,0.3796,-0.1208,2.2675,7.0,-1.0,0.0,0.0,VXRT_2021-01-25,0.3796,7.0,-1.0,both,0.0,0.0,False
VXRT,2021-04-27,2021-05-03,2021-05-06,10.0,992.0,207.0,False,0.3234,-0.1359,0.7789,26.54,-3.0,-6.0,0.0,VXRT_2021-04-27,0.3234,26.54,-3.0,both,0.0,0.0,False
WAL,2023-03-10,2023-03-13,2023-03-16,7.0,559.0,225.0,False,-0.5811,0.4131,0.2089,49.73,-7.0,0.0,0.0,WAL_2023-03-10,-0.5811,49.73,-7.0,both,0.0,0.0,False
WAL,2023-05-02,2023-05-04,2023-05-05,4.0,934.0,50.1,False,-0.5005,0.4923,0.0417,6.18,-7.0,0.0,0.0,WAL_2023-05-02,-0.5005,6.18,-7.0,both,0.0,0.0,False
WASH,2020-02-29,2020-02-29,2020-03-03,4.0,616.0,32.2,False,,,0.1139,1.12,-5.0,-1.0,0.0,WASH_2020-02-29,,1.12,-5.0,both,,0.0,False
WASH,2021-01-28,2021-01-31,2021-02-04,8.0,1102.0,9.6,False,0.003,0.0503,0.0789,0.95,9.0,-2.0,0.0,WASH_2021-01-28,0.003,0.95,9.0,both,0.0,0.0,False
WASH,2022-03-29,2022-03-29,2022-04-15,18.0,400.0,5.4,False,0.0141,-0.1081,0.0141,0.9,0.0,9.0,0.0,WASH_2022-03-29,0.0141,0.9,0.0,both,0.0,0.0,False
WAT,2021-01-22,2021-02-04,2021-02-05,15.0,1277.0,29.3,False,0.056,-0.0104,0.0739,1.62,-2.0,-2.0,0.0,WAT_2021-01-22,0.056,1.62,-2.0,both,0.0,0.0,False
WAT,2021-04-20,2021-04-20,2021-04-28,9.0,325.0,3.1,False,-0.0085,0.0141,0.0257,0.67,3.0,13.0,0.0,WAT_2021-04-20,-0.0085,0.67,3.0,both,0.0,0.0,False
WAT,2022-02-16,2022-02-16,2022-03-03,16.0,357.0,3.4,False,-0.0011,0.006,0.0117,0.87,9.0,19.0,0.0,WAT_2022-02-16,-0.0011,0.87,9.0,both,0.0,0.0,False
WAT,2025-04-07,2025-04-09,2025-04-25,19.0,382.0,6.3,False,0.0357,0.0041,0.1161,1.23,-7.0,0.0,0.0,WAT_2025-04-07,0.0357,1.23,-7.0,both,0.0,0.0,False
WBD,2024-02-22,2024-02-23,2024-03-11,19.0,373.0,13.9,False,-0.1003,0.0534,0.0334,1.71,-3.0,0.0,0.0,WBD_2024-02-22,-0.1003,1.71,-3.0,both,0.0,0.0,False
WBD,2025-12-05,2025-12-05,2025-12-10,6.0,652.0,34.8,False,0.0628,0.1323,0.2217,3.67,7.0,0.0,0.0,WBD_2025-12-05,0.0628,3.77,7.0,both,0.0,0.10000000000000009,False
WBD,2026-02-17,2026-02-27,2026-02-27,11.0,385.0,15.7,False,0.0064,0.0,0.0414,1.18,-3.0,0.0,0.0,WBD_2026-02-17,0.0064,1.19,-3.0,both,0.0,0.010000000000000009,False
WBS,2021-01-27,2021-01-28,2021-02-04,9.0,348.0,27.5,False,-0.0506,0.0387,0.0139,0.84,12.0,-3.0,0.0,WBS_2021-01-27,-0.0506,0.84,12.0,both,0.0,0.0,False
WDC,2026-01-28,2026-01-29,2026-02-04,8.0,470.0,24.5,False,0.1019,-0.0323,0.1487,2.0,5.0,1.0,0.0,WDC_2026-01-28,0.1019,2.01,5.0,both,0.0,0.009999999999999787,False
WDC,2026-06-16,2026-06-18,2026-06-30,15.0,500.0,18.4,False,0.1418,-0.1441,0.1418,2.08,0.0,8.0,0.0,WDC_2026-06-16,0.1418,2.08,0.0,both,0.0,0.0,False
WEBR,2022-08-16,2022-08-19,2022-08-19,4.0,1049.0,212.7,False,0.214,0.0,0.3717,13.76,-1.0,-1.0,0.0,WEBR_2022-08-16,0.214,13.76,-1.0,both,0.0,0.0,False
WEN,2020-02-21,2020-02-21,2020-03-29,38.0,584.0,5.7,False,0.0146,-0.4123,0.0146,3.25,0.0,26.0,0.0,WEN_2020-02-21,0.0146,3.25,0.0,both,0.0,0.0,False
WEN,2021-01-15,2021-01-27,2021-02-12,29.0,1567.0,8.3,False,-0.0096,0.0184,0.0441,1.5,-8.0,12.0,0.0,WEN_2021-01-15,-0.0096,1.5,-8.0,both,0.0,0.0,False
WEN,2021-06-07,2021-06-08,2021-06-09,3.0,3704.0,54.9,False,0.2629,-0.1268,0.2629,12.71,0.0,0.0,0.0,WEN_2021-06-07,0.2629,12.71,0.0,both,0.0,0.0,False
WEN,2022-01-21,2022-01-21,2022-02-03,14.0,636.0,3.5,False,-0.009,0.0282,0.0455,1.13,-2.0,3.0,0.0,WEN_2022-01-21,-0.009,1.13,-2.0,both,0.0,0.0,False
WEN,2024-01-30,2024-02-27,2024-05-03,95.0,2426.0,4.6,True,-0.0665,0.101,0.0381,1.1,59.0,64.0,0.0,WEN_2024-01-30,-0.0665,1.1,59.0,both,0.0,0.0,False
WEN,2025-07-21,2025-07-23,2025-07-23,3.0,585.0,40.9,False,0.0812,0.0,0.0812,1.37,0.0,0.0,0.0,WEN_2025-07-21,0.0812,1.37,0.0,both,0.0,0.0,False
WEN,2026-01-30,2026-02-03,2026-03-12,42.0,942.0,6.0,False,0.0078,-0.0733,0.0777,1.65,16.0,15.0,0.0,WEN_2026-01-30,0.0078,1.65,16.0,both,0.0,0.0,False
WEN,2026-06-24,2026-06-24,2026-06-30,7.0,6537.0,118.1,False,0.2566,0.0547,0.3253,10.35,6.0,0.0,0.0,WEN_2026-06-24,0.2556,10.38,6.0,both,0.0010000000000000009,0.030000000000001137,False
WE,2023-08-09,2023-08-10,2023-08-11,3.0,537.0,206.8,False,-0.1187,0.1038,0.0682,27.46,-6.0,0.0,0.0,WE_2023-08-09,-0.1187,27.46,-6.0,both,0.0,0.0,False
WFC,2020-04-13,2020-04-14,2020-04-16,4.0,445.0,13.0,False,-0.091,-0.109,0.0,1.03,-5.0,0.0,0.0,WFC_2020-04-13,-0.091,1.03,-5.0,both,0.0,0.0,False
WFC,2020-06-08,2020-06-10,2020-06-12,5.0,1048.0,8.0,False,-0.0619,-0.0586,0.0521,1.18,-2.0,-5.0,0.0,WFC_2020-06-08,-0.0619,1.18,-2.0,both,0.0,0.0,False
WFC,2021-01-27,2021-01-28,2021-01-30,4.0,701.0,15.4,False,-0.0182,-0.0302,0.0408,0.99,7.0,-1.0,0.0,WFC_2021-01-27,-0.0182,0.99,7.0,both,0.0,0.0,False
WFC,2021-07-08,2021-07-08,2021-07-14,7.0,1048.0,15.1,False,-0.0249,0.0621,0.0369,1.04,7.0,6.0,0.0,WFC_2021-07-08,-0.0249,1.04,7.0,both,0.0,0.0,False
WFC,2021-08-31,2021-08-31,2021-09-02,3.0,447.0,14.4,False,-0.056,-0.0247,0.0289,3.02,-4.0,1.0,0.0,WFC_2021-08-31,-0.056,3.02,-4.0,both,0.0,0.0,False
WFC,2022-01-04,2022-01-16,2022-01-18,15.0,550.0,14.5,False,0.1445,-0.0236,0.1445,1.57,-2.0,-2.0,0.0,WFC_2022-01-04,0.1445,1.57,-2.0,both,0.0,0.0,False
WFC,2023-03-10,2023-03-15,2023-03-20,11.0,1065.0,31.6,False,-0.0554,-0.0353,0.1337,3.03,-9.0,-2.0,0.0,WFC_2023-03-10,-0.0554,3.03,-9.0,both,0.0,0.0,False
WFC,2023-04-29,2023-04-29,2023-05-07,9.0,310.0,5.1,False,,,0.0428,1.4,-5.0,5.0,0.0,WFC_2023-04-29,,1.4,-5.0,both,,0.0,False
WISH,2021-01-27,2021-01-28,2021-02-02,7.0,507.0,9.9,False,0.0498,0.0246,0.1509,0.8,4.0,-3.0,0.0,WISH_2021-01-27,0.0498,0.8,4.0,both,0.0,0.0,False
WISH,2021-06-08,2021-06-09,2021-06-14,7.0,19711.0,286.0,False,0.366,0.0632,0.4987,10.05,-1.0,0.0,0.0,WISH_2021-06-08,0.366,10.05,-1.0,both,0.0,0.0,False
WISH,2021-08-12,2021-08-13,2021-08-16,5.0,2226.0,9.9,False,-0.2319,-0.0901,0.0651,3.81,-4.0,0.0,0.0,WISH_2021-08-12,-0.2319,3.81,-4.0,both,0.0,0.0,False
WISH,2021-10-04,2021-10-04,2021-10-07,4.0,830.0,3.9,False,-0.0935,0.068,0.0449,1.24,-5.0,0.0,0.0,WISH_2021-10-04,-0.0935,1.24,-5.0,both,0.0,0.0,False
WISH,2022-05-05,2022-05-05,2022-05-12,8.0,316.0,2.8,False,-0.1005,-0.1824,0.0,1.3,-1.0,6.0,0.0,WISH_2022-05-05,-0.1005,1.3,-1.0,both,0.0,0.0,False
WISH,2022-08-08,2022-08-16,2022-08-22,15.0,402.0,6.1,False,-0.0112,-0.2316,0.0335,1.44,-8.0,0.0,0.0,WISH_2022-08-08,-0.0112,1.44,-8.0,both,0.0,0.0,False
WKHS,2020-06-24,2020-07-02,2020-07-10,17.0,890.0,24.9,False,2.0086,-0.274,2.0086,13.1,0.0,-2.0,0.0,WKHS_2020-06-24,2.0086,13.1,0.0,both,0.0,0.0,False
WKHS,2021-01-05,2021-01-26,2021-02-10,37.0,2138.0,23.5,False,0.5023,0.1952,0.93,1.67,9.0,0.0,0.0,WKHS_2021-01-05,0.5023,1.67,9.0,both,0.0,0.0,False
WKHS,2021-02-23,2021-02-23,2021-02-26,4.0,1751.0,10.5,False,-0.4746,-0.0179,0.0517,3.92,-4.0,1.0,0.0,WKHS_2021-02-23,-0.4746,3.92,-4.0,both,0.0,0.0,False
WKHS,2021-05-28,2021-06-09,2021-06-16,20.0,15565.0,159.6,False,0.7568,-0.1183,0.7568,3.8,0.0,-6.0,0.0,WKHS_2021-05-28,0.7568,3.8,0.0,both,0.0,0.0,False
WKHS,2021-08-27,2021-09-01,2021-09-02,7.0,1060.0,6.4,False,-0.0287,0.0175,0.0425,1.69,-1.0,0.0,0.0,WKHS_2021-08-27,-0.0287,1.69,-1.0,both,0.0,0.0,False
WMT,2020-02-14,2020-02-18,2020-02-18,5.0,360.0,5.0,False,0.0186,0.0,0.0186,1.74,0.0,0.0,0.0,WMT_2020-02-14,0.0186,1.74,0.0,both,0.0,0.0,False
WMT,2020-03-13,2020-03-13,2020-03-26,14.0,1868.0,5.8,False,0.0966,-0.0375,0.1781,1.7,5.0,5.0,0.0,WMT_2020-03-13,0.0966,1.7,5.0,both,0.0,0.0,False
WMT,2020-05-08,2020-05-19,2020-05-20,13.0,3381.0,9.1,False,0.0251,0.004,0.0473,1.23,-1.0,0.0,0.0,WMT_2020-05-08,0.0251,1.23,-1.0,both,0.0,0.0,False
WMT,2020-07-07,2020-07-08,2020-07-15,9.0,9824.0,47.9,False,0.0467,0.0608,0.112,1.93,8.0,-1.0,0.0,WMT_2020-07-07,0.0467,1.93,8.0,both,0.0,0.0,False
WMT,2020-08-27,2020-09-01,2020-09-03,8.0,4168.0,5.9,False,0.1292,-0.0207,0.1299,3.03,1.0,-5.0,0.0,WMT_2020-08-27,0.1292,3.03,1.0,both,0.0,0.0,False
WMT,2020-11-14,2020-11-16,2020-11-19,6.0,913.0,4.8,False,0.0126,-0.0021,0.0126,1.88,0.0,1.0,0.0,WMT_2020-11-14,0.0126,1.88,0.0,both,0.0,0.0,False
WMT,2021-08-16,2021-08-19,2021-08-19,4.0,336.0,3.1,False,0.0039,0.0,0.0128,1.87,1.0,-2.0,0.0,WMT_2021-08-16,0.0039,1.87,1.0,both,0.0,0.0,False
WMT,2021-11-16,2021-11-16,2021-11-26,11.0,745.0,3.4,False,-0.0255,0.0121,0.0108,1.83,-5.0,0.0,0.0,WMT_2021-11-16,-0.0255,1.83,-5.0,both,0.0,0.0,False
WMT,2022-04-07,2022-04-07,2022-04-12,6.0,350.0,2.9,False,0.01,-0.0211,0.0156,1.14,1.0,6.0,0.0,WMT_2022-04-07,0.01,1.14,1.0,both,0.0,0.0,False
WMT,2022-05-16,2022-05-18,2022-05-19,4.0,1608.0,20.6,False,-0.173,-0.0274,0.0011,3.9,-2.0,-1.0,0.0,WMT_2022-05-16,-0.173,3.9,-2.0,both,0.0,0.0,False
WMT,2022-07-25,2022-07-25,2022-07-27,3.0,1469.0,18.4,False,-0.0014,-0.0411,0.0026,3.08,-4.0,1.0,0.0,WMT_2022-07-25,-0.0014,3.08,-4.0,both,0.0,0.0,False
WMT,2023-01-24,2023-01-24,2023-02-03,11.0,358.0,2.5,False,0.0027,-0.0092,0.0142,0.99,8.0,-4.0,0.0,WMT_2023-01-24,0.0027,0.99,8.0,both,0.0,0.0,False
WMT,2023-05-17,2023-05-18,2023-06-05,20.0,643.0,5.3,False,0.0113,-0.011,0.0221,1.55,22.0,0.0,0.0,WMT_2023-05-17,0.0113,1.55,22.0,both,0.0,0.0,False
WMT,2023-08-16,2023-08-17,2023-08-23,8.0,576.0,8.4,False,-0.0219,0.0155,0.0127,1.87,-6.0,0.0,0.0,WMT_2023-08-16,-0.0219,1.87,-6.0,both,0.0,0.0,False
WMT,2024-02-16,2024-02-20,2024-02-27,12.0,813.0,8.1,False,0.0388,0.0165,0.0565,2.37,8.0,3.0,1.0,WMT_2024-02-16,0.0388,3.19,0.0,both,0.0,0.8199999999999998,True
WMT,2024-08-08,2024-08-15,2024-08-21,14.0,1010.0,17.6,False,0.0937,0.0281,0.1363,1.39,11.0,0.0,0.0,WMT_2024-08-08,0.0937,1.39,11.0,both,0.0,0.0,False
WMT,2024-11-18,2024-11-19,2024-11-21,4.0,1085.0,17.7,False,0.0279,0.0207,0.0838,1.98,7.0,0.0,0.0,WMT_2024-11-18,0.0279,1.98,7.0,both,0.0,0.0,False
WMT,2025-02-19,2025-02-20,2025-02-25,7.0,1284.0,11.9,False,-0.0633,0.0049,0.0025,2.21,-6.0,0.0,0.0,WMT_2025-02-19,-0.0633,2.21,-6.0,both,0.0,0.0,False
WMT,2025-03-28,2025-04-09,2025-04-12,16.0,1934.0,7.0,False,0.0464,0.0357,0.1063,1.22,5.0,0.0,0.0,WMT_2025-03-28,0.0464,1.22,5.0,both,0.0,0.0,False
WMT,2025-05-15,2025-05-17,2025-05-18,4.0,3187.0,20.6,False,0.0146,0.0,0.0146,2.29,-1.0,-2.0,0.0,WMT_2025-05-15,0.0146,2.29,-1.0,both,0.0,0.0,False
WMT,2025-08-20,2025-08-21,2025-08-22,3.0,680.0,13.5,False,-0.0329,-0.0115,0.0126,2.35,-1.0,0.0,0.0,WMT_2025-08-20,-0.0329,2.35,-1.0,both,0.0,0.0,False
WMT,2026-02-03,2026-02-19,2026-02-27,25.0,1548.0,9.0,False,0.0065,0.0247,0.0792,0.61,-6.0,0.0,0.0,WMT_2026-02-03,0.0065,0.61,-6.0,both,0.0,0.0,False
WMT,2026-05-30,2026-05-31,2026-06-05,7.0,594.0,8.2,False,,,0.0418,1.37,10.0,-2.0,0.0,WMT_2026-05-30,,1.37,10.0,both,,0.0,False
WNEB,2021-01-27,2021-01-29,2021-02-05,10.0,557.0,14.8,False,0.0079,0.1279,0.1918,1.67,12.0,7.0,0.0,WNEB_2021-01-27,0.0079,1.67,12.0,both,0.0,0.0,False
WNEB,2021-04-09,2021-04-19,2021-04-30,22.0,435.0,3.6,False,-0.0244,0.0112,0.039,0.51,-13.0,-14.0,0.0,WNEB_2021-04-09,-0.0244,0.51,-13.0,both,0.0,0.0,False
WNEB,2021-06-29,2021-07-11,2021-07-12,14.0,724.0,8.4,False,-0.0279,0.025,0.0036,0.37,-12.0,-16.0,0.0,WNEB_2021-06-29,-0.0279,0.37,-12.0,both,0.0,0.0,False
WNEB,2025-04-03,2025-04-16,2025-04-23,21.0,404.0,4.5,False,-0.0989,0.0815,0.0,1.06,-14.0,-7.0,0.0,WNEB_2025-04-03,-0.0989,1.07,-14.0,both,0.0,0.010000000000000009,False
WOLF,2025-04-24,2025-04-28,2025-05-13,20.0,1820.0,16.9,False,0.607,-0.063,0.7354,1.45,4.0,4.0,0.0,WOLF_2025-04-24,,,,left_only,,,True
WOLF,2025-07-01,2025-07-07,2025-07-09,9.0,359.0,17.7,False,4.7924,-0.1255,5.319,7.91,1.0,-6.0,0.0,WOLF_2025-07-01,,,,left_only,,,True
WOOF,2021-06-08,2021-06-14,2021-06-15,8.0,3390.0,504.5,False,0.2733,-0.0941,0.2733,4.17,0.0,0.0,0.0,WOOF_2021-06-08,0.2733,4.17,0.0,both,0.0,0.0,False
WORK,2020-04-16,2020-04-16,2020-04-24,9.0,420.0,3.3,False,0.0482,-0.113,0.0482,1.09,0.0,0.0,0.0,WORK_2020-04-16,0.0482,1.09,0.0,both,0.0,0.0,False
WORK,2020-05-26,2020-06-04,2020-06-05,11.0,2332.0,19.2,False,0.1965,-0.1418,0.2583,2.56,-1.0,1.0,0.0,WORK_2020-05-26,0.1965,2.56,-1.0,both,0.0,0.0,False
WORK,2020-08-27,2020-09-08,2020-09-10,15.0,2559.0,14.9,False,-0.0301,-0.1166,0.1346,2.61,-7.0,1.0,0.0,WORK_2020-08-27,-0.0301,2.61,-7.0,both,0.0,0.0,False
WORK,2020-11-18,2020-11-25,2020-12-02,15.0,2025.0,40.9,False,0.5221,0.0494,0.6395,4.77,6.0,0.0,0.0,WORK_2020-11-18,0.5221,4.77,6.0,both,0.0,0.0,False
WORK,2021-01-22,2021-01-27,2021-02-01,11.0,2664.0,41.2,False,-0.0087,0.0109,0.0193,1.02,9.0,0.0,0.0,WORK_2021-01-22,-0.0087,1.02,9.0,both,0.0,0.0,False
WOW,2021-01-22,2021-01-28,2021-02-05,15.0,1255.0,42.5,False,0.0027,-0.0205,0.0448,0.81,13.0,11.0,0.0,WOW_2021-01-22,0.0027,0.81,13.0,both,0.0,0.0,False
WOW,2022-01-18,2022-01-18,2022-02-10,24.0,320.0,4.9,False,-0.0299,-0.0226,0.0169,1.02,-5.0,8.0,0.0,WOW_2022-01-18,-0.0299,1.02,-5.0,both,0.0,0.0,False
WTI,2020-04-09,2020-04-20,2020-04-21,13.0,1558.0,28.5,False,-0.0142,0.0096,0.2736,1.29,3.0,3.0,0.0,WTI_2020-04-09,-0.0142,1.29,3.0,both,0.0,0.0,False
WTI,2021-01-27,2021-06-21,2021-07-15,170.0,3463.0,7.8,True,0.9016,-0.1422,1.0779,1.06,10.0,-108.0,0.0,WTI_2021-01-27,0.9016,1.06,10.0,both,0.0,0.0,False
WTI,2022-02-24,2022-03-07,2022-03-15,20.0,614.0,7.0,False,0.4169,-0.3039,0.4169,2.62,0.0,0.0,0.0,WTI_2022-02-24,0.4169,2.62,0.0,both,0.0,0.0,False
WTI,2022-06-04,2022-06-04,2022-06-23,20.0,733.0,3.9,False,,,0.1272,1.49,3.0,13.0,0.0,WTI_2022-06-04,,1.49,3.0,both,,0.0,False
WTI,2026-03-06,2026-04-02,2026-04-07,33.0,1500.0,21.4,False,0.121,0.073,0.2811,2.69,-3.0,-24.0,0.0,WTI_2026-03-06,0.121,2.69,-3.0,both,0.0,0.0,False
WWE,2020-03-11,2020-03-12,2020-03-18,8.0,1666.0,92.9,False,-0.2139,0.0482,0.0367,1.17,-6.0,1.0,0.0,WWE_2020-03-11,-0.2139,1.17,-6.0,both,0.0,0.0,False
WWR,2025-10-13,2025-10-14,2025-10-17,5.0,324.0,37.2,False,0.7576,-0.408,0.7576,3.75,0.0,0.0,0.0,WWR_2025-10-13,0.7576,3.75,0.0,both,0.0,0.0,False
WYNN,2020-02-27,2020-03-23,2020-03-26,29.0,881.0,9.4,False,-0.4802,0.2421,0.0851,2.44,-28.0,-3.0,0.0,WYNN_2020-02-27,-0.4802,2.44,-28.0,both,0.0,0.0,False
W,2020-05-04,2020-05-05,2020-05-08,5.0,868.0,35.8,False,0.3541,0.1337,0.5532,1.65,6.0,0.0,0.0,W_2020-05-04,0.3541,1.65,6.0,both,0.0,0.0,False
W,2020-07-10,2020-07-10,2020-07-13,4.0,1296.0,33.1,False,-0.0226,-0.0579,0.0,0.97,-1.0,3.0,0.0,W_2020-07-10,-0.0226,0.97,-1.0,both,0.0,0.0,False
XELA,2021-06-29,2021-07-21,2021-08-05,38.0,3577.0,49.0,False,0.9864,0.0342,1.9524,27.95,-8.0,-8.0,0.0,XELA_2021-06-29,0.9864,27.95,-8.0,both,0.0,0.0,False
XELA,2022-07-18,2022-07-22,2022-07-26,9.0,486.0,12.0,False,0.5204,-0.3946,0.5204,2.67,0.0,-3.0,1.0,XELA_2022-07-18,0.5204,2.33,4.0,both,0.0,0.33999999999999986,True
XOM,2020-03-08,2020-03-09,2020-03-18,11.0,674.0,11.5,False,-0.1222,-0.2088,0.0992,2.04,-5.0,4.0,0.0,XOM_2020-03-08,-0.1222,2.04,-5.0,both,0.0,0.0,False
XOM,2020-04-20,2020-04-20,2020-04-23,4.0,765.0,5.7,False,-0.0472,0.0551,0.0405,0.81,8.0,1.0,0.0,XOM_2020-04-20,-0.0472,0.81,8.0,both,0.0,0.0,False
XOM,2020-06-05,2020-06-08,2020-06-17,13.0,1164.0,8.9,False,0.1149,-0.1482,0.1149,1.38,0.0,11.0,0.0,XOM_2020-06-05,0.1149,1.38,0.0,both,0.0,0.0,False
XOM,2020-08-25,2020-08-25,2020-09-01,8.0,327.0,4.5,False,-0.0317,-0.0355,0.0,1.45,-1.0,3.0,0.0,XOM_2020-08-25,-0.0317,1.45,-1.0,both,0.0,0.0,False
XOM,2021-01-05,2021-01-15,2021-01-15,11.0,391.0,3.2,False,0.154,0.0,0.2123,1.32,-1.0,-10.0,0.0,XOM_2021-01-05,0.154,1.32,-1.0,both,0.0,0.0,False
XOM,2021-04-28,2021-05-10,2021-05-17,20.0,704.0,8.1,False,0.1094,-0.0062,0.1094,1.33,0.0,1.0,0.0,XOM_2021-04-28,0.1094,1.33,0.0,both,0.0,0.0,False
XOM,2021-06-15,2021-06-16,2021-07-07,23.0,1017.0,5.8,False,0.0327,-0.0576,0.0417,1.02,9.0,2.0,0.0,XOM_2021-06-15,0.0327,1.02,9.0,both,0.0,0.0,False
XOM,2022-01-11,2022-02-01,2022-02-15,36.0,904.0,9.6,False,0.1805,-0.0351,0.2033,1.52,6.0,0.0,0.0,XOM_2022-01-11,0.1805,1.52,6.0,both,0.0,0.0,False
XOM,2022-03-07,2022-03-08,2022-03-11,5.0,502.0,7.0,False,0.0439,-0.0326,0.0439,1.63,0.0,0.0,0.0,XOM_2022-03-07,0.0439,1.63,0.0,both,0.0,0.0,False
XOM,2022-06-07,2022-06-08,2022-06-23,17.0,638.0,4.2,False,0.0582,-0.1853,0.0582,1.26,0.0,9.0,0.0,XOM_2022-06-07,0.0582,1.26,0.0,both,0.0,0.0,False
XOM,2023-04-02,2023-04-03,2023-05-02,31.0,302.0,8.2,False,0.059,-0.0519,0.0792,0.86,25.0,0.0,0.0,XOM_2023-04-02,0.059,0.86,25.0,both,0.0,0.0,False
XPEV,2020-11-04,2020-11-12,2020-11-13,10.0,2569.0,122.4,False,1.014,-0.0613,1.014,9.56,0.0,0.0,0.0,XPEV_2020-11-04,1.014,9.56,0.0,both,0.0,0.0,False
XPEV,2021-10-25,2021-11-23,2021-12-08,45.0,489.0,7.6,False,0.1892,-0.0667,0.2749,1.98,7.0,0.0,0.0,XPEV_2021-10-25,0.1892,1.98,7.0,both,0.0,0.0,False
XRX,2026-04-30,2026-05-04,2026-05-05,6.0,519.0,185.0,False,0.6561,0.0154,0.7707,10.28,4.0,-4.0,0.0,XRX_2026-04-30,0.6561,10.42,4.0,both,0.0,0.14000000000000057,False
XSPA,2020-05-22,2020-06-04,2020-06-26,36.0,5800.0,63.8,False,2.675,-0.2789,3.5841,3.7,1.0,-13.0,1.0,XSPA_2020-05-22,2.675,3.14,8.0,both,0.0,0.56,True
XSPA,2021-01-26,2021-01-28,2021-02-02,8.0,1461.0,90.9,False,0.1633,-0.0219,0.2194,2.34,-1.0,0.0,0.0,XSPA_2021-01-26,0.1633,2.34,-1.0,both,0.0,0.0,False
XTIA,2024-12-31,2025-01-07,2025-01-08,9.0,877.0,93.2,False,1.8886,-0.5574,1.8886,7.53,0.0,0.0,1.0,XTIA_2024-12-31,720.519,0.61,0.0,both,718.6304,6.92,False
X,2021-06-09,2021-06-11,2021-06-17,9.0,317.0,5.3,False,0.0852,-0.1689,0.0852,1.25,0.0,6.0,0.0,X_2021-06-09,0.0852,1.25,0.0,both,0.0,0.0,False
YAAS,2025-09-19,2025-09-24,2025-09-26,8.0,354.0,94.0,False,0.4066,-0.3672,0.4066,11.85,0.0,0.0,1.0,YAAS_2025-09-19,0.3947,11.81,0.0,both,0.011900000000000022,0.03999999999999915,False
YCY,2026-02-28,2026-03-09,2026-03-12,13.0,618.0,19.0,False,-0.0025,0.001,0.0025,0.02,-13.0,-13.0,0.0,YCY_2026-02-28,-0.005,0.02,-13.0,both,0.0025,0.0,False
YELL,2022-10-14,2022-10-21,2022-11-04,22.0,611.0,6.3,False,-0.0812,-0.2273,0.0371,1.31,11.0,13.0,0.0,YELL_2022-10-14,-0.0812,1.31,11.0,both,0.0,0.0,False
YELL,2023-07-31,2023-08-01,2023-08-12,13.0,738.0,18.3,False,4.517,-0.5231,4.517,10.49,0.0,0.0,0.0,YELL_2023-07-31,4.517,10.49,0.0,both,0.0,0.0,False
YYAI,2025-10-08,2025-10-08,2025-10-13,6.0,828.0,281.0,False,0.0722,-0.1192,12.9444,32.83,-2.0,0.0,0.0,YYAI_2025-10-08,0.0722,32.67,-2.0,both,0.0,0.1599999999999966,False
ZEAL,2021-01-27,2021-01-29,2021-02-02,7.0,1095.0,53.6,False,-0.1331,0.0317,0.0111,4.43,-7.0,5.0,0.0,ZEAL_2021-01-27,-0.1331,4.43,-7.0,both,0.0,0.0,False
ZEN,2021-04-24,2021-04-26,2021-06-09,47.0,7563.0,157.6,False,0.0407,-0.1109,0.0531,1.19,2.0,4.0,0.0,ZEN_2021-04-24,0.0407,1.19,2.0,both,0.0,0.0,False
ZEN,2021-10-22,2021-10-29,2021-12-03,43.0,1464.0,5.1,False,-0.2405,-0.0483,0.009,2.83,-7.0,0.0,0.0,ZEN_2021-10-22,-0.2405,2.83,-7.0,both,0.0,0.0,False
ZG,2020-03-12,2020-03-23,2020-03-25,14.0,879.0,15.7,False,-0.2723,0.2568,0.1034,1.75,-13.0,-5.0,0.0,ZG_2020-03-12,-0.2723,1.75,-13.0,both,0.0,0.0,False
ZG,2021-11-01,2021-11-03,2021-11-04,4.0,2043.0,48.1,False,-0.377,0.0404,0.0,6.57,-5.0,0.0,0.0,ZG_2021-11-01,-0.377,6.57,-5.0,both,0.0,0.0,False
ZG,2022-02-10,2022-02-10,2022-02-18,9.0,333.0,5.5,False,-0.0126,0.2704,0.3386,3.96,5.0,1.0,0.0,ZG_2022-02-10,-0.0126,3.96,5.0,both,0.0,0.0,False
ZG,2022-05-01,2022-05-01,2022-05-27,27.0,847.0,4.0,False,,,0.1154,1.79,3.0,30.0,0.0,ZG_2022-05-01,,1.79,3.0,both,,0.0,False
ZG,2022-09-21,2022-10-18,2022-10-21,31.0,661.0,3.2,False,-0.1074,0.0159,0.0528,0.76,-32.0,-32.0,0.0,ZG_2022-09-21,-0.1074,0.76,-32.0,both,0.0,0.0,False
ZG,2022-11-01,2022-11-01,2022-11-09,9.0,320.0,5.4,False,0.001,0.0287,0.2118,1.68,10.0,2.0,0.0,ZG_2022-11-01,0.001,1.68,10.0,both,0.0,0.0,False
ZG,2023-08-14,2023-08-14,2023-09-03,21.0,445.0,9.3,False,0.0,-0.0658,0.0,1.01,-3.0,2.0,0.0,ZG_2023-08-14,0.0,1.01,-3.0,both,0.0,0.0,False
ZG,2025-11-04,2025-11-04,2025-11-14,11.0,636.0,23.2,False,-0.0213,-0.0388,0.006,1.23,7.0,-4.0,0.0,ZG_2025-11-04,-0.0213,1.22,7.0,both,0.0,0.010000000000000009,False
ZIM,2021-05-05,2021-05-19,2021-05-20,16.0,804.0,26.6,False,0.146,-0.0374,0.146,1.72,0.0,0.0,0.0,ZIM_2021-05-05,0.146,1.72,0.0,both,0.0,0.0,False
ZIM,2021-10-27,2021-11-17,2021-11-22,27.0,2866.0,11.1,False,0.0736,0.0795,0.1625,1.13,2.0,0.0,0.0,ZIM_2021-10-27,0.0736,1.13,2.0,both,0.0,0.0,False
ZIM,2022-03-09,2022-03-22,2022-03-29,21.0,1691.0,7.2,False,0.0932,-0.043,0.2536,2.34,-6.0,0.0,0.0,ZIM_2022-03-09,0.0932,2.34,-6.0,both,0.0,0.0,False
ZIM,2022-05-18,2022-05-18,2022-05-23,6.0,433.0,4.4,False,-0.0575,0.1375,0.0809,1.74,7.0,0.0,0.0,ZIM_2022-05-18,-0.0575,1.74,7.0,both,0.0,0.0,False
ZIM,2022-08-17,2022-08-17,2022-09-23,38.0,1114.0,7.3,False,-0.0601,-0.4801,0.0189,2.35,-5.0,0.0,0.0,ZIM_2022-08-17,-0.0601,2.35,-5.0,both,0.0,0.0,False
ZIM,2024-01-04,2024-01-12,2024-01-16,13.0,840.0,16.5,False,0.0979,-0.0111,0.19,1.86,-7.0,-7.0,0.0,ZIM_2024-01-04,0.0979,1.86,-7.0,both,0.0,0.0,False
ZM,2020-03-23,2020-03-23,2020-05-01,40.0,524.0,7.0,False,0.2222,-0.1316,0.2952,1.18,31.0,32.0,0.0,ZM_2020-03-23,0.2222,1.18,31.0,both,0.0,0.0,False
ZNGA,2020-05-05,2020-05-06,2020-05-07,3.0,510.0,59.0,False,0.0643,-0.039,0.0643,1.55,0.0,1.0,0.0,ZNGA_2020-05-05,0.0643,1.55,0.0,both,0.0,0.0,False
ZNGA,2021-01-27,2021-02-11,2021-02-12,17.0,951.0,27.8,False,0.1553,-0.0317,0.1553,1.1,0.0,0.0,0.0,ZNGA_2021-01-27,0.1553,1.1,0.0,both,0.0,0.0,False
ZNTE,2021-01-14,2021-01-21,2021-01-27,14.0,448.0,28.2,False,0.187,-0.0692,0.237,4.81,1.0,0.0,0.0,ZNTE_2021-01-14,0.187,4.81,1.0,both,0.0,0.0,False
ZOM,2020-05-07,2020-05-08,2020-05-11,5.0,314.0,34.7,False,0.177,0.0477,0.3541,3.91,-1.0,-1.0,0.0,ZOM_2020-05-07,0.177,3.91,-1.0,both,0.0,0.0,False
ZOM,2020-06-26,2020-06-26,2020-07-06,11.0,322.0,6.6,False,0.0457,-0.291,0.1293,2.51,3.0,6.0,0.0,ZOM_2020-06-26,0.0457,2.51,3.0,both,0.0,0.0,False
ZOM,2021-01-04,2021-01-12,2021-01-14,11.0,1581.0,53.8,False,4.6375,-0.2231,4.6375,7.02,0.0,-1.0,0.0,ZOM_2021-01-04,4.6375,7.02,0.0,both,0.0,0.0,False
ZOM,2021-01-27,2021-02-08,2021-02-12,17.0,5784.0,9.7,False,1.7557,-0.0481,1.7557,0.73,0.0,-3.0,0.0,ZOM_2021-01-27,1.7557,0.73,0.0,both,0.0,0.0,False
ZSAN,2021-02-08,2021-02-09,2021-02-10,3.0,607.0,111.3,False,0.8091,-0.1106,0.8091,8.03,0.0,0.0,0.0,ZSAN_2021-02-08,0.8091,8.03,0.0,both,0.0,0.0,False
Z,2020-03-12,2020-03-12,2020-03-25,14.0,1035.0,15.3,False,-0.1436,0.1227,0.094,1.45,-2.0,6.0,0.0,Z_2020-03-12,-0.1436,1.45,-2.0,both,0.0,0.0,False
Z,2021-11-01,2021-11-03,2021-11-04,4.0,2157.0,49.5,False,-0.3682,0.0307,0.0,7.02,-5.0,0.0,0.0,Z_2021-11-01,-0.3682,7.02,-5.0,both,0.0,0.0,False
Z,2022-02-10,2022-02-10,2022-02-18,9.0,350.0,5.7,False,-0.0175,0.2464,0.3121,4.49,5.0,1.0,0.0,Z_2022-02-10,-0.0175,4.49,5.0,both,0.0,0.0,False
Z,2022-05-01,2022-05-01,2022-05-27,27.0,855.0,4.0,False,,,0.1085,1.87,3.0,5.0,0.0,Z_2022-05-01,,1.87,3.0,both,,0.0,False
Z,2022-09-21,2022-10-18,2022-10-21,31.0,664.0,3.2,False,-0.1101,0.0177,0.0563,0.85,-32.0,-32.0,0.0,Z_2022-09-21,-0.1101,0.85,-32.0,both,0.0,0.0,False
Z,2022-11-01,2022-11-01,2022-11-09,9.0,322.0,5.4,False,0.0039,0.0374,0.2288,1.46,10.0,2.0,0.0,Z_2022-11-01,0.0039,1.46,10.0,both,0.0,0.0,False
Z,2023-08-14,2023-08-14,2023-08-28,15.0,380.0,9.3,False,-0.0007,-0.103,0.0,1.02,-3.0,2.0,0.0,Z_2023-08-14,-0.0007,1.02,-3.0,both,0.0,0.0,False
Z,2025-11-04,2025-11-04,2025-11-14,11.0,640.0,22.7,False,-0.022,-0.0579,0.0042,1.05,-4.0,-4.0,0.0,Z_2025-11-04,-0.022,1.04,-4.0,both,0.0,0.010000000000000009,False
