ticker,fecha_inicio,duracion_dias,gvkey,etiqueta,rdq_mas_cercano,dias_a_rdq,fi,shrcd,exchcd,gvkey_nulo
MSFT,2020-01-17,36,12141.0,sin_earnings,2020-01-29,12.0,2020-01-17,11.0,3.0,False
NFLX,2020-01-21,8,147579.0,earnings,2020-01-21,0.0,2020-01-21,11.0,3.0,False
SPCE,2020-01-22,8,32355.0,sin_rdq,,,2020-01-22,11.0,1.0,False
DEAC,2020-01-23,9,35082.0,sin_earnings,2020-03-12,49.0,2020-01-23,11.0,3.0,False
AAPL,2020-01-28,7,1690.0,earnings,2020-01-28,0.0,2020-01-28,11.0,3.0,False
SBUX,2020-01-28,4,25434.0,earnings,2020-01-28,0.0,2020-01-28,11.0,3.0,False
PENN,2020-01-29,29,30259.0,sin_earnings,2020-02-06,8.0,2020-01-29,11.0,3.0,False
PYPL,2020-01-29,31,24616.0,earnings,2020-01-29,0.0,2020-01-29,11.0,3.0,False
DIS,2020-01-31,6,3980.0,sin_earnings,2020-02-04,4.0,2020-01-31,11.0,1.0,False
GOOG,2020-01-31,5,160329.0,sin_earnings,2020-02-03,3.0,2020-01-31,11.0,3.0,False
GOOGL,2020-01-31,12,,sin_rdq,,,2020-01-31,11.0,3.0,True
TSLA,2020-02-03,4,184996.0,sin_earnings,2020-01-29,-5.0,2020-02-03,11.0,3.0,False
AMTD,2020-02-04,45,64552.0,sin_earnings,2020-01-21,-14.0,2020-02-04,11.0,3.0,False
PTON,2020-02-05,3,35627.0,earnings,2020-02-05,0.0,2020-02-05,11.0,3.0,False
ACB,2020-02-06,9,,sin_rdq,,,2020-02-06,12.0,3.0,True
NOK,2020-02-06,14,,sin_rdq,,,2020-02-06,31.0,1.0,True
TWTR,2020-02-06,8,18872.0,earnings,2020-02-06,0.0,2020-02-06,11.0,1.0,False
UBER,2020-02-06,6,35077.0,earnings,2020-02-06,0.0,2020-02-06,11.0,1.0,False
SHOP,2020-02-07,7,,sin_rdq,,,2020-02-07,12.0,1.0,True
GTES,2020-02-10,11,,sin_rdq,,,2020-02-10,12.0,1.0,True
NVDA,2020-02-10,19,117768.0,sin_earnings,2020-02-13,3.0,2020-02-10,11.0,3.0,False
ENPH,2020-02-12,10,187450.0,sin_earnings,2020-02-18,6.0,2020-02-12,11.0,3.0,False
SPCE,2020-02-12,16,32355.0,sin_rdq,,,2020-02-12,11.0,1.0,False
ROKU,2020-02-13,7,32382.0,earnings,2020-02-13,0.0,2020-02-13,11.0,3.0,False
INO,2020-02-14,28,66697.0,sin_earnings,2020-03-12,27.0,2020-02-14,11.0,3.0,False
WMT,2020-02-14,5,11259.0,sin_earnings,2020-02-18,4.0,2020-02-14,11.0,1.0,False
AMD,2020-02-18,11,1161.0,sin_earnings,2020-01-28,-21.0,2020-02-18,11.0,3.0,False
GRPN,2020-02-18,3,187363.0,earnings,2020-02-18,0.0,2020-02-18,11.0,3.0,False
ALLY,2020-02-19,3,5072.0,sin_earnings,2020-01-22,-28.0,2020-02-19,11.0,1.0,False
CRM,2020-02-20,7,157855.0,sin_earnings,2020-02-25,5.0,2020-02-20,11.0,1.0,False
AMRN,2020-02-21,6,,sin_rdq,,,2020-02-21,31.0,3.0,True
BRK,2020-02-21,11,2176.0,earnings,2020-02-22,1.0,2020-02-21,11.0,1.0,False
GOLD,2020-02-21,12,,sin_rdq,,,2020-02-21,12.0,1.0,True
LULU,2020-02-21,35,178015.0,sin_earnings,2020-03-26,34.0,2020-02-21,11.0,3.0,False
WEN,2020-02-21,38,3708.0,sin_earnings,2020-02-26,5.0,2020-02-21,11.0,3.0,False
DOW,2020-02-24,55,34443.0,sin_earnings,2020-01-29,-26.0,2020-02-24,11.0,1.0,False
GILD,2020-02-24,29,24856.0,sin_earnings,2020-02-04,-20.0,2020-02-24,11.0,3.0,False
MRNA,2020-02-24,5,34410.0,earnings,2020-02-26,2.0,2020-02-24,11.0,3.0,False
AAL,2020-02-25,24,1045.0,sin_earnings,2020-01-23,-33.0,2020-02-25,11.0,3.0,False
APT,2020-02-25,5,62072.0,earnings,2020-02-26,1.0,2020-02-25,11.0,2.0,False
RCL,2020-02-25,21,,sin_rdq,,,2020-02-25,12.0,1.0,True
VBIV,2020-02-25,65,,sin_rdq,,,2020-02-25,12.0,3.0,True
CODX,2020-02-26,4,,sin_rdq,,,2020-02-26,11.0,3.0,True
CUK,2020-02-26,55,,sin_rdq,,,2020-02-26,31.0,1.0,True
DAL,2020-02-26,23,3851.0,sin_earnings,2020-01-14,-43.0,2020-02-26,11.0,1.0,False
MGM,2020-02-26,30,14418.0,sin_earnings,2020-02-12,-14.0,2020-02-26,11.0,1.0,False
UAL,2020-02-26,10,10795.0,sin_earnings,2020-01-21,-36.0,2020-02-26,11.0,3.0,False
ACIU,2020-02-27,63,,sin_rdq,,,2020-02-27,12.0,3.0,True
CLX,2020-02-27,22,3121.0,sin_earnings,2020-02-04,-23.0,2020-02-27,11.0,1.0,False
CZR,2020-02-27,23,20423.0,earnings,2020-02-25,-2.0,2020-02-27,11.0,3.0,False
IBIO,2020-02-27,13,180683.0,sin_earnings,2020-02-14,-13.0,2020-02-27,11.0,2.0,False
ICBK,2020-02-27,45,22201.0,sin_earnings,2020-01-23,-35.0,2020-02-27,11.0,3.0,False
JBLU,2020-02-27,19,147305.0,sin_earnings,2020-01-23,-35.0,2020-02-27,11.0,3.0,False
LUV,2020-02-27,27,9882.0,sin_earnings,2020-01-23,-35.0,2020-02-27,11.0,1.0,False
MAR,2020-02-27,51,28930.0,earnings,2020-02-26,-1.0,2020-02-27,11.0,3.0,False
NFLX,2020-02-27,56,147579.0,sin_earnings,2020-01-21,-37.0,2020-02-27,11.0,3.0,False
PXD,2020-02-27,175,14359.0,sin_earnings,2020-02-19,-8.0,2020-02-27,11.0,1.0,False
WYNN,2020-02-27,29,149318.0,sin_earnings,2020-02-06,-21.0,2020-02-27,11.0,3.0,False
WASH,2020-02-29,4,19873.0,sin_earnings,2020-01-27,-33.0,2020-02-29,11.0,3.0,False
LVS,2020-03-01,26,161844.0,sin_earnings,2020-01-29,-32.0,2020-03-01,11.0,1.0,False
COST,2020-03-02,5,29028.0,sin_earnings,2020-03-05,3.0,2020-03-02,11.0,3.0,False
GCP,2020-03-02,66,26812.0,sin_earnings,2020-02-26,-5.0,2020-03-02,11.0,1.0,False
IBKR,2020-03-02,38,176701.0,sin_earnings,2020-01-21,-41.0,2020-03-02,11.0,3.0,False
OPK,2020-03-05,9,61490.0,sin_earnings,2020-02-26,-8.0,2020-03-05,11.0,3.0,False
SIX,2020-03-05,15,10567.0,sin_earnings,2020-02-20,-14.0,2020-03-05,11.0,1.0,False
BAC,2020-03-06,19,7647.0,sin_earnings,2020-04-15,40.0,2020-03-06,11.0,1.0,False
DB,2020-03-06,15,,sin_rdq,,,2020-03-06,12.0,1.0,True
JPM,2020-03-06,40,2968.0,sin_earnings,2020-04-14,39.0,2020-03-06,11.0,1.0,False
LYV,2020-03-06,18,165746.0,sin_earnings,2020-02-27,-8.0,2020-03-06,11.0,1.0,False
SEAS,2020-03-06,25,186392.0,sin_earnings,2020-02-26,-9.0,2020-03-06,11.0,1.0,False
BOH,2020-03-07,24,2005.0,sin_earnings,2020-01-27,-40.0,2020-03-07,11.0,1.0,False
HAL,2020-03-08,53,5439.0,sin_earnings,2020-04-20,43.0,2020-03-08,11.0,1.0,False
XOM,2020-03-08,11,4503.0,sin_earnings,2020-01-31,-37.0,2020-03-08,11.0,1.0,False
DIS,2020-03-09,11,3980.0,sin_earnings,2020-02-04,-34.0,2020-03-09,11.0,1.0,False
TCBI,2020-03-09,71,150306.0,sin_earnings,2020-04-22,44.0,2020-03-09,11.0,3.0,False
AYTU,2020-03-10,50,179461.0,sin_earnings,2020-02-13,-26.0,2020-03-10,11.0,3.0,False
BA,2020-03-11,54,2285.0,sin_earnings,2020-01-29,-42.0,2020-03-11,11.0,1.0,False
GME,2020-03-11,41,145049.0,sin_earnings,2020-03-26,15.0,2020-03-11,11.0,1.0,False
WWE,2020-03-11,8,125240.0,sin_earnings,2020-02-06,-34.0,2020-03-11,11.0,1.0,False
PUMP,2020-03-12,9,30145.0,sin_earnings,2020-03-31,19.0,2020-03-12,11.0,1.0,False
Z,2020-03-12,14,,sin_rdq,,,2020-03-12,11.0,3.0,True
ZG,2020-03-12,14,187039.0,sin_earnings,2020-02-19,-22.0,2020-03-12,11.0,3.0,False
GOOG,2020-03-13,48,160329.0,sin_earnings,2020-02-03,-39.0,2020-03-13,11.0,3.0,False
GTES,2020-03-13,7,,sin_rdq,,,2020-03-13,12.0,1.0,True
NCLH,2020-03-13,24,,sin_rdq,,,2020-03-13,12.0,1.0,True
STRA,2020-03-13,41,63338.0,sin_earnings,2020-02-28,-14.0,2020-03-13,11.0,3.0,False
VERY,2020-03-13,25,35305.0,sin_earnings,2020-03-30,17.0,2020-03-13,11.0,3.0,False
WMT,2020-03-13,14,11259.0,sin_earnings,2020-02-18,-24.0,2020-03-13,11.0,1.0,False
GS,2020-03-15,11,114628.0,sin_earnings,2020-04-15,31.0,2020-03-15,11.0,1.0,False
APRN,2020-03-17,3,31624.0,sin_earnings,2020-02-18,-28.0,2020-03-17,11.0,3.0,False
LYFT,2020-03-17,9,34873.0,sin_earnings,2020-02-11,-35.0,2020-03-17,11.0,3.0,False
MCD,2020-03-17,10,7154.0,sin_earnings,2020-04-30,44.0,2020-03-17,11.0,1.0,False
ROAD,2020-03-17,58,33424.0,sin_earnings,2020-02-07,-39.0,2020-03-17,11.0,3.0,False
HLT,2020-03-18,9,5643.0,sin_earnings,2020-02-11,-36.0,2020-03-18,11.0,1.0,False
SBUX,2020-03-18,23,25434.0,sin_earnings,2020-04-28,41.0,2020-03-18,11.0,3.0,False
ULTA,2020-03-18,8,178704.0,sin_earnings,2020-03-12,-6.0,2020-03-18,11.0,3.0,False
UBER,2020-03-19,6,35077.0,sin_earnings,2020-02-06,-42.0,2020-03-19,11.0,1.0,False
PENN,2020-03-20,11,30259.0,sin_earnings,2020-02-06,-43.0,2020-03-20,11.0,3.0,False
ZM,2020-03-23,40,35005.0,sin_earnings,2020-03-04,-19.0,2020-03-23,11.0,3.0,False
MFA,2020-03-25,25,,sin_rdq,,,2020-03-25,18.0,1.0,True
CHWY,2020-03-28,7,35287.0,sin_earnings,2020-04-02,5.0,2020-03-28,11.0,1.0,False
MRO,2020-03-30,32,7017.0,sin_earnings,2020-05-06,37.0,2020-03-30,11.0,1.0,False
LK,2020-04-02,5,,sin_rdq,,,2020-04-02,31.0,3.0,True
NRZ,2020-04-03,8,,sin_rdq,,,2020-04-03,18.0,1.0,True
RTX,2020-04-03,75,10983.0,sin_earnings,2020-05-07,34.0,2020-04-03,11.0,1.0,False
WTI,2020-04-09,13,160341.0,sin_earnings,2020-03-04,-36.0,2020-04-09,11.0,1.0,False
AMC,2020-04-11,11,177637.0,sin_earnings,2020-02-27,-44.0,2020-04-11,11.0,1.0,False
AMZN,2020-04-13,19,64768.0,sin_earnings,2020-04-30,17.0,2020-04-13,11.0,3.0,False
WFC,2020-04-13,4,8007.0,earnings,2020-04-14,1.0,2020-04-13,11.0,1.0,False
AMD,2020-04-14,18,1161.0,sin_earnings,2020-04-28,14.0,2020-04-14,11.0,3.0,False
BAC,2020-04-14,4,7647.0,earnings,2020-04-15,1.0,2020-04-14,11.0,1.0,False
MA,2020-04-14,24,160225.0,sin_earnings,2020-04-29,15.0,2020-04-14,11.0,1.0,False
SPCE,2020-04-14,3,32355.0,sin_rdq,,,2020-04-14,11.0,1.0,False
TSLA,2020-04-14,31,184996.0,sin_earnings,2020-04-29,15.0,2020-04-14,11.0,3.0,False
ATVI,2020-04-15,22,180405.0,sin_earnings,2020-05-05,20.0,2020-04-15,11.0,3.0,False
CHK,2020-04-15,17,27786.0,sin_earnings,2020-05-11,26.0,2020-04-15,11.0,1.0,False
INTC,2020-04-15,10,6008.0,sin_earnings,2020-04-23,8.0,2020-04-15,11.0,3.0,False
ROKU,2020-04-15,7,32382.0,sin_earnings,2020-05-07,22.0,2020-04-15,11.0,3.0,False
BABA,2020-04-16,44,,sin_rdq,,,2020-04-16,31.0,1.0,True
GILD,2020-04-16,8,24856.0,sin_earnings,2020-04-30,14.0,2020-04-16,11.0,3.0,False
GOOGL,2020-04-16,14,,sin_rdq,,,2020-04-16,11.0,3.0,True
MSFT,2020-04-16,23,12141.0,sin_earnings,2020-04-29,13.0,2020-04-16,11.0,3.0,False
NOK,2020-04-16,15,,sin_rdq,,,2020-04-16,31.0,1.0,True
NVDA,2020-04-16,12,117768.0,sin_earnings,2020-05-21,35.0,2020-04-16,11.0,3.0,False
WORK,2020-04-16,9,35133.0,sin_earnings,2020-03-12,-35.0,2020-04-16,11.0,1.0,False
AAPL,2020-04-17,15,1690.0,sin_earnings,2020-04-30,13.0,2020-04-17,11.0,3.0,False
DEAC,2020-04-17,7,35082.0,sin_earnings,2020-03-12,-36.0,2020-04-17,11.0,3.0,False
MRNA,2020-04-17,11,34410.0,sin_earnings,2020-05-07,20.0,2020-04-17,11.0,3.0,False
SHOP,2020-04-17,8,,sin_rdq,,,2020-04-17,12.0,1.0,True
DPZ,2020-04-18,6,160211.0,sin_earnings,2020-04-23,5.0,2020-04-18,11.0,1.0,False
DHT,2020-04-20,18,,sin_rdq,,,2020-04-20,12.0,1.0,True
EURN,2020-04-20,23,,sin_rdq,,,2020-04-20,12.0,1.0,True
FRO,2020-04-20,16,,sin_rdq,,,2020-04-20,12.0,1.0,True
NAT,2020-04-20,11,,sin_rdq,,,2020-04-20,12.0,1.0,True
PINS,2020-04-20,17,35013.0,sin_earnings,2020-05-05,15.0,2020-04-20,11.0,1.0,False
SNAP,2020-04-20,4,30091.0,earnings,2020-04-21,1.0,2020-04-20,11.0,1.0,False
STNG,2020-04-20,22,,sin_rdq,,,2020-04-20,12.0,1.0,True
XOM,2020-04-20,4,4503.0,sin_earnings,2020-05-01,11.0,2020-04-20,11.0,1.0,False
BYND,2020-04-21,8,34447.0,sin_earnings,2020-05-05,14.0,2020-04-21,11.0,3.0,False
DFS,2020-04-22,10,177376.0,earnings,2020-04-22,0.0,2020-04-22,11.0,1.0,False
INO,2020-04-22,8,66697.0,sin_earnings,2020-05-11,19.0,2020-04-22,11.0,3.0,False
PFE,2020-04-23,7,8530.0,sin_earnings,2020-04-28,5.0,2020-04-23,11.0,1.0,False
CLX,2020-04-24,8,3121.0,sin_earnings,2020-05-01,7.0,2020-04-24,11.0,1.0,False
DKNG,2020-04-24,4,35082.0,sin_earnings,2020-03-12,-43.0,2020-04-24,11.0,3.0,False
UPS,2020-04-24,7,10920.0,sin_earnings,2020-04-28,4.0,2020-04-24,11.0,1.0,False
HOG,2020-04-27,3,12389.0,earnings,2020-04-28,1.0,2020-04-27,11.0,1.0,False
UAVS,2020-04-27,9,27339.0,sin_earnings,2020-04-13,-14.0,2020-04-27,11.0,2.0,False
VISL,2020-04-27,9,289735.0,sin_earnings,2020-04-01,-26.0,2020-04-27,11.0,3.0,False
ENPH,2020-04-28,31,187450.0,sin_earnings,2020-05-05,7.0,2020-04-28,11.0,3.0,False
HTZ,2020-04-29,9,5600.0,sin_earnings,2020-05-11,12.0,2020-04-29,11.0,1.0,False
NCLH,2020-04-29,16,,sin_rdq,,,2020-04-29,12.0,1.0,True
BOCH,2020-04-30,28,112112.0,sin_earnings,2020-04-17,-13.0,2020-04-30,11.0,3.0,False
CBSH,2020-04-30,28,3238.0,earnings,2020-04-28,-2.0,2020-04-30,11.0,3.0,False
HTBK,2020-04-30,28,109599.0,sin_earnings,2020-04-23,-7.0,2020-04-30,11.0,3.0,False
MARK,2020-04-30,42,178494.0,sin_earnings,2020-05-28,28.0,2020-04-30,11.0,3.0,False
SPSC,2020-04-30,28,183974.0,earnings,2020-04-30,0.0,2020-04-30,11.0,3.0,False
TTI,2020-04-30,6,21237.0,sin_earnings,2020-05-05,5.0,2020-04-30,11.0,1.0,False
GRUB,2020-05-01,13,19906.0,sin_earnings,2020-05-06,5.0,2020-05-01,11.0,1.0,False
MVIS,2020-05-01,12,63531.0,sin_earnings,2020-05-07,6.0,2020-05-01,11.0,3.0,False
BRK,2020-05-02,17,2176.0,earnings,2020-05-02,0.0,2020-05-02,11.0,1.0,False
CHGG,2020-05-02,6,18556.0,earnings,2020-05-04,2.0,2020-05-02,11.0,1.0,False
LUV,2020-05-04,3,9882.0,sin_earnings,2020-04-28,-6.0,2020-05-04,11.0,1.0,False
W,2020-05-04,5,21540.0,earnings,2020-05-05,1.0,2020-05-04,11.0,1.0,False
BYND,2020-05-05,8,34447.0,earnings,2020-05-05,0.0,2020-05-05,11.0,3.0,False
DIS,2020-05-05,31,3980.0,earnings,2020-05-05,0.0,2020-05-05,11.0,1.0,False
HEAR,2020-05-05,4,19602.0,earnings,2020-05-07,2.0,2020-05-05,11.0,3.0,False
IZEA,2020-05-05,14,187357.0,sin_earnings,2020-05-14,9.0,2020-05-05,11.0,3.0,False
PTON,2020-05-05,3,35627.0,earnings,2020-05-06,1.0,2020-05-05,11.0,3.0,False
PYPL,2020-05-05,3,24616.0,earnings,2020-05-06,1.0,2020-05-05,11.0,3.0,False
RTTR,2020-05-05,16,23422.0,sin_earnings,2020-05-01,-4.0,2020-05-05,11.0,3.0,False
ZNGA,2020-05-05,3,187576.0,earnings,2020-05-06,1.0,2020-05-05,11.0,3.0,False
CSOD,2020-05-06,7,185646.0,sin_earnings,2020-05-11,5.0,2020-05-06,11.0,3.0,False
DBX,2020-05-06,3,33152.0,earnings,2020-05-07,1.0,2020-05-06,11.0,3.0,False
FSLY,2020-05-06,7,35120.0,earnings,2020-05-06,0.0,2020-05-06,11.0,1.0,False
GNUS,2020-05-06,34,183524.0,sin_earnings,2020-05-18,12.0,2020-05-06,11.0,3.0,False
KTOV,2020-05-06,24,,sin_rdq,,,2020-05-06,31.0,3.0,True
NET,2020-05-06,3,35604.0,earnings,2020-05-07,1.0,2020-05-06,11.0,1.0,False
SDC,2020-05-06,8,35602.0,sin_earnings,2020-05-13,7.0,2020-05-06,11.0,3.0,False
TWLO,2020-05-06,3,27364.0,earnings,2020-05-06,0.0,2020-05-06,11.0,1.0,False
UBER,2020-05-06,7,35077.0,earnings,2020-05-07,1.0,2020-05-06,11.0,1.0,False
CSCO,2020-05-07,7,20779.0,sin_earnings,2020-05-13,6.0,2020-05-07,11.0,3.0,False
DDOG,2020-05-07,8,35620.0,sin_earnings,2020-05-11,4.0,2020-05-07,11.0,3.0,False
LOGI,2020-05-07,6,,sin_rdq,,,2020-05-07,12.0,3.0,True
PENN,2020-05-07,34,30259.0,earnings,2020-05-07,0.0,2020-05-07,11.0,3.0,False
RIOT,2020-05-07,8,148170.0,earnings,2020-05-08,1.0,2020-05-07,11.0,3.0,False
VTIQ,2020-05-07,8,33493.0,sin_earnings,2020-05-11,4.0,2020-05-07,11.0,3.0,False
ZOM,2020-05-07,5,,sin_rdq,,,2020-05-07,12.0,2.0,True
BIOC,2020-05-08,6,19117.0,sin_earnings,2020-05-13,5.0,2020-05-08,11.0,3.0,False
BOX,2020-05-08,21,20088.0,sin_earnings,2020-05-27,19.0,2020-05-08,11.0,1.0,False
CRM,2020-05-08,21,157855.0,sin_earnings,2020-05-28,20.0,2020-05-08,11.0,1.0,False
DOCU,2020-05-08,29,33301.0,sin_earnings,2020-06-04,27.0,2020-05-08,11.0,3.0,False
FET,2020-05-08,6,171059.0,earnings,2020-05-07,-1.0,2020-05-08,11.0,1.0,False
HD,2020-05-08,13,5680.0,sin_earnings,2020-05-19,11.0,2020-05-08,11.0,1.0,False
TGT,2020-05-08,13,3813.0,sin_earnings,2020-05-20,12.0,2020-05-08,11.0,1.0,False
WMT,2020-05-08,13,11259.0,sin_earnings,2020-05-19,11.0,2020-05-08,11.0,1.0,False
ICBK,2020-05-09,5,22201.0,sin_earnings,2020-04-30,-9.0,2020-05-09,11.0,3.0,False
ACB,2020-05-11,12,,sin_rdq,,,2020-05-11,12.0,3.0,True
AMC,2020-05-11,3,177637.0,sin_earnings,2020-06-09,29.0,2020-05-11,11.0,1.0,False
NVAX,2020-05-11,8,61655.0,earnings,2020-05-11,0.0,2020-05-11,11.0,3.0,False
TTNP,2020-05-11,5,,sin_rdq,,,2020-05-11,11.0,3.0,True
VEL,2020-05-11,25,35781.0,earnings,2020-05-13,2.0,2020-05-11,11.0,1.0,False
DKNG,2020-05-12,9,35082.0,sin_earnings,2020-03-12,-61.0,2020-05-12,11.0,3.0,False
JCP,2020-05-13,6,,sin_rdq,,,2020-05-13,11.0,1.0,True
VBIV,2020-05-14,13,,sin_rdq,,,2020-05-14,12.0,3.0,True
BIDU,2020-05-15,7,,sin_rdq,,,2020-05-15,31.0,3.0,True
HPQ,2020-05-15,14,5606.0,sin_earnings,2020-05-27,12.0,2020-05-15,11.0,1.0,False
LOW,2020-05-15,6,6829.0,sin_earnings,2020-05-20,5.0,2020-05-15,11.0,1.0,False
NVDA,2020-05-15,13,117768.0,sin_earnings,2020-05-21,6.0,2020-05-15,11.0,3.0,False
PCG,2020-05-15,15,8264.0,sin_earnings,2020-05-01,-14.0,2020-05-15,11.0,1.0,False
SRNE,2020-05-15,5,183602.0,sin_earnings,2020-05-11,-4.0,2020-05-15,11.0,3.0,False
DLTR,2020-05-17,12,31587.0,sin_earnings,2020-05-28,11.0,2020-05-17,11.0,3.0,False
CGC,2020-05-18,12,,sin_rdq,,,2020-05-18,12.0,3.0,True
GSX,2020-05-18,9,,sin_rdq,,,2020-05-18,31.0,1.0,True
HEXO,2020-05-18,25,,sin_rdq,,,2020-05-18,12.0,3.0,True
HUYA,2020-05-18,4,,sin_rdq,,,2020-05-18,31.0,1.0,True
MRNA,2020-05-18,3,34410.0,sin_earnings,2020-05-07,-11.0,2020-05-18,11.0,3.0,False
TTWO,2020-05-18,4,64630.0,earnings,2020-05-20,2.0,2020-05-18,11.0,3.0,False
COST,2020-05-19,10,29028.0,sin_earnings,2020-05-28,9.0,2020-05-19,11.0,3.0,False
DELL,2020-05-19,11,14489.0,sin_earnings,2020-05-28,9.0,2020-05-19,11.0,1.0,False
SPOT,2020-05-19,7,,sin_rdq,,,2020-05-19,12.0,1.0,True
LK,2020-05-20,8,,sin_rdq,,,2020-05-20,31.0,3.0,True
APHA,2020-05-21,21,,sin_rdq,,,2020-05-21,12.0,3.0,True
DCAR,2020-05-21,8,33047.0,sin_earnings,2020-05-14,-7.0,2020-05-21,11.0,3.0,False
ESTC,2020-05-21,15,,sin_rdq,,,2020-05-21,12.0,1.0,True
LULU,2020-05-21,23,178015.0,sin_earnings,2020-06-11,21.0,2020-05-21,11.0,3.0,False
CHWY,2020-05-22,20,35287.0,sin_earnings,2020-06-09,18.0,2020-05-22,11.0,1.0,False
COTY,2020-05-22,21,12151.0,sin_earnings,2020-05-11,-11.0,2020-05-22,11.0,1.0,False
HTZ,2020-05-22,7,5600.0,sin_earnings,2020-05-11,-11.0,2020-05-22,11.0,1.0,False
XSPA,2020-05-22,36,12987.0,sin_earnings,2020-04-20,-32.0,2020-05-22,11.0,3.0,False
CRWD,2020-05-26,10,35182.0,sin_earnings,2020-06-02,7.0,2020-05-26,11.0,3.0,False
LTM,2020-05-26,15,,sin_rdq,,,2020-05-26,31.0,1.0,True
MGM,2020-05-26,17,14418.0,sin_earnings,2020-04-30,-26.0,2020-05-26,11.0,1.0,False
MNLO,2020-05-26,10,21522.0,sin_earnings,2020-05-11,-15.0,2020-05-26,11.0,3.0,False
WORK,2020-05-26,11,35133.0,sin_earnings,2020-06-04,9.0,2020-05-26,11.0,1.0,False
KR,2020-05-27,24,6502.0,sin_earnings,2020-06-18,22.0,2020-05-27,11.0,1.0,False
SPCE,2020-05-27,6,32355.0,sin_rdq,,,2020-05-27,11.0,1.0,False
DKNG,2020-05-28,12,35082.0,sin_earnings,2020-03-12,-77.0,2020-05-28,11.0,3.0,False
FMCI,2020-05-28,22,33958.0,sin_earnings,2020-05-01,-27.0,2020-05-28,11.0,3.0,False
GAN,2020-05-28,12,,sin_rdq,,,2020-05-28,12.0,3.0,True
TWTR,2020-05-28,9,18872.0,sin_earnings,2020-04-30,-28.0,2020-05-28,11.0,1.0,False
CLDR,2020-05-29,12,31004.0,sin_earnings,2020-06-03,5.0,2020-05-29,11.0,1.0,False
EXPR,2020-05-29,29,184323.0,sin_earnings,2020-06-03,5.0,2020-05-29,11.0,1.0,False
NERV,2020-05-29,8,20225.0,sin_earnings,2020-05-04,-25.0,2020-05-29,11.0,3.0,False
NOK,2020-05-29,22,,sin_rdq,,,2020-05-29,31.0,1.0,True
DGLY,2020-05-30,19,,sin_rdq,,,2020-05-30,11.0,3.0,True
AAXN,2020-05-31,18,143912.0,sin_earnings,2020-05-07,-24.0,2020-05-31,11.0,3.0,False
PFE,2020-06-01,32,8530.0,sin_earnings,2020-04-28,-34.0,2020-06-01,11.0,1.0,False
SWBI,2020-06-01,3,115757.0,sin_earnings,2020-06-18,17.0,2020-06-01,11.0,3.0,False
VISL,2020-06-01,8,289735.0,sin_earnings,2020-05-27,-5.0,2020-06-01,11.0,3.0,False
NBRV,2020-06-02,21,,sin_rdq,,,2020-06-02,12.0,3.0,True
SOLO,2020-06-02,10,,sin_rdq,,,2020-06-02,12.0,3.0,True
BUD,2020-06-03,8,,sin_rdq,,,2020-06-03,31.0,1.0,True
LVS,2020-06-03,8,161844.0,sin_earnings,2020-04-22,-42.0,2020-06-03,11.0,1.0,False
NIO,2020-06-03,20,,sin_rdq,,,2020-06-03,31.0,1.0,True
ORCL,2020-06-03,15,12142.0,sin_earnings,2020-06-16,13.0,2020-06-03,11.0,1.0,False
SAVE,2020-06-03,9,185624.0,sin_earnings,2020-05-06,-28.0,2020-06-03,11.0,1.0,False
SPG,2020-06-03,9,,sin_rdq,,,2020-06-03,18.0,1.0,True
DAL,2020-06-04,8,3851.0,sin_earnings,2020-07-14,40.0,2020-06-04,11.0,1.0,False
IVR,2020-06-04,7,,sin_rdq,,,2020-06-04,18.0,1.0,True
JFK,2020-06-04,31,,sin_rdq,,,2020-06-04,12.0,3.0,True
LUV,2020-06-04,8,9882.0,sin_earnings,2020-04-28,-37.0,2020-06-04,11.0,1.0,False
MFA,2020-06-04,13,,sin_rdq,,,2020-06-04,18.0,1.0,True
NKLA,2020-06-04,7,33493.0,sin_earnings,2020-05-11,-24.0,2020-06-04,11.0,3.0,False
UAL,2020-06-04,13,10795.0,sin_earnings,2020-04-30,-35.0,2020-06-04,11.0,3.0,False
BA,2020-06-05,13,2285.0,sin_earnings,2020-04-29,-37.0,2020-06-05,11.0,1.0,False
CHK,2020-06-05,6,27786.0,sin_earnings,2020-05-11,-25.0,2020-06-05,11.0,1.0,False
HTZ,2020-06-05,14,5600.0,sin_earnings,2020-05-11,-25.0,2020-06-05,11.0,1.0,False
MITT,2020-06-05,6,,sin_rdq,,,2020-06-05,18.0,1.0,True
MRO,2020-06-05,5,7017.0,sin_earnings,2020-05-06,-30.0,2020-06-05,11.0,1.0,False
NCLH,2020-06-05,13,,sin_rdq,,,2020-06-05,12.0,1.0,True
NRZ,2020-06-05,6,,sin_rdq,,,2020-06-05,18.0,1.0,True
OXY,2020-06-05,6,8068.0,sin_earnings,2020-05-05,-31.0,2020-06-05,11.0,1.0,False
PUMP,2020-06-05,14,30145.0,sin_earnings,2020-06-01,-4.0,2020-06-05,11.0,1.0,False
RCL,2020-06-05,12,,sin_rdq,,,2020-06-05,12.0,1.0,True
SHIP,2020-06-05,5,,sin_rdq,,,2020-06-05,12.0,3.0,True
VAL,2020-06-05,5,,sin_rdq,,,2020-06-05,12.0,1.0,True
XOM,2020-06-05,13,4503.0,sin_earnings,2020-05-01,-35.0,2020-06-05,11.0,1.0,False
BAC,2020-06-08,5,7647.0,sin_earnings,2020-07-16,38.0,2020-06-08,11.0,1.0,False
BYND,2020-06-08,5,34447.0,sin_earnings,2020-05-05,-34.0,2020-06-08,11.0,3.0,False
GME,2020-06-08,3,145049.0,sin_earnings,2020-06-04,-4.0,2020-06-08,11.0,1.0,False
IZEA,2020-06-08,6,187357.0,sin_earnings,2020-05-14,-25.0,2020-06-08,11.0,3.0,False
MCD,2020-06-08,18,7154.0,sin_earnings,2020-04-30,-39.0,2020-06-08,11.0,1.0,False
USFD,2020-06-08,5,18312.0,sin_earnings,2020-05-05,-34.0,2020-06-08,11.0,1.0,False
WFC,2020-06-08,5,8007.0,sin_earnings,2020-07-14,36.0,2020-06-08,11.0,1.0,False
IDEX,2020-06-09,23,24658.0,sin_earnings,2020-05-11,-29.0,2020-06-09,11.0,3.0,False
INTC,2020-06-09,15,6008.0,sin_earnings,2020-07-23,44.0,2020-06-09,11.0,3.0,False
OPES,2020-06-09,11,33138.0,sin_earnings,2020-05-15,-25.0,2020-06-09,11.0,3.0,False
SNE,2020-06-09,3,,sin_rdq,,,2020-06-09,31.0,1.0,True
AMTD,2020-06-10,13,64552.0,sin_earnings,2020-07-21,41.0,2020-06-10,11.0,3.0,False
MSFT,2020-06-10,17,12141.0,sin_earnings,2020-04-29,-42.0,2020-06-10,11.0,3.0,False
SBUX,2020-06-10,3,25434.0,sin_earnings,2020-04-28,-43.0,2020-06-10,11.0,3.0,False
TSLA,2020-06-10,3,184996.0,sin_earnings,2020-04-29,-42.0,2020-06-10,11.0,3.0,False
DOW,2020-06-11,5,34443.0,sin_earnings,2020-04-30,-42.0,2020-06-11,11.0,1.0,False
TCBI,2020-06-11,27,150306.0,sin_earnings,2020-07-22,41.0,2020-06-11,11.0,3.0,False
APT,2020-06-15,11,62072.0,sin_earnings,2020-05-06,-40.0,2020-06-15,11.0,2.0,False
ROKU,2020-06-16,4,32382.0,sin_earnings,2020-05-07,-40.0,2020-06-16,11.0,3.0,False
UONE,2020-06-16,4,120301.0,sin_earnings,2020-05-29,-18.0,2020-06-16,11.0,3.0,False
UONEK,2020-06-16,4,,sin_rdq,,,2020-06-16,11.0,3.0,True
BYFC,2020-06-17,3,61815.0,sin_earnings,2020-05-11,-37.0,2020-06-17,11.0,3.0,False
FSLY,2020-06-17,13,35120.0,sin_earnings,2020-05-06,-42.0,2020-06-17,11.0,1.0,False
GRAF,2020-06-17,26,34171.0,sin_earnings,2020-05-11,-37.0,2020-06-17,11.0,1.0,False
PYPL,2020-06-18,43,24616.0,sin_earnings,2020-07-29,41.0,2020-06-18,11.0,3.0,False
SPOT,2020-06-18,12,,sin_rdq,,,2020-06-18,12.0,1.0,True
SHLL,2020-06-19,12,34805.0,sin_earnings,2020-05-07,-43.0,2020-06-19,11.0,1.0,False
CJJD,2020-06-22,6,179624.0,sin_earnings,2020-07-10,18.0,2020-06-22,12.0,3.0,False
KTOV,2020-06-22,10,,sin_rdq,,,2020-06-22,31.0,3.0,True
AAPL,2020-06-23,3,1690.0,sin_earnings,2020-07-30,37.0,2020-06-23,11.0,3.0,False
FLIR,2020-06-23,16,28477.0,sin_earnings,2020-08-06,44.0,2020-06-23,11.0,3.0,False
INO,2020-06-23,9,66697.0,sin_earnings,2020-05-11,-43.0,2020-06-23,11.0,3.0,False
MRK,2020-06-23,8,7257.0,sin_earnings,2020-07-31,38.0,2020-06-23,11.0,1.0,False
PLUG,2020-06-23,17,125604.0,sin_earnings,2020-08-06,44.0,2020-06-23,11.0,3.0,False
GNC,2020-06-24,3,185645.0,sin_earnings,2020-05-11,-44.0,2020-06-24,11.0,1.0,False
PTON,2020-06-24,27,35627.0,sin_earnings,2020-05-06,-49.0,2020-06-24,11.0,3.0,False
WKHS,2020-06-24,17,184957.0,sin_earnings,2020-08-10,47.0,2020-06-24,11.0,3.0,False
JPM,2020-06-25,4,2968.0,sin_earnings,2020-07-14,19.0,2020-06-25,11.0,1.0,False
CLSK,2020-06-26,5,186904.0,sin_earnings,2020-08-04,39.0,2020-06-26,11.0,3.0,False
ZOM,2020-06-26,11,,sin_rdq,,,2020-06-26,12.0,2.0,True
LCA,2020-06-29,12,35122.0,sin_earnings,2020-08-14,46.0,2020-06-29,11.0,3.0,False
AYRO,2020-06-30,10,33047.0,sin_earnings,2020-05-14,-47.0,2020-06-30,11.0,3.0,False
FDX,2020-06-30,3,4598.0,earnings,2020-06-30,0.0,2020-06-30,11.0,1.0,False
UPS,2020-06-30,31,10920.0,sin_earnings,2020-07-30,30.0,2020-06-30,11.0,1.0,False
AMZN,2020-07-01,36,64768.0,sin_earnings,2020-07-30,29.0,2020-07-01,11.0,3.0,False
BYFC,2020-07-02,6,61815.0,sin_earnings,2020-08-04,33.0,2020-07-02,11.0,3.0,False
LMND,2020-07-02,5,36692.0,sin_earnings,2020-06-08,-24.0,2020-07-02,11.0,1.0,False
TSLA,2020-07-02,23,184996.0,sin_earnings,2020-07-22,20.0,2020-07-02,11.0,3.0,False
BABA,2020-07-06,9,,sin_rdq,,,2020-07-06,31.0,1.0,True
GSAT,2020-07-06,5,175523.0,sin_earnings,2020-08-06,31.0,2020-07-06,11.0,2.0,False
NIO,2020-07-06,12,,sin_rdq,,,2020-07-06,31.0,1.0,True
CHGG,2020-07-07,17,18556.0,sin_earnings,2020-08-03,27.0,2020-07-07,11.0,1.0,False
EBAY,2020-07-07,23,114524.0,sin_earnings,2020-07-28,21.0,2020-07-07,11.0,3.0,False
LVGO,2020-07-07,14,35394.0,sin_earnings,2020-08-05,29.0,2020-07-07,11.0,3.0,False
NVAX,2020-07-07,16,61655.0,sin_earnings,2020-08-10,34.0,2020-07-07,11.0,3.0,False
UAVS,2020-07-07,14,27339.0,sin_earnings,2020-08-14,38.0,2020-07-07,11.0,2.0,False
WMT,2020-07-07,9,11259.0,sin_earnings,2020-08-18,42.0,2020-07-07,11.0,1.0,False
NVDA,2020-07-08,63,117768.0,sin_earnings,2020-08-19,42.0,2020-07-08,11.0,3.0,False
SPAQ,2020-07-09,9,33868.0,sin_earnings,2020-07-31,22.0,2020-07-09,11.0,1.0,False
SPCE,2020-07-09,20,32355.0,sin_rdq,,,2020-07-09,11.0,1.0,False
BNGO,2020-07-10,15,33749.0,sin_earnings,2020-06-18,-22.0,2020-07-10,11.0,3.0,False
NFLX,2020-07-10,8,147579.0,sin_earnings,2020-07-16,6.0,2020-07-10,11.0,3.0,False
NOVN,2020-07-10,19,27905.0,sin_earnings,2020-08-14,35.0,2020-07-10,11.0,3.0,False
W,2020-07-10,4,21540.0,sin_earnings,2020-08-05,26.0,2020-07-10,11.0,1.0,False
GTES,2020-07-11,6,,sin_rdq,,,2020-07-11,12.0,1.0,True
DPZ,2020-07-13,5,160211.0,sin_earnings,2020-07-16,3.0,2020-07-13,11.0,1.0,False
MRNA,2020-07-13,8,34410.0,sin_earnings,2020-08-05,23.0,2020-07-13,11.0,3.0,False
TSM,2020-07-13,5,,sin_rdq,,,2020-07-13,31.0,1.0,True
BOXL,2020-07-14,7,24421.0,sin_earnings,2020-08-14,31.0,2020-07-14,11.0,3.0,False
VBIV,2020-07-14,9,,sin_rdq,,,2020-07-14,12.0,3.0,True
APHA,2020-07-15,15,,sin_rdq,,,2020-07-15,12.0,3.0,True
ATVI,2020-07-15,22,180405.0,sin_earnings,2020-08-04,20.0,2020-07-15,11.0,3.0,False
AZN,2020-07-15,6,,sin_rdq,,,2020-07-15,31.0,3.0,True
OXM,2020-07-15,7,8219.0,sin_earnings,2020-06-10,-35.0,2020-07-15,11.0,1.0,False
HMHC,2020-07-16,6,16738.0,sin_earnings,2020-08-06,21.0,2020-07-16,11.0,3.0,False
NAK,2020-07-16,12,,sin_rdq,,,2020-07-16,12.0,2.0,True
PHUN,2020-07-17,4,34584.0,sin_earnings,2020-08-14,28.0,2020-07-17,11.0,3.0,False
ATNM,2020-07-20,23,16947.0,sin_earnings,2020-06-29,-21.0,2020-07-20,11.0,2.0,False
AMD,2020-07-22,16,1161.0,sin_earnings,2020-07-28,6.0,2020-07-22,11.0,3.0,False
GOLD,2020-07-22,29,,sin_rdq,,,2020-07-22,12.0,1.0,True
MSFT,2020-07-22,3,12141.0,earnings,2020-07-22,0.0,2020-07-22,11.0,3.0,False
PFE,2020-07-22,7,8530.0,sin_earnings,2020-07-28,6.0,2020-07-22,11.0,1.0,False
AUY,2020-07-23,6,,sin_rdq,,,2020-07-23,12.0,1.0,True
INTC,2020-07-23,9,6008.0,earnings,2020-07-23,0.0,2020-07-23,11.0,3.0,False
BUD,2020-07-24,7,,sin_rdq,,,2020-07-24,31.0,1.0,True
TSM,2020-07-24,7,,sin_rdq,,,2020-07-24,31.0,1.0,True
MARA,2020-07-27,15,4384.0,sin_earnings,2020-08-14,18.0,2020-07-27,11.0,3.0,False
CVS,2020-07-28,9,7241.0,sin_earnings,2020-08-05,8.0,2020-07-28,11.0,1.0,False
KODK,2020-07-28,3,4194.0,sin_earnings,2020-08-11,14.0,2020-07-28,11.0,1.0,False
GOOGL,2020-07-29,9,,sin_rdq,,,2020-07-29,11.0,3.0,True
PRPL,2020-07-29,8,33068.0,sin_earnings,2020-08-13,15.0,2020-07-29,11.0,3.0,False
TDOC,2020-07-29,9,24249.0,earnings,2020-07-29,0.0,2020-07-29,11.0,1.0,False
AAPL,2020-07-30,56,1690.0,earnings,2020-07-30,0.0,2020-07-30,11.0,3.0,False
OSTK,2020-07-30,37,147868.0,earnings,2020-07-30,0.0,2020-07-30,11.0,3.0,False
CLX,2020-07-31,4,3121.0,sin_earnings,2020-08-03,3.0,2020-07-31,11.0,1.0,False
ETSY,2020-07-31,7,23238.0,sin_earnings,2020-08-05,5.0,2020-07-31,11.0,3.0,False
JMIA,2020-07-31,5,,sin_rdq,,,2020-07-31,31.0,1.0,True
NOK,2020-07-31,4,,sin_rdq,,,2020-07-31,31.0,1.0,True
TTWO,2020-08-02,3,64630.0,earnings,2020-08-03,1.0,2020-08-02,11.0,3.0,False
DBX,2020-08-03,8,33152.0,sin_earnings,2020-08-06,3.0,2020-08-03,11.0,3.0,False
DDOG,2020-08-03,5,35620.0,sin_earnings,2020-08-06,3.0,2020-08-03,11.0,3.0,False
TRVN,2020-08-03,9,18925.0,sin_earnings,2020-08-10,7.0,2020-08-03,11.0,3.0,False
TWLO,2020-08-03,3,27364.0,earnings,2020-08-04,1.0,2020-08-03,11.0,1.0,False
DIS,2020-08-04,3,3980.0,earnings,2020-08-04,0.0,2020-08-04,11.0,1.0,False
HCAC,2020-08-04,23,34816.0,sin_earnings,2020-08-07,3.0,2020-08-04,11.0,3.0,False
NKLA,2020-08-04,7,33493.0,sin_earnings,2020-05-11,-85.0,2020-08-04,11.0,3.0,False
SRNE,2020-08-04,9,183602.0,earnings,2020-08-04,0.0,2020-08-04,11.0,3.0,False
AAL,2020-08-05,7,1045.0,sin_earnings,2020-07-23,-13.0,2020-08-05,11.0,3.0,False
BIGC,2020-08-05,3,36754.0,earnings,2020-08-05,0.0,2020-08-05,11.0,3.0,False
FSLY,2020-08-05,3,35120.0,earnings,2020-08-05,0.0,2020-08-05,11.0,1.0,False
TGT,2020-08-05,15,3813.0,sin_earnings,2020-08-19,14.0,2020-08-05,11.0,1.0,False
AYX,2020-08-06,8,30655.0,earnings,2020-08-06,0.0,2020-08-06,11.0,1.0,False
RKT,2020-08-06,8,36722.0,sin_earnings,2020-08-10,4.0,2020-08-06,11.0,1.0,False
CSCO,2020-08-07,8,20779.0,sin_earnings,2020-08-12,5.0,2020-08-07,11.0,3.0,False
IDEX,2020-08-10,5,24658.0,earnings,2020-08-10,0.0,2020-08-10,11.0,3.0,False
FSDC,2020-08-13,179,36796.0,sin_earnings,2020-07-24,-20.0,2020-08-13,11.0,3.0,False
CVAC,2020-08-14,4,,sin_rdq,,,2020-08-14,12.0,3.0,True
BBY,2020-08-20,6,2184.0,sin_earnings,2020-08-25,5.0,2020-08-20,11.0,1.0,False
CRM,2020-08-24,4,157855.0,earnings,2020-08-25,1.0,2020-08-24,11.0,1.0,False
LCA,2020-08-24,38,35122.0,sin_earnings,2020-08-14,-10.0,2020-08-24,11.0,3.0,False
LULU,2020-08-24,18,178015.0,sin_earnings,2020-09-08,15.0,2020-08-24,11.0,3.0,False
SHLL,2020-08-24,39,34805.0,sin_earnings,2020-08-06,-18.0,2020-08-24,11.0,1.0,False
BIGC,2020-08-25,3,36754.0,sin_earnings,2020-09-09,15.0,2020-08-25,11.0,3.0,False
GRAF,2020-08-25,36,34171.0,sin_earnings,2020-08-10,-15.0,2020-08-25,11.0,1.0,False
NIO,2020-08-25,7,,sin_rdq,,,2020-08-25,31.0,1.0,True
SWBI,2020-08-25,11,115757.0,sin_earnings,2020-09-03,9.0,2020-08-25,11.0,3.0,False
XOM,2020-08-25,8,4503.0,sin_earnings,2020-07-31,-25.0,2020-08-25,11.0,1.0,False
ADBE,2020-08-26,22,12540.0,sin_earnings,2020-09-15,20.0,2020-08-26,11.0,3.0,False
CRWD,2020-08-26,8,35182.0,sin_earnings,2020-09-02,7.0,2020-08-26,11.0,3.0,False
NFLX,2020-08-26,7,147579.0,sin_earnings,2020-07-16,-41.0,2020-08-26,11.0,3.0,False
ORCL,2020-08-27,8,12142.0,sin_earnings,2020-09-10,14.0,2020-08-27,11.0,1.0,False
WMT,2020-08-27,8,11259.0,sin_earnings,2020-08-18,-9.0,2020-08-27,11.0,1.0,False
WORK,2020-08-27,15,35133.0,sin_earnings,2020-09-08,12.0,2020-08-27,11.0,1.0,False
CHWY,2020-08-28,15,35287.0,sin_earnings,2020-09-10,13.0,2020-08-28,11.0,1.0,False
DOCU,2020-08-31,5,33301.0,sin_earnings,2020-09-03,3.0,2020-08-31,11.0,3.0,False
GME,2020-08-31,32,145049.0,sin_earnings,2020-09-09,9.0,2020-08-31,11.0,1.0,False
TSLA,2020-08-31,9,184996.0,sin_earnings,2020-07-22,-40.0,2020-08-31,11.0,3.0,False
UTZ,2020-08-31,5,34259.0,sin_earnings,2020-08-10,-21.0,2020-08-31,11.0,1.0,False
COST,2020-09-01,8,29028.0,sin_earnings,2020-09-24,23.0,2020-09-01,11.0,3.0,False
FDX,2020-09-01,16,4598.0,sin_earnings,2020-09-15,14.0,2020-09-01,11.0,1.0,False
PTON,2020-09-01,15,35627.0,sin_earnings,2020-09-10,9.0,2020-09-01,11.0,3.0,False
KCAC,2020-09-03,14,36605.0,sin_earnings,2020-08-06,-28.0,2020-09-03,11.0,1.0,False
NKLA,2020-09-08,24,33493.0,sin_earnings,2020-05-11,-120.0,2020-09-08,11.0,3.0,False
SPCE,2020-09-08,8,32355.0,sin_rdq,,,2020-09-08,11.0,1.0,False
IPOB,2020-09-10,12,36261.0,sin_earnings,2020-08-13,-28.0,2020-09-10,12.0,1.0,False
PSTH,2020-09-11,41,36643.0,sin_earnings,2020-07-23,-50.0,2020-09-11,11.0,1.0,False
DKNG,2020-09-14,5,35082.0,sin_earnings,2020-03-12,-186.0,2020-09-14,11.0,3.0,False
LAC,2020-09-15,18,,sin_rdq,,,2020-09-15,12.0,1.0,True
NAV,2020-09-15,45,6081.0,sin_earnings,2020-09-09,-6.0,2020-09-15,11.0,1.0,False
SBE,2020-09-16,23,35411.0,sin_earnings,2020-08-13,-34.0,2020-09-16,11.0,1.0,False
VALE,2020-09-17,7,,sin_rdq,,,2020-09-17,31.0,1.0,True
GHC,2020-09-20,3,11300.0,sin_earnings,2020-11-04,45.0,2020-09-20,11.0,1.0,False
GHM,2020-09-20,3,5254.0,sin_earnings,2020-10-28,38.0,2020-09-20,11.0,1.0,False
ACB,2020-09-22,30,,sin_rdq,,,2020-09-22,12.0,3.0,True
NKE,2020-09-22,3,7906.0,earnings,2020-09-22,0.0,2020-09-22,11.0,1.0,False
HCAC,2020-09-23,14,34816.0,sin_earnings,2020-08-07,-47.0,2020-09-23,11.0,3.0,False
AAL,2020-09-25,14,1045.0,sin_earnings,2020-10-22,27.0,2020-09-25,11.0,3.0,False
SPCE,2020-09-28,9,32355.0,sin_rdq,,,2020-09-28,11.0,1.0,False
BYND,2020-09-29,23,34447.0,sin_earnings,2020-11-09,41.0,2020-09-29,11.0,3.0,False
NIO,2020-09-29,7,,sin_rdq,,,2020-09-29,31.0,1.0,True
DDOG,2020-09-30,15,35620.0,sin_earnings,2020-11-10,41.0,2020-09-30,11.0,3.0,False
HYLN,2020-10-02,12,34805.0,sin_earnings,2020-08-06,-57.0,2020-10-02,11.0,2.0,False
REGN,2020-10-02,7,23812.0,sin_earnings,2020-11-05,34.0,2020-10-02,11.0,3.0,False
AMD,2020-10-05,9,1161.0,sin_earnings,2020-10-27,22.0,2020-10-05,11.0,3.0,False
APHA,2020-10-05,11,,sin_rdq,,,2020-10-05,12.0,3.0,True
PLUG,2020-10-05,17,125604.0,sin_earnings,2020-11-09,35.0,2020-10-05,11.0,3.0,False
FSLY,2020-10-07,10,35120.0,sin_earnings,2020-10-28,21.0,2020-10-07,11.0,1.0,False
JKS,2020-10-08,16,,sin_rdq,,,2020-10-08,31.0,1.0,True
JMIA,2020-10-08,21,,sin_rdq,,,2020-10-08,31.0,1.0,True
NOK,2020-10-10,11,,sin_rdq,,,2020-10-10,31.0,1.0,True
JPM,2020-10-12,4,2968.0,earnings,2020-10-13,1.0,2020-10-12,11.0,1.0,False
AMC,2020-10-13,22,177637.0,sin_earnings,2020-11-02,20.0,2020-10-13,11.0,1.0,False
CHGG,2020-10-13,15,18556.0,sin_earnings,2020-10-26,13.0,2020-10-13,11.0,1.0,False
NIO,2020-10-14,6,,sin_rdq,,,2020-10-14,31.0,1.0,True
SNAP,2020-10-15,16,30091.0,sin_earnings,2020-10-20,5.0,2020-10-15,11.0,1.0,False
HTZ,2020-10-16,4,5600.0,sin_earnings,2020-11-09,24.0,2020-10-16,11.0,1.0,False
PTON,2020-10-16,6,35627.0,sin_earnings,2020-11-05,20.0,2020-10-16,11.0,3.0,False
FDX,2020-10-19,10,4598.0,sin_earnings,2020-09-15,-34.0,2020-10-19,11.0,1.0,False
CRSR,2020-10-20,3,37090.0,sin_earnings,2020-11-10,21.0,2020-10-20,11.0,3.0,False
GOOG,2020-10-20,11,160329.0,sin_earnings,2020-10-29,9.0,2020-10-20,11.0,3.0,False
GOOGL,2020-10-20,11,,sin_rdq,,,2020-10-20,11.0,3.0,True
PINS,2020-10-20,10,35013.0,sin_earnings,2020-10-28,8.0,2020-10-20,11.0,1.0,False
ETSY,2020-10-21,9,23238.0,sin_earnings,2020-10-28,7.0,2020-10-21,11.0,3.0,False
PYPL,2020-10-21,3,24616.0,sin_earnings,2020-11-02,12.0,2020-10-21,11.0,3.0,False
INTC,2020-10-22,3,6008.0,earnings,2020-10-22,0.0,2020-10-22,11.0,3.0,False
RIDE,2020-10-26,26,34683.0,sin_earnings,2020-08-13,-74.0,2020-10-26,11.0,3.0,False
UPS,2020-10-26,3,10920.0,earnings,2020-10-28,2.0,2020-10-26,11.0,1.0,False
ACB,2020-10-27,16,,sin_rdq,,,2020-10-27,12.0,3.0,True
FSR,2020-10-30,29,33868.0,earnings,2020-10-28,-2.0,2020-10-30,11.0,1.0,False
BABA,2020-11-03,35,,sin_rdq,,,2020-11-03,31.0,1.0,True
CGC,2020-11-04,6,,sin_rdq,,,2020-11-04,12.0,3.0,True
GRWG,2020-11-04,32,28515.0,sin_earnings,2020-11-11,7.0,2020-11-04,11.0,3.0,False
XPEV,2020-11-04,10,,sin_rdq,,,2020-11-04,31.0,1.0,True
NIO,2020-11-05,14,,sin_rdq,,,2020-11-05,31.0,1.0,True
APHA,2020-11-06,4,,sin_rdq,,,2020-11-06,12.0,3.0,True
CVS,2020-11-06,13,7241.0,earnings,2020-11-06,0.0,2020-11-06,11.0,1.0,False
PLTR,2020-11-06,33,36910.0,sin_earnings,2020-11-12,6.0,2020-11-06,11.0,3.0,False
SNDL,2020-11-06,4,,sin_rdq,,,2020-11-06,12.0,3.0,True
TLRY,2020-11-06,4,22387.0,sin_earnings,2020-10-15,-22.0,2020-11-06,11.0,3.0,False
BNTX,2020-11-09,12,,sin_rdq,,,2020-11-09,31.0,3.0,True
BOCH,2020-11-09,94,112112.0,sin_earnings,2020-10-16,-24.0,2020-11-09,11.0,3.0,False
CBSH,2020-11-09,94,3238.0,sin_earnings,2020-10-20,-20.0,2020-11-09,11.0,3.0,False
CUK,2020-11-09,43,,sin_rdq,,,2020-11-09,31.0,1.0,True
DOCU,2020-11-09,26,33301.0,sin_earnings,2020-12-03,24.0,2020-11-09,11.0,3.0,False
DOW,2020-11-09,17,34443.0,sin_earnings,2020-10-22,-18.0,2020-11-09,11.0,1.0,False
HTBK,2020-11-09,94,109599.0,sin_earnings,2020-10-22,-18.0,2020-11-09,11.0,3.0,False
IVR,2020-11-09,29,,sin_rdq,,,2020-11-09,18.0,1.0,True
MGM,2020-11-09,38,14418.0,sin_earnings,2020-10-29,-11.0,2020-11-09,11.0,1.0,False
NVDA,2020-11-09,24,117768.0,sin_earnings,2020-11-18,9.0,2020-11-09,11.0,3.0,False
PFE,2020-11-09,10,8530.0,sin_earnings,2020-10-27,-13.0,2020-11-09,11.0,1.0,False
RKT,2020-11-09,3,36722.0,earnings,2020-11-10,1.0,2020-11-09,11.0,1.0,False
SPSC,2020-11-09,94,183974.0,sin_earnings,2020-10-28,-12.0,2020-11-09,11.0,3.0,False
TDOC,2020-11-09,12,24249.0,sin_earnings,2020-10-28,-12.0,2020-11-09,11.0,1.0,False
VBIV,2020-11-09,45,,sin_rdq,,,2020-11-09,12.0,3.0,True
KNDI,2020-11-12,21,176169.0,sin_earnings,2020-11-09,-3.0,2020-11-12,12.0,3.0,False
MRNA,2020-11-12,5,34410.0,sin_earnings,2020-10-29,-14.0,2020-11-12,11.0,3.0,False
SOLO,2020-11-12,13,,sin_rdq,,,2020-11-12,12.0,3.0,True
TGT,2020-11-12,14,3813.0,sin_earnings,2020-11-18,6.0,2020-11-12,11.0,1.0,False
KCAC,2020-11-13,13,36605.0,sin_earnings,2020-11-16,3.0,2020-11-13,11.0,1.0,False
NIU,2020-11-13,12,,sin_rdq,,,2020-11-13,31.0,3.0,True
WMT,2020-11-14,6,11259.0,sin_earnings,2020-11-17,3.0,2020-11-14,11.0,1.0,False
BLNK,2020-11-16,10,184049.0,sin_earnings,2020-11-12,-4.0,2020-11-16,11.0,3.0,False
FCEL,2020-11-16,9,25430.0,sin_earnings,2021-01-21,66.0,2020-11-16,11.0,3.0,False
PLUG,2020-11-16,10,125604.0,sin_earnings,2020-11-09,-7.0,2020-11-16,11.0,3.0,False
RIOT,2020-11-17,8,148170.0,sin_earnings,2020-11-09,-8.0,2020-11-17,11.0,3.0,False
SBE,2020-11-17,9,35411.0,earnings,2020-11-16,-1.0,2020-11-17,11.0,1.0,False
TSLA,2020-11-17,37,184996.0,sin_earnings,2020-10-21,-27.0,2020-11-17,11.0,3.0,False
CIIC,2020-11-18,7,35907.0,sin_earnings,2020-11-09,-9.0,2020-11-18,11.0,3.0,False
CRSR,2020-11-18,15,37090.0,sin_earnings,2020-11-10,-8.0,2020-11-18,11.0,3.0,False
FUBO,2020-11-18,16,17001.0,sin_earnings,2020-11-10,-8.0,2020-11-18,11.0,1.0,False
MARA,2020-11-18,14,4384.0,sin_earnings,2020-11-12,-6.0,2020-11-18,11.0,3.0,False
MS,2020-11-18,16,12124.0,sin_earnings,2020-10-15,-34.0,2020-11-18,11.0,1.0,False
WORK,2020-11-18,15,35133.0,sin_earnings,2020-12-01,13.0,2020-11-18,11.0,1.0,False
AYRO,2020-11-19,5,33047.0,sin_earnings,2020-05-14,-189.0,2020-11-19,11.0,3.0,False
FIII,2020-11-19,40,36884.0,sin_earnings,2020-11-12,-7.0,2020-11-19,11.0,3.0,False
GTES,2020-11-19,13,,sin_rdq,,,2020-11-19,12.0,1.0,True
HCAC,2020-11-19,33,34816.0,sin_earnings,2020-11-12,-7.0,2020-11-19,11.0,3.0,False
JMIA,2020-11-19,14,,sin_rdq,,,2020-11-19,31.0,1.0,True
PIC,2020-11-19,33,35189.0,sin_earnings,2020-11-10,-9.0,2020-11-19,11.0,1.0,False
TLS,2020-11-19,13,2578.0,sin_earnings,2020-11-13,-6.0,2020-11-19,11.0,3.0,False
GIK,2020-11-20,39,34459.0,sin_earnings,2021-08-16,269.0,2020-11-20,11.0,1.0,False
GMHI,2020-11-20,13,34544.0,sin_earnings,2020-11-06,-14.0,2020-11-20,11.0,3.0,False
IDEX,2020-11-20,6,24658.0,sin_earnings,2020-11-09,-11.0,2020-11-20,11.0,3.0,False
LGVW,2020-11-20,8,36438.0,sin_earnings,2020-11-16,-4.0,2020-11-20,11.0,1.0,False
THCB,2020-11-20,5,34825.0,sin_earnings,2020-11-09,-11.0,2020-11-20,11.0,3.0,False
DBX,2020-11-21,24,33152.0,sin_earnings,2020-11-05,-16.0,2020-11-21,11.0,3.0,False
APXT,2020-11-23,5,35603.0,sin_earnings,2020-11-16,-7.0,2020-11-23,11.0,3.0,False
BBY,2020-11-23,74,2184.0,earnings,2020-11-24,1.0,2020-11-23,11.0,1.0,False
MGNI,2020-11-23,5,19753.0,sin_earnings,2020-11-09,-14.0,2020-11-23,11.0,3.0,False
NBAC,2020-11-23,3,36024.0,sin_earnings,2020-11-13,-10.0,2020-11-23,12.0,3.0,False
THCA,2020-11-23,11,35329.0,sin_earnings,2020-11-13,-10.0,2020-11-23,11.0,3.0,False
MP,2020-11-24,163,36303.0,sin_earnings,2020-11-04,-20.0,2020-11-24,11.0,1.0,False
NKLA,2020-11-24,10,33493.0,sin_earnings,2020-05-11,-197.0,2020-11-24,11.0,3.0,False
NVAX,2020-11-24,9,61655.0,sin_earnings,2020-11-09,-15.0,2020-11-24,11.0,3.0,False
RMG,2020-11-24,36,34601.0,sin_earnings,2020-11-09,-15.0,2020-11-24,11.0,1.0,False
THC,2020-11-24,10,7750.0,sin_earnings,2020-10-20,-35.0,2020-11-24,11.0,1.0,False
VALE,2020-11-24,30,,sin_rdq,,,2020-11-24,31.0,1.0,True
CRM,2020-11-25,28,157855.0,sin_earnings,2020-12-01,6.0,2020-11-25,11.0,1.0,False
FCN,2020-11-25,27,62823.0,sin_earnings,2020-10-29,-27.0,2020-11-25,11.0,1.0,False
IBKR,2020-11-25,66,176701.0,sin_earnings,2020-10-20,-36.0,2020-11-25,11.0,3.0,False
IPOB,2020-11-25,26,36261.0,sin_earnings,2020-11-05,-20.0,2020-11-25,12.0,1.0,False
LCA,2020-11-25,35,35122.0,sin_earnings,2020-11-13,-12.0,2020-11-25,11.0,3.0,False
NGA,2020-11-25,34,,sin_rdq,,,2020-11-25,11.0,1.0,True
SNOW,2020-11-25,29,339965.0,sin_earnings,2020-12-02,7.0,2020-11-25,11.0,1.0,False
SRAC,2020-11-25,3,35709.0,sin_earnings,2020-11-16,-9.0,2020-11-25,11.0,3.0,False
NAV,2020-11-26,104,6081.0,sin_earnings,2020-12-17,21.0,2020-11-26,11.0,1.0,False
APHA,2020-11-27,8,,sin_rdq,,,2020-11-27,12.0,3.0,True
CRSP,2020-11-27,88,,sin_rdq,,,2020-11-27,12.0,3.0,True
GME,2020-11-27,13,145049.0,sin_earnings,2020-12-08,11.0,2020-11-27,11.0,1.0,False
LMND,2020-11-27,35,36692.0,sin_earnings,2020-11-12,-15.0,2020-11-27,11.0,1.0,False
VGAC,2020-11-27,20,36983.0,sin_earnings,2020-11-16,-11.0,2020-11-27,12.0,1.0,False
AMD,2020-11-30,24,1161.0,sin_earnings,2020-10-27,-34.0,2020-11-30,11.0,3.0,False
CHWY,2020-11-30,30,35287.0,sin_earnings,2020-12-08,8.0,2020-11-30,11.0,1.0,False
DMYD,2020-11-30,23,36713.0,sin_earnings,2020-11-16,-14.0,2020-11-30,11.0,1.0,False
FUSE,2020-11-30,66,36577.0,sin_earnings,2020-11-13,-17.0,2020-11-30,11.0,1.0,False
GIX,2020-11-30,11,35308.0,sin_earnings,2020-11-13,-17.0,2020-11-30,11.0,1.0,False
PSTH,2020-11-30,9,36643.0,sin_earnings,2020-11-12,-18.0,2020-11-30,11.0,1.0,False
BB,2020-12-01,7,,sin_rdq,,,2020-12-01,12.0,1.0,True
SPLK,2020-12-02,8,170616.0,earnings,2020-12-02,0.0,2020-12-02,11.0,3.0,False
LAZR,2020-12-03,7,34544.0,sin_earnings,2020-11-06,-27.0,2020-12-03,11.0,3.0,False
FSLY,2020-12-04,5,35120.0,sin_earnings,2020-10-28,-37.0,2020-12-04,11.0,1.0,False
GHIV,2020-12-04,49,36093.0,sin_earnings,2020-11-05,-29.0,2020-12-04,11.0,3.0,False
INTC,2020-12-04,5,6008.0,sin_earnings,2020-10-22,-43.0,2020-12-04,11.0,3.0,False
SBUX,2020-12-04,18,25434.0,sin_earnings,2020-10-29,-36.0,2020-12-04,11.0,3.0,False
SUMO,2020-12-04,5,36896.0,sin_earnings,2020-12-07,3.0,2020-12-04,11.0,3.0,False
VLDR,2020-12-04,19,34171.0,sin_earnings,2020-08-10,-116.0,2020-12-04,11.0,3.0,False
TIGR,2020-12-06,91,,sin_rdq,,,2020-12-06,31.0,3.0,True
BFT,2020-12-07,38,36880.0,sin_earnings,2020-11-06,-31.0,2020-12-07,11.0,1.0,False
IPOC,2020-12-07,32,36262.0,sin_earnings,2020-11-16,-21.0,2020-12-07,12.0,1.0,False
SPCE,2020-12-07,12,32355.0,sin_rdq,,,2020-12-07,11.0,1.0,False
UEC,2020-12-07,10,165798.0,sin_earnings,2020-12-15,8.0,2020-12-07,11.0,2.0,False
PENN,2020-12-08,67,30259.0,sin_earnings,2020-10-29,-40.0,2020-12-08,11.0,3.0,False
TCBI,2020-12-08,5,150306.0,sin_earnings,2021-01-21,44.0,2020-12-08,11.0,3.0,False
GLSI,2020-12-09,3,36558.0,sin_earnings,2020-11-16,-23.0,2020-12-09,11.0,3.0,False
ROKU,2020-12-09,20,32382.0,sin_earnings,2020-11-05,-34.0,2020-12-09,11.0,3.0,False
SLS,2020-12-10,5,32901.0,sin_earnings,2020-11-13,-27.0,2020-12-10,11.0,3.0,False
DIS,2020-12-11,4,3980.0,sin_earnings,2020-11-12,-29.0,2020-12-11,11.0,1.0,False
NFLX,2020-12-11,3,147579.0,sin_earnings,2021-01-19,39.0,2020-12-11,11.0,3.0,False
FDX,2020-12-14,8,4598.0,sin_earnings,2020-12-17,3.0,2020-12-14,11.0,1.0,False
SWI,2020-12-14,8,179690.0,sin_earnings,2020-10-27,-48.0,2020-12-14,11.0,1.0,False
VSPR,2020-12-14,29,37021.0,sin_earnings,2020-11-16,-28.0,2020-12-14,11.0,3.0,False
BTWN,2020-12-15,15,,sin_rdq,,,2020-12-15,12.0,3.0,True
CLF,2020-12-15,9,3107.0,sin_earnings,2020-10-23,-53.0,2020-12-15,11.0,1.0,False
ENPH,2020-12-15,43,187450.0,sin_earnings,2020-10-27,-49.0,2020-12-15,11.0,3.0,False
MT,2020-12-15,8,,sin_rdq,,,2020-12-15,12.0,1.0,True
MVIS,2020-12-15,14,63531.0,sin_earnings,2020-10-29,-47.0,2020-12-15,11.0,3.0,False
THBR,2020-12-15,25,,sin_rdq,,,2020-12-15,12.0,3.0,True
TLRY,2020-12-15,3,22387.0,sin_earnings,2021-01-14,30.0,2020-12-15,11.0,3.0,False
NPA,2020-12-16,42,35622.0,sin_earnings,2020-11-13,-33.0,2020-12-16,11.0,3.0,False
TDOC,2020-12-16,14,24249.0,sin_earnings,2020-10-28,-49.0,2020-12-16,11.0,1.0,False
CCMP,2020-12-17,28,133726.0,sin_earnings,2020-11-11,-36.0,2020-12-17,11.0,3.0,False
FGF,2020-12-17,58,,sin_rdq,,,2020-12-17,11.0,3.0,True
FUBO,2020-12-17,20,17001.0,sin_earnings,2020-11-10,-37.0,2020-12-17,11.0,1.0,False
MARA,2020-12-17,14,4384.0,sin_earnings,2020-11-12,-35.0,2020-12-17,11.0,3.0,False
CRWD,2020-12-18,11,35182.0,sin_earnings,2020-12-02,-16.0,2020-12-18,11.0,3.0,False
FEYE,2020-12-18,6,18487.0,sin_earnings,2021-02-02,46.0,2020-12-18,11.0,3.0,False
INTC,2020-12-18,4,6008.0,sin_earnings,2021-01-21,34.0,2020-12-18,11.0,3.0,False
TXG,2020-12-19,59,35640.0,sin_earnings,2020-11-10,-39.0,2020-12-19,11.0,3.0,False
AAPL,2020-12-21,82,1690.0,sin_earnings,2021-01-27,37.0,2020-12-21,11.0,3.0,False
GOEV,2020-12-22,24,34816.0,sin_earnings,2020-11-12,-40.0,2020-12-22,11.0,3.0,False
OCGN,2020-12-22,15,22229.0,sin_rdq,,,2020-12-22,11.0,3.0,False
STIC,2020-12-23,7,38937.0,sin_earnings,2021-08-09,229.0,2020-12-23,11.0,1.0,False
BABA,2020-12-24,7,,sin_rdq,,,2020-12-24,31.0,1.0,True
BNGO,2020-12-24,13,33749.0,sin_earnings,2020-11-12,-42.0,2020-12-24,11.0,3.0,False
JACK,2020-12-24,22,13092.0,sin_earnings,2020-11-18,-36.0,2020-12-24,11.0,3.0,False
BBBY,2020-12-29,10,25338.0,sin_earnings,2021-01-07,9.0,2020-12-29,11.0,3.0,False
PACB,2020-12-29,15,185419.0,sin_earnings,2021-02-10,43.0,2020-12-29,11.0,3.0,False
REGI,2020-12-29,83,187692.0,sin_earnings,2020-11-05,-54.0,2020-12-29,11.0,3.0,False
RMO,2020-12-30,21,34601.0,sin_earnings,2020-11-09,-51.0,2020-12-30,11.0,1.0,False
ACB,2021-01-04,4,,sin_rdq,,,2021-01-04,12.0,3.0,True
CHEK,2021-01-04,3,,sin_rdq,,,2021-01-04,12.0,3.0,True
GOLD,2021-01-04,29,,sin_rdq,,,2021-01-04,12.0,1.0,True
ZOM,2021-01-04,11,,sin_rdq,,,2021-01-04,12.0,2.0,True
SNDL,2021-01-05,30,,sin_rdq,,,2021-01-05,12.0,3.0,True
TNXP,2021-01-05,10,190856.0,sin_earnings,2020-11-09,-57.0,2021-01-05,11.0,3.0,False
WKHS,2021-01-05,37,184957.0,sin_earnings,2021-03-01,55.0,2021-01-05,11.0,3.0,False
XOM,2021-01-05,11,4503.0,sin_earnings,2021-02-02,28.0,2021-01-05,11.0,1.0,False
NVDA,2021-01-06,16,117768.0,sin_earnings,2020-11-18,-49.0,2021-01-06,11.0,3.0,False
SPWR,2021-01-06,35,165051.0,sin_earnings,2021-02-17,42.0,2021-01-06,11.0,3.0,False
TWTR,2021-01-06,28,18872.0,sin_earnings,2021-02-09,34.0,2021-01-06,11.0,1.0,False
IPOD,2021-01-07,50,,sin_rdq,,,2021-01-07,12.0,1.0,True
IPOF,2021-01-07,65,,sin_rdq,,,2021-01-07,12.0,1.0,True
PLUG,2021-01-07,20,125604.0,sin_earnings,2021-02-25,49.0,2021-01-07,11.0,3.0,False
PTE,2021-01-07,7,122916.0,sin_earnings,2020-11-09,-59.0,2021-01-07,11.0,3.0,False
SRPT,2021-01-07,14,64857.0,sin_earnings,2021-03-01,53.0,2021-01-07,11.0,3.0,False
ACEV,2021-01-08,40,36716.0,sin_earnings,2020-11-16,-53.0,2021-01-08,12.0,3.0,False
AUVI,2021-01-08,35,36759.0,sin_earnings,2020-11-16,-53.0,2021-01-08,11.0,3.0,False
CLOV,2021-01-08,21,36262.0,sin_earnings,2020-11-16,-53.0,2021-01-08,11.0,3.0,False
FTIV,2021-01-08,56,39098.0,sin_earnings,2021-08-12,216.0,2021-01-08,11.0,3.0,False
GCP,2021-01-08,35,26812.0,sin_earnings,2021-03-03,54.0,2021-01-08,11.0,1.0,False
PSTH,2021-01-08,5,36643.0,sin_earnings,2020-11-12,-57.0,2021-01-08,11.0,1.0,False
TSLA,2021-01-08,5,184996.0,sin_earnings,2021-01-27,19.0,2021-01-08,11.0,3.0,False
TSM,2021-01-08,19,,sin_rdq,,,2021-01-08,31.0,1.0,True
CCIV,2021-01-11,26,36756.0,sin_earnings,2020-11-09,-63.0,2021-01-11,11.0,1.0,False
CCX,2021-01-11,46,,sin_rdq,,,2021-01-11,11.0,1.0,True
CCXI,2021-01-11,46,179671.0,sin_earnings,2021-03-01,49.0,2021-01-11,11.0,3.0,False
MARA,2021-01-11,4,4384.0,sin_earnings,2020-11-12,-60.0,2021-01-11,11.0,3.0,False
SNR,2021-01-11,29,,sin_rdq,,,2021-01-11,18.0,1.0,True
ACTC,2021-01-12,3,37015.0,sin_earnings,2020-11-16,-57.0,2021-01-12,12.0,3.0,False
FCEL,2021-01-12,17,25430.0,sin_earnings,2021-01-21,9.0,2021-01-12,11.0,3.0,False
GEVO,2021-01-12,22,186437.0,sin_earnings,2020-11-10,-63.0,2021-01-12,11.0,3.0,False
GSAH,2021-01-12,24,36607.0,sin_earnings,2020-11-13,-60.0,2021-01-12,11.0,1.0,False
NGA,2021-01-12,10,,sin_rdq,,,2021-01-12,11.0,1.0,True
SOLO,2021-01-12,25,,sin_rdq,,,2021-01-12,12.0,3.0,True
GME,2021-01-13,23,145049.0,sin_earnings,2020-12-08,-36.0,2021-01-13,11.0,1.0,False
INTC,2021-01-13,10,6008.0,sin_earnings,2021-01-21,8.0,2021-01-13,11.0,3.0,False
NFLX,2021-01-13,31,147579.0,sin_earnings,2021-01-19,6.0,2021-01-13,11.0,3.0,False
NNDM,2021-01-13,29,,sin_rdq,,,2021-01-13,31.0,3.0,True
BB,2021-01-14,19,,sin_rdq,,,2021-01-14,12.0,1.0,True
BERY,2021-01-14,19,180483.0,sin_earnings,2021-02-05,22.0,2021-01-14,11.0,1.0,False
BLK,2021-01-14,26,124434.0,earnings,2021-01-14,0.0,2021-01-14,11.0,1.0,False
BRLI,2021-01-14,23,22320.0,sin_earnings,2021-02-12,29.0,2021-01-14,12.0,3.0,False
BRY,2021-01-14,19,13431.0,sin_earnings,2021-02-23,40.0,2021-01-14,11.0,3.0,False
BYND,2021-01-14,14,34447.0,sin_earnings,2021-02-25,42.0,2021-01-14,11.0,3.0,False
ELF,2021-01-14,27,27907.0,sin_earnings,2021-02-03,20.0,2021-01-14,11.0,1.0,False
FTOC,2021-01-14,30,,sin_rdq,,,2021-01-14,12.0,3.0,True
NOK,2021-01-14,16,,sin_rdq,,,2021-01-14,31.0,1.0,True
SENS,2021-01-14,50,26636.0,sin_earnings,2021-03-04,49.0,2021-01-14,11.0,2.0,False
SPCE,2021-01-14,6,32355.0,sin_rdq,,,2021-01-14,11.0,1.0,False
TRCH,2021-01-14,50,39108.0,sin_earnings,2021-08-13,211.0,2021-01-14,11.0,3.0,False
ZNTE,2021-01-14,14,37373.0,sin_earnings,2022-08-04,567.0,2021-01-14,11.0,3.0,False
AMC,2021-01-15,20,177637.0,sin_earnings,2021-03-10,54.0,2021-01-15,11.0,1.0,False
ELY,2021-01-15,28,24978.0,sin_earnings,2021-02-10,26.0,2021-01-15,11.0,1.0,False
EXPR,2021-01-15,14,184323.0,sin_earnings,2020-12-03,-43.0,2021-01-15,11.0,1.0,False
INVH,2021-01-15,14,,sin_rdq,,,2021-01-15,18.0,1.0,True
LUMN,2021-01-15,13,2884.0,sin_earnings,2021-02-10,26.0,2021-01-15,11.0,1.0,False
SPOT,2021-01-15,22,,sin_rdq,,,2021-01-15,12.0,1.0,True
TELL,2021-01-15,22,30241.0,sin_earnings,2021-02-24,40.0,2021-01-15,11.0,2.0,False
WEN,2021-01-15,29,3708.0,sin_earnings,2021-03-03,47.0,2021-01-15,11.0,3.0,False
AUPH,2021-01-19,9,,sin_rdq,,,2021-01-19,12.0,3.0,True
PUMP,2021-01-19,16,30145.0,sin_earnings,2021-02-23,35.0,2021-01-19,11.0,1.0,False
VERY,2021-01-19,16,35305.0,sin_earnings,2020-11-16,-64.0,2021-01-19,11.0,3.0,False
ANTM,2021-01-20,14,145046.0,sin_earnings,2021-01-27,7.0,2021-01-20,11.0,1.0,False
CLII,2021-01-20,13,39159.0,sin_earnings,2021-11-10,294.0,2021-01-20,11.0,1.0,False
F,2021-01-20,7,4839.0,sin_earnings,2021-02-04,15.0,2021-01-20,11.0,1.0,False
GSAT,2021-01-20,10,175523.0,sin_earnings,2021-03-03,42.0,2021-01-20,11.0,2.0,False
INSE,2021-01-20,16,29666.0,sin_earnings,2021-03-11,50.0,2021-01-20,11.0,3.0,False
AMD,2021-01-21,30,1161.0,sin_earnings,2021-01-26,5.0,2021-01-21,11.0,3.0,False
ATOS,2021-01-21,16,185659.0,sin_earnings,2020-11-13,-69.0,2021-01-21,11.0,3.0,False
CNXN,2021-01-21,15,66586.0,sin_earnings,2021-02-24,34.0,2021-01-21,11.0,3.0,False
FPAC,2021-01-21,56,,sin_rdq,,,2021-01-21,12.0,1.0,True
IBM,2021-01-21,12,6066.0,earnings,2021-01-21,0.0,2021-01-21,11.0,1.0,False
LIVE,2021-01-21,14,66261.0,sin_earnings,2021-01-13,-8.0,2021-01-21,11.0,3.0,False
RGP,2021-01-21,15,141359.0,sin_earnings,2021-01-06,-15.0,2021-01-21,11.0,3.0,False
SPB,2021-01-21,15,11670.0,sin_earnings,2021-02-05,15.0,2021-01-21,11.0,1.0,False
SPPI,2021-01-21,17,63650.0,sin_earnings,2021-03-30,68.0,2021-01-21,11.0,3.0,False
BRO,2021-01-22,15,15417.0,sin_earnings,2021-01-25,3.0,2021-01-22,11.0,1.0,False
CAP,2021-01-22,14,39357.0,sin_earnings,2021-11-10,292.0,2021-01-22,11.0,1.0,False
CASH,2021-01-22,12,28866.0,sin_earnings,2021-01-27,5.0,2021-01-22,11.0,3.0,False
CRSR,2021-01-22,26,37090.0,sin_earnings,2021-02-09,18.0,2021-01-22,11.0,3.0,False
DISCB,2021-01-22,21,164296.0,sin_earnings,2021-02-22,31.0,2021-01-22,11.0,3.0,False
DISCK,2021-01-22,21,,sin_rdq,,,2021-01-22,11.0,3.0,True
DOOR,2021-01-22,15,,sin_rdq,,,2021-01-22,12.0,1.0,True
EAT,2021-01-22,8,3007.0,sin_earnings,2021-01-27,5.0,2021-01-22,11.0,1.0,False
FAST,2021-01-22,15,14225.0,earnings,2021-01-20,-2.0,2021-01-22,11.0,3.0,False
FLY,2021-01-22,12,,sin_rdq,,,2021-01-22,31.0,1.0,True
HEAR,2021-01-22,15,19602.0,sin_earnings,2021-03-04,41.0,2021-01-22,11.0,3.0,False
PLTR,2021-01-22,6,36910.0,sin_earnings,2021-02-16,25.0,2021-01-22,11.0,3.0,False
RIDE,2021-01-22,14,34683.0,sin_earnings,2020-08-13,-162.0,2021-01-22,11.0,3.0,False
RTP,2021-01-22,48,36958.0,sin_earnings,2021-03-03,40.0,2021-01-22,12.0,1.0,False
SHIP,2021-01-22,12,,sin_rdq,,,2021-01-22,12.0,3.0,True
SKY,2021-01-22,14,33652.0,sin_earnings,2021-02-01,10.0,2021-01-22,11.0,1.0,False
SON,2021-01-22,12,9815.0,sin_earnings,2021-02-11,20.0,2021-01-22,11.0,1.0,False
STAY,2021-01-22,12,,sin_rdq,,,2021-01-22,18.0,3.0,True
UWMC,2021-01-22,22,36093.0,sin_earnings,2020-11-05,-78.0,2021-01-22,11.0,1.0,False
WAT,2021-01-22,15,61574.0,sin_earnings,2021-02-02,11.0,2021-01-22,11.0,1.0,False
WORK,2021-01-22,11,35133.0,sin_earnings,2021-03-04,41.0,2021-01-22,11.0,1.0,False
WOW,2021-01-22,15,31466.0,sin_earnings,2021-02-24,33.0,2021-01-22,11.0,1.0,False
TR,2021-01-23,7,10609.0,sin_earnings,2021-02-16,24.0,2021-01-23,11.0,1.0,False
GS,2021-01-24,9,114628.0,sin_earnings,2021-01-19,-5.0,2021-01-24,11.0,1.0,False
ACRX,2021-01-25,17,185908.0,sin_earnings,2021-03-15,49.0,2021-01-25,11.0,3.0,False
AIN,2021-01-25,9,14084.0,sin_earnings,2021-02-10,16.0,2021-01-25,11.0,1.0,False
AMCX,2021-01-25,8,187406.0,sin_earnings,2021-02-26,32.0,2021-01-25,11.0,3.0,False
ATEN,2021-01-25,12,19849.0,sin_earnings,2021-02-09,15.0,2021-01-25,11.0,1.0,False
BBBY,2021-01-25,5,25338.0,sin_earnings,2021-01-07,-18.0,2021-01-25,11.0,3.0,False
BGS,2021-01-25,58,158743.0,sin_earnings,2021-03-02,36.0,2021-01-25,11.0,1.0,False
BOOM,2021-01-25,12,4497.0,sin_earnings,2021-02-18,24.0,2021-01-25,11.0,3.0,False
CALM,2021-01-25,9,64275.0,sin_earnings,2021-01-05,-20.0,2021-01-25,11.0,3.0,False
CARE,2021-01-25,11,176828.0,sin_earnings,2021-01-28,3.0,2021-01-25,11.0,3.0,False
CUZ,2021-01-25,9,,sin_rdq,,,2021-01-25,18.0,1.0,True
DARE,2021-01-25,9,32233.0,sin_earnings,2021-03-30,64.0,2021-01-25,11.0,3.0,False
ERIC,2021-01-25,9,,sin_rdq,,,2021-01-25,31.0,3.0,True
ESTA,2021-01-25,7,,sin_rdq,,,2021-01-25,12.0,3.0,True
FAT,2021-01-25,9,32592.0,sin_earnings,2021-03-25,59.0,2021-01-25,11.0,3.0,False
FIZZ,2021-01-25,8,24463.0,sin_earnings,2021-03-11,45.0,2021-01-25,11.0,3.0,False
FTCV,2021-01-25,41,,sin_rdq,,,2021-01-25,11.0,3.0,True
GNUS,2021-01-25,4,183524.0,sin_earnings,2021-03-31,65.0,2021-01-25,11.0,3.0,False
GOGO,2021-01-25,4,170384.0,sin_earnings,2021-03-11,45.0,2021-01-25,11.0,3.0,False
GTES,2021-01-25,10,,sin_rdq,,,2021-01-25,12.0,1.0,True
HES,2021-01-25,10,1380.0,earnings,2021-01-27,2.0,2021-01-25,11.0,1.0,False
HOME,2021-01-25,11,26144.0,sin_earnings,2020-12-01,-55.0,2021-01-25,11.0,1.0,False
HOPE,2021-01-25,12,66235.0,earnings,2021-01-26,1.0,2021-01-25,11.0,3.0,False
INFO,2021-01-25,12,,sin_rdq,,,2021-01-25,12.0,1.0,True
IVR,2021-01-25,11,,sin_rdq,,,2021-01-25,18.0,1.0,True
JOB,2021-01-25,8,5050.0,sin_earnings,2021-02-16,22.0,2021-01-25,11.0,2.0,False
KOSS,2021-01-25,5,6497.0,sin_earnings,2021-01-28,3.0,2021-01-25,11.0,3.0,False
MAC,2021-01-25,8,,sin_rdq,,,2021-01-25,18.0,1.0,True
MARK,2021-01-25,10,178494.0,sin_earnings,2020-11-23,-63.0,2021-01-25,11.0,3.0,False
MSGN,2021-01-25,12,184157.0,sin_earnings,2021-02-04,10.0,2021-01-25,11.0,1.0,False
NP,2021-01-25,8,162264.0,sin_earnings,2021-02-17,23.0,2021-01-25,11.0,1.0,False
PEAK,2021-01-25,9,,sin_rdq,,,2021-01-25,18.0,1.0,True
RKT,2021-01-25,16,36722.0,sin_earnings,2021-02-25,31.0,2021-01-25,11.0,1.0,False
SAVE,2021-01-25,12,185624.0,sin_earnings,2021-02-10,16.0,2021-01-25,11.0,1.0,False
SGRY,2021-01-25,12,25898.0,sin_earnings,2021-03-10,44.0,2021-01-25,11.0,3.0,False
SPRQ,2021-01-25,11,39195.0,sin_earnings,2021-11-15,294.0,2021-01-25,11.0,1.0,False
TOWN,2021-01-25,5,120318.0,sin_earnings,2021-01-28,3.0,2021-01-25,11.0,3.0,False
TRIT,2021-01-25,12,,sin_rdq,,,2021-01-25,12.0,3.0,True
VXRT,2021-01-25,18,33114.0,sin_earnings,2021-02-25,31.0,2021-01-25,11.0,3.0,False
AGO,2021-01-26,11,,sin_rdq,,,2021-01-26,12.0,1.0,True
ALOT,2021-01-26,8,1820.0,sin_earnings,2020-12-07,-50.0,2021-01-26,11.0,3.0,False
ARC,2021-01-26,16,162076.0,sin_earnings,2021-02-23,28.0,2021-01-26,11.0,1.0,False
BEAT,2021-01-26,9,179441.0,sin_earnings,2020-10-29,-89.0,2021-01-26,11.0,3.0,False
BKNG,2021-01-26,25,119314.0,sin_earnings,2021-02-24,29.0,2021-01-26,11.0,3.0,False
CKX,2021-01-26,18,22861.0,sin_earnings,2021-03-25,58.0,2021-01-26,11.0,2.0,False
CLVS,2021-01-26,14,196055.0,sin_earnings,2021-02-23,28.0,2021-01-26,11.0,3.0,False
CRY,2021-01-26,9,27823.0,sin_earnings,2021-02-11,16.0,2021-01-26,11.0,1.0,False
DDS,2021-01-26,4,3964.0,sin_earnings,2021-02-22,27.0,2021-01-26,11.0,1.0,False
DFS,2021-01-26,25,177376.0,sin_earnings,2021-01-20,-6.0,2021-01-26,11.0,1.0,False
ELS,2021-01-26,18,,sin_rdq,,,2021-01-26,18.0,1.0,True
EYES,2021-01-26,8,21421.0,sin_earnings,2021-03-16,49.0,2021-01-26,11.0,3.0,False
FNKO,2021-01-26,14,32528.0,sin_earnings,2021-03-11,44.0,2021-01-26,11.0,3.0,False
FOLD,2021-01-26,4,175008.0,sin_earnings,2021-03-01,34.0,2021-01-26,11.0,3.0,False
GBNY,2021-01-26,11,175121.0,sin_earnings,2022-05-06,465.0,2021-01-26,11.0,3.0,False
GMBL,2021-01-26,20,,sin_rdq,,,2021-01-26,11.0,3.0,True
GPRO,2021-01-26,11,20644.0,sin_earnings,2021-02-04,9.0,2021-01-26,11.0,3.0,False
IDEX,2021-01-26,3,24658.0,sin_earnings,2021-03-31,64.0,2021-01-26,11.0,3.0,False
INO,2021-01-26,9,66697.0,sin_earnings,2021-03-01,34.0,2021-01-26,11.0,3.0,False
KIDS,2021-01-26,8,27555.0,sin_earnings,2021-03-10,43.0,2021-01-26,11.0,3.0,False
LAND,2021-01-26,8,,sin_rdq,,,2021-01-26,18.0,3.0,True
LGND,2021-01-26,15,25937.0,sin_earnings,2021-02-03,8.0,2021-01-26,11.0,3.0,False
MIND,2021-01-26,9,31214.0,sin_earnings,2020-12-03,-54.0,2021-01-26,11.0,3.0,False
MSFT,2021-01-26,11,12141.0,earnings,2021-01-26,0.0,2021-01-26,11.0,3.0,False
MVIS,2021-01-26,3,63531.0,sin_earnings,2021-03-11,44.0,2021-01-26,11.0,3.0,False
NBA,2021-01-26,10,137861.0,sin_earnings,2021-11-10,288.0,2021-01-26,11.0,2.0,False
OEG,2021-01-26,7,65675.0,sin_earnings,2021-03-30,63.0,2021-01-26,11.0,3.0,False
ONTO,2021-01-26,8,7682.0,sin_rdq,,,2021-01-26,11.0,1.0,False
OPK,2021-01-26,8,61490.0,sin_earnings,2021-02-18,23.0,2021-01-26,11.0,3.0,False
PLAN,2021-01-26,10,34236.0,sin_earnings,2021-02-25,30.0,2021-01-26,11.0,1.0,False
PLUS,2021-01-26,4,63986.0,sin_earnings,2021-02-03,8.0,2021-01-26,11.0,3.0,False
PXD,2021-01-26,25,14359.0,sin_earnings,2021-02-23,28.0,2021-01-26,11.0,1.0,False
RACE,2021-01-26,16,,sin_rdq,,,2021-01-26,12.0,1.0,True
RBC,2021-01-26,4,9016.0,sin_earnings,2021-02-16,21.0,2021-01-26,11.0,1.0,False
RCKY,2021-01-26,12,27776.0,sin_earnings,2021-02-24,29.0,2021-01-26,11.0,3.0,False
ROAD,2021-01-26,15,33424.0,sin_earnings,2021-02-05,10.0,2021-01-26,11.0,3.0,False
ROCK,2021-01-26,10,29131.0,sin_earnings,2021-02-25,30.0,2021-01-26,11.0,3.0,False
SBUX,2021-01-26,8,25434.0,earnings,2021-01-26,0.0,2021-01-26,11.0,3.0,False
SIRI,2021-01-26,6,30662.0,sin_earnings,2021-02-02,7.0,2021-01-26,11.0,3.0,False
SKM,2021-01-26,18,,sin_rdq,,,2021-01-26,31.0,1.0,True
SKT,2021-01-26,6,,sin_rdq,,,2021-01-26,18.0,1.0,True
SPCE,2021-01-26,10,32355.0,sin_rdq,,,2021-01-26,11.0,1.0,False
SRNE,2021-01-26,7,183602.0,sin_earnings,2021-02-19,24.0,2021-01-26,11.0,3.0,False
STRA,2021-01-26,50,63338.0,sin_earnings,2021-02-26,31.0,2021-01-26,11.0,3.0,False
TTOO,2021-01-26,11,21033.0,sin_earnings,2021-03-04,37.0,2021-01-26,11.0,3.0,False
VLY,2021-01-26,16,11861.0,earnings,2021-01-28,2.0,2021-01-26,11.0,3.0,False
XSPA,2021-01-26,8,12987.0,sin_earnings,2021-03-31,64.0,2021-01-26,11.0,3.0,False
AAL,2021-01-27,3,1045.0,earnings,2021-01-28,1.0,2021-01-27,11.0,3.0,False
ACH,2021-01-27,7,,sin_rdq,,,2021-01-27,31.0,1.0,True
ACIU,2021-01-27,17,,sin_rdq,,,2021-01-27,12.0,3.0,True
ADCT,2021-01-27,24,,sin_rdq,,,2021-01-27,12.0,1.0,True
AG,2021-01-27,6,,sin_rdq,,,2021-01-27,12.0,1.0,True
AME,2021-01-27,10,1598.0,sin_earnings,2021-02-04,8.0,2021-01-27,11.0,1.0,False
APPS,2021-01-27,9,9551.0,sin_earnings,2021-02-03,7.0,2021-01-27,11.0,3.0,False
AXDX,2021-01-27,8,21118.0,sin_earnings,2021-02-23,27.0,2021-01-27,11.0,3.0,False
BAND,2021-01-27,8,32571.0,sin_earnings,2021-02-25,29.0,2021-01-27,11.0,3.0,False
BBW,2021-01-27,3,161055.0,sin_earnings,2021-03-10,42.0,2021-01-27,11.0,1.0,False
BRK,2021-01-27,24,2176.0,sin_earnings,2021-02-27,31.0,2021-01-27,11.0,1.0,False
BRPA,2021-01-27,14,32563.0,sin_earnings,2021-04-01,64.0,2021-01-27,11.0,3.0,False
CCCC,2021-01-27,24,37081.0,sin_earnings,2021-03-11,43.0,2021-01-27,11.0,3.0,False
CCMP,2021-01-27,99,133726.0,sin_earnings,2021-02-03,7.0,2021-01-27,11.0,3.0,False
CECE,2021-01-27,37,1050.0,sin_earnings,2021-03-03,35.0,2021-01-27,11.0,3.0,False
CIDM,2021-01-27,15,155616.0,sin_earnings,2021-02-22,26.0,2021-01-27,11.0,3.0,False
CMCSA,2021-01-27,6,3226.0,earnings,2021-01-28,1.0,2021-01-27,11.0,3.0,False
CNK,2021-01-27,14,177108.0,sin_earnings,2021-02-26,30.0,2021-01-27,11.0,1.0,False
COKE,2021-01-27,17,3138.0,sin_earnings,2021-02-26,30.0,2021-01-27,11.0,3.0,False
COST,2021-01-27,9,29028.0,sin_earnings,2021-03-04,36.0,2021-01-27,11.0,3.0,False
CPA,2021-01-27,32,,sin_rdq,,,2021-01-27,12.0,1.0,True
CTRM,2021-01-27,3,,sin_rdq,,,2021-01-27,12.0,3.0,True
CUK,2021-01-27,8,,sin_rdq,,,2021-01-27,31.0,1.0,True
CVS,2021-01-27,24,7241.0,sin_earnings,2021-02-16,20.0,2021-01-27,11.0,1.0,False
DBX,2021-01-27,17,33152.0,sin_earnings,2021-02-18,22.0,2021-01-27,11.0,3.0,False
DOW,2021-01-27,8,34443.0,earnings,2021-01-28,1.0,2021-01-27,11.0,1.0,False
ESI,2021-01-27,15,315318.0,sin_earnings,2021-02-24,28.0,2021-01-27,11.0,1.0,False
ETH,2021-01-27,33,23252.0,earnings,2021-01-28,1.0,2021-01-27,11.0,1.0,False
FOSL,2021-01-27,29,28118.0,sin_earnings,2021-03-10,42.0,2021-01-27,11.0,3.0,False
FOX,2021-01-27,8,,sin_rdq,,,2021-01-27,11.0,3.0,True
FRG,2021-01-27,16,188856.0,sin_earnings,2021-03-10,42.0,2021-01-27,11.0,3.0,False
FRO,2021-01-27,9,,sin_rdq,,,2021-01-27,12.0,1.0,True
FTHM,2021-01-27,15,36084.0,sin_earnings,2021-03-23,55.0,2021-01-27,11.0,3.0,False
FUBO,2021-01-27,9,17001.0,sin_earnings,2021-03-02,34.0,2021-01-27,11.0,1.0,False
GFL,2021-01-27,37,,sin_rdq,,,2021-01-27,12.0,1.0,True
GRA,2021-01-27,16,5250.0,sin_earnings,2021-02-09,13.0,2021-01-27,11.0,1.0,False
GROW,2021-01-27,3,12407.0,sin_earnings,2021-02-04,8.0,2021-01-27,11.0,3.0,False
GRUB,2021-01-27,16,19906.0,sin_earnings,2021-02-03,7.0,2021-01-27,11.0,1.0,False
GTHX,2021-01-27,24,31294.0,sin_earnings,2021-02-24,28.0,2021-01-27,11.0,3.0,False
GTIM,2021-01-27,16,22543.0,sin_earnings,2021-02-04,8.0,2021-01-27,11.0,3.0,False
GTT,2021-01-27,6,163768.0,sin_earnings,2020-05-08,-264.0,2021-01-27,11.0,1.0,False
IEC,2021-01-27,10,5831.0,sin_earnings,2021-02-03,7.0,2021-01-27,11.0,3.0,False
IHC,2021-01-27,7,17131.0,sin_earnings,2021-03-15,47.0,2021-01-27,11.0,1.0,False
ING,2021-01-27,3,,sin_rdq,,,2021-01-27,31.0,1.0,True
JAGX,2021-01-27,3,32316.0,sin_earnings,2021-03-31,63.0,2021-01-27,11.0,3.0,False
JAN,2021-01-27,6,24660.0,sin_earnings,2021-03-30,62.0,2021-01-27,11.0,3.0,False
JCS,2021-01-27,6,3275.0,sin_earnings,2021-03-30,62.0,2021-01-27,11.0,3.0,False
KEY,2021-01-27,8,9783.0,sin_earnings,2021-01-21,-6.0,2021-01-27,11.0,1.0,False
LPL,2021-01-27,13,,sin_rdq,,,2021-01-27,31.0,1.0,True
MAX,2021-01-27,7,37148.0,sin_earnings,2021-03-11,43.0,2021-01-27,11.0,1.0,False
MCD,2021-01-27,10,7154.0,earnings,2021-01-28,1.0,2021-01-27,11.0,1.0,False
MIST,2021-01-27,16,,sin_rdq,,,2021-01-27,12.0,3.0,True
MKSI,2021-01-27,31,119275.0,earnings,2021-01-27,0.0,2021-01-27,11.0,3.0,False
MOD,2021-01-27,9,7486.0,sin_earnings,2021-02-04,8.0,2021-01-27,11.0,1.0,False
NAK,2021-01-27,6,,sin_rdq,,,2021-01-27,12.0,2.0,True
NAKD,2021-01-27,3,33706.0,sin_earnings,2022-04-25,453.0,2021-01-27,12.0,3.0,False
NATI,2021-01-27,31,31607.0,earnings,2021-01-28,1.0,2021-01-27,11.0,3.0,False
NCLH,2021-01-27,24,,sin_rdq,,,2021-01-27,12.0,1.0,True
NDLS,2021-01-27,10,18047.0,sin_earnings,2021-02-25,29.0,2021-01-27,11.0,3.0,False
NVAX,2021-01-27,15,61655.0,sin_earnings,2021-03-01,33.0,2021-01-27,11.0,3.0,False
NYC,2021-01-27,7,,sin_rdq,,,2021-01-27,18.0,1.0,True
OSS,2021-01-27,21,32851.0,sin_earnings,2021-03-25,57.0,2021-01-27,11.0,3.0,False
PATK,2021-01-27,10,8386.0,sin_earnings,2021-02-11,15.0,2021-01-27,11.0,3.0,False
PPL,2021-01-27,7,8455.0,sin_earnings,2021-02-18,22.0,2021-01-27,11.0,1.0,False
PRTH,2021-01-27,17,29275.0,sin_earnings,2021-03-16,48.0,2021-01-27,11.0,3.0,False
PRTY,2021-01-27,6,187084.0,sin_earnings,2021-03-11,43.0,2021-01-27,11.0,1.0,False
PTCT,2021-01-27,24,174134.0,sin_earnings,2021-02-25,29.0,2021-01-27,11.0,3.0,False
PYPL,2021-01-27,29,24616.0,sin_earnings,2021-02-03,7.0,2021-01-27,11.0,3.0,False
RACA,2021-01-27,24,36631.0,sin_earnings,2021-03-04,36.0,2021-01-27,11.0,3.0,False
RAPT,2021-01-27,24,35429.0,sin_earnings,2021-03-11,43.0,2021-01-27,11.0,3.0,False
RPAY,2021-01-27,7,33693.0,sin_earnings,2021-03-01,33.0,2021-01-27,11.0,3.0,False
SBAC,2021-01-27,6,,sin_rdq,,,2021-01-27,18.0,3.0,True
SOS,2021-01-27,37,,sin_rdq,,,2021-01-27,31.0,1.0,True
STEP,2021-01-27,10,33110.0,sin_earnings,2021-02-09,13.0,2021-01-27,11.0,3.0,False
TCBI,2021-01-27,8,150306.0,sin_earnings,2021-01-21,-6.0,2021-01-27,11.0,3.0,False
TCRR,2021-01-27,24,34600.0,sin_earnings,2021-03-11,43.0,2021-01-27,11.0,3.0,False
TGTX,2021-01-27,24,61711.0,sin_earnings,2021-03-01,33.0,2021-01-27,11.0,3.0,False
THCB,2021-01-27,7,34825.0,sin_earnings,2021-03-25,57.0,2021-01-27,11.0,3.0,False
THO,2021-01-27,10,10549.0,sin_earnings,2021-03-09,41.0,2021-01-27,11.0,1.0,False
TMBR,2021-01-27,31,19722.0,sin_earnings,2020-03-23,-310.0,2021-01-27,11.0,2.0,False
TRIP,2021-01-27,8,199356.0,sin_earnings,2021-02-18,22.0,2021-01-27,11.0,3.0,False
TRVG,2021-01-27,3,,sin_rdq,,,2021-01-27,31.0,3.0,True
TXMD,2021-01-27,22,183322.0,sin_earnings,2021-03-02,34.0,2021-01-27,11.0,3.0,False
VBIV,2021-01-27,21,,sin_rdq,,,2021-01-27,12.0,3.0,True
VEL,2021-01-27,59,35781.0,sin_earnings,2021-03-16,48.0,2021-01-27,11.0,1.0,False
VGAC,2021-01-27,10,36983.0,sin_earnings,2021-03-24,56.0,2021-01-27,12.0,1.0,False
VS,2021-01-27,17,,sin_rdq,,,2021-01-27,12.0,3.0,True
VTVT,2021-01-27,24,24515.0,sin_earnings,2021-02-24,28.0,2021-01-27,11.0,3.0,False
WBS,2021-01-27,9,17150.0,sin_earnings,2021-01-21,-6.0,2021-01-27,11.0,1.0,False
WFC,2021-01-27,4,8007.0,sin_earnings,2021-01-15,-12.0,2021-01-27,11.0,1.0,False
WISH,2021-01-27,7,,sin_rdq,,,2021-01-27,11.0,3.0,True
WNEB,2021-01-27,10,146607.0,earnings,2021-01-26,-1.0,2021-01-27,11.0,3.0,False
WTI,2021-01-27,170,160341.0,sin_earnings,2021-03-03,35.0,2021-01-27,11.0,1.0,False
ZEAL,2021-01-27,7,,sin_rdq,,,2021-01-27,31.0,3.0,True
ZNGA,2021-01-27,17,187576.0,sin_earnings,2021-02-10,14.0,2021-01-27,11.0,3.0,False
ZOM,2021-01-27,17,,sin_rdq,,,2021-01-27,12.0,2.0,True
ALGN,2021-01-28,23,141384.0,sin_earnings,2021-02-03,6.0,2021-01-28,11.0,3.0,False
ASX,2021-01-28,26,,sin_rdq,,,2021-01-28,31.0,1.0,True
BCRX,2021-01-28,6,29837.0,sin_earnings,2021-02-25,28.0,2021-01-28,11.0,3.0,False
CVLB,2021-01-28,16,25472.0,sin_earnings,2021-03-30,61.0,2021-01-28,11.0,3.0,False
DISCA,2021-01-28,15,,sin_rdq,,,2021-01-28,11.0,3.0,True
EVOL,2021-01-28,24,110529.0,sin_earnings,2021-03-17,48.0,2021-01-28,11.0,3.0,False
GENE,2021-01-28,16,,sin_rdq,,,2021-01-28,31.0,3.0,True
GTE,2021-01-28,6,164046.0,sin_earnings,2021-02-24,27.0,2021-01-28,11.0,2.0,False
HD,2021-01-28,49,5680.0,sin_earnings,2021-02-23,26.0,2021-01-28,11.0,1.0,False
HFFG,2021-01-28,50,34030.0,sin_earnings,2021-03-16,47.0,2021-01-28,11.0,3.0,False
HIHO,2021-01-28,9,,sin_rdq,,,2021-01-28,12.0,3.0,True
HIMS,2021-01-28,33,35402.0,sin_earnings,2020-11-13,-76.0,2021-01-28,11.0,1.0,False
JPM,2021-01-28,5,2968.0,sin_earnings,2021-01-15,-13.0,2021-01-28,11.0,1.0,False
LTC,2021-01-28,29,,sin_rdq,,,2021-01-28,18.0,1.0,True
LUV,2021-01-28,23,9882.0,earnings,2021-01-28,0.0,2021-01-28,11.0,1.0,False
MASS,2021-01-28,34,37480.0,sin_earnings,2020-12-18,-41.0,2021-01-28,11.0,3.0,False
MTX,2021-01-28,55,25870.0,sin_earnings,2021-02-04,7.0,2021-01-28,11.0,1.0,False
NYT,2021-01-28,4,7866.0,sin_earnings,2021-02-04,7.0,2021-01-28,11.0,1.0,False
OBNK,2021-01-28,28,33459.0,earnings,2021-01-27,-1.0,2021-01-28,11.0,3.0,False
OCGN,2021-01-28,13,22229.0,sin_rdq,,,2021-01-28,11.0,3.0,False
PFE,2021-01-28,23,8530.0,sin_earnings,2021-02-02,5.0,2021-01-28,11.0,1.0,False
PHX,2021-01-28,55,19433.0,sin_earnings,2021-02-08,11.0,2021-01-28,11.0,1.0,False
TTWO,2021-01-28,17,64630.0,sin_earnings,2021-02-08,11.0,2021-01-28,11.0,3.0,False
USCR,2021-01-28,16,120824.0,sin_earnings,2021-02-24,27.0,2021-01-28,11.0,3.0,False
USFD,2021-01-28,50,18312.0,sin_earnings,2021-02-16,19.0,2021-01-28,11.0,1.0,False
WASH,2021-01-28,8,19873.0,earnings,2021-01-27,-1.0,2021-01-28,11.0,3.0,False
ALJJ,2021-01-29,47,62582.0,sin_earnings,2021-02-11,13.0,2021-01-29,11.0,3.0,False
ALUS,2021-01-29,20,,sin_rdq,,,2021-01-29,12.0,1.0,True
MRNA,2021-01-29,12,34410.0,sin_earnings,2021-02-25,27.0,2021-01-29,11.0,3.0,False
PHUN,2021-01-29,5,34584.0,sin_earnings,2021-03-25,55.0,2021-01-29,11.0,3.0,False
PRPL,2021-01-29,19,33068.0,sin_earnings,2021-03-04,34.0,2021-01-29,11.0,3.0,False
SLS,2021-01-29,7,32901.0,sin_earnings,2021-03-23,53.0,2021-01-29,11.0,3.0,False
VET,2021-01-29,24,,sin_rdq,,,2021-01-29,12.0,1.0,True
AMP,2021-01-30,21,164708.0,sin_earnings,2021-01-27,-3.0,2021-01-30,11.0,1.0,False
GOOG,2021-01-30,7,160329.0,sin_earnings,2021-02-02,3.0,2021-01-30,11.0,3.0,False
GOOGL,2021-01-30,7,,sin_rdq,,,2021-01-30,11.0,3.0,True
MDWT,2021-01-30,42,,sin_rdq,,,2021-01-30,11.0,3.0,True
BCH,2021-01-31,23,,sin_rdq,,,2021-01-31,31.0,1.0,True
MGM,2021-02-01,10,14418.0,sin_earnings,2021-02-10,9.0,2021-02-01,11.0,1.0,False
MORN,2021-02-01,10,160373.0,sin_earnings,2021-02-18,17.0,2021-02-01,11.0,3.0,False
OSK,2021-02-01,17,11721.0,sin_earnings,2021-01-27,-5.0,2021-02-01,11.0,1.0,False
THC,2021-02-01,29,7750.0,sin_earnings,2021-02-09,8.0,2021-02-01,11.0,1.0,False
UUUU,2021-02-01,23,,sin_rdq,,,2021-02-01,12.0,2.0,True
AEZS,2021-02-02,9,,sin_rdq,,,2021-02-02,12.0,3.0,True
DKNG,2021-02-02,10,35082.0,sin_earnings,2020-03-12,-327.0,2021-02-02,11.0,3.0,False
PINS,2021-02-02,10,35013.0,earnings,2021-02-04,2.0,2021-02-02,11.0,1.0,False
SAVA,2021-02-02,4,137642.0,sin_earnings,2021-03-23,49.0,2021-02-02,11.0,3.0,False
SNAP,2021-02-02,4,30091.0,earnings,2021-02-04,2.0,2021-02-02,11.0,1.0,False
APHA,2021-02-03,9,,sin_rdq,,,2021-02-03,12.0,3.0,True
CBD,2021-02-03,22,,sin_rdq,,,2021-02-03,31.0,1.0,True
CGC,2021-02-03,9,,sin_rdq,,,2021-02-03,12.0,3.0,True
CRON,2021-02-03,10,,sin_rdq,,,2021-02-03,12.0,3.0,True
FLT,2021-02-03,9,184700.0,earnings,2021-02-04,1.0,2021-02-03,11.0,1.0,False
QCOM,2021-02-03,17,24800.0,earnings,2021-02-03,0.0,2021-02-03,11.0,3.0,False
TLRY,2021-02-03,9,22387.0,sin_earnings,2021-01-14,-20.0,2021-02-03,11.0,3.0,False
TYME,2021-02-03,7,23337.0,earnings,2021-02-03,0.0,2021-02-03,11.0,3.0,False
CLOV,2021-02-04,6,36262.0,sin_earnings,2020-11-16,-80.0,2021-02-04,11.0,3.0,False
MLM,2021-02-04,16,29733.0,sin_earnings,2021-02-09,5.0,2021-02-04,11.0,1.0,False
PTON,2021-02-04,19,35627.0,earnings,2021-02-04,0.0,2021-02-04,11.0,3.0,False
SKLZ,2021-02-04,6,36192.0,sin_earnings,2020-11-16,-80.0,2021-02-04,11.0,1.0,False
AGTC,2021-02-05,19,19967.0,sin_earnings,2021-02-11,6.0,2021-02-05,11.0,3.0,False
CCV,2021-02-05,21,37543.0,sin_earnings,2020-12-16,-51.0,2021-02-05,11.0,1.0,False
GHVI,2021-02-05,21,37147.0,sin_earnings,2021-03-12,35.0,2021-02-05,11.0,3.0,False
GPI,2021-02-05,12,65718.0,earnings,2021-02-04,-1.0,2021-02-05,11.0,1.0,False
ON,2021-02-05,12,134932.0,sin_earnings,2021-02-01,-4.0,2021-02-05,11.0,3.0,False
VFF,2021-02-05,7,,sin_rdq,,,2021-02-05,12.0,3.0,True
UEC,2021-02-06,13,165798.0,sin_earnings,2021-03-16,38.0,2021-02-06,11.0,2.0,False
ASRT,2021-02-08,33,65944.0,sin_earnings,2021-03-11,31.0,2021-02-08,11.0,3.0,False
DIS,2021-02-08,17,3980.0,sin_earnings,2021-02-11,3.0,2021-02-08,11.0,1.0,False
MSTR,2021-02-08,10,111534.0,sin_earnings,2021-01-28,-11.0,2021-02-08,11.0,3.0,False
MVIS,2021-02-08,10,63531.0,sin_earnings,2021-03-11,31.0,2021-02-08,11.0,3.0,False
NGAC,2021-02-08,24,37109.0,sin_earnings,2021-03-31,51.0,2021-02-08,12.0,3.0,False
SNPR,2021-02-08,32,39533.0,sin_earnings,2021-11-12,277.0,2021-02-08,12.0,1.0,False
YELL,2021-02-08,201,11649.0,sin_earnings,2021-02-04,-4.0,2021-02-08,11.0,3.0,False
ZSAN,2021-02-08,3,21003.0,sin_earnings,2021-03-11,31.0,2021-02-08,11.0,3.0,False
GSAT,2021-02-09,4,175523.0,sin_earnings,2021-03-03,22.0,2021-02-09,11.0,2.0,False
HIMX,2021-02-09,11,,sin_rdq,,,2021-02-09,31.0,3.0,True
KTRA,2021-02-09,10,17175.0,sin_earnings,2021-02-12,3.0,2021-02-09,11.0,3.0,False
MO,2021-02-09,20,8543.0,sin_earnings,2021-01-28,-12.0,2021-02-09,11.0,1.0,False
RIOT,2021-02-09,15,148170.0,sin_earnings,2021-03-31,50.0,2021-02-09,11.0,3.0,False
ACIC,2021-02-10,22,37247.0,sin_earnings,2021-03-08,26.0,2021-02-10,11.0,1.0,False
CMPS,2021-02-10,7,,sin_rdq,,,2021-02-10,31.0,3.0,True
FRX,2021-02-10,29,39112.0,sin_earnings,2021-08-12,183.0,2021-02-10,11.0,1.0,False
STZ,2021-02-10,10,2710.0,sin_earnings,2021-01-07,-34.0,2021-02-10,11.0,1.0,False
AMAT,2021-02-11,9,1704.0,sin_earnings,2021-02-18,7.0,2021-02-11,11.0,3.0,False
DNN,2021-02-11,8,,sin_rdq,,,2021-02-11,12.0,2.0,True
NXPI,2021-02-11,7,,sin_rdq,,,2021-02-11,12.0,3.0,True
FSR,2021-02-12,5,33868.0,sin_earnings,2020-10-28,-107.0,2021-02-12,11.0,1.0,False
FUSE,2021-02-12,5,36577.0,sin_earnings,2021-03-25,41.0,2021-02-12,11.0,1.0,False
AACQ,2021-02-13,6,36680.0,sin_earnings,2021-03-05,20.0,2021-02-13,12.0,3.0,False
BFLY,2021-02-16,17,36438.0,sin_earnings,2020-11-16,-92.0,2021-02-16,11.0,1.0,False
CTXR,2021-02-16,23,21807.0,sin_earnings,2021-02-11,-5.0,2021-02-16,11.0,3.0,False
CVX,2021-02-16,4,2991.0,sin_earnings,2021-01-29,-18.0,2021-02-16,11.0,1.0,False
EH,2021-02-16,3,,sin_rdq,,,2021-02-16,31.0,3.0,True
T,2021-02-16,8,9899.0,sin_earnings,2021-01-27,-20.0,2021-02-16,11.0,1.0,False
EBON,2021-02-17,3,,sin_rdq,,,2021-02-17,12.0,3.0,True
FSII,2021-02-17,280,37907.0,sin_earnings,2022-05-10,447.0,2021-02-17,11.0,3.0,False
GSAH,2021-02-18,6,36607.0,sin_earnings,2021-03-31,41.0,2021-02-18,11.0,1.0,False
SFTW,2021-02-18,41,35777.0,sin_earnings,2021-03-31,41.0,2021-02-18,11.0,1.0,False
MCD,2021-02-19,7,7154.0,sin_earnings,2021-01-28,-22.0,2021-02-19,11.0,1.0,False
NVDA,2021-02-19,19,117768.0,sin_earnings,2021-02-24,5.0,2021-02-19,11.0,3.0,False
UAL,2021-02-19,4,10795.0,sin_earnings,2021-01-20,-30.0,2021-02-19,11.0,3.0,False
BA,2021-02-21,4,2285.0,sin_earnings,2021-01-27,-25.0,2021-02-21,11.0,1.0,False
SDC,2021-02-22,11,35602.0,sin_earnings,2021-03-04,10.0,2021-02-22,11.0,3.0,False
OSK,2021-02-23,3,11721.0,sin_earnings,2021-01-27,-27.0,2021-02-23,11.0,1.0,False
WKHS,2021-02-23,4,184957.0,sin_earnings,2021-03-01,6.0,2021-02-23,11.0,3.0,False
RKT,2021-02-25,7,36722.0,earnings,2021-02-25,0.0,2021-02-25,11.0,1.0,False
CHPT,2021-03-01,60,35411.0,sin_earnings,2021-02-10,-19.0,2021-03-01,11.0,1.0,False
IMCC,2021-03-01,79,,sin_rdq,,,2021-03-01,12.0,3.0,True
NSH,2021-03-01,30,39442.0,sin_earnings,2021-11-10,254.0,2021-03-01,11.0,1.0,False
VACQ,2021-03-01,29,39503.0,sin_earnings,2021-11-15,259.0,2021-03-01,12.0,3.0,False
ASO,2021-03-02,9,37054.0,sin_earnings,2021-03-30,28.0,2021-03-02,11.0,3.0,False
POW,2021-03-03,29,,sin_rdq,,,2021-03-03,12.0,3.0,True
SLGG,2021-03-03,3,34613.0,sin_earnings,2021-03-11,8.0,2021-03-03,11.0,3.0,False
UNFI,2021-03-04,9,63927.0,sin_earnings,2021-03-10,6.0,2021-03-04,11.0,1.0,False
EYES,2021-03-05,6,21421.0,sin_earnings,2021-03-16,11.0,2021-03-05,11.0,3.0,False
BOCH,2021-03-08,9,112112.0,sin_earnings,2021-04-16,39.0,2021-03-08,11.0,3.0,False
CBSH,2021-03-08,9,3238.0,sin_earnings,2021-04-15,38.0,2021-03-08,11.0,3.0,False
DASH,2021-03-08,3,37420.0,sin_earnings,2021-02-25,-11.0,2021-03-08,11.0,3.0,False
HTBK,2021-03-08,9,109599.0,sin_earnings,2021-01-28,-39.0,2021-03-08,11.0,3.0,False
SPSC,2021-03-08,9,183974.0,sin_earnings,2021-02-11,-25.0,2021-03-08,11.0,3.0,False
GOEV,2021-03-11,12,34816.0,sin_earnings,2020-11-12,-119.0,2021-03-11,11.0,3.0,False
FNKO,2021-03-12,14,32528.0,earnings,2021-03-11,-1.0,2021-03-12,11.0,3.0,False
RIDE,2021-03-12,11,34683.0,sin_earnings,2020-08-13,-211.0,2021-03-12,11.0,3.0,False
PENN,2021-03-13,11,30259.0,sin_earnings,2021-02-04,-37.0,2021-03-13,11.0,3.0,False
GPRO,2021-03-15,10,20644.0,sin_earnings,2021-02-04,-39.0,2021-03-15,11.0,3.0,False
BABA,2021-03-16,3,,sin_rdq,,,2021-03-16,31.0,1.0,True
PLUG,2021-03-17,3,125604.0,sin_earnings,2021-02-25,-20.0,2021-03-17,11.0,3.0,False
UPST,2021-03-17,7,37357.0,earnings,2021-03-17,0.0,2021-03-17,11.0,3.0,False
BIOT,2021-03-18,64,,sin_rdq,,,2021-03-18,12.0,3.0,True
SSB,2021-03-19,7,64547.0,sin_earnings,2021-04-28,40.0,2021-03-19,11.0,1.0,False
HOFV,2021-03-22,16,32876.0,sin_earnings,2020-05-11,-315.0,2021-03-22,11.0,3.0,False
UPC,2021-03-23,325,,sin_rdq,,,2021-03-23,12.0,3.0,True
STPK,2021-03-24,7,36818.0,sin_earnings,2021-03-04,-20.0,2021-03-24,11.0,1.0,False
BIDU,2021-03-25,6,,sin_rdq,,,2021-03-25,31.0,3.0,True
DISCA,2021-03-26,7,,sin_rdq,,,2021-03-26,11.0,3.0,True
DISCK,2021-03-26,6,,sin_rdq,,,2021-03-26,11.0,3.0,True
VIAC,2021-03-26,18,,sin_rdq,,,2021-03-26,11.0,3.0,True
DISCB,2021-03-28,5,164296.0,sin_earnings,2021-04-28,31.0,2021-03-28,11.0,3.0,False
BLK,2021-03-29,26,124434.0,sin_earnings,2021-04-15,17.0,2021-03-29,11.0,1.0,False
NFLX,2021-03-29,3,147579.0,sin_earnings,2021-04-20,22.0,2021-03-29,11.0,3.0,False
VIACA,2021-03-29,9,13714.0,sin_earnings,2021-02-24,-33.0,2021-03-29,11.0,3.0,False
CHWY,2021-03-30,22,35287.0,earnings,2021-03-30,0.0,2021-03-30,11.0,1.0,False
CLF,2021-03-30,15,3107.0,sin_earnings,2021-04-22,23.0,2021-03-30,11.0,1.0,False
ARVL,2021-03-31,37,35907.0,sin_earnings,2021-02-12,-47.0,2021-03-31,12.0,3.0,False
MVIS,2021-03-31,6,63531.0,sin_earnings,2021-03-11,-20.0,2021-03-31,11.0,3.0,False
PSFE,2021-03-31,49,,sin_rdq,,,2021-03-31,12.0,1.0,True
RMO,2021-03-31,8,34601.0,sin_earnings,2020-11-09,-142.0,2021-03-31,11.0,1.0,False
ASO,2021-04-05,8,37054.0,sin_earnings,2021-03-30,-6.0,2021-04-05,11.0,3.0,False
OCC,2021-04-05,4,62553.0,sin_earnings,2021-03-15,-21.0,2021-04-05,11.0,3.0,False
CNXN,2021-04-06,108,66586.0,sin_earnings,2021-05-06,30.0,2021-04-06,11.0,3.0,False
DOMO,2021-04-06,18,33603.0,sin_earnings,2021-03-11,-26.0,2021-04-06,11.0,3.0,False
EBON,2021-04-06,11,,sin_rdq,,,2021-04-06,12.0,3.0,True
MUDS,2021-04-06,31,,sin_rdq,,,2021-04-06,11.0,3.0,True
RGP,2021-04-06,108,141359.0,earnings,2021-04-07,1.0,2021-04-06,11.0,3.0,False
ASTS,2021-04-07,20,35622.0,sin_earnings,2021-03-01,-37.0,2021-04-07,11.0,3.0,False
HYLN,2021-04-07,24,34805.0,sin_earnings,2020-08-06,-244.0,2021-04-07,11.0,2.0,False
JPM,2021-04-07,15,2968.0,sin_earnings,2021-04-14,7.0,2021-04-07,11.0,1.0,False
ARC,2021-04-08,44,162076.0,sin_earnings,2021-05-04,26.0,2021-04-08,11.0,1.0,False
BWAC,2021-04-08,84,,sin_rdq,,,2021-04-08,11.0,3.0,True
FUBO,2021-04-08,5,17001.0,sin_earnings,2021-05-11,33.0,2021-04-08,11.0,1.0,False
RBC,2021-04-08,11,9016.0,sin_earnings,2021-05-03,25.0,2021-04-08,11.0,1.0,False
SKLZ,2021-04-08,20,36192.0,sin_earnings,2020-11-16,-143.0,2021-04-08,11.0,1.0,False
WNEB,2021-04-09,22,146607.0,sin_earnings,2021-04-27,18.0,2021-04-09,11.0,3.0,False
BABA,2021-04-10,4,,sin_rdq,,,2021-04-10,31.0,1.0,True
MRNA,2021-04-10,28,34410.0,sin_earnings,2021-05-06,26.0,2021-04-10,11.0,3.0,False
CMC,2021-04-11,76,3246.0,sin_earnings,2021-03-18,-24.0,2021-04-11,11.0,1.0,False
ASPC,2021-04-12,366,,sin_rdq,,,2021-04-12,12.0,3.0,True
NVDA,2021-04-12,4,117768.0,sin_earnings,2021-05-26,44.0,2021-04-12,11.0,3.0,False
NVAX,2021-04-13,29,61655.0,sin_earnings,2021-05-10,27.0,2021-04-13,11.0,3.0,False
PFE,2021-04-13,11,8530.0,sin_earnings,2021-05-04,21.0,2021-04-13,11.0,1.0,False
SLGG,2021-04-13,9,34613.0,sin_earnings,2021-03-11,-33.0,2021-04-13,11.0,3.0,False
SNR,2021-04-13,7,,sin_rdq,,,2021-04-13,18.0,1.0,True
RIOT,2021-04-14,10,148170.0,sin_earnings,2021-03-31,-14.0,2021-04-14,11.0,3.0,False
HRC,2021-04-15,43,5639.0,sin_earnings,2021-04-30,15.0,2021-04-15,11.0,1.0,False
PEAK,2021-04-15,34,,sin_rdq,,,2021-04-15,18.0,1.0,True
SPCE,2021-04-15,7,32355.0,sin_rdq,,,2021-04-15,11.0,1.0,False
THCB,2021-04-15,7,34825.0,sin_earnings,2021-03-25,-21.0,2021-04-15,11.0,3.0,False
CLOV,2021-04-16,6,36262.0,sin_earnings,2020-11-16,-151.0,2021-04-16,11.0,3.0,False
GIK,2021-04-16,6,34459.0,sin_earnings,2021-08-16,122.0,2021-04-16,11.0,1.0,False
PINS,2021-04-16,21,35013.0,sin_earnings,2021-04-27,11.0,2021-04-16,11.0,1.0,False
CLNE,2021-04-19,38,176343.0,sin_earnings,2021-05-06,17.0,2021-04-19,11.0,3.0,False
PTON,2021-04-19,4,35627.0,sin_earnings,2021-05-06,17.0,2021-04-19,11.0,3.0,False
MVIS,2021-04-20,11,63531.0,sin_earnings,2021-04-29,9.0,2021-04-20,11.0,3.0,False
NFLX,2021-04-20,3,147579.0,earnings,2021-04-20,0.0,2021-04-20,11.0,3.0,False
WAT,2021-04-20,9,61574.0,sin_earnings,2021-05-05,15.0,2021-04-20,11.0,1.0,False
OCGN,2021-04-22,13,22229.0,sin_rdq,,,2021-04-22,11.0,3.0,False
SSB,2021-04-24,43,64547.0,sin_earnings,2021-04-28,4.0,2021-04-24,11.0,1.0,False
ZEN,2021-04-24,47,20229.0,sin_earnings,2021-04-29,5.0,2021-04-24,11.0,1.0,False
AMZN,2021-04-26,8,64768.0,sin_earnings,2021-04-29,3.0,2021-04-26,11.0,3.0,False
AMD,2021-04-27,10,1161.0,earnings,2021-04-27,0.0,2021-04-27,11.0,3.0,False
GOOG,2021-04-27,4,160329.0,earnings,2021-04-27,0.0,2021-04-27,11.0,3.0,False
GOOGL,2021-04-27,20,,sin_rdq,,,2021-04-27,11.0,3.0,True
MSFT,2021-04-27,8,12141.0,earnings,2021-04-27,0.0,2021-04-27,11.0,3.0,False
VXRT,2021-04-27,10,33114.0,sin_earnings,2021-05-03,6.0,2021-04-27,11.0,3.0,False
ACB,2021-04-28,16,,sin_rdq,,,2021-04-28,12.0,3.0,True
BTX,2021-04-28,6,21232.0,sin_earnings,2021-03-11,-48.0,2021-04-28,11.0,3.0,False
TDOC,2021-04-28,17,24249.0,earnings,2021-04-28,0.0,2021-04-28,11.0,1.0,False
XOM,2021-04-28,20,4503.0,earnings,2021-04-30,2.0,2021-04-28,11.0,1.0,False
EDR,2021-04-29,9,35245.0,earnings,2021-04-30,1.0,2021-04-29,11.0,1.0,False
NOK,2021-04-29,9,,sin_rdq,,,2021-04-29,31.0,1.0,True
GTES,2021-05-03,6,,sin_rdq,,,2021-05-03,12.0,1.0,True
TLRY,2021-05-03,8,22387.0,sin_earnings,2021-04-12,-21.0,2021-05-03,11.0,3.0,False
CLF,2021-05-04,18,3107.0,sin_earnings,2021-04-22,-12.0,2021-05-04,11.0,1.0,False
CRSR,2021-05-04,3,37090.0,earnings,2021-05-04,0.0,2021-05-04,11.0,3.0,False
MT,2021-05-04,24,,sin_rdq,,,2021-05-04,12.0,1.0,True
RKT,2021-05-04,4,36722.0,earnings,2021-05-05,1.0,2021-05-04,11.0,1.0,False
BRK,2021-05-05,7,2176.0,earnings,2021-05-03,-2.0,2021-05-05,11.0,1.0,False
FCX,2021-05-05,9,14590.0,sin_earnings,2021-04-22,-13.0,2021-05-05,11.0,1.0,False
FSLY,2021-05-05,3,35120.0,earnings,2021-05-05,0.0,2021-05-05,11.0,1.0,False
PTON,2021-05-05,3,35627.0,earnings,2021-05-06,1.0,2021-05-05,11.0,3.0,False
STIC,2021-05-05,15,38937.0,sin_earnings,2021-08-09,96.0,2021-05-05,11.0,1.0,False
ZIM,2021-05-05,16,,sin_rdq,,,2021-05-05,12.0,1.0,True
HD,2021-05-06,13,5680.0,sin_earnings,2021-05-18,12.0,2021-05-06,11.0,1.0,False
NUE,2021-05-06,55,8030.0,sin_earnings,2021-04-22,-14.0,2021-05-06,11.0,1.0,False
UWMC,2021-05-06,14,36093.0,sin_earnings,2020-11-05,-182.0,2021-05-06,11.0,1.0,False
DKNG,2021-05-07,8,35082.0,sin_earnings,2020-03-12,-421.0,2021-05-07,11.0,3.0,False
INO,2021-05-07,5,66697.0,sin_earnings,2021-05-10,3.0,2021-05-07,11.0,3.0,False
TETC,2021-05-07,73,,sin_rdq,,,2021-05-07,11.0,3.0,True
MRVI,2021-05-10,10,37354.0,earnings,2021-05-10,0.0,2021-05-10,11.0,3.0,False
AMC,2021-05-11,8,177637.0,sin_earnings,2021-05-06,-5.0,2021-05-11,11.0,1.0,False
PSTH,2021-05-12,5,36643.0,sin_earnings,2021-05-24,12.0,2021-05-12,11.0,1.0,False
TWTR,2021-05-12,8,18872.0,sin_earnings,2021-04-29,-13.0,2021-05-12,11.0,1.0,False
ABNB,2021-05-13,5,37460.0,earnings,2021-05-13,0.0,2021-05-13,11.0,3.0,False
CECE,2021-05-13,14,1050.0,sin_earnings,2021-05-06,-7.0,2021-05-13,11.0,3.0,False
DIS,2021-05-13,5,3980.0,earnings,2021-05-13,0.0,2021-05-13,11.0,1.0,False
GFL,2021-05-13,14,,sin_rdq,,,2021-05-13,12.0,1.0,True
MARA,2021-05-13,7,4384.0,sin_earnings,2021-05-10,-3.0,2021-05-13,11.0,3.0,False
NBA,2021-05-13,35,137861.0,sin_earnings,2021-11-10,181.0,2021-05-13,11.0,2.0,False
FSR,2021-05-14,7,33868.0,sin_earnings,2020-10-28,-198.0,2021-05-14,11.0,1.0,False
DISCA,2021-05-16,5,,sin_rdq,,,2021-05-16,11.0,3.0,True
DISCB,2021-05-16,13,164296.0,sin_earnings,2021-04-28,-18.0,2021-05-16,11.0,3.0,False
DISCK,2021-05-17,12,,sin_rdq,,,2021-05-17,11.0,3.0,True
IDEX,2021-05-17,32,24658.0,earnings,2021-05-17,0.0,2021-05-17,11.0,3.0,False
KEN,2021-05-17,26,,sin_rdq,,,2021-05-17,12.0,1.0,True
BGS,2021-05-18,29,158743.0,sin_earnings,2021-05-11,-7.0,2021-05-18,11.0,1.0,False
HFFG,2021-05-18,16,34030.0,sin_earnings,2021-05-10,-8.0,2021-05-18,11.0,3.0,False
HOPE,2021-05-18,31,66235.0,sin_earnings,2021-04-27,-21.0,2021-05-18,11.0,3.0,False
MGM,2021-05-18,11,14418.0,sin_earnings,2021-04-28,-20.0,2021-05-18,11.0,1.0,False
OCC,2021-05-18,3,62553.0,sin_earnings,2021-06-14,27.0,2021-05-18,11.0,3.0,False
RIDE,2021-05-18,31,34683.0,sin_earnings,2020-08-13,-278.0,2021-05-18,11.0,3.0,False
USFD,2021-05-18,16,18312.0,sin_earnings,2021-05-10,-8.0,2021-05-18,11.0,1.0,False
AOS,2021-05-19,22,9771.0,sin_earnings,2021-04-29,-20.0,2021-05-19,11.0,1.0,False
SPCE,2021-05-20,9,32355.0,sin_rdq,,,2021-05-20,11.0,1.0,False
F,2021-05-21,28,4839.0,sin_earnings,2021-04-28,-23.0,2021-05-21,11.0,1.0,False
NVDA,2021-05-21,64,117768.0,sin_earnings,2021-05-26,5.0,2021-05-21,11.0,3.0,False
CPA,2021-05-22,12,,sin_rdq,,,2021-05-22,12.0,1.0,True
TELL,2021-05-22,19,30241.0,sin_earnings,2021-05-05,-17.0,2021-05-22,11.0,2.0,False
RBLX,2021-05-24,5,37453.0,sin_earnings,2021-05-10,-14.0,2021-05-24,11.0,1.0,False
BB,2021-05-26,15,,sin_rdq,,,2021-05-26,12.0,1.0,True
SDC,2021-05-26,16,35602.0,sin_earnings,2021-05-10,-16.0,2021-05-26,11.0,3.0,False
SNDL,2021-05-26,15,,sin_rdq,,,2021-05-26,12.0,3.0,True
AMC,2021-05-27,15,177637.0,sin_earnings,2021-05-06,-21.0,2021-05-27,11.0,1.0,False
BBBY,2021-05-27,8,25338.0,sin_earnings,2021-06-30,34.0,2021-05-27,11.0,3.0,False
BYND,2021-05-27,3,34447.0,sin_earnings,2021-05-06,-21.0,2021-05-27,11.0,3.0,False
GME,2021-05-27,15,145049.0,sin_earnings,2021-06-09,13.0,2021-05-27,11.0,1.0,False
NKLA,2021-05-27,22,33493.0,sin_earnings,2020-05-11,-381.0,2021-05-27,11.0,3.0,False
AGM,2021-05-28,14,15153.0,sin_earnings,2021-05-06,-22.0,2021-05-28,11.0,1.0,False
DAWN,2021-05-28,97,38763.0,earnings,2021-05-27,-1.0,2021-05-28,11.0,3.0,False
GOED,2021-05-28,32,36399.0,sin_earnings,2021-05-12,-16.0,2021-05-28,11.0,2.0,False
TLRY,2021-05-28,14,22387.0,sin_earnings,2021-04-12,-46.0,2021-05-28,11.0,3.0,False
WKHS,2021-05-28,20,184957.0,sin_earnings,2021-05-10,-18.0,2021-05-28,11.0,3.0,False
BERY,2021-06-01,9,180483.0,sin_earnings,2021-05-04,-28.0,2021-06-01,11.0,1.0,False
BRY,2021-06-01,9,13431.0,sin_earnings,2021-05-04,-28.0,2021-06-01,11.0,3.0,False
SOFI,2021-06-01,10,37111.0,sin_earnings,2021-05-24,-8.0,2021-06-01,11.0,3.0,False
AHT,2021-06-02,10,,sin_rdq,,,2021-06-02,18.0,1.0,True
BARK,2021-06-02,13,38937.0,sin_earnings,2021-08-09,68.0,2021-06-02,11.0,1.0,False
CLNE,2021-06-02,17,176343.0,sin_earnings,2021-05-06,-27.0,2021-06-02,11.0,3.0,False
CLOV,2021-06-02,10,36262.0,sin_earnings,2020-11-16,-198.0,2021-06-02,11.0,3.0,False
EXPR,2021-06-02,9,184323.0,earnings,2021-06-03,1.0,2021-06-02,11.0,1.0,False
GTT,2021-06-02,8,163768.0,sin_earnings,2020-05-08,-390.0,2021-06-02,11.0,1.0,False
HITI,2021-06-02,29,,sin_rdq,,,2021-06-02,12.0,3.0,True
NAKD,2021-06-02,8,33706.0,sin_earnings,2022-04-25,327.0,2021-06-02,12.0,3.0,False
NOK,2021-06-02,7,,sin_rdq,,,2021-06-02,31.0,1.0,True
ATOS,2021-06-03,30,185659.0,sin_earnings,2021-05-14,-20.0,2021-06-03,11.0,3.0,False
BBY,2021-06-03,13,2184.0,sin_earnings,2021-05-27,-7.0,2021-06-03,11.0,1.0,False
NGS,2021-06-03,20,150562.0,sin_earnings,2021-05-13,-21.0,2021-06-03,11.0,1.0,False
RMED,2021-06-03,9,33824.0,sin_earnings,2021-05-11,-23.0,2021-06-03,11.0,2.0,False
SENS,2021-06-03,12,26636.0,sin_earnings,2021-05-13,-21.0,2021-06-03,11.0,2.0,False
AMCX,2021-06-04,22,187406.0,sin_earnings,2021-05-07,-28.0,2021-06-04,11.0,3.0,False
BNGO,2021-06-04,6,33749.0,sin_earnings,2021-05-13,-22.0,2021-06-04,11.0,3.0,False
FGF,2021-06-04,19,,sin_rdq,,,2021-06-04,11.0,3.0,True
MVIS,2021-06-04,7,63531.0,sin_earnings,2021-04-29,-36.0,2021-06-04,11.0,3.0,False
NNDM,2021-06-04,25,,sin_rdq,,,2021-06-04,31.0,3.0,True
RNG,2021-06-04,27,18630.0,sin_earnings,2021-05-04,-31.0,2021-06-04,11.0,1.0,False
ATEN,2021-06-05,22,19849.0,sin_earnings,2021-04-27,-39.0,2021-06-05,11.0,1.0,False
MSGN,2021-06-05,22,184157.0,sin_earnings,2021-05-07,-29.0,2021-06-05,11.0,1.0,False
ASO,2021-06-07,11,37054.0,earnings,2021-06-08,1.0,2021-06-07,11.0,3.0,False
TCBI,2021-06-07,3,150306.0,sin_earnings,2021-07-21,44.0,2021-06-07,11.0,3.0,False
UONE,2021-06-07,9,120301.0,sin_earnings,2021-05-12,-26.0,2021-06-07,11.0,3.0,False
WEN,2021-06-07,3,3708.0,sin_earnings,2021-05-12,-26.0,2021-06-07,11.0,3.0,False
CLVS,2021-06-08,3,196055.0,sin_earnings,2021-05-05,-34.0,2021-06-08,11.0,3.0,False
ELF,2021-06-08,9,27907.0,sin_earnings,2021-05-26,-13.0,2021-06-08,11.0,1.0,False
FRX,2021-06-08,18,39112.0,sin_earnings,2021-08-12,65.0,2021-06-08,11.0,1.0,False
FSR,2021-06-08,4,33868.0,sin_earnings,2020-10-28,-223.0,2021-06-08,11.0,1.0,False
GEO,2021-06-08,3,,sin_rdq,,,2021-06-08,18.0,1.0,True
GOEV,2021-06-08,9,34816.0,sin_earnings,2020-11-12,-208.0,2021-06-08,11.0,3.0,False
MNMD,2021-06-08,9,,sin_rdq,,,2021-06-08,12.0,3.0,True
MOVE,2021-06-08,7,37980.0,sin_earnings,2021-05-13,-26.0,2021-06-08,11.0,3.0,False
TWNK,2021-06-08,7,25424.0,sin_earnings,2021-05-17,-22.0,2021-06-08,11.0,3.0,False
WISH,2021-06-08,7,,sin_rdq,,,2021-06-08,11.0,3.0,True
WOOF,2021-06-08,8,37502.0,sin_earnings,2021-05-20,-19.0,2021-06-08,11.0,3.0,False
AMP,2021-06-09,23,164708.0,sin_earnings,2021-04-26,-44.0,2021-06-09,11.0,1.0,False
BOCH,2021-06-09,28,112112.0,sin_earnings,2021-07-23,44.0,2021-06-09,11.0,3.0,False
CBSH,2021-06-09,28,3238.0,sin_earnings,2021-07-22,43.0,2021-06-09,11.0,3.0,False
CHWY,2021-06-09,8,35287.0,earnings,2021-06-10,1.0,2021-06-09,11.0,1.0,False
CLF,2021-06-09,7,3107.0,sin_earnings,2021-07-22,43.0,2021-06-09,11.0,1.0,False
CRSR,2021-06-09,7,37090.0,sin_earnings,2021-05-04,-36.0,2021-06-09,11.0,3.0,False
DCRC,2021-06-09,8,38094.0,sin_earnings,2022-03-23,287.0,2021-06-09,11.0,3.0,False
H,2021-06-09,22,183366.0,sin_earnings,2021-05-04,-36.0,2021-06-09,11.0,1.0,False
HTBK,2021-06-09,28,109599.0,sin_earnings,2021-07-22,43.0,2021-06-09,11.0,3.0,False
SPSC,2021-06-09,28,183974.0,sin_earnings,2021-04-29,-41.0,2021-06-09,11.0,3.0,False
SRNE,2021-06-09,9,183602.0,sin_earnings,2021-05-05,-35.0,2021-06-09,11.0,3.0,False
STRA,2021-06-09,9,63338.0,sin_earnings,2021-04-29,-41.0,2021-06-09,11.0,3.0,False
UUUU,2021-06-09,10,,sin_rdq,,,2021-06-09,12.0,2.0,True
UWMC,2021-06-09,10,36093.0,sin_earnings,2020-11-05,-216.0,2021-06-09,11.0,1.0,False
X,2021-06-09,9,23978.0,sin_earnings,2021-04-29,-41.0,2021-06-09,11.0,1.0,False
OCGN,2021-06-10,6,22229.0,sin_rdq,,,2021-06-10,11.0,3.0,False
PUBM,2021-06-10,8,37510.0,sin_earnings,2021-05-13,-28.0,2021-06-10,11.0,3.0,False
SPRT,2021-06-10,97,133825.0,sin_earnings,2021-05-13,-28.0,2021-06-10,11.0,3.0,False
STLD,2021-06-10,30,64030.0,sin_earnings,2021-07-19,39.0,2021-06-10,11.0,3.0,False
NIO,2021-06-11,7,,sin_rdq,,,2021-06-11,31.0,1.0,True
RAPT,2021-06-14,18,35429.0,sin_earnings,2021-05-11,-34.0,2021-06-14,11.0,3.0,False
TRCH,2021-06-14,10,39108.0,sin_earnings,2021-08-13,60.0,2021-06-14,11.0,3.0,False
ARVL,2021-06-15,3,35907.0,sin_earnings,2021-02-12,-123.0,2021-06-15,12.0,3.0,False
CTXR,2021-06-15,22,21807.0,sin_earnings,2021-05-13,-33.0,2021-06-15,11.0,3.0,False
KPLT,2021-06-15,22,35778.0,sin_earnings,2021-05-24,-22.0,2021-06-15,11.0,3.0,False
PTRA,2021-06-15,59,37015.0,sin_earnings,2021-05-17,-29.0,2021-06-15,11.0,3.0,False
XOM,2021-06-15,23,4503.0,sin_earnings,2021-07-30,45.0,2021-06-15,11.0,1.0,False
BAC,2021-06-16,34,7647.0,sin_earnings,2021-07-14,28.0,2021-06-16,11.0,1.0,False
JPM,2021-06-16,29,2968.0,sin_earnings,2021-07-13,27.0,2021-06-16,11.0,1.0,False
PRPL,2021-06-17,13,33068.0,sin_earnings,2021-05-17,-31.0,2021-06-17,11.0,3.0,False
BIG,2021-06-18,5,12123.0,sin_earnings,2021-05-28,-21.0,2021-06-18,11.0,1.0,False
MBAC,2021-06-18,16,,sin_rdq,,,2021-06-18,11.0,1.0,True
BA,2021-06-20,13,2285.0,sin_earnings,2021-07-28,38.0,2021-06-20,11.0,1.0,False
GSAT,2021-06-21,5,175523.0,sin_earnings,2021-08-05,45.0,2021-06-21,11.0,2.0,False
DIS,2021-06-22,25,3980.0,sin_earnings,2021-05-13,-40.0,2021-06-22,11.0,1.0,False
KBH,2021-06-22,3,12689.0,earnings,2021-06-23,1.0,2021-06-22,11.0,1.0,False
LZB,2021-06-24,5,6543.0,sin_earnings,2021-06-15,-9.0,2021-06-24,11.0,1.0,False
PSFE,2021-06-24,5,,sin_rdq,,,2021-06-24,12.0,1.0,True
RIG,2021-06-24,16,,sin_rdq,,,2021-06-24,12.0,1.0,True
SRNE,2021-06-24,8,183602.0,sin_earnings,2021-08-06,43.0,2021-06-24,11.0,3.0,False
TSLA,2021-06-24,5,184996.0,sin_earnings,2021-07-26,32.0,2021-06-24,11.0,3.0,False
BABA,2021-06-25,4,,sin_rdq,,,2021-06-25,31.0,1.0,True
SPCE,2021-06-25,8,32355.0,sin_rdq,,,2021-06-25,11.0,1.0,False
IEC,2021-06-27,18,5831.0,sin_earnings,2021-08-12,46.0,2021-06-27,11.0,3.0,False
BODY,2021-06-28,12,39112.0,sin_earnings,2021-08-12,45.0,2021-06-28,11.0,1.0,False
MMAT,2021-06-28,18,39108.0,sin_earnings,2021-08-13,46.0,2021-06-28,11.0,3.0,False
MRIN,2021-06-28,16,17376.0,sin_earnings,2021-07-30,32.0,2021-06-28,11.0,3.0,False
MU,2021-06-28,5,7343.0,earnings,2021-06-30,2.0,2021-06-28,11.0,3.0,False
SOFI,2021-06-28,3,37111.0,sin_earnings,2021-05-24,-35.0,2021-06-28,11.0,3.0,False
INTC,2021-06-29,7,6008.0,sin_earnings,2021-07-22,23.0,2021-06-29,11.0,3.0,False
WNEB,2021-06-29,14,146607.0,sin_earnings,2021-07-27,28.0,2021-06-29,11.0,3.0,False
XELA,2021-06-29,38,32074.0,sin_earnings,2021-08-10,42.0,2021-06-29,11.0,3.0,False
ACQR,2021-06-30,6,,sin_rdq,,,2021-06-30,12.0,3.0,True
DIDI,2021-06-30,10,,sin_rdq,,,2021-06-30,31.0,1.0,True
IHC,2021-06-30,6,17131.0,sin_earnings,2021-08-09,40.0,2021-06-30,11.0,1.0,False
NEGG,2021-06-30,9,,sin_rdq,,,2021-06-30,12.0,3.0,True
VERB,2021-06-30,17,21984.0,sin_earnings,2021-08-16,47.0,2021-06-30,11.0,3.0,False
ASTR,2021-07-01,9,36778.0,sin_earnings,2021-05-17,-45.0,2021-07-01,11.0,3.0,False
AVPT,2021-07-02,21,35603.0,sin_earnings,2021-05-19,-44.0,2021-07-02,11.0,3.0,False
AMZN,2021-07-06,9,64768.0,sin_earnings,2021-07-29,23.0,2021-07-06,11.0,3.0,False
BABA,2021-07-08,6,,sin_rdq,,,2021-07-08,31.0,1.0,True
LEGO,2021-07-08,4,,sin_rdq,,,2021-07-08,11.0,3.0,True
WFC,2021-07-08,7,8007.0,sin_earnings,2021-07-14,6.0,2021-07-08,11.0,1.0,False
SLI,2021-07-13,39,,sin_rdq,,,2021-07-13,12.0,2.0,True
MOD,2021-07-14,5,7486.0,sin_earnings,2021-08-04,21.0,2021-07-14,11.0,1.0,False
NFLX,2021-07-14,9,147579.0,sin_earnings,2021-07-20,6.0,2021-07-14,11.0,3.0,False
FXLV,2021-07-15,125,39061.0,earnings,2021-07-16,1.0,2021-07-15,11.0,1.0,False
MRNA,2021-07-15,9,34410.0,sin_earnings,2021-08-05,21.0,2021-07-15,11.0,3.0,False
PFE,2021-07-19,38,8530.0,sin_earnings,2021-07-28,9.0,2021-07-19,11.0,1.0,False
SAVA,2021-07-21,14,137642.0,sin_earnings,2021-08-03,13.0,2021-07-21,11.0,3.0,False
ATVI,2021-07-22,14,180405.0,sin_earnings,2021-08-03,12.0,2021-07-22,11.0,3.0,False
INTC,2021-07-22,6,6008.0,earnings,2021-07-22,0.0,2021-07-22,11.0,3.0,False
SNAP,2021-07-22,6,30091.0,earnings,2021-07-22,0.0,2021-07-22,11.0,1.0,False
EDU,2021-07-23,6,,sin_rdq,,,2021-07-23,31.0,1.0,True
REE,2021-07-23,20,,sin_rdq,,,2021-07-23,12.0,3.0,True
TAL,2021-07-23,7,,sin_rdq,,,2021-07-23,31.0,1.0,True
BABA,2021-07-26,3,,sin_rdq,,,2021-07-26,31.0,1.0,True
MVST,2021-07-26,19,34825.0,sin_earnings,2021-06-02,-54.0,2021-07-26,11.0,3.0,False
TSLA,2021-07-26,8,184996.0,earnings,2021-07-26,0.0,2021-07-26,11.0,3.0,False
GTES,2021-07-28,14,,sin_rdq,,,2021-07-28,12.0,1.0,True
PYPL,2021-07-28,8,24616.0,earnings,2021-07-28,0.0,2021-07-28,11.0,3.0,False
HOOD,2021-07-29,9,39293.0,earnings,2021-07-30,1.0,2021-07-29,11.0,3.0,False
NKLA,2021-07-29,6,33493.0,sin_earnings,2020-05-11,-444.0,2021-07-29,11.0,3.0,False
VALE,2021-07-30,26,,sin_rdq,,,2021-07-30,31.0,1.0,True
GXO,2021-08-03,95,39319.0,sin_earnings,2021-08-09,6.0,2021-08-03,11.0,1.0,False
SKLZ,2021-08-03,30,36192.0,sin_earnings,2020-11-16,-260.0,2021-08-03,11.0,1.0,False
BNTX,2021-08-04,8,,sin_rdq,,,2021-08-04,31.0,3.0,True
MRNA,2021-08-04,9,34410.0,earnings,2021-08-05,1.0,2021-08-04,11.0,3.0,False
MVIS,2021-08-04,3,63531.0,earnings,2021-08-04,0.0,2021-08-04,11.0,3.0,False
SRNG,2021-08-04,20,37614.0,sin_earnings,2021-08-16,12.0,2021-08-04,12.0,3.0,False
ETH,2021-08-05,8,23252.0,sin_earnings,2021-08-09,4.0,2021-08-05,11.0,1.0,False
IEX,2021-08-05,17,15267.0,sin_earnings,2021-07-27,-9.0,2021-08-05,11.0,1.0,False
MCFE,2021-08-05,8,37180.0,sin_earnings,2021-08-10,5.0,2021-08-05,11.0,3.0,False
PLTR,2021-08-09,10,36910.0,sin_earnings,2021-08-12,3.0,2021-08-09,11.0,3.0,False
COIN,2021-08-10,3,34749.0,earnings,2021-08-10,0.0,2021-08-10,11.0,3.0,False
NUE,2021-08-10,4,8030.0,sin_earnings,2021-07-22,-19.0,2021-08-10,11.0,1.0,False
UPST,2021-08-10,15,37357.0,earnings,2021-08-10,0.0,2021-08-10,11.0,3.0,False
AMAT,2021-08-11,17,1704.0,sin_earnings,2021-08-19,8.0,2021-08-11,11.0,3.0,False
DASH,2021-08-12,10,37420.0,earnings,2021-08-12,0.0,2021-08-12,11.0,3.0,False
PSFE,2021-08-12,6,,sin_rdq,,,2021-08-12,12.0,1.0,True
WISH,2021-08-12,5,,sin_rdq,,,2021-08-12,11.0,3.0,True
UWMC,2021-08-13,4,36093.0,sin_earnings,2020-11-05,-281.0,2021-08-13,11.0,1.0,False
WMT,2021-08-16,4,11259.0,earnings,2021-08-17,1.0,2021-08-16,11.0,1.0,False
NLIT,2021-08-18,247,38935.0,sin_earnings,2022-11-14,453.0,2021-08-18,11.0,3.0,False
NAKD,2021-08-20,19,33706.0,sin_earnings,2022-04-25,248.0,2021-08-20,12.0,3.0,False
NVDA,2021-08-23,5,117768.0,sin_earnings,2021-08-18,-5.0,2021-08-23,11.0,3.0,False
BB,2021-08-24,17,,sin_rdq,,,2021-08-24,12.0,1.0,True
CRWD,2021-08-24,9,35182.0,sin_earnings,2021-08-31,7.0,2021-08-24,11.0,3.0,False
GME,2021-08-24,3,145049.0,sin_earnings,2021-09-08,15.0,2021-08-24,11.0,1.0,False
ASTS,2021-08-25,12,35622.0,sin_earnings,2021-05-18,-99.0,2021-08-25,11.0,3.0,False
SAVA,2021-08-25,3,137642.0,sin_earnings,2021-08-03,-22.0,2021-08-25,11.0,3.0,False
AFRM,2021-08-27,5,37413.0,sin_earnings,2021-09-09,13.0,2021-08-27,11.0,3.0,False
ATER,2021-08-27,55,35210.0,sin_earnings,2021-08-09,-18.0,2021-08-27,11.0,3.0,False
BBIG,2021-08-27,22,33429.0,sin_earnings,2021-08-23,-4.0,2021-08-27,11.0,3.0,False
IRNT,2021-08-27,22,35746.0,sin_earnings,2021-08-16,-11.0,2021-08-27,11.0,1.0,False
MMAT,2021-08-27,12,39108.0,sin_earnings,2021-08-13,-14.0,2021-08-27,11.0,3.0,False
WKHS,2021-08-27,7,184957.0,sin_earnings,2021-08-09,-18.0,2021-08-27,11.0,3.0,False
BGFV,2021-08-30,11,145041.0,sin_earnings,2021-08-03,-27.0,2021-08-30,11.0,3.0,False
TTCF,2021-08-30,5,33958.0,sin_earnings,2020-08-10,-385.0,2021-08-30,11.0,3.0,False
VIH,2021-08-30,15,39909.0,sin_earnings,2022-03-31,213.0,2021-08-30,12.0,3.0,False
WFC,2021-08-31,3,8007.0,sin_earnings,2021-10-14,44.0,2021-08-31,11.0,1.0,False
CHWY,2021-09-01,3,35287.0,earnings,2021-09-01,0.0,2021-09-01,11.0,1.0,False
NFLX,2021-09-02,7,147579.0,sin_earnings,2021-07-20,-44.0,2021-09-02,11.0,3.0,False
SII,2021-09-02,15,,sin_rdq,,,2021-09-02,12.0,1.0,True
UEC,2021-09-02,15,165798.0,sin_earnings,2021-10-28,56.0,2021-09-02,11.0,2.0,False
RKLB,2021-09-03,8,39503.0,sin_earnings,2021-11-15,73.0,2021-09-03,11.0,3.0,False
CCJ,2021-09-07,8,,sin_rdq,,,2021-09-07,12.0,1.0,True
CEI,2021-09-07,32,108319.0,sin_earnings,2021-08-16,-22.0,2021-09-07,11.0,2.0,False
CLOV,2021-09-07,3,36262.0,sin_earnings,2020-11-16,-295.0,2021-09-07,11.0,3.0,False
OPAD,2021-09-07,11,37253.0,sin_earnings,2021-08-16,-22.0,2021-09-07,11.0,1.0,False
REE,2021-09-07,21,,sin_rdq,,,2021-09-07,12.0,3.0,True
ARC,2021-09-08,31,162076.0,sin_earnings,2021-08-03,-36.0,2021-09-08,11.0,1.0,False
LIDR,2021-09-09,8,39448.0,sin_earnings,2021-11-11,63.0,2021-09-09,11.0,3.0,False
AAPL,2021-09-10,6,1690.0,sin_earnings,2021-07-27,-45.0,2021-09-10,11.0,3.0,False
CS,2021-09-10,15,,sin_rdq,,,2021-09-10,31.0,1.0,True
TMC,2021-09-10,14,,sin_rdq,,,2021-09-10,12.0,3.0,True
OCGN,2021-09-13,12,22229.0,sin_rdq,,,2021-09-13,11.0,3.0,False
SDC,2021-09-13,15,35602.0,sin_earnings,2021-08-09,-35.0,2021-09-13,11.0,3.0,False
PROG,2021-09-14,71,36619.0,sin_earnings,2021-08-12,-33.0,2021-09-14,11.0,3.0,False
ROAD,2021-09-14,22,33424.0,sin_earnings,2021-08-06,-39.0,2021-09-14,11.0,3.0,False
BROS,2021-09-15,7,39483.0,earnings,2021-09-16,1.0,2021-09-15,11.0,1.0,False
GREE,2021-09-15,3,39564.0,sin_earnings,2021-11-15,61.0,2021-09-15,11.0,3.0,False
IBKR,2021-09-15,46,176701.0,sin_earnings,2021-10-19,34.0,2021-09-15,11.0,3.0,False
SBUX,2021-09-15,8,25434.0,sin_earnings,2021-10-28,43.0,2021-09-15,11.0,3.0,False
LILM,2021-09-16,4,,sin_rdq,,,2021-09-16,12.0,3.0,True
RBC,2021-09-16,19,9016.0,sin_earnings,2021-11-02,47.0,2021-09-16,11.0,1.0,False
SPIR,2021-09-16,8,39442.0,sin_earnings,2021-11-10,55.0,2021-09-16,11.0,1.0,False
TELL,2021-09-16,24,30241.0,sin_earnings,2021-08-03,-44.0,2021-09-16,11.0,2.0,False
ASTS,2021-09-17,4,35622.0,sin_earnings,2021-05-18,-122.0,2021-09-17,11.0,3.0,False
HSBC,2021-09-17,7,,sin_rdq,,,2021-09-17,31.0,1.0,True
VLTA,2021-09-17,5,39533.0,sin_earnings,2021-11-12,56.0,2021-09-17,11.0,1.0,False
APTM,2021-09-19,334,,sin_rdq,,,2021-09-19,12.0,3.0,True
DOW,2021-09-20,24,34443.0,sin_earnings,2021-10-21,31.0,2021-09-20,11.0,1.0,False
FDX,2021-09-21,10,4598.0,earnings,2021-09-21,0.0,2021-09-21,11.0,1.0,False
HRC,2021-09-21,17,5639.0,sin_earnings,2021-11-05,45.0,2021-09-21,11.0,1.0,False
PRTH,2021-09-21,25,29275.0,sin_earnings,2021-08-09,-43.0,2021-09-21,11.0,3.0,False
UPST,2021-09-21,3,37357.0,sin_earnings,2021-08-10,-42.0,2021-09-21,11.0,3.0,False
GOEV,2021-09-22,6,34816.0,sin_earnings,2020-11-12,-314.0,2021-09-22,11.0,3.0,False
MRIN,2021-09-22,6,17376.0,sin_earnings,2021-11-04,43.0,2021-09-22,11.0,3.0,False
SOFI,2021-09-22,8,37111.0,sin_earnings,2021-05-24,-121.0,2021-09-22,11.0,3.0,False
TOST,2021-09-22,22,39524.0,earnings,2021-09-22,0.0,2021-09-22,11.0,1.0,False
KELYA,2021-09-27,24,6379.0,sin_earnings,2021-11-10,44.0,2021-09-27,11.0,3.0,False
KELYB,2021-09-27,24,,sin_rdq,,,2021-09-27,11.0,3.0,True
NGS,2021-09-27,17,150562.0,sin_earnings,2021-11-11,45.0,2021-09-27,11.0,1.0,False
TSLA,2021-09-27,58,184996.0,sin_earnings,2021-10-20,23.0,2021-09-27,11.0,3.0,False
TWTR,2021-09-27,58,18872.0,sin_earnings,2021-10-26,29.0,2021-09-27,11.0,1.0,False
FAMI,2021-09-28,7,,sin_rdq,,,2021-09-28,12.0,3.0,True
DOLE,2021-09-29,3,,sin_rdq,,,2021-09-29,12.0,1.0,True
COIN,2021-10-01,41,34749.0,sin_earnings,2021-11-09,39.0,2021-10-01,11.0,3.0,False
MRK,2021-10-01,4,7257.0,sin_earnings,2021-10-28,27.0,2021-10-01,11.0,1.0,False
MRNA,2021-10-01,6,34410.0,sin_earnings,2021-11-04,34.0,2021-10-01,11.0,3.0,False
PXD,2021-10-04,8,14359.0,sin_earnings,2021-11-03,30.0,2021-10-04,11.0,1.0,False
TLRY,2021-10-04,5,22387.0,sin_earnings,2021-10-07,3.0,2021-10-04,11.0,3.0,False
WISH,2021-10-04,4,,sin_rdq,,,2021-10-04,11.0,3.0,True
IMCC,2021-10-05,56,,sin_rdq,,,2021-10-05,12.0,3.0,True
RIOT,2021-10-06,16,148170.0,sin_earnings,2021-11-15,40.0,2021-10-06,11.0,3.0,False
MOD,2021-10-07,9,7486.0,sin_earnings,2021-11-02,26.0,2021-10-07,11.0,1.0,False
LUV,2021-10-10,3,9882.0,sin_earnings,2021-10-21,11.0,2021-10-10,11.0,1.0,False
OCGN,2021-10-11,5,22229.0,sin_rdq,,,2021-10-11,11.0,3.0,False
NET,2021-10-13,27,35604.0,sin_earnings,2021-11-04,22.0,2021-10-13,11.0,1.0,False
AGC,2021-10-14,30,,sin_rdq,,,2021-10-14,12.0,3.0,True
HUT,2021-10-15,36,,sin_rdq,,,2021-10-15,12.0,3.0,True
IEX,2021-10-17,10,15267.0,sin_earnings,2021-10-26,9.0,2021-10-17,11.0,1.0,False
NFLX,2021-10-18,3,147579.0,earnings,2021-10-19,1.0,2021-10-18,11.0,3.0,False
SNAP,2021-10-18,8,30091.0,sin_earnings,2021-10-21,3.0,2021-10-18,11.0,1.0,False
SHOP,2021-10-19,27,,sin_rdq,,,2021-10-19,12.0,1.0,True
BKKT,2021-10-20,7,39909.0,sin_earnings,2022-03-31,162.0,2021-10-20,11.0,1.0,False
IBM,2021-10-20,9,6066.0,earnings,2021-10-20,0.0,2021-10-20,11.0,1.0,False
PINS,2021-10-20,6,35013.0,sin_earnings,2021-11-04,15.0,2021-10-20,11.0,1.0,False
PYPL,2021-10-20,36,24616.0,sin_earnings,2021-11-08,19.0,2021-10-20,11.0,3.0,False
DWAC,2021-10-21,6,38881.0,sin_earnings,2024-05-20,942.0,2021-10-21,11.0,3.0,False
GOOG,2021-10-21,16,160329.0,sin_earnings,2021-10-26,5.0,2021-10-21,11.0,3.0,False
GOOGL,2021-10-21,20,,sin_rdq,,,2021-10-21,11.0,3.0,True
INTC,2021-10-21,33,6008.0,earnings,2021-10-21,0.0,2021-10-21,11.0,3.0,False
PHUN,2021-10-21,5,34584.0,sin_earnings,2021-11-11,21.0,2021-10-21,11.0,3.0,False
BENE,2021-10-22,4,,sin_rdq,,,2021-10-22,11.0,3.0,True
CLF,2021-10-22,18,3107.0,earnings,2021-10-22,0.0,2021-10-22,11.0,1.0,False
MARK,2021-10-22,5,178494.0,sin_earnings,2021-11-15,24.0,2021-10-22,11.0,3.0,False
ZEN,2021-10-22,43,20229.0,sin_earnings,2021-10-28,6.0,2021-10-22,11.0,1.0,False
CNXN,2021-10-23,11,66586.0,sin_earnings,2021-11-04,12.0,2021-10-23,11.0,3.0,False
RGP,2021-10-23,11,141359.0,sin_earnings,2021-10-06,-17.0,2021-10-23,11.0,3.0,False
SBUX,2021-10-24,23,25434.0,sin_earnings,2021-10-28,4.0,2021-10-24,11.0,3.0,False
GNUS,2021-10-25,3,183524.0,sin_earnings,2021-11-15,21.0,2021-10-25,11.0,3.0,False
METX,2021-10-25,17,,sin_rdq,,,2021-10-25,12.0,3.0,True
SSB,2021-10-25,31,64547.0,earnings,2021-10-27,2.0,2021-10-25,11.0,1.0,False
XPEV,2021-10-25,45,,sin_rdq,,,2021-10-25,31.0,1.0,True
AMD,2021-10-26,17,1161.0,earnings,2021-10-26,0.0,2021-10-26,11.0,3.0,False
BRK,2021-10-26,3,2176.0,sin_earnings,2021-11-06,11.0,2021-10-26,11.0,1.0,False
CRTX,2021-10-26,10,35102.0,sin_earnings,2021-10-29,3.0,2021-10-26,11.0,3.0,False
MSFT,2021-10-26,93,12141.0,earnings,2021-10-26,0.0,2021-10-26,11.0,3.0,False
NVDA,2021-10-26,28,117768.0,sin_earnings,2021-11-17,22.0,2021-10-26,11.0,3.0,False
CHWY,2021-10-27,3,35287.0,sin_earnings,2021-12-09,43.0,2021-10-27,11.0,1.0,False
NKLA,2021-10-27,22,33493.0,sin_earnings,2020-05-11,-534.0,2021-10-27,11.0,3.0,False
ZIM,2021-10-27,27,,sin_rdq,,,2021-10-27,12.0,1.0,True
AAPL,2021-10-28,5,1690.0,earnings,2021-10-28,0.0,2021-10-28,11.0,3.0,False
LCID,2021-10-28,5,36756.0,sin_earnings,2021-06-01,-149.0,2021-10-28,11.0,3.0,False
ON,2021-10-28,26,134932.0,sin_earnings,2021-11-01,4.0,2021-10-28,11.0,3.0,False
RBLX,2021-10-28,14,37453.0,sin_earnings,2021-11-08,11.0,2021-10-28,11.0,1.0,False
BTBT,2021-10-29,21,,sin_rdq,,,2021-10-29,12.0,3.0,True
BTTX,2021-10-29,7,39994.0,sin_earnings,2022-03-28,150.0,2021-10-29,11.0,3.0,False
COO,2021-10-29,5,3504.0,sin_earnings,2021-12-02,34.0,2021-10-29,11.0,3.0,False
FGF,2021-10-29,20,,sin_rdq,,,2021-10-29,11.0,3.0,True
GME,2021-10-29,14,145049.0,sin_earnings,2021-12-08,40.0,2021-10-29,11.0,1.0,False
NXPI,2021-10-29,22,,sin_rdq,,,2021-10-29,12.0,3.0,True
CHGG,2021-11-01,4,18556.0,earnings,2021-11-01,0.0,2021-11-01,11.0,1.0,False
NYC,2021-11-01,10,,sin_rdq,,,2021-11-01,18.0,1.0,True
Z,2021-11-01,4,,sin_rdq,,,2021-11-01,11.0,3.0,True
ZG,2021-11-01,4,187039.0,earnings,2021-11-02,1.0,2021-11-01,11.0,3.0,False
ATVI,2021-11-02,4,180405.0,earnings,2021-11-02,0.0,2021-11-02,11.0,3.0,False
BGFV,2021-11-02,15,145041.0,earnings,2021-11-02,0.0,2021-11-02,11.0,3.0,False
SAVA,2021-11-02,4,137642.0,sin_earnings,2021-11-10,8.0,2021-11-02,11.0,3.0,False
GPI,2021-11-03,15,65718.0,sin_earnings,2021-10-28,-6.0,2021-11-03,11.0,1.0,False
PTON,2021-11-03,3,35627.0,earnings,2021-11-04,1.0,2021-11-03,11.0,3.0,False
QCOM,2021-11-03,3,24800.0,earnings,2021-11-03,0.0,2021-11-03,11.0,3.0,False
REE,2021-11-03,16,,sin_rdq,,,2021-11-03,12.0,3.0,True
BNTX,2021-11-04,7,,sin_rdq,,,2021-11-04,31.0,3.0,True
PFE,2021-11-04,3,8530.0,earnings,2021-11-02,-2.0,2021-11-04,11.0,1.0,False
BMRA,2021-11-05,7,7662.0,sin_earnings,2021-10-14,-22.0,2021-11-05,11.0,3.0,False
IOBT,2021-11-05,112,39899.0,sin_earnings,2021-11-08,3.0,2021-11-05,11.0,3.0,False
DASH,2021-11-08,3,37420.0,earnings,2021-11-09,1.0,2021-11-08,11.0,3.0,False
NEGG,2021-11-08,9,,sin_rdq,,,2021-11-08,12.0,3.0,True
NIO,2021-11-08,15,,sin_rdq,,,2021-11-08,31.0,1.0,True
PLTR,2021-11-08,4,36910.0,earnings,2021-11-09,1.0,2021-11-08,11.0,3.0,False
RIOT,2021-11-08,9,148170.0,sin_earnings,2021-11-15,7.0,2021-11-08,11.0,3.0,False
FUBO,2021-11-09,8,17001.0,earnings,2021-11-09,0.0,2021-11-09,11.0,1.0,False
BYND,2021-11-10,3,34447.0,earnings,2021-11-10,0.0,2021-11-10,11.0,3.0,False
DIS,2021-11-10,23,3980.0,earnings,2021-11-10,0.0,2021-11-10,11.0,1.0,False
RIVN,2021-11-10,10,39811.0,earnings,2021-11-12,2.0,2021-11-10,11.0,3.0,False
SNDL,2021-11-11,12,,sin_rdq,,,2021-11-11,12.0,3.0,True
GGPI,2021-11-12,7,38429.0,sin_earnings,2022-06-29,229.0,2021-11-12,11.0,3.0,False
CRWD,2021-11-15,19,35182.0,sin_earnings,2021-12-01,16.0,2021-11-15,11.0,3.0,False
GOEV,2021-11-16,15,34816.0,sin_earnings,2020-11-12,-369.0,2021-11-16,11.0,3.0,False
JPM,2021-11-16,35,2968.0,sin_earnings,2021-10-13,-34.0,2021-11-16,11.0,1.0,False
PIPP,2021-11-16,8,,sin_rdq,,,2021-11-16,11.0,1.0,True
TALK,2021-11-16,15,36472.0,sin_earnings,2021-05-18,-182.0,2021-11-16,11.0,3.0,False
WMT,2021-11-16,11,11259.0,earnings,2021-11-16,0.0,2021-11-16,11.0,1.0,False
UWMC,2021-11-17,3,36093.0,sin_earnings,2020-11-05,-377.0,2021-11-17,11.0,1.0,False
BABA,2021-11-18,19,,sin_rdq,,,2021-11-18,31.0,1.0,True
LGVN,2021-11-18,23,37807.0,sin_earnings,2021-11-12,-6.0,2021-11-18,11.0,3.0,False
FCCY,2021-11-19,4,65467.0,sin_earnings,2021-10-22,-28.0,2021-11-19,11.0,3.0,False
RAVE,2021-11-22,8,3369.0,sin_earnings,2021-11-04,-18.0,2021-11-22,11.0,3.0,False
BMTX,2021-11-23,10,33869.0,sin_earnings,2020-11-09,-379.0,2021-11-23,11.0,2.0,False
ISPC,2021-11-23,8,37671.0,sin_earnings,2021-11-04,-19.0,2021-11-23,11.0,3.0,False
QLGN,2021-11-23,9,23422.0,sin_earnings,2020-05-01,-571.0,2021-11-23,11.0,3.0,False
BFRI,2021-11-24,9,39342.0,sin_earnings,2021-11-30,6.0,2021-11-24,11.0,3.0,False
ACIU,2021-11-26,19,,sin_rdq,,,2021-11-26,12.0,3.0,True
MRNA,2021-11-26,6,34410.0,sin_earnings,2021-11-04,-22.0,2021-11-26,11.0,3.0,False
VBIV,2021-11-26,7,,sin_rdq,,,2021-11-26,12.0,3.0,True
PTPI,2021-11-27,7,37473.0,sin_earnings,2021-11-15,-12.0,2021-11-27,11.0,3.0,False
UPS,2021-11-27,69,10920.0,sin_earnings,2021-10-26,-32.0,2021-11-27,11.0,1.0,False
CRM,2021-11-29,3,157855.0,earnings,2021-11-30,1.0,2021-11-29,11.0,1.0,False
PPSI,2021-11-29,12,184133.0,sin_earnings,2021-11-15,-14.0,2021-11-29,11.0,3.0,False
CRTX,2021-11-30,3,35102.0,sin_earnings,2021-10-29,-32.0,2021-11-30,11.0,3.0,False
ARDX,2021-12-01,6,20645.0,sin_earnings,2021-11-12,-19.0,2021-12-01,11.0,3.0,False
ESSC,2021-12-01,17,,sin_rdq,,,2021-12-01,12.0,3.0,True
CFVI,2021-12-02,8,37953.0,sin_earnings,2022-11-14,347.0,2021-12-02,11.0,3.0,False
DOCU,2021-12-02,3,33301.0,earnings,2021-12-02,0.0,2021-12-02,11.0,3.0,False
DWAC,2021-12-02,8,38881.0,sin_earnings,2024-05-20,900.0,2021-12-02,11.0,3.0,False
CHWY,2021-12-04,7,35287.0,sin_earnings,2021-12-09,5.0,2021-12-04,11.0,1.0,False
GBNY,2021-12-06,15,175121.0,sin_earnings,2022-05-06,151.0,2021-12-06,11.0,3.0,False
LULU,2021-12-06,5,178015.0,sin_earnings,2021-12-09,3.0,2021-12-06,11.0,3.0,False
AVCT,2021-12-09,23,32228.0,sin_earnings,2021-11-12,-27.0,2021-12-09,11.0,3.0,False
SLDP,2021-12-09,8,38094.0,sin_earnings,2022-03-23,104.0,2021-12-09,11.0,3.0,False
FDX,2021-12-11,7,4598.0,sin_earnings,2021-12-16,5.0,2021-12-11,11.0,1.0,False
AMC,2021-12-13,8,177637.0,sin_earnings,2021-11-08,-35.0,2021-12-13,11.0,1.0,False
RELI,2021-12-13,10,22318.0,sin_earnings,2022-05-16,154.0,2021-12-13,11.0,3.0,False
BFRI,2021-12-21,9,39342.0,sin_earnings,2021-11-30,-21.0,2021-12-21,11.0,3.0,False
IINN,2021-12-22,10,,sin_rdq,,,2021-12-22,12.0,3.0,True
NXTD,2021-12-22,8,18490.0,sin_earnings,2021-11-15,-37.0,2021-12-22,11.0,3.0,False
AUVI,2021-12-28,16,36759.0,sin_earnings,2021-11-15,-43.0,2021-12-28,11.0,3.0,False
ISIG,2021-12-28,11,24204.0,sin_earnings,2021-11-04,-54.0,2021-12-28,11.0,3.0,False
RBLX,2021-12-30,21,37453.0,sin_earnings,2022-02-15,47.0,2021-12-30,11.0,1.0,False
NES,2021-12-31,12,178851.0,sin_earnings,2021-11-12,-49.0,2021-12-31,11.0,2.0,False
ICE,2022-01-03,18,163610.0,sin_earnings,2022-02-03,31.0,2022-01-03,11.0,1.0,False
TLRY,2022-01-03,11,22387.0,sin_earnings,2022-01-10,7.0,2022-01-03,11.0,3.0,False
TSLA,2022-01-03,12,184996.0,sin_earnings,2022-01-26,23.0,2022-01-03,11.0,3.0,False
TSM,2022-01-03,11,,sin_rdq,,,2022-01-03,31.0,1.0,True
AMD,2022-01-04,7,1161.0,sin_earnings,2022-02-01,28.0,2022-01-04,11.0,3.0,False
BAC,2022-01-04,23,7647.0,sin_earnings,2022-01-19,15.0,2022-01-04,11.0,1.0,False
BRK,2022-01-04,43,2176.0,sin_earnings,2022-02-26,53.0,2022-01-04,11.0,1.0,False
F,2022-01-04,3,4839.0,sin_earnings,2022-02-03,30.0,2022-01-04,11.0,1.0,False
QCOM,2022-01-04,31,24800.0,sin_earnings,2022-02-02,29.0,2022-01-04,11.0,3.0,False
WFC,2022-01-04,15,8007.0,sin_earnings,2022-01-14,10.0,2022-01-04,11.0,1.0,False
BYND,2022-01-05,10,34447.0,sin_earnings,2022-02-24,50.0,2022-01-05,11.0,3.0,False
UEC,2022-01-05,12,165798.0,sin_earnings,2021-12-15,-21.0,2022-01-05,11.0,2.0,False
BRLI,2022-01-07,35,22320.0,sin_earnings,2021-12-29,-9.0,2022-01-07,12.0,3.0,False
DISCA,2022-01-07,50,,sin_rdq,,,2022-01-07,11.0,3.0,True
LCID,2022-01-07,15,36756.0,sin_earnings,2021-06-01,-220.0,2022-01-07,11.0,3.0,False
VIAC,2022-01-07,18,,sin_rdq,,,2022-01-07,11.0,3.0,True
CSX,2022-01-10,110,2574.0,sin_earnings,2022-01-20,10.0,2022-01-10,11.0,3.0,False
DASH,2022-01-11,38,37420.0,sin_earnings,2022-02-16,36.0,2022-01-11,11.0,3.0,False
SBUX,2022-01-11,24,25434.0,sin_earnings,2022-02-01,21.0,2022-01-11,11.0,3.0,False
XOM,2022-01-11,36,4503.0,sin_earnings,2022-02-01,21.0,2022-01-11,11.0,1.0,False
CCMP,2022-01-12,16,133726.0,sin_earnings,2022-02-02,21.0,2022-01-12,11.0,3.0,False
DWAC,2022-01-12,9,38881.0,sin_earnings,2024-05-20,859.0,2022-01-12,11.0,3.0,False
MP,2022-01-12,16,36303.0,sin_earnings,2020-11-04,-434.0,2022-01-12,11.0,1.0,False
NGS,2022-01-12,58,150562.0,sin_earnings,2021-11-11,-62.0,2022-01-12,11.0,1.0,False
PATK,2022-01-12,15,8386.0,sin_earnings,2022-02-10,29.0,2022-01-12,11.0,3.0,False
BBIG,2022-01-13,28,33429.0,sin_earnings,2021-11-22,-52.0,2022-01-13,11.0,3.0,False
SPCE,2022-01-13,7,32355.0,sin_rdq,,,2022-01-13,11.0,1.0,False
NFLX,2022-01-14,9,147579.0,sin_earnings,2022-01-20,6.0,2022-01-14,11.0,3.0,False
PIXY,2022-01-14,14,29558.0,earnings,2022-01-14,0.0,2022-01-14,11.0,3.0,False
SOFI,2022-01-18,11,37111.0,sin_earnings,2021-05-24,-239.0,2022-01-18,11.0,3.0,False
STRA,2022-01-18,59,63338.0,sin_earnings,2022-02-25,38.0,2022-01-18,11.0,3.0,False
WOW,2022-01-18,24,31466.0,sin_earnings,2022-02-24,37.0,2022-01-18,11.0,1.0,False
AMZN,2022-01-21,15,64768.0,sin_earnings,2022-02-03,13.0,2022-01-21,11.0,3.0,False
WEN,2022-01-21,14,3708.0,sin_earnings,2022-03-01,39.0,2022-01-21,11.0,3.0,False
TCBI,2022-01-22,14,150306.0,earnings,2022-01-20,-2.0,2022-01-22,11.0,3.0,False
DOW,2022-01-24,12,34443.0,sin_earnings,2022-01-27,3.0,2022-01-24,11.0,1.0,False
MTCH,2022-01-24,11,26061.0,sin_earnings,2022-02-01,8.0,2022-01-24,11.0,3.0,False
MCD,2022-01-25,9,7154.0,earnings,2022-01-27,2.0,2022-01-25,11.0,1.0,False
KEY,2022-01-26,31,9783.0,sin_earnings,2022-01-20,-6.0,2022-01-26,11.0,1.0,False
STET,2022-01-26,192,,sin_rdq,,,2022-01-26,12.0,1.0,True
AAPL,2022-01-27,13,1690.0,earnings,2022-01-27,0.0,2022-01-27,11.0,3.0,False
AMD,2022-01-27,7,1161.0,sin_earnings,2022-02-01,5.0,2022-01-27,11.0,3.0,False
SPOT,2022-01-29,10,,sin_rdq,,,2022-01-29,12.0,1.0,True
GOOG,2022-02-01,3,160329.0,earnings,2022-02-01,0.0,2022-02-01,11.0,3.0,False
GOOGL,2022-02-01,3,,sin_rdq,,,2022-02-01,11.0,3.0,True
PYPL,2022-02-01,3,24616.0,earnings,2022-02-01,0.0,2022-02-01,11.0,3.0,False
FB,2022-02-02,8,170617.0,earnings,2022-02-02,0.0,2022-02-02,11.0,3.0,False
PINS,2022-02-02,3,35013.0,earnings,2022-02-03,1.0,2022-02-02,11.0,1.0,False
SNAP,2022-02-02,3,30091.0,earnings,2022-02-03,1.0,2022-02-02,11.0,1.0,False
AMTD,2022-02-04,6,,sin_rdq,,,2022-02-04,31.0,1.0,True
ARC,2022-02-04,3,162076.0,sin_earnings,2022-02-23,19.0,2022-02-04,11.0,1.0,False
SENS,2022-02-04,8,26636.0,sin_earnings,2022-03-01,25.0,2022-02-04,11.0,2.0,False
CHGG,2022-02-06,3,18556.0,earnings,2022-02-07,1.0,2022-02-06,11.0,1.0,False
PFE,2022-02-07,3,8530.0,earnings,2022-02-08,1.0,2022-02-07,11.0,1.0,False
RBLX,2022-02-10,7,37453.0,sin_earnings,2022-02-15,5.0,2022-02-10,11.0,1.0,False
SKYX,2022-02-10,110,25447.0,earnings,2022-02-10,0.0,2022-02-10,11.0,3.0,False
Z,2022-02-10,9,,sin_rdq,,,2022-02-10,11.0,3.0,True
ZG,2022-02-10,9,187039.0,earnings,2022-02-10,0.0,2022-02-10,11.0,3.0,False
CCMP,2022-02-11,14,133726.0,sin_earnings,2022-02-02,-9.0,2022-02-11,11.0,3.0,False
LMT,2022-02-11,27,6774.0,sin_earnings,2022-01-25,-17.0,2022-02-11,11.0,1.0,False
MP,2022-02-11,14,36303.0,sin_earnings,2020-11-04,-464.0,2022-02-11,11.0,1.0,False
MS,2022-02-12,7,12124.0,sin_earnings,2022-01-19,-24.0,2022-02-12,11.0,1.0,False
RF,2022-02-15,10,4674.0,sin_earnings,2022-01-20,-26.0,2022-02-15,11.0,1.0,False
UPST,2022-02-15,3,37357.0,earnings,2022-02-15,0.0,2022-02-15,11.0,3.0,False
WAT,2022-02-16,16,61574.0,sin_earnings,2022-02-01,-15.0,2022-02-16,11.0,1.0,False
PLTR,2022-02-17,8,36910.0,earnings,2022-02-17,0.0,2022-02-17,11.0,3.0,False
DKNG,2022-02-18,6,35082.0,sin_earnings,2020-03-12,-708.0,2022-02-18,11.0,3.0,False
CS,2022-02-20,14,,sin_rdq,,,2022-02-20,31.0,1.0,True
ACQR,2022-02-21,9,,sin_rdq,,,2022-02-21,12.0,3.0,True
LNG,2022-02-22,16,29453.0,earnings,2022-02-24,2.0,2022-02-22,11.0,1.0,False
UEC,2022-02-22,28,165798.0,sin_earnings,2022-03-17,23.0,2022-02-22,11.0,2.0,False
CLOV,2022-02-23,6,36262.0,sin_earnings,2020-11-16,-464.0,2022-02-23,11.0,3.0,False
NOG,2022-02-24,20,142337.0,earnings,2022-02-24,0.0,2022-02-24,11.0,1.0,False
PXD,2022-02-24,14,14359.0,sin_earnings,2022-02-16,-8.0,2022-02-24,11.0,1.0,False
RKT,2022-02-24,9,36722.0,earnings,2022-02-24,0.0,2022-02-24,11.0,1.0,False
TSM,2022-02-24,12,,sin_rdq,,,2022-02-24,31.0,1.0,True
WTI,2022-02-24,20,160341.0,sin_earnings,2022-03-08,12.0,2022-02-24,11.0,1.0,False
FOSL,2022-02-28,13,28118.0,sin_earnings,2022-03-09,9.0,2022-02-28,11.0,3.0,False
MULN,2022-02-28,43,40116.0,sin_earnings,2022-02-14,-14.0,2022-02-28,11.0,3.0,False
SLI,2022-02-28,56,,sin_rdq,,,2022-02-28,12.0,2.0,True
UUUU,2022-02-28,15,,sin_rdq,,,2022-02-28,12.0,2.0,True
SOFI,2022-03-01,3,37111.0,sin_earnings,2021-05-24,-281.0,2022-03-01,11.0,3.0,False
AAPL,2022-03-02,7,1690.0,sin_earnings,2022-01-27,-34.0,2022-03-02,11.0,3.0,False
CVX,2022-03-02,9,2991.0,sin_earnings,2022-01-28,-33.0,2022-03-02,11.0,1.0,False
OXY,2022-03-02,9,8068.0,sin_earnings,2022-02-24,-6.0,2022-03-02,11.0,1.0,False
INDO,2022-03-04,7,,sin_rdq,,,2022-03-04,12.0,2.0,True
JPM,2022-03-04,14,2968.0,sin_earnings,2022-04-13,40.0,2022-03-04,11.0,1.0,False
CEI,2022-03-05,7,108319.0,sin_earnings,2022-04-20,46.0,2022-03-05,11.0,2.0,False
CHWY,2022-03-07,25,35287.0,sin_earnings,2022-03-29,22.0,2022-03-07,11.0,1.0,False
PATK,2022-03-07,11,8386.0,sin_earnings,2022-02-10,-25.0,2022-03-07,11.0,3.0,False
XOM,2022-03-07,5,4503.0,sin_earnings,2022-02-01,-34.0,2022-03-07,11.0,1.0,False
TETC,2022-03-08,11,,sin_rdq,,,2022-03-08,11.0,3.0,True
AMZN,2022-03-09,3,64768.0,sin_earnings,2022-02-03,-34.0,2022-03-09,11.0,3.0,False
ZIM,2022-03-09,21,,sin_rdq,,,2022-03-09,12.0,1.0,True
HYMC,2022-03-10,10,32946.0,sin_earnings,2020-05-08,-671.0,2022-03-10,11.0,3.0,False
BRK,2022-03-11,28,2176.0,sin_earnings,2022-02-26,-13.0,2022-03-11,11.0,1.0,False
KEYS,2022-03-12,18,20232.0,sin_earnings,2022-02-17,-23.0,2022-03-12,11.0,1.0,False
BABA,2022-03-14,9,,sin_rdq,,,2022-03-14,31.0,1.0,True
NIO,2022-03-14,22,,sin_rdq,,,2022-03-14,31.0,1.0,True
GME,2022-03-17,28,145049.0,earnings,2022-03-17,0.0,2022-03-17,11.0,1.0,False
BBIG,2022-03-21,25,33429.0,sin_earnings,2022-04-15,25.0,2022-03-21,11.0,3.0,False
NILE,2022-03-21,29,64163.0,sin_earnings,2022-04-15,25.0,2022-03-21,11.0,2.0,False
IMCC,2022-03-22,15,,sin_rdq,,,2022-03-22,12.0,3.0,True
NVDA,2022-03-22,38,117768.0,sin_earnings,2022-02-16,-34.0,2022-03-22,11.0,3.0,False
TLRY,2022-03-22,9,22387.0,sin_earnings,2022-04-06,15.0,2022-03-22,11.0,3.0,False
AMC,2022-03-23,13,177637.0,sin_earnings,2022-03-01,-22.0,2022-03-23,11.0,1.0,False
DISCA,2022-03-23,8,,sin_rdq,,,2022-03-23,11.0,3.0,True
DISCB,2022-03-23,8,164296.0,sin_earnings,2022-02-24,-27.0,2022-03-23,11.0,3.0,False
DISCK,2022-03-23,8,,sin_rdq,,,2022-03-23,11.0,3.0,True
FCN,2022-03-23,3,62823.0,sin_earnings,2022-02-24,-27.0,2022-03-23,11.0,1.0,False
IEX,2022-03-23,10,15267.0,sin_earnings,2022-04-26,34.0,2022-03-23,11.0,1.0,False
LPL,2022-03-23,14,,sin_rdq,,,2022-03-23,31.0,1.0,True
SNDL,2022-03-23,14,,sin_rdq,,,2022-03-23,12.0,3.0,True
AMTD,2022-03-24,20,,sin_rdq,,,2022-03-24,31.0,1.0,True
CNXN,2022-03-24,36,66586.0,sin_earnings,2022-05-05,42.0,2022-03-24,11.0,3.0,False
RGP,2022-03-24,36,141359.0,sin_earnings,2022-04-06,13.0,2022-03-24,11.0,3.0,False
GTES,2022-03-25,31,,sin_rdq,,,2022-03-25,12.0,1.0,True
GOOG,2022-03-26,6,160329.0,sin_earnings,2022-04-26,31.0,2022-03-26,11.0,3.0,False
NEGG,2022-03-28,15,,sin_rdq,,,2022-03-28,12.0,3.0,True
ATER,2022-03-29,32,35210.0,sin_earnings,2022-03-08,-21.0,2022-03-29,11.0,3.0,False
TWTR,2022-03-29,31,18872.0,sin_earnings,2022-04-28,30.0,2022-03-29,11.0,1.0,False
WASH,2022-03-29,18,19873.0,sin_earnings,2022-04-25,27.0,2022-03-29,11.0,3.0,False
AMD,2022-03-31,35,1161.0,sin_earnings,2022-05-03,33.0,2022-03-31,11.0,3.0,False
GFAI,2022-03-31,13,,sin_rdq,,,2022-03-31,12.0,3.0,True
HMHC,2022-03-31,7,16738.0,sin_earnings,2022-02-24,-35.0,2022-03-31,11.0,3.0,False
THCA,2022-03-31,12,35329.0,sin_earnings,2022-04-25,25.0,2022-03-31,11.0,3.0,False
SST,2022-04-04,11,36557.0,sin_earnings,2022-03-31,-4.0,2022-04-04,11.0,1.0,False
PHM,2022-04-07,12,8823.0,sin_earnings,2022-04-28,21.0,2022-04-07,11.0,1.0,False
SBFM,2022-04-07,13,178118.0,sin_earnings,2022-03-21,-17.0,2022-04-07,11.0,3.0,False
WMT,2022-04-07,6,11259.0,sin_earnings,2022-05-17,40.0,2022-04-07,11.0,1.0,False
APLD,2022-04-14,171,146738.0,sin_earnings,2022-05-13,29.0,2022-04-14,11.0,3.0,False
NFLX,2022-04-18,4,147579.0,earnings,2022-04-19,1.0,2022-04-18,11.0,3.0,False
DIS,2022-04-19,24,3980.0,sin_earnings,2022-05-11,22.0,2022-04-19,11.0,1.0,False
MASS,2022-04-20,41,37480.0,sin_earnings,2022-05-10,20.0,2022-04-20,11.0,3.0,False
PYPL,2022-04-20,9,24616.0,sin_earnings,2022-04-27,7.0,2022-04-20,11.0,3.0,False
SPOT,2022-04-20,10,,sin_rdq,,,2022-04-20,12.0,1.0,True
TSLA,2022-04-20,14,184996.0,earnings,2022-04-20,0.0,2022-04-20,11.0,3.0,False
GOOGL,2022-04-21,7,,sin_rdq,,,2022-04-21,11.0,3.0,True
RDBX,2022-04-21,13,39954.0,sin_earnings,2022-04-15,-6.0,2022-04-21,11.0,3.0,False
ROKU,2022-04-21,8,32382.0,sin_earnings,2022-04-28,7.0,2022-04-21,11.0,3.0,False
SHOP,2022-04-21,22,,sin_rdq,,,2022-04-21,12.0,1.0,True
CCMP,2022-04-22,8,133726.0,sin_earnings,2022-05-04,12.0,2022-04-22,11.0,3.0,False
DOW,2022-04-22,33,34443.0,earnings,2022-04-21,-1.0,2022-04-22,11.0,1.0,False
GOOG,2022-04-22,6,160329.0,sin_earnings,2022-04-26,4.0,2022-04-22,11.0,3.0,False
MP,2022-04-22,8,36303.0,sin_earnings,2020-11-04,-534.0,2022-04-22,11.0,1.0,False
MSFT,2022-04-23,5,12141.0,sin_earnings,2022-04-26,3.0,2022-04-23,11.0,3.0,False
DWAC,2022-04-25,5,38881.0,sin_earnings,2024-05-20,756.0,2022-04-25,11.0,3.0,False
MARK,2022-04-25,8,178494.0,sin_earnings,2022-05-16,21.0,2022-04-25,11.0,3.0,False
KEY,2022-04-27,30,9783.0,sin_earnings,2022-04-21,-6.0,2022-04-27,11.0,1.0,False
MCD,2022-04-27,38,7154.0,earnings,2022-04-28,1.0,2022-04-27,11.0,1.0,False
TDOC,2022-04-27,3,24249.0,earnings,2022-04-27,0.0,2022-04-27,11.0,1.0,False
COKE,2022-04-28,10,3138.0,sin_earnings,2022-05-03,5.0,2022-04-28,11.0,3.0,False
INTC,2022-04-28,7,6008.0,earnings,2022-04-28,0.0,2022-04-28,11.0,3.0,False
KO,2022-04-28,10,3144.0,sin_earnings,2022-04-25,-3.0,2022-04-28,11.0,1.0,False
RIVN,2022-04-28,15,39811.0,sin_earnings,2022-05-11,13.0,2022-04-28,11.0,3.0,False
CSCO,2022-04-29,22,20779.0,sin_earnings,2022-05-18,19.0,2022-04-29,11.0,3.0,False
BRK,2022-05-01,12,2176.0,earnings,2022-04-30,-1.0,2022-05-01,11.0,1.0,False
BRT,2022-05-01,54,,sin_rdq,,,2022-05-01,18.0,1.0,True
Z,2022-05-01,27,,sin_rdq,,,2022-05-01,11.0,3.0,True
ZG,2022-05-01,27,187039.0,sin_earnings,2022-05-05,4.0,2022-05-01,11.0,3.0,False
DASH,2022-05-04,8,37420.0,earnings,2022-05-05,1.0,2022-05-04,11.0,3.0,False
DKNG,2022-05-05,8,35082.0,sin_earnings,2020-03-12,-784.0,2022-05-05,11.0,3.0,False
OXY,2022-05-05,13,8068.0,sin_earnings,2022-05-10,5.0,2022-05-05,11.0,1.0,False
WISH,2022-05-05,8,,sin_rdq,,,2022-05-05,11.0,3.0,True
BBIG,2022-05-06,14,33429.0,sin_earnings,2022-05-23,17.0,2022-05-06,11.0,3.0,False
AFRM,2022-05-09,5,37413.0,sin_earnings,2022-05-12,3.0,2022-05-09,11.0,3.0,False
COIN,2022-05-09,5,34749.0,earnings,2022-05-10,1.0,2022-05-09,11.0,3.0,False
PLTR,2022-05-09,3,36910.0,earnings,2022-05-09,0.0,2022-05-09,11.0,3.0,False
UPST,2022-05-09,3,37357.0,earnings,2022-05-09,0.0,2022-05-09,11.0,3.0,False
RBLX,2022-05-10,3,37453.0,earnings,2022-05-10,0.0,2022-05-10,11.0,1.0,False
LUNA,2022-05-11,6,166583.0,sin_earnings,2022-05-16,5.0,2022-05-11,11.0,3.0,False
ASPC,2022-05-12,14,,sin_rdq,,,2022-05-12,12.0,3.0,True
WMT,2022-05-16,4,11259.0,earnings,2022-05-17,1.0,2022-05-16,11.0,1.0,False
TGT,2022-05-17,3,3813.0,earnings,2022-05-18,1.0,2022-05-17,11.0,1.0,False
BBY,2022-05-18,8,2184.0,sin_earnings,2022-05-24,6.0,2022-05-18,11.0,1.0,False
COST,2022-05-18,9,29028.0,sin_earnings,2022-05-26,8.0,2022-05-18,11.0,3.0,False
ROST,2022-05-18,3,9248.0,earnings,2022-05-19,1.0,2022-05-18,11.0,3.0,False
ZIM,2022-05-18,6,,sin_rdq,,,2022-05-18,12.0,1.0,True
JWN,2022-05-23,3,7922.0,earnings,2022-05-24,1.0,2022-05-23,11.0,1.0,False
CRM,2022-05-25,8,157855.0,sin_earnings,2022-05-31,6.0,2022-05-25,11.0,1.0,False
MSFT,2022-06-02,5,12141.0,sin_earnings,2022-04-26,-37.0,2022-06-02,11.0,3.0,False
PHM,2022-06-04,6,8823.0,sin_earnings,2022-04-28,-37.0,2022-06-04,11.0,1.0,False
WTI,2022-06-04,20,160341.0,sin_earnings,2022-05-03,-32.0,2022-06-04,11.0,1.0,False
TCBI,2022-06-06,18,150306.0,sin_earnings,2022-07-21,45.0,2022-06-06,11.0,3.0,False
UEC,2022-06-07,30,165798.0,sin_earnings,2022-06-14,7.0,2022-06-07,11.0,2.0,False
XOM,2022-06-07,17,4503.0,sin_earnings,2022-04-29,-39.0,2022-06-07,11.0,1.0,False
NIO,2022-06-08,22,,sin_rdq,,,2022-06-08,31.0,1.0,True
FOSL,2022-06-09,19,28118.0,sin_earnings,2022-05-11,-29.0,2022-06-09,11.0,3.0,False
META,2022-06-09,22,170617.0,sin_earnings,2022-04-27,-43.0,2022-06-09,11.0,3.0,False
RDBX,2022-06-10,8,39954.0,sin_earnings,2022-05-13,-28.0,2022-06-10,11.0,3.0,False
ACQR,2022-06-11,25,,sin_rdq,,,2022-06-11,12.0,3.0,True
UUUU,2022-06-11,17,,sin_rdq,,,2022-06-11,12.0,2.0,True
CELH,2022-06-13,6,175269.0,sin_earnings,2022-05-10,-34.0,2022-06-13,11.0,3.0,False
COIN,2022-06-13,3,34749.0,sin_earnings,2022-05-10,-34.0,2022-06-13,11.0,3.0,False
MSTR,2022-06-13,6,111534.0,sin_earnings,2022-05-03,-41.0,2022-06-13,11.0,3.0,False
ABNB,2022-06-14,5,37460.0,sin_earnings,2022-05-03,-42.0,2022-06-14,11.0,3.0,False
DIS,2022-06-14,19,3980.0,sin_earnings,2022-05-11,-34.0,2022-06-14,11.0,1.0,False
FDX,2022-06-14,10,4598.0,sin_earnings,2022-06-23,9.0,2022-06-14,11.0,1.0,False
REV,2022-06-14,11,62290.0,sin_earnings,2022-05-04,-41.0,2022-06-14,11.0,1.0,False
ROAD,2022-06-15,8,33424.0,sin_earnings,2022-05-06,-40.0,2022-06-15,11.0,3.0,False
BOOM,2022-06-16,12,4497.0,sin_earnings,2022-05-05,-42.0,2022-06-16,11.0,3.0,False
BOXD,2022-06-22,9,37476.0,sin_earnings,2022-05-10,-43.0,2022-06-22,11.0,1.0,False
BIOT,2022-06-23,27,,sin_rdq,,,2022-06-23,12.0,3.0,True
IOBT,2022-06-23,27,39899.0,sin_earnings,2022-05-16,-38.0,2022-06-23,11.0,3.0,False
SFT,2022-06-23,12,34963.0,sin_earnings,2020-08-13,-679.0,2022-06-23,11.0,3.0,False
APRN,2022-06-24,15,31624.0,sin_earnings,2022-08-08,45.0,2022-06-24,11.0,3.0,False
NFLX,2022-06-24,4,147579.0,sin_earnings,2022-07-19,25.0,2022-06-24,11.0,3.0,False
EVFM,2022-06-27,25,,sin_rdq,,,2022-06-27,11.0,3.0,True
ENDP,2022-06-28,16,,sin_rdq,,,2022-06-28,12.0,3.0,True
AMD,2022-06-29,3,1161.0,sin_earnings,2022-08-02,34.0,2022-06-29,11.0,3.0,False
BBBY,2022-06-29,8,25338.0,earnings,2022-06-29,0.0,2022-06-29,11.0,3.0,False
BBIG,2022-06-30,9,33429.0,sin_earnings,2022-05-23,-38.0,2022-06-30,11.0,3.0,False
CVNA,2022-06-30,12,30999.0,sin_earnings,2022-08-04,35.0,2022-06-30,11.0,1.0,False
NVDA,2022-07-01,3,117768.0,sin_earnings,2022-05-25,-37.0,2022-07-01,11.0,3.0,False
AMTD,2022-07-07,29,,sin_rdq,,,2022-07-07,31.0,1.0,True
GME,2022-07-07,8,145049.0,sin_earnings,2022-06-01,-36.0,2022-07-07,11.0,1.0,False
TWTR,2022-07-08,15,18872.0,sin_earnings,2022-07-22,14.0,2022-07-08,11.0,1.0,False
VERU,2022-07-11,43,22817.0,sin_earnings,2022-08-11,31.0,2022-07-11,11.0,3.0,False
ASPC,2022-07-12,22,,sin_rdq,,,2022-07-12,12.0,3.0,True
MSFT,2022-07-12,17,12141.0,sin_earnings,2022-07-26,14.0,2022-07-12,11.0,3.0,False
TLRY,2022-07-14,36,22387.0,sin_earnings,2022-07-28,14.0,2022-07-14,11.0,3.0,False
BLK,2022-07-15,7,124434.0,earnings,2022-07-15,0.0,2022-07-15,11.0,1.0,False
AAPL,2022-07-18,12,1690.0,sin_earnings,2022-07-28,10.0,2022-07-18,11.0,3.0,False
GOOG,2022-07-18,10,160329.0,sin_earnings,2022-07-26,8.0,2022-07-18,11.0,3.0,False
GOOGL,2022-07-18,10,,sin_rdq,,,2022-07-18,11.0,3.0,True
NFLX,2022-07-18,3,147579.0,earnings,2022-07-19,1.0,2022-07-18,11.0,3.0,False
PRE,2022-07-18,5,,sin_rdq,,,2022-07-18,12.0,3.0,True
XELA,2022-07-18,9,32074.0,sin_earnings,2022-08-09,22.0,2022-07-18,11.0,3.0,False
INTC,2022-07-19,15,6008.0,sin_earnings,2022-07-28,9.0,2022-07-19,11.0,3.0,False
TBLT,2022-07-19,14,33781.0,sin_earnings,2022-08-19,31.0,2022-07-19,11.0,3.0,False
SNAP,2022-07-20,3,30091.0,earnings,2022-07-21,1.0,2022-07-20,11.0,1.0,False
TSLA,2022-07-20,3,184996.0,earnings,2022-07-20,0.0,2022-07-20,11.0,3.0,False
IEX,2022-07-22,9,15267.0,sin_earnings,2022-07-26,4.0,2022-07-22,11.0,1.0,False
SIGA,2022-07-23,14,65376.0,sin_earnings,2022-08-04,12.0,2022-07-23,11.0,3.0,False
WMT,2022-07-25,3,11259.0,sin_earnings,2022-08-16,22.0,2022-07-25,11.0,1.0,False
SNDL,2022-07-26,25,,sin_rdq,,,2022-07-26,12.0,3.0,True
META,2022-07-27,3,170617.0,earnings,2022-07-27,0.0,2022-07-27,11.0,3.0,False
BABA,2022-07-29,7,,sin_rdq,,,2022-07-29,31.0,1.0,True
HKD,2022-07-29,7,,sin_rdq,,,2022-07-29,31.0,1.0,True
AMD,2022-08-01,4,1161.0,earnings,2022-08-02,1.0,2022-08-01,11.0,3.0,False
REV,2022-08-01,8,62290.0,sin_earnings,2022-08-09,8.0,2022-08-01,11.0,1.0,False
HOOD,2022-08-02,24,39293.0,earnings,2022-08-02,0.0,2022-08-02,11.0,3.0,False
AMC,2022-08-04,20,177637.0,earnings,2022-08-04,0.0,2022-08-04,11.0,1.0,False
BLK,2022-08-04,7,124434.0,sin_earnings,2022-07-15,-20.0,2022-08-04,11.0,1.0,False
COIN,2022-08-04,7,34749.0,sin_earnings,2022-08-09,5.0,2022-08-04,11.0,3.0,False
CVNA,2022-08-04,8,30999.0,earnings,2022-08-04,0.0,2022-08-04,11.0,1.0,False
FUBO,2022-08-04,14,17001.0,earnings,2022-08-04,0.0,2022-08-04,11.0,1.0,False
BBBY,2022-08-05,27,25338.0,sin_earnings,2022-06-29,-37.0,2022-08-05,11.0,3.0,False
MEGL,2022-08-05,11,,sin_rdq,,,2022-08-05,12.0,3.0,True
ARC,2022-08-06,14,162076.0,sin_earnings,2022-08-03,-3.0,2022-08-06,11.0,1.0,False
JXN,2022-08-06,21,39561.0,sin_earnings,2022-08-09,3.0,2022-08-06,11.0,1.0,False
RJAC,2022-08-06,21,,sin_rdq,,,2022-08-06,11.0,1.0,True
BBY,2022-08-07,25,2184.0,sin_earnings,2022-08-30,23.0,2022-08-07,11.0,1.0,False
BACK,2022-08-08,19,34163.0,sin_earnings,2022-08-15,7.0,2022-08-08,11.0,3.0,False
BB,2022-08-08,33,,sin_rdq,,,2022-08-08,12.0,1.0,True
CLOV,2022-08-08,17,36262.0,sin_earnings,2020-11-16,-630.0,2022-08-08,11.0,3.0,False
WISH,2022-08-08,15,,sin_rdq,,,2022-08-08,11.0,3.0,True
ASTS,2022-08-09,11,35622.0,sin_earnings,2021-05-18,-448.0,2022-08-09,11.0,3.0,False
BNGO,2022-08-10,3,33749.0,sin_earnings,2022-08-04,-6.0,2022-08-10,11.0,3.0,False
NVTA,2022-08-10,3,22867.0,earnings,2022-08-09,-1.0,2022-08-10,11.0,1.0,False
APRN,2022-08-15,39,31624.0,sin_earnings,2022-08-08,-7.0,2022-08-15,11.0,3.0,False
BBIG,2022-08-16,5,33429.0,sin_earnings,2022-05-23,-85.0,2022-08-16,11.0,3.0,False
PRTY,2022-08-16,15,187084.0,sin_earnings,2022-08-08,-8.0,2022-08-16,11.0,1.0,False
WEBR,2022-08-16,4,39201.0,earnings,2022-08-15,-1.0,2022-08-16,11.0,1.0,False
ZIM,2022-08-17,38,,sin_rdq,,,2022-08-17,12.0,1.0,True
CHWY,2022-08-18,4,35287.0,sin_earnings,2022-08-30,12.0,2022-08-18,11.0,1.0,False
GCT,2022-08-18,5,,sin_rdq,,,2022-08-18,12.0,3.0,True
STRA,2022-08-18,14,63338.0,sin_earnings,2022-07-27,-22.0,2022-08-18,11.0,3.0,False
TWTR,2022-08-18,23,18872.0,sin_earnings,2022-07-22,-27.0,2022-08-18,11.0,1.0,False
CBSH,2022-08-19,14,3238.0,sin_earnings,2022-07-21,-29.0,2022-08-19,11.0,3.0,False
FGF,2022-08-19,7,,sin_rdq,,,2022-08-19,11.0,3.0,True
HTBK,2022-08-19,14,109599.0,sin_earnings,2022-07-28,-22.0,2022-08-19,11.0,3.0,False
OXY,2022-08-19,11,8068.0,sin_earnings,2022-08-02,-17.0,2022-08-19,11.0,1.0,False
SPSC,2022-08-19,14,183974.0,sin_earnings,2022-07-27,-23.0,2022-08-19,11.0,3.0,False
SKY,2022-08-20,18,33652.0,sin_earnings,2022-08-02,-18.0,2022-08-20,11.0,1.0,False
AVYA,2022-08-23,16,32855.0,sin_earnings,2022-08-09,-14.0,2022-08-23,11.0,1.0,False
BOOM,2022-08-24,6,4497.0,sin_earnings,2022-08-04,-20.0,2022-08-24,11.0,3.0,False
NVDA,2022-08-24,10,117768.0,earnings,2022-08-24,0.0,2022-08-24,11.0,3.0,False
UEC,2022-08-24,17,165798.0,sin_earnings,2022-09-29,36.0,2022-08-24,11.0,2.0,False
LNG,2022-08-25,21,29453.0,sin_earnings,2022-08-04,-21.0,2022-08-25,11.0,1.0,False
GSAT,2022-08-26,14,175523.0,sin_earnings,2022-08-04,-22.0,2022-08-26,11.0,2.0,False
POW,2022-08-26,27,,sin_rdq,,,2022-08-26,12.0,3.0,True
AVCT,2022-08-29,37,32228.0,sin_earnings,2022-08-16,-13.0,2022-08-29,11.0,3.0,False
META,2022-08-31,62,170617.0,sin_earnings,2022-07-27,-35.0,2022-08-31,11.0,3.0,False
SLI,2022-08-31,23,,sin_rdq,,,2022-08-31,12.0,2.0,True
SBUX,2022-09-03,13,25434.0,sin_earnings,2022-08-02,-32.0,2022-09-03,11.0,3.0,False
TCBI,2022-09-05,32,150306.0,sin_earnings,2022-10-19,44.0,2022-09-05,11.0,3.0,False
DWAC,2022-09-06,3,38881.0,sin_earnings,2024-05-20,622.0,2022-09-06,11.0,3.0,False
NIO,2022-09-06,17,,sin_rdq,,,2022-09-06,31.0,1.0,True
PXD,2022-09-06,3,14359.0,sin_earnings,2022-08-02,-35.0,2022-09-06,11.0,1.0,False
AAPL,2022-09-07,6,1690.0,sin_earnings,2022-07-28,-41.0,2022-09-07,11.0,3.0,False
SPR,2022-09-07,17,164494.0,sin_earnings,2022-08-03,-35.0,2022-09-07,11.0,1.0,False
STRA,2022-09-07,7,63338.0,sin_earnings,2022-07-27,-42.0,2022-09-07,11.0,3.0,False
NFLX,2022-09-13,5,147579.0,sin_earnings,2022-10-18,35.0,2022-09-13,11.0,3.0,False
HKD,2022-09-14,3,,sin_rdq,,,2022-09-14,31.0,1.0,True
BYND,2022-09-19,3,34447.0,sin_earnings,2022-08-04,-46.0,2022-09-19,11.0,3.0,False
RUM,2022-09-19,3,37953.0,sin_earnings,2022-11-14,56.0,2022-09-19,11.0,3.0,False
MSFT,2022-09-20,11,12141.0,sin_earnings,2022-10-25,35.0,2022-09-20,11.0,3.0,False
SAVA,2022-09-20,9,137642.0,sin_earnings,2022-08-03,-48.0,2022-09-20,11.0,3.0,False
Z,2022-09-21,31,,sin_rdq,,,2022-09-21,11.0,3.0,True
ZG,2022-09-21,31,187039.0,sin_earnings,2022-11-02,42.0,2022-09-21,11.0,3.0,False
CS,2022-09-23,12,,sin_rdq,,,2022-09-23,31.0,1.0,True
DOW,2022-09-23,15,34443.0,sin_earnings,2022-10-20,27.0,2022-09-23,11.0,1.0,False
ELS,2022-09-24,18,,sin_rdq,,,2022-09-24,18.0,1.0,True
BLK,2022-09-29,15,124434.0,sin_earnings,2022-10-13,14.0,2022-09-29,11.0,1.0,False
GTES,2022-10-04,40,,sin_rdq,,,2022-10-04,12.0,1.0,True
TWTR,2022-10-04,4,18872.0,sin_earnings,2022-07-22,-74.0,2022-10-04,11.0,1.0,False
AMD,2022-10-07,5,1161.0,sin_earnings,2022-11-01,25.0,2022-10-07,11.0,3.0,False
PYPL,2022-10-08,4,24616.0,sin_earnings,2022-11-03,26.0,2022-10-08,11.0,3.0,False
TSM,2022-10-08,17,,sin_rdq,,,2022-10-08,31.0,1.0,True
MMAT,2022-10-09,6,39108.0,sin_earnings,2022-11-09,31.0,2022-10-09,11.0,3.0,False
INTC,2022-10-11,6,6008.0,sin_earnings,2022-10-27,16.0,2022-10-11,11.0,3.0,False
ON,2022-10-11,11,134932.0,sin_earnings,2022-10-31,20.0,2022-10-11,11.0,3.0,False
MCD,2022-10-13,22,7154.0,sin_earnings,2022-10-27,14.0,2022-10-13,11.0,1.0,False
YELL,2022-10-14,22,11649.0,sin_earnings,2022-11-02,19.0,2022-10-14,11.0,3.0,False
SHOP,2022-10-17,11,,sin_rdq,,,2022-10-17,12.0,1.0,True
ABNB,2022-10-18,3,37460.0,sin_earnings,2022-11-01,14.0,2022-10-18,11.0,3.0,False
SNAP,2022-10-18,4,30091.0,earnings,2022-10-20,2.0,2022-10-18,11.0,1.0,False
MULN,2022-10-19,32,40116.0,sin_earnings,2022-08-12,-68.0,2022-10-19,11.0,3.0,False
BABA,2022-10-24,3,,sin_rdq,,,2022-10-24,31.0,1.0,True
AMZN,2022-10-25,4,64768.0,earnings,2022-10-27,2.0,2022-10-25,11.0,3.0,False
GOOG,2022-10-25,11,160329.0,earnings,2022-10-25,0.0,2022-10-25,11.0,3.0,False
GOOGL,2022-10-25,3,,sin_rdq,,,2022-10-25,11.0,3.0,True
MSFT,2022-10-25,4,12141.0,earnings,2022-10-25,0.0,2022-10-25,11.0,3.0,False
SPOT,2022-10-25,14,,sin_rdq,,,2022-10-25,12.0,1.0,True
SKYX,2022-10-26,24,25447.0,sin_earnings,2022-11-10,15.0,2022-10-26,11.0,3.0,False
SOFI,2022-10-31,3,37111.0,sin_earnings,2021-05-24,-525.0,2022-10-31,11.0,3.0,False
Z,2022-11-01,9,,sin_rdq,,,2022-11-01,11.0,3.0,True
ZG,2022-11-01,9,187039.0,earnings,2022-11-02,1.0,2022-11-01,11.0,3.0,False
COIN,2022-11-03,25,34749.0,earnings,2022-11-03,0.0,2022-11-03,11.0,3.0,False
CVNA,2022-11-03,9,30999.0,earnings,2022-11-03,0.0,2022-11-03,11.0,1.0,False
ASTS,2022-11-04,15,35622.0,sin_earnings,2021-05-18,-535.0,2022-11-04,11.0,3.0,False
DWAC,2022-11-07,14,38881.0,sin_earnings,2024-05-20,560.0,2022-11-07,11.0,3.0,False
PLTR,2022-11-07,10,36910.0,earnings,2022-11-07,0.0,2022-11-07,11.0,3.0,False
AMC,2022-11-08,9,177637.0,earnings,2022-11-08,0.0,2022-11-08,11.0,1.0,False
BRC,2022-11-09,11,2352.0,sin_earnings,2022-11-17,8.0,2022-11-09,11.0,1.0,False
NEGG,2022-11-11,42,,sin_rdq,,,2022-11-11,12.0,3.0,True
CNXN,2022-11-14,9,66586.0,sin_earnings,2022-11-03,-11.0,2022-11-14,11.0,3.0,False
RGP,2022-11-14,9,141359.0,sin_earnings,2022-10-05,-40.0,2022-11-14,11.0,3.0,False
TGT,2022-11-14,3,3813.0,earnings,2022-11-16,2.0,2022-11-14,11.0,1.0,False
ICE,2022-11-20,37,163610.0,sin_earnings,2022-11-03,-17.0,2022-11-20,11.0,1.0,False
COSM,2022-11-21,18,18874.0,sin_earnings,2022-11-14,-7.0,2022-11-21,11.0,3.0,False
COMS,2022-11-23,25,38077.0,sin_earnings,2022-12-15,22.0,2022-11-23,11.0,3.0,False
TCDA,2022-11-25,14,33600.0,sin_earnings,2022-11-14,-11.0,2022-11-25,11.0,3.0,False
AAPL,2022-11-28,4,1690.0,sin_earnings,2022-10-27,-32.0,2022-11-28,11.0,3.0,False
TLRY,2022-12-02,5,22387.0,sin_earnings,2023-01-09,38.0,2022-12-02,11.0,3.0,False
CVNA,2022-12-07,3,30999.0,sin_earnings,2022-11-03,-34.0,2022-12-07,11.0,1.0,False
BKNG,2022-12-12,16,119314.0,sin_earnings,2022-11-02,-40.0,2022-12-12,11.0,3.0,False
GTES,2022-12-15,14,,sin_rdq,,,2022-12-15,12.0,1.0,True
TSLA,2022-12-15,23,184996.0,sin_earnings,2023-01-25,41.0,2022-12-15,11.0,3.0,False
HOOD,2022-12-20,4,39293.0,sin_earnings,2022-11-02,-48.0,2022-12-20,11.0,3.0,False
CAT,2022-12-21,42,2817.0,sin_earnings,2023-01-31,41.0,2022-12-21,11.0,1.0,False
TRKA,2022-12-21,48,23563.0,sin_earnings,2022-11-14,-37.0,2022-12-21,11.0,3.0,False
AMC,2022-12-22,6,177637.0,sin_earnings,2022-11-08,-44.0,2022-12-22,11.0,1.0,False
LUV,2022-12-27,3,9882.0,sin_earnings,2023-01-26,30.0,2022-12-27,11.0,1.0,False
BABA,2023-01-04,14,,sin_rdq,,,2023-01-04,31.0,1.0,True
MSFT,2023-01-04,22,12141.0,sin_earnings,2023-01-24,20.0,2023-01-04,11.0,3.0,False
BBBY,2023-01-05,14,25338.0,sin_earnings,2023-01-10,5.0,2023-01-05,11.0,3.0,False
HKD,2023-01-05,5,,sin_rdq,,,2023-01-05,31.0,1.0,True
PRTY,2023-01-06,12,187084.0,sin_earnings,2022-11-08,-59.0,2023-01-06,11.0,1.0,False
APRN,2023-01-13,32,31624.0,sin_earnings,2023-03-16,62.0,2023-01-13,11.0,3.0,False
GS,2023-01-16,13,114628.0,earnings,2023-01-17,1.0,2023-01-16,11.0,1.0,False
GNS,2023-01-19,7,,sin_rdq,,,2023-01-19,12.0,2.0,True
GOOG,2023-01-20,27,160329.0,sin_earnings,2023-02-02,13.0,2023-01-20,11.0,3.0,False
GOOGL,2023-01-20,28,,sin_rdq,,,2023-01-20,11.0,3.0,True
HLBZ,2023-01-20,7,35784.0,sin_earnings,2021-05-25,-605.0,2023-01-20,11.0,3.0,False
NVDA,2023-01-23,38,117768.0,sin_earnings,2023-02-22,30.0,2023-01-23,11.0,3.0,False
AMD,2023-01-24,10,1161.0,sin_earnings,2023-01-31,7.0,2023-01-24,11.0,3.0,False
NVOS,2023-01-24,11,31370.0,sin_earnings,2023-04-03,69.0,2023-01-24,11.0,3.0,False
WMT,2023-01-24,11,11259.0,sin_earnings,2023-02-21,28.0,2023-01-24,11.0,1.0,False
INTC,2023-01-26,7,6008.0,earnings,2023-01-26,0.0,2023-01-26,11.0,3.0,False
NGS,2023-01-26,42,150562.0,sin_earnings,2023-03-31,64.0,2023-01-26,11.0,1.0,False
PXD,2023-01-26,43,14359.0,sin_earnings,2023-02-22,27.0,2023-01-26,11.0,1.0,False
LCID,2023-01-27,4,36756.0,sin_earnings,2021-06-01,-605.0,2023-01-27,11.0,3.0,False
CVNA,2023-01-30,5,30999.0,sin_earnings,2023-02-23,24.0,2023-01-30,11.0,1.0,False
SNAP,2023-01-30,3,30091.0,earnings,2023-01-31,1.0,2023-01-30,11.0,1.0,False
META,2023-01-31,4,170617.0,earnings,2023-02-01,1.0,2023-01-31,11.0,3.0,False
PYPL,2023-01-31,11,24616.0,sin_earnings,2023-02-09,9.0,2023-01-31,11.0,3.0,False
MARA,2023-02-02,20,4384.0,sin_earnings,2023-03-16,42.0,2023-02-02,11.0,3.0,False
MASS,2023-02-02,22,37480.0,sin_earnings,2023-03-07,33.0,2023-02-02,11.0,3.0,False
SBUX,2023-02-02,4,25434.0,earnings,2023-02-02,0.0,2023-02-02,11.0,3.0,False
NSC,2023-02-13,10,7923.0,sin_earnings,2023-01-25,-19.0,2023-02-13,11.0,1.0,False
PLTR,2023-02-13,3,36910.0,earnings,2023-02-13,0.0,2023-02-13,11.0,3.0,False
SI,2023-02-14,3,34446.0,sin_earnings,2023-01-17,-28.0,2023-02-14,11.0,1.0,False
DKNG,2023-02-15,3,35082.0,sin_earnings,2020-03-12,-1070.0,2023-02-15,11.0,3.0,False
AMC,2023-02-27,3,177637.0,earnings,2023-02-28,1.0,2023-02-27,11.0,1.0,False
TRKA,2023-02-27,11,23563.0,sin_earnings,2023-03-07,8.0,2023-02-27,11.0,3.0,False
CRM,2023-03-01,3,157855.0,earnings,2023-03-01,0.0,2023-03-01,11.0,1.0,False
NVOS,2023-03-06,3,31370.0,sin_earnings,2023-04-03,28.0,2023-03-06,11.0,3.0,False
BAC,2023-03-09,19,7647.0,sin_earnings,2023-04-18,40.0,2023-03-09,11.0,1.0,False
CS,2023-03-09,13,,sin_rdq,,,2023-03-09,31.0,1.0,True
JPM,2023-03-09,13,2968.0,sin_earnings,2023-04-14,36.0,2023-03-09,11.0,1.0,False
VLY,2023-03-09,6,11861.0,sin_earnings,2023-01-26,-42.0,2023-03-09,11.0,3.0,False
BLK,2023-03-10,10,124434.0,sin_earnings,2023-04-14,35.0,2023-03-10,11.0,1.0,False
FRC,2023-03-10,18,14275.0,sin_earnings,2023-04-24,45.0,2023-03-10,11.0,1.0,False
WAL,2023-03-10,7,163920.0,sin_earnings,2023-04-18,39.0,2023-03-10,11.0,1.0,False
WFC,2023-03-10,11,8007.0,sin_earnings,2023-04-14,35.0,2023-03-10,11.0,1.0,False
MKSI,2023-03-11,21,119275.0,sin_earnings,2023-02-27,-12.0,2023-03-11,11.0,3.0,False
NATI,2023-03-11,21,31607.0,sin_earnings,2023-01-31,-39.0,2023-03-11,11.0,3.0,False
AMTD,2023-03-13,16,,sin_rdq,,,2023-03-13,31.0,1.0,True
BRLI,2023-03-13,21,22320.0,sin_earnings,2023-04-10,28.0,2023-03-13,12.0,3.0,False
GS,2023-03-13,11,114628.0,sin_earnings,2023-04-18,36.0,2023-03-13,11.0,1.0,False
PACW,2023-03-13,10,,sin_rdq,,,2023-03-13,11.0,3.0,True
SCHW,2023-03-13,12,13988.0,sin_earnings,2023-04-17,35.0,2023-03-13,11.0,1.0,False
DB,2023-03-15,11,,sin_rdq,,,2023-03-15,12.0,1.0,True
GME,2023-03-15,22,145049.0,sin_earnings,2023-03-21,6.0,2023-03-15,11.0,1.0,False
UBS,2023-03-15,7,,sin_rdq,,,2023-03-15,12.0,1.0,True
AMD,2023-03-16,8,1161.0,sin_earnings,2023-01-31,-44.0,2023-03-16,11.0,3.0,False
PXMD,2023-03-23,13,36789.0,sin_earnings,2023-03-30,7.0,2023-03-23,11.0,3.0,False
BABA,2023-03-28,3,,sin_rdq,,,2023-03-28,31.0,1.0,True
XOM,2023-04-02,31,4503.0,sin_earnings,2023-04-28,26.0,2023-04-02,11.0,1.0,False
BLK,2023-04-06,9,124434.0,sin_earnings,2023-04-14,8.0,2023-04-06,11.0,1.0,False
NFLX,2023-04-17,3,147579.0,earnings,2023-04-18,1.0,2023-04-17,11.0,3.0,False
BKNG,2023-04-18,24,119314.0,sin_earnings,2023-05-04,16.0,2023-04-18,11.0,3.0,False
TSLA,2023-04-19,3,184996.0,earnings,2023-04-19,0.0,2023-04-19,11.0,3.0,False
MSFT,2023-04-20,8,12141.0,sin_earnings,2023-04-25,5.0,2023-04-20,11.0,3.0,False
AMZN,2023-04-21,8,64768.0,sin_earnings,2023-04-27,6.0,2023-04-21,11.0,3.0,False
BBBY,2023-04-23,6,25338.0,sin_earnings,2023-06-14,52.0,2023-04-23,11.0,3.0,False
FRC,2023-04-24,5,14275.0,earnings,2023-04-24,0.0,2023-04-24,11.0,1.0,False
PACW,2023-04-25,11,,sin_rdq,,,2023-04-25,11.0,3.0,True
CMA,2023-04-26,10,3231.0,sin_earnings,2023-04-20,-6.0,2023-04-26,11.0,1.0,False
INTC,2023-04-26,3,6008.0,earnings,2023-04-27,1.0,2023-04-26,11.0,3.0,False
SOFI,2023-04-28,5,37111.0,sin_earnings,2021-05-24,-704.0,2023-04-28,11.0,3.0,False
WFC,2023-04-29,9,8007.0,sin_earnings,2023-04-14,-15.0,2023-04-29,11.0,1.0,False
CHGG,2023-05-01,3,18556.0,earnings,2023-05-01,0.0,2023-05-01,11.0,1.0,False
HOOD,2023-05-01,3,39293.0,sin_earnings,2023-05-10,9.0,2023-05-01,11.0,3.0,False
JPM,2023-05-01,4,2968.0,sin_earnings,2023-04-14,-17.0,2023-05-01,11.0,1.0,False
AMD,2023-05-02,9,1161.0,earnings,2023-05-02,0.0,2023-05-02,11.0,3.0,False
WAL,2023-05-02,4,163920.0,sin_earnings,2023-04-18,-14.0,2023-05-02,11.0,1.0,False
CVNA,2023-05-04,8,30999.0,earnings,2023-05-04,0.0,2023-05-04,11.0,1.0,False
NVOS,2023-05-05,21,31370.0,sin_earnings,2023-05-24,19.0,2023-05-05,11.0,3.0,False
PLTR,2023-05-08,4,36910.0,earnings,2023-05-08,0.0,2023-05-08,11.0,3.0,False
PYPL,2023-05-08,6,24616.0,earnings,2023-05-08,0.0,2023-05-08,11.0,3.0,False
ABNB,2023-05-09,3,37460.0,earnings,2023-05-09,0.0,2023-05-09,11.0,3.0,False
DIS,2023-05-10,9,3980.0,earnings,2023-05-10,0.0,2023-05-10,11.0,1.0,False
PHM,2023-05-11,21,8823.0,sin_earnings,2023-04-25,-16.0,2023-05-11,11.0,1.0,False
WMT,2023-05-17,20,11259.0,earnings,2023-05-18,1.0,2023-05-17,11.0,1.0,False
NVDA,2023-05-18,14,117768.0,sin_earnings,2023-05-24,6.0,2023-05-18,11.0,3.0,False
AVGO,2023-05-23,10,180711.0,sin_earnings,2023-06-01,9.0,2023-05-23,11.0,3.0,False
CRM,2023-05-30,3,157855.0,earnings,2023-05-31,1.0,2023-05-30,11.0,1.0,False
TGT,2023-05-31,21,3813.0,sin_earnings,2023-05-17,-14.0,2023-05-31,11.0,1.0,False
NIO,2023-06-02,15,,sin_rdq,,,2023-06-02,31.0,1.0,True
COIN,2023-06-05,3,34749.0,sin_earnings,2023-05-04,-32.0,2023-06-05,11.0,3.0,False
DOCU,2023-06-05,5,33301.0,sin_earnings,2023-06-08,3.0,2023-06-05,11.0,3.0,False
MVIS,2023-06-05,4,63531.0,sin_earnings,2023-05-09,-27.0,2023-06-05,11.0,3.0,False
TIO,2023-06-06,12,160555.0,sin_earnings,2023-05-15,-22.0,2023-06-06,11.0,3.0,False
GME,2023-06-07,9,145049.0,earnings,2023-06-07,0.0,2023-06-07,11.0,1.0,False
ADBE,2023-06-08,9,12540.0,sin_earnings,2023-06-15,7.0,2023-06-08,11.0,3.0,False
TSLA,2023-06-08,44,184996.0,sin_earnings,2023-07-19,41.0,2023-06-08,11.0,3.0,False
ORCL,2023-06-09,5,12142.0,sin_earnings,2023-06-12,3.0,2023-06-09,11.0,1.0,False
NKLA,2023-06-13,4,33493.0,sin_earnings,2020-05-11,-1128.0,2023-06-13,11.0,3.0,False
BLK,2023-06-14,8,124434.0,sin_earnings,2023-07-14,30.0,2023-06-14,11.0,1.0,False
SPCE,2023-06-15,15,32355.0,sin_rdq,,,2023-06-15,11.0,1.0,False
FXLV,2023-06-22,3,39061.0,sin_earnings,2023-10-23,123.0,2023-06-22,11.0,1.0,False
APTM,2023-06-26,22,,sin_rdq,,,2023-06-26,12.0,3.0,True
RIVN,2023-06-29,15,39811.0,sin_earnings,2023-08-08,40.0,2023-06-29,11.0,3.0,False
META,2023-07-05,23,170617.0,sin_earnings,2023-07-26,21.0,2023-07-05,11.0,3.0,False
DAL,2023-07-10,5,3851.0,sin_earnings,2023-07-13,3.0,2023-07-10,11.0,1.0,False
COIN,2023-07-11,4,34749.0,sin_earnings,2023-08-03,23.0,2023-07-11,11.0,3.0,False
RKLB,2023-07-11,9,39503.0,sin_earnings,2023-08-08,28.0,2023-07-11,11.0,3.0,False
CVNA,2023-07-12,9,30999.0,sin_earnings,2023-07-19,7.0,2023-07-12,11.0,1.0,False
GOOG,2023-07-13,14,160329.0,sin_earnings,2023-07-25,12.0,2023-07-13,11.0,3.0,False
GOOGL,2023-07-13,14,,sin_rdq,,,2023-07-13,11.0,3.0,True
PYPL,2023-07-13,7,24616.0,sin_earnings,2023-08-02,20.0,2023-07-13,11.0,3.0,False
UPS,2023-07-13,14,10920.0,sin_earnings,2023-08-08,26.0,2023-07-13,11.0,1.0,False
DIS,2023-07-17,8,3980.0,sin_earnings,2023-08-09,23.0,2023-07-17,11.0,1.0,False
UPST,2023-07-17,25,37357.0,sin_earnings,2023-08-08,22.0,2023-07-17,11.0,3.0,False
MSFT,2023-07-18,10,12141.0,sin_earnings,2023-07-25,7.0,2023-07-18,11.0,3.0,False
NFLX,2023-07-18,3,147579.0,earnings,2023-07-19,1.0,2023-07-18,11.0,3.0,False
SIRI,2023-07-20,5,30662.0,sin_earnings,2023-08-01,12.0,2023-07-20,11.0,3.0,False
AMC,2023-07-21,5,177637.0,sin_earnings,2023-08-08,18.0,2023-07-21,11.0,1.0,False
OPY,2023-07-21,12,13453.0,sin_earnings,2023-07-28,7.0,2023-07-21,11.0,1.0,False
SNAP,2023-07-24,3,30091.0,earnings,2023-07-25,1.0,2023-07-24,11.0,1.0,False
SPOT,2023-07-24,3,,sin_rdq,,,2023-07-24,12.0,1.0,True
TUP,2023-07-24,12,62897.0,sin_earnings,2023-03-01,-145.0,2023-07-24,11.0,1.0,False
DISH,2023-07-25,4,60900.0,sin_earnings,2023-08-08,14.0,2023-07-25,11.0,3.0,False
RTX,2023-07-25,4,10983.0,earnings,2023-07-25,0.0,2023-07-25,11.0,1.0,False
TLRY,2023-07-26,7,22387.0,earnings,2023-07-26,0.0,2023-07-26,11.0,3.0,False
ENPH,2023-07-27,12,187450.0,earnings,2023-07-27,0.0,2023-07-27,11.0,3.0,False
PLTR,2023-07-28,5,36910.0,sin_earnings,2023-08-07,10.0,2023-07-28,11.0,3.0,False
YELL,2023-07-31,13,11649.0,sin_earnings,2023-08-09,9.0,2023-07-31,11.0,3.0,False
AMD,2023-08-01,3,1161.0,earnings,2023-08-01,0.0,2023-08-01,11.0,3.0,False
TTOO,2023-08-01,11,21033.0,sin_earnings,2023-08-07,6.0,2023-08-01,11.0,3.0,False
PYPL,2023-08-02,8,24616.0,earnings,2023-08-02,0.0,2023-08-02,11.0,3.0,False
RAD,2023-08-02,8,9155.0,sin_earnings,2023-06-29,-34.0,2023-08-02,11.0,1.0,False
AAPL,2023-08-03,5,1690.0,earnings,2023-08-03,0.0,2023-08-03,11.0,3.0,False
WE,2023-08-09,3,33433.0,earnings,2023-08-08,-1.0,2023-08-09,11.0,1.0,False
EBET,2023-08-10,12,38339.0,sin_earnings,2023-08-14,4.0,2023-08-10,11.0,3.0,False
NYC,2023-08-11,29,,sin_rdq,,,2023-08-11,18.0,1.0,True
NVDA,2023-08-14,12,117768.0,sin_earnings,2023-08-23,9.0,2023-08-14,11.0,3.0,False
Z,2023-08-14,15,,sin_rdq,,,2023-08-14,11.0,3.0,True
ZG,2023-08-14,21,187039.0,sin_earnings,2023-08-02,-12.0,2023-08-14,11.0,3.0,False
WMT,2023-08-16,8,11259.0,earnings,2023-08-17,1.0,2023-08-16,11.0,1.0,False
JXN,2023-08-17,9,39561.0,sin_earnings,2023-08-08,-9.0,2023-08-17,11.0,1.0,False
NVAX,2023-08-22,24,61655.0,sin_earnings,2023-08-08,-14.0,2023-08-22,11.0,3.0,False
IMCC,2023-08-30,22,,sin_rdq,,,2023-08-30,12.0,3.0,True
INTC,2023-09-04,18,6008.0,sin_earnings,2023-07-27,-39.0,2023-09-04,11.0,3.0,False
ABNB,2023-09-05,3,37460.0,sin_earnings,2023-08-03,-33.0,2023-09-05,11.0,3.0,False
GME,2023-09-06,15,145049.0,earnings,2023-09-06,0.0,2023-09-06,11.0,1.0,False
AAPL,2023-09-07,8,1690.0,sin_earnings,2023-08-03,-35.0,2023-09-07,11.0,3.0,False
CGC,2023-09-11,10,,sin_rdq,,,2023-09-11,12.0,3.0,True
ORCL,2023-09-11,3,12142.0,earnings,2023-09-11,0.0,2023-09-11,11.0,1.0,False
TSLA,2023-09-11,8,184996.0,sin_earnings,2023-10-18,37.0,2023-09-11,11.0,3.0,False
RIVN,2023-09-27,10,39811.0,sin_earnings,2023-11-07,41.0,2023-09-27,11.0,3.0,False
LMT,2023-10-07,11,6774.0,sin_earnings,2023-10-17,10.0,2023-10-07,11.0,1.0,False
TSLA,2023-10-18,3,184996.0,earnings,2023-10-18,0.0,2023-10-18,11.0,3.0,False
ENPH,2023-10-19,15,187450.0,sin_earnings,2023-10-26,7.0,2023-10-19,11.0,3.0,False
INTC,2023-10-23,5,6008.0,sin_earnings,2023-10-26,3.0,2023-10-23,11.0,3.0,False
GOOG,2023-10-24,3,160329.0,earnings,2023-10-24,0.0,2023-10-24,11.0,3.0,False
MSFT,2023-10-24,3,12141.0,earnings,2023-10-24,0.0,2023-10-24,11.0,3.0,False
AMZN,2023-10-25,3,64768.0,earnings,2023-10-26,1.0,2023-10-25,11.0,3.0,False
SBUX,2023-11-02,18,25434.0,earnings,2023-11-02,0.0,2023-11-02,11.0,3.0,False
BABA,2023-11-15,7,,sin_rdq,,,2023-11-15,31.0,1.0,True
NEGG,2023-11-16,21,,sin_rdq,,,2023-11-16,12.0,3.0,True
SAVE,2023-11-17,19,185624.0,sin_earnings,2023-10-26,-22.0,2023-11-17,11.0,1.0,False
BBY,2023-11-20,8,2184.0,earnings,2023-11-21,1.0,2023-11-20,11.0,1.0,False
NVDA,2023-11-20,3,117768.0,earnings,2023-11-21,1.0,2023-11-20,11.0,3.0,False
COIN,2023-11-28,10,34749.0,sin_earnings,2023-11-02,-26.0,2023-11-28,11.0,3.0,False
GME,2023-11-29,10,145049.0,sin_earnings,2023-12-06,7.0,2023-11-29,11.0,1.0,False
HOOD,2023-11-29,121,39293.0,sin_earnings,2023-11-07,-22.0,2023-11-29,11.0,3.0,False
BETS,2023-12-01,6,,sin_rdq,,,2023-12-01,12.0,3.0,True
META,2023-12-01,11,170617.0,sin_earnings,2023-10-25,-37.0,2023-12-01,11.0,3.0,False
MARA,2023-12-04,32,4384.0,sin_earnings,2023-11-08,-26.0,2023-12-04,11.0,3.0,False
AMD,2023-12-07,6,1161.0,sin_earnings,2023-10-31,-37.0,2023-12-07,11.0,3.0,False
GOOG,2023-12-07,23,160329.0,sin_earnings,2023-10-24,-44.0,2023-12-07,11.0,3.0,False
GOOGL,2023-12-07,19,,sin_rdq,,,2023-12-07,11.0,3.0,True
FSR,2023-12-08,13,33868.0,sin_earnings,2020-10-28,-1136.0,2023-12-08,11.0,1.0,False
PFE,2023-12-13,12,8530.0,sin_earnings,2023-10-31,-43.0,2023-12-13,11.0,1.0,False
FDX,2023-12-15,10,4598.0,sin_earnings,2023-12-19,4.0,2023-12-15,11.0,1.0,False
NIO,2023-12-18,19,,sin_rdq,,,2023-12-18,31.0,1.0,True
UPS,2023-12-20,5,10920.0,sin_earnings,2024-01-30,41.0,2023-12-20,11.0,1.0,False
INTC,2023-12-26,6,6008.0,sin_earnings,2024-01-25,30.0,2023-12-26,11.0,3.0,False
FGF,2024-01-03,23,,sin_rdq,,,2024-01-03,11.0,3.0,True
ZIM,2024-01-04,13,,sin_rdq,,,2024-01-04,12.0,1.0,True
BA,2024-01-06,5,2285.0,sin_earnings,2024-01-31,25.0,2024-01-06,11.0,1.0,False
NVDA,2024-01-08,47,117768.0,sin_earnings,2024-02-21,44.0,2024-01-08,11.0,3.0,False
SAVE,2024-01-08,17,185624.0,sin_earnings,2024-02-08,31.0,2024-01-08,11.0,1.0,False
BLK,2024-01-11,8,124434.0,earnings,2024-01-12,1.0,2024-01-11,11.0,1.0,False
ICE,2024-01-12,20,163610.0,sin_earnings,2024-02-08,27.0,2024-01-12,11.0,1.0,False
UEC,2024-01-12,7,165798.0,sin_earnings,2023-12-11,-32.0,2024-01-12,11.0,2.0,False
BABA,2024-01-14,25,,sin_rdq,,,2024-01-14,31.0,1.0,True
AMD,2024-01-16,16,1161.0,sin_earnings,2024-01-30,14.0,2024-01-16,11.0,3.0,False
DWAC,2024-01-16,9,38881.0,sin_earnings,2024-05-20,125.0,2024-01-16,11.0,3.0,False
MASS,2024-01-16,70,37480.0,sin_earnings,2024-03-05,49.0,2024-01-16,11.0,3.0,False
MSFT,2024-01-16,16,12141.0,sin_earnings,2024-01-30,14.0,2024-01-16,11.0,3.0,False
TSLA,2024-01-16,22,184996.0,sin_earnings,2024-01-24,8.0,2024-01-16,11.0,3.0,False
TSM,2024-01-17,13,,sin_rdq,,,2024-01-17,31.0,1.0,True
ICU,2024-01-18,9,37783.0,sin_earnings,2023-11-14,-65.0,2024-01-18,11.0,3.0,False
SLI,2024-01-18,16,,sin_rdq,,,2024-01-18,12.0,2.0,True
PYPL,2024-01-19,8,24616.0,sin_earnings,2024-02-07,19.0,2024-01-19,11.0,3.0,False
SMCI,2024-01-19,36,176567.0,sin_earnings,2024-01-29,10.0,2024-01-19,11.0,3.0,False
NFLX,2024-01-22,8,147579.0,earnings,2024-01-23,1.0,2024-01-22,11.0,3.0,False
ROAD,2024-01-24,31,33424.0,sin_earnings,2024-02-09,16.0,2024-01-24,11.0,3.0,False
GOOG,2024-01-25,9,160329.0,sin_earnings,2024-01-30,5.0,2024-01-25,11.0,3.0,False
SOFI,2024-01-25,6,37111.0,sin_earnings,2021-05-24,-976.0,2024-01-25,11.0,3.0,False
TCBI,2024-01-26,8,150306.0,sin_earnings,2024-01-18,-8.0,2024-01-26,11.0,3.0,False
SBUX,2024-01-28,5,25434.0,earnings,2024-01-30,2.0,2024-01-28,11.0,3.0,False
AMZN,2024-01-30,4,64768.0,earnings,2024-02-01,2.0,2024-01-30,11.0,3.0,False
GOOGL,2024-01-30,17,,sin_rdq,,,2024-01-30,11.0,3.0,True
WEN,2024-01-30,95,3708.0,sin_earnings,2024-02-15,16.0,2024-01-30,11.0,3.0,False
NYCB,2024-01-31,13,29282.0,earnings,2024-01-31,0.0,2024-01-31,11.0,1.0,False
RKLB,2024-02-01,28,39503.0,sin_earnings,2024-02-27,26.0,2024-02-01,11.0,3.0,False
LLY,2024-02-02,7,6730.0,sin_earnings,2024-02-06,4.0,2024-02-02,11.0,1.0,False
MCD,2024-02-02,9,7154.0,sin_earnings,2024-02-05,3.0,2024-02-02,11.0,1.0,False
PLTR,2024-02-02,8,36910.0,sin_earnings,2024-02-05,3.0,2024-02-02,11.0,3.0,False
SPOT,2024-02-02,5,,sin_rdq,,,2024-02-02,12.0,1.0,True
SNAP,2024-02-05,3,30091.0,earnings,2024-02-06,1.0,2024-02-05,11.0,1.0,False
ARM,2024-02-06,10,,sin_rdq,,,2024-02-06,31.0,3.0,True
DIS,2024-02-06,3,3980.0,earnings,2024-02-07,1.0,2024-02-06,11.0,1.0,False
AFRM,2024-02-07,3,37413.0,earnings,2024-02-08,1.0,2024-02-07,11.0,3.0,False
PINS,2024-02-07,3,35013.0,earnings,2024-02-08,1.0,2024-02-07,11.0,1.0,False
DKNG,2024-02-08,9,35082.0,sin_earnings,2020-03-12,-1428.0,2024-02-08,11.0,3.0,False
SHOP,2024-02-08,6,,sin_rdq,,,2024-02-08,12.0,1.0,True
AMAT,2024-02-09,8,1704.0,sin_earnings,2024-02-15,6.0,2024-02-09,11.0,3.0,False
ANET,2024-02-09,5,20748.0,sin_earnings,2024-02-12,3.0,2024-02-09,11.0,1.0,False
CSCO,2024-02-09,7,20779.0,sin_earnings,2024-02-14,5.0,2024-02-09,11.0,3.0,False
DDOG,2024-02-09,8,35620.0,sin_earnings,2024-02-13,4.0,2024-02-09,11.0,3.0,False
CELH,2024-02-13,17,175269.0,sin_earnings,2024-02-29,16.0,2024-02-13,11.0,3.0,False
LUNR,2024-02-13,14,38258.0,sin_earnings,2024-03-21,37.0,2024-02-13,11.0,3.0,False
COIN,2024-02-14,3,34749.0,earnings,2024-02-15,1.0,2024-02-14,11.0,3.0,False
BRK,2024-02-15,39,2176.0,sin_earnings,2024-02-24,9.0,2024-02-15,11.0,1.0,False
SOUN,2024-02-15,16,38087.0,sin_earnings,2024-02-29,14.0,2024-02-15,11.0,3.0,False
WMT,2024-02-16,12,11259.0,sin_earnings,2024-02-20,4.0,2024-02-16,11.0,1.0,False
PANW,2024-02-20,16,171067.0,earnings,2024-02-20,0.0,2024-02-20,11.0,3.0,False
CRWD,2024-02-21,15,35182.0,sin_earnings,2024-03-05,13.0,2024-02-21,11.0,3.0,False
IOVA,2024-02-21,8,180057.0,sin_earnings,2024-02-28,7.0,2024-02-21,11.0,3.0,False
RIVN,2024-02-21,3,39811.0,earnings,2024-02-21,0.0,2024-02-21,11.0,3.0,False
CVNA,2024-02-22,7,30999.0,earnings,2024-02-22,0.0,2024-02-22,11.0,1.0,False
WBD,2024-02-22,19,164296.0,earnings,2024-02-23,1.0,2024-02-22,11.0,3.0,False
BMBL,2024-02-26,3,37790.0,earnings,2024-02-27,1.0,2024-02-26,11.0,3.0,False
CRM,2024-02-26,3,157855.0,earnings,2024-02-28,2.0,2024-02-26,11.0,1.0,False
MARA,2024-02-26,4,4384.0,earnings,2024-02-28,2.0,2024-02-26,11.0,3.0,False
BYND,2024-02-27,3,34447.0,earnings,2024-02-27,0.0,2024-02-27,11.0,3.0,False
BBAI,2024-02-28,10,37966.0,sin_earnings,2024-03-07,8.0,2024-02-28,11.0,1.0,False
BETS,2024-02-28,8,,sin_rdq,,,2024-02-28,12.0,3.0,True
MSTR,2024-02-28,21,111534.0,sin_earnings,2024-02-06,-22.0,2024-02-28,11.0,3.0,False
DELL,2024-02-29,3,14489.0,earnings,2024-02-29,0.0,2024-02-29,11.0,1.0,False
GDC,2024-02-29,20,33081.0,sin_earnings,2024-04-02,33.0,2024-02-29,11.0,3.0,False
RILY,2024-02-29,16,178073.0,earnings,2024-02-29,0.0,2024-02-29,11.0,3.0,False
ANF,2024-03-01,6,63643.0,sin_earnings,2024-03-06,5.0,2024-03-01,11.0,1.0,False
AVGO,2024-03-01,7,180711.0,sin_earnings,2024-03-07,6.0,2024-03-01,11.0,3.0,False
COST,2024-03-01,8,29028.0,sin_earnings,2024-03-07,6.0,2024-03-01,11.0,3.0,False
GTLB,2024-03-01,5,39687.0,sin_earnings,2024-03-04,3.0,2024-03-01,11.0,3.0,False
MRVL,2024-03-01,7,137310.0,sin_earnings,2024-03-07,6.0,2024-03-01,11.0,3.0,False
TGT,2024-03-01,5,3813.0,sin_earnings,2024-03-05,4.0,2024-03-01,11.0,1.0,False
AAPL,2024-03-04,8,1690.0,sin_earnings,2024-02-01,-32.0,2024-03-04,11.0,3.0,False
INTC,2024-03-04,10,6008.0,sin_earnings,2024-01-25,-39.0,2024-03-04,11.0,3.0,False
TSM,2024-03-04,16,,sin_rdq,,,2024-03-04,31.0,1.0,True
EVA,2024-03-05,10,23296.0,sin_earnings,2023-11-09,-117.0,2024-03-05,11.0,1.0,False
NFLX,2024-03-05,8,147579.0,sin_earnings,2024-01-23,-42.0,2024-03-05,11.0,3.0,False
ORCL,2024-03-07,6,12142.0,sin_earnings,2024-03-11,4.0,2024-03-07,11.0,1.0,False
BA,2024-03-11,8,2285.0,sin_earnings,2024-01-31,-40.0,2024-03-11,11.0,1.0,False
PATH,2024-03-12,3,38646.0,earnings,2024-03-13,1.0,2024-03-12,11.0,1.0,False
TSLA,2024-03-14,5,184996.0,sin_earnings,2024-04-23,40.0,2024-03-14,11.0,3.0,False
FDX,2024-03-15,7,4598.0,sin_earnings,2024-03-21,6.0,2024-03-15,11.0,1.0,False
TLRY,2024-03-17,24,22387.0,sin_earnings,2024-04-09,23.0,2024-03-17,11.0,3.0,False
DWAC,2024-03-19,7,38881.0,sin_earnings,2024-05-20,62.0,2024-03-19,11.0,3.0,False
KULR,2024-03-21,26,33557.0,sin_earnings,2024-04-12,22.0,2024-03-21,11.0,2.0,False
RDDT,2024-03-21,15,45097.0,earnings,2024-03-21,0.0,2024-03-21,11.0,1.0,False
CGC,2024-03-22,18,,sin_rdq,,,2024-03-22,12.0,3.0,True
IMCC,2024-03-22,19,,sin_rdq,,,2024-03-22,12.0,3.0,True
DJT,2024-03-26,7,38881.0,sin_earnings,2024-05-20,55.0,2024-03-26,11.0,3.0,False
GME,2024-03-26,28,145049.0,earnings,2024-03-26,0.0,2024-03-26,11.0,1.0,False
NKLA,2024-03-26,7,33493.0,sin_earnings,2020-05-11,-1415.0,2024-03-26,11.0,3.0,False
AZZ,2024-03-27,30,1926.0,sin_earnings,2024-04-22,26.0,2024-03-27,11.0,1.0,False
DXYZ,2024-03-27,14,,sin_rdq,,,2024-03-27,11.0,1.0,True
PHAT,2024-03-31,36,35728.0,sin_earnings,2024-03-07,-24.0,2024-03-31,11.0,3.0,False
GES,2024-04-01,3,63447.0,sin_earnings,2024-03-20,-12.0,2024-04-01,11.0,1.0,False
RILY,2024-04-01,3,178073.0,sin_earnings,2024-02-29,-32.0,2024-04-01,11.0,3.0,False
ALCC,2024-04-02,8,38375.0,sin_earnings,2024-08-14,134.0,2024-04-02,11.0,1.0,False
BB,2024-04-03,21,,sin_rdq,,,2024-04-03,12.0,1.0,True
SPOT,2024-04-03,9,,sin_rdq,,,2024-04-03,12.0,1.0,True
NFLX,2024-04-10,10,147579.0,sin_earnings,2024-04-18,8.0,2024-04-10,11.0,3.0,False
SMCI,2024-04-19,4,176567.0,sin_earnings,2024-04-30,11.0,2024-04-19,11.0,3.0,False
AGBA,2024-04-22,19,35079.0,sin_earnings,2024-05-15,23.0,2024-04-22,12.0,3.0,False
TSLA,2024-04-22,9,184996.0,earnings,2024-04-23,1.0,2024-04-22,11.0,3.0,False
IBRX,2024-04-23,14,25348.0,sin_earnings,2021-03-04,-1146.0,2024-04-23,11.0,3.0,False
GOOG,2024-04-24,3,160329.0,earnings,2024-04-25,1.0,2024-04-24,11.0,3.0,False
MSFT,2024-04-24,3,12141.0,earnings,2024-04-25,1.0,2024-04-24,11.0,3.0,False
SNAP,2024-04-24,3,30091.0,earnings,2024-04-25,1.0,2024-04-24,11.0,1.0,False
AMZN,2024-04-25,7,64768.0,sin_earnings,2024-04-30,5.0,2024-04-25,11.0,3.0,False
INTC,2024-04-25,5,6008.0,earnings,2024-04-25,0.0,2024-04-25,11.0,3.0,False
PYPL,2024-04-26,5,24616.0,sin_earnings,2024-04-30,4.0,2024-04-26,11.0,3.0,False
SOFI,2024-04-26,4,37111.0,sin_earnings,2021-05-24,-1068.0,2024-04-26,11.0,3.0,False
SBUX,2024-04-30,3,25434.0,earnings,2024-04-30,0.0,2024-04-30,11.0,3.0,False
CVNA,2024-05-01,7,30999.0,earnings,2024-05-01,0.0,2024-05-01,11.0,1.0,False
BA,2024-05-02,8,2285.0,sin_earnings,2024-04-24,-8.0,2024-05-02,11.0,1.0,False
COIN,2024-05-02,5,34749.0,earnings,2024-05-02,0.0,2024-05-02,11.0,3.0,False
PLTR,2024-05-03,5,36910.0,sin_earnings,2024-05-06,3.0,2024-05-03,11.0,3.0,False
BRK,2024-05-04,32,2176.0,earnings,2024-05-04,0.0,2024-05-04,11.0,1.0,False
OCC,2024-05-04,14,62553.0,sin_earnings,2024-06-10,37.0,2024-05-04,11.0,3.0,False
CAT,2024-05-06,34,2817.0,sin_earnings,2024-04-25,-11.0,2024-05-06,11.0,1.0,False
AMC,2024-05-08,8,177637.0,sin_earnings,2024-04-26,-12.0,2024-05-08,11.0,1.0,False
HOOD,2024-05-08,44,39293.0,earnings,2024-05-08,0.0,2024-05-08,11.0,3.0,False
NVAX,2024-05-10,6,61655.0,earnings,2024-05-10,0.0,2024-05-10,11.0,3.0,False
BB,2024-05-13,3,,sin_rdq,,,2024-05-13,12.0,1.0,True
ELS,2024-05-13,34,,sin_rdq,,,2024-05-13,18.0,1.0,True
GME,2024-05-13,37,145049.0,sin_earnings,2024-06-07,25.0,2024-05-13,11.0,1.0,False
RDDT,2024-05-13,33,45097.0,sin_earnings,2024-05-07,-6.0,2024-05-13,11.0,1.0,False
FFIE,2024-05-14,9,36709.0,sin_earnings,2021-05-28,-1082.0,2024-05-14,11.0,3.0,False
HOLO,2024-05-14,30,,sin_rdq,,,2024-05-14,12.0,3.0,True
SNDL,2024-05-14,3,,sin_rdq,,,2024-05-14,12.0,3.0,True
UBS,2024-05-14,15,,sin_rdq,,,2024-05-14,12.0,1.0,True
CSCO,2024-05-15,24,20779.0,earnings,2024-05-15,0.0,2024-05-15,11.0,3.0,False
ASTS,2024-05-16,6,35622.0,sin_earnings,2021-05-18,-1094.0,2024-05-16,11.0,3.0,False
GWAV,2024-05-16,8,23237.0,sin_earnings,2024-05-20,4.0,2024-05-16,11.0,3.0,False
BNED,2024-05-17,7,23208.0,sin_earnings,2024-07-01,45.0,2024-05-17,11.0,1.0,False
LULU,2024-05-20,18,178015.0,sin_earnings,2024-06-05,16.0,2024-05-20,11.0,3.0,False
BDRX,2024-05-21,3,,sin_rdq,,,2024-05-21,31.0,3.0,True
NVDA,2024-05-22,51,117768.0,earnings,2024-05-22,0.0,2024-05-22,11.0,3.0,False
DELL,2024-05-23,9,14489.0,sin_earnings,2024-05-30,7.0,2024-05-23,11.0,1.0,False
CAVA,2024-05-24,7,43023.0,sin_earnings,2024-05-28,4.0,2024-05-24,11.0,1.0,False
ON,2024-05-28,30,134932.0,sin_earnings,2024-04-29,-29.0,2024-05-28,11.0,3.0,False
SMFL,2024-05-28,4,40492.0,sin_earnings,2024-09-20,115.0,2024-05-28,11.0,3.0,False
CRM,2024-05-29,3,157855.0,earnings,2024-05-29,0.0,2024-05-29,11.0,1.0,False
CRWD,2024-05-30,7,35182.0,sin_earnings,2024-06-04,5.0,2024-05-30,11.0,3.0,False
HPE,2024-05-30,7,26156.0,sin_earnings,2024-06-04,5.0,2024-05-30,11.0,1.0,False
ORCL,2024-05-30,15,12142.0,sin_earnings,2024-06-11,12.0,2024-05-30,11.0,1.0,False
KDLY,2024-05-31,91,43457.0,earnings,2024-05-31,0.0,2024-05-31,11.0,3.0,False
BACK,2024-06-03,4,34163.0,sin_earnings,2024-05-15,-19.0,2024-06-03,11.0,3.0,False
MS,2024-06-03,4,12124.0,sin_earnings,2024-07-16,43.0,2024-06-03,11.0,1.0,False
BLK,2024-06-05,16,124434.0,sin_earnings,2024-07-15,40.0,2024-06-05,11.0,1.0,False
GRND,2024-06-05,13,37428.0,sin_earnings,2024-05-09,-27.0,2024-06-05,11.0,1.0,False
FGF,2024-06-07,14,,sin_rdq,,,2024-06-07,11.0,3.0,True
AAPL,2024-06-10,9,1690.0,sin_earnings,2024-05-02,-39.0,2024-06-10,11.0,3.0,False
AVGO,2024-06-10,16,180711.0,earnings,2024-06-12,2.0,2024-06-10,11.0,3.0,False
LLY,2024-06-10,40,6730.0,sin_earnings,2024-04-30,-41.0,2024-06-10,11.0,1.0,False
TSLA,2024-06-13,5,184996.0,sin_earnings,2024-07-23,40.0,2024-06-13,11.0,3.0,False
ARM,2024-06-14,13,,sin_rdq,,,2024-06-14,31.0,3.0,True
MU,2024-06-17,11,7343.0,sin_earnings,2024-06-26,9.0,2024-06-17,11.0,3.0,False
CSCO,2024-06-18,4,20779.0,sin_earnings,2024-05-15,-34.0,2024-06-18,11.0,3.0,False
HPE,2024-06-18,3,26156.0,sin_earnings,2024-06-04,-14.0,2024-06-18,11.0,1.0,False
CMG,2024-06-25,16,165914.0,sin_earnings,2024-07-24,29.0,2024-06-25,11.0,1.0,False
AMZN,2024-06-26,41,64768.0,sin_earnings,2024-08-01,36.0,2024-06-26,11.0,3.0,False
CHWY,2024-06-27,5,35287.0,sin_earnings,2024-05-29,-29.0,2024-06-27,11.0,1.0,False
NKE,2024-06-27,5,7906.0,earnings,2024-06-27,0.0,2024-06-27,11.0,1.0,False
MAXN,2024-07-02,19,,sin_rdq,,,2024-07-02,12.0,3.0,True
SIRI,2024-07-03,16,30662.0,sin_earnings,2024-08-01,29.0,2024-07-03,11.0,3.0,False
META,2024-07-05,28,170617.0,sin_earnings,2024-07-31,26.0,2024-07-05,11.0,3.0,False
MSTR,2024-07-05,35,111534.0,sin_earnings,2024-08-01,27.0,2024-07-05,11.0,3.0,False
JPM,2024-07-07,11,2968.0,sin_earnings,2024-07-12,5.0,2024-07-07,11.0,1.0,False
SBUX,2024-07-08,13,25434.0,sin_earnings,2024-07-30,22.0,2024-07-08,11.0,3.0,False
LHX,2024-07-18,7,5492.0,sin_earnings,2024-07-25,7.0,2024-07-18,11.0,1.0,False
COIN,2024-07-19,18,34749.0,sin_earnings,2024-08-01,13.0,2024-07-19,11.0,3.0,False
CRWD,2024-07-19,5,35182.0,sin_earnings,2024-08-28,40.0,2024-07-19,11.0,3.0,False
MSFT,2024-07-19,13,12141.0,sin_earnings,2024-07-30,11.0,2024-07-19,11.0,3.0,False
SERV,2024-07-19,13,45081.0,sin_earnings,2024-08-13,25.0,2024-07-19,11.0,3.0,False
SKYX,2024-07-19,26,25447.0,sin_earnings,2024-08-12,24.0,2024-07-19,11.0,3.0,False
GOOG,2024-07-22,5,160329.0,earnings,2024-07-23,1.0,2024-07-22,11.0,3.0,False
GOOGL,2024-07-23,3,,sin_rdq,,,2024-07-23,11.0,3.0,True
DIS,2024-07-24,17,3980.0,sin_earnings,2024-08-07,14.0,2024-07-24,11.0,1.0,False
ASTS,2024-07-25,28,35622.0,sin_earnings,2021-05-18,-1164.0,2024-07-25,11.0,3.0,False
GDC,2024-07-28,19,33081.0,sin_earnings,2024-08-14,17.0,2024-07-28,11.0,3.0,False
AMD,2024-07-30,9,1161.0,earnings,2024-07-30,0.0,2024-07-30,11.0,3.0,False
LUMN,2024-07-30,10,2884.0,sin_earnings,2024-08-06,7.0,2024-07-30,11.0,1.0,False
NVDA,2024-07-30,10,117768.0,sin_earnings,2024-08-28,29.0,2024-07-30,11.0,3.0,False
SBUX,2024-07-30,4,25434.0,earnings,2024-07-30,0.0,2024-07-30,11.0,3.0,False
ARM,2024-07-31,6,,sin_rdq,,,2024-07-31,31.0,3.0,True
AAPL,2024-08-01,6,1690.0,earnings,2024-08-01,0.0,2024-08-01,11.0,3.0,False
HIMS,2024-08-01,8,35402.0,sin_earnings,2020-11-13,-1357.0,2024-08-01,11.0,1.0,False
INTC,2024-08-01,5,6008.0,earnings,2024-08-01,0.0,2024-08-01,11.0,3.0,False
HOOD,2024-08-05,4,39293.0,earnings,2024-08-07,2.0,2024-08-05,11.0,3.0,False
PLTR,2024-08-05,12,36910.0,earnings,2024-08-05,0.0,2024-08-05,11.0,3.0,False
RKLB,2024-08-08,15,39503.0,earnings,2024-08-08,0.0,2024-08-08,11.0,3.0,False
WMT,2024-08-08,14,11259.0,sin_earnings,2024-08-15,7.0,2024-08-08,11.0,1.0,False
CSCO,2024-08-13,3,20779.0,earnings,2024-08-14,1.0,2024-08-13,11.0,3.0,False
SBUX,2024-08-13,3,25434.0,sin_earnings,2024-07-30,-14.0,2024-08-13,11.0,3.0,False
CLOV,2024-08-14,9,36262.0,sin_earnings,2020-11-16,-1367.0,2024-08-14,11.0,3.0,False
JXN,2024-08-15,9,39561.0,sin_earnings,2024-08-07,-8.0,2024-08-15,11.0,1.0,False
SIRI,2024-08-15,14,30662.0,sin_earnings,2024-08-01,-14.0,2024-08-15,11.0,3.0,False
LUNR,2024-08-16,7,38258.0,sin_earnings,2024-08-13,-3.0,2024-08-16,11.0,3.0,False
CAVA,2024-08-21,3,43023.0,earnings,2024-08-22,1.0,2024-08-21,11.0,1.0,False
UEC,2024-08-22,13,165798.0,sin_earnings,2024-09-27,36.0,2024-08-22,11.0,2.0,False
BA,2024-08-24,4,2285.0,sin_earnings,2024-07-31,-24.0,2024-08-24,11.0,1.0,False
CHWY,2024-08-26,3,35287.0,earnings,2024-08-28,2.0,2024-08-26,11.0,1.0,False
NVDA,2024-08-28,7,117768.0,earnings,2024-08-28,0.0,2024-08-28,11.0,3.0,False
DLTR,2024-08-29,8,31587.0,sin_earnings,2024-09-04,6.0,2024-08-29,11.0,3.0,False
AVGO,2024-09-04,3,180711.0,earnings,2024-09-05,1.0,2024-09-04,11.0,3.0,False
ORCL,2024-09-05,12,12142.0,sin_earnings,2024-09-09,4.0,2024-09-05,11.0,1.0,False
GME,2024-09-10,4,145049.0,earnings,2024-09-10,0.0,2024-09-10,11.0,1.0,False
DJT,2024-09-11,15,38881.0,sin_earnings,2024-08-09,-33.0,2024-09-11,11.0,3.0,False
INTC,2024-09-16,8,6008.0,sin_earnings,2024-10-31,45.0,2024-09-16,11.0,3.0,False
QCOM,2024-09-20,4,24800.0,sin_earnings,2024-11-06,47.0,2024-09-20,11.0,3.0,False
BABA,2024-09-24,16,,sin_rdq,,,2024-09-24,31.0,1.0,True
NFLX,2024-09-24,25,147579.0,sin_earnings,2024-10-17,23.0,2024-09-24,11.0,3.0,False
META,2024-09-25,15,170617.0,sin_earnings,2024-10-30,35.0,2024-09-25,11.0,3.0,False
RKLB,2024-09-25,14,39503.0,sin_earnings,2024-08-08,-48.0,2024-09-25,11.0,3.0,False
MSTR,2024-09-27,61,111534.0,sin_earnings,2024-10-30,33.0,2024-09-27,11.0,3.0,False
NIO,2024-09-27,12,,sin_rdq,,,2024-09-27,31.0,1.0,True
CLOV,2024-10-02,3,36262.0,sin_earnings,2020-11-16,-1416.0,2024-10-02,11.0,3.0,False
CELH,2024-10-07,10,175269.0,sin_earnings,2024-11-06,30.0,2024-10-07,11.0,3.0,False
HOOD,2024-10-09,23,39293.0,sin_earnings,2024-10-30,21.0,2024-10-09,11.0,3.0,False
AMD,2024-10-10,21,1161.0,sin_earnings,2024-10-29,19.0,2024-10-10,11.0,3.0,False
DJT,2024-10-14,3,38881.0,sin_earnings,2024-11-05,22.0,2024-10-14,11.0,3.0,False
SOFI,2024-10-14,17,37111.0,sin_earnings,2021-05-24,-1239.0,2024-10-14,11.0,3.0,False
ASML,2024-10-15,3,,sin_rdq,,,2024-10-15,12.0,3.0,True
DRUG,2024-10-15,7,,sin_rdq,,,2024-10-15,12.0,3.0,True
TSM,2024-10-15,3,,sin_rdq,,,2024-10-15,31.0,1.0,True
LHX,2024-10-16,23,5492.0,sin_earnings,2024-10-24,8.0,2024-10-16,11.0,1.0,False
OKLO,2024-10-16,14,38375.0,sin_earnings,2024-11-14,29.0,2024-10-16,11.0,1.0,False
SMR,2024-10-16,6,37073.0,sin_earnings,2024-11-07,22.0,2024-10-16,11.0,1.0,False
UEC,2024-10-16,5,165798.0,sin_earnings,2024-09-27,-19.0,2024-10-16,11.0,2.0,False
MCD,2024-10-21,3,7154.0,sin_earnings,2024-10-29,8.0,2024-10-21,11.0,1.0,False
SAVE,2024-10-21,11,185624.0,sin_earnings,2024-11-25,35.0,2024-10-21,11.0,1.0,False
ACHR,2024-10-22,45,37247.0,sin_earnings,2021-08-16,-1163.0,2024-10-22,11.0,1.0,False
BA,2024-10-23,6,2285.0,earnings,2024-10-23,0.0,2024-10-23,11.0,1.0,False
CVNA,2024-10-23,9,30999.0,sin_earnings,2024-10-30,7.0,2024-10-23,11.0,1.0,False
COIN,2024-10-28,25,34749.0,earnings,2024-10-30,2.0,2024-10-28,11.0,3.0,False
DJT,2024-10-28,12,38881.0,sin_earnings,2024-11-05,8.0,2024-10-28,11.0,3.0,False
GOOGL,2024-10-28,4,,sin_rdq,,,2024-10-28,11.0,3.0,True
GOOG,2024-10-29,3,160329.0,earnings,2024-10-29,0.0,2024-10-29,11.0,3.0,False
META,2024-10-29,3,170617.0,earnings,2024-10-30,1.0,2024-10-29,11.0,3.0,False
RDDT,2024-10-29,247,45097.0,earnings,2024-10-29,0.0,2024-10-29,11.0,1.0,False
AMZN,2024-10-30,3,64768.0,earnings,2024-10-31,1.0,2024-10-30,11.0,3.0,False
SKYX,2024-10-30,23,25447.0,sin_earnings,2024-11-12,13.0,2024-10-30,11.0,3.0,False
SMCI,2024-10-30,8,176567.0,sin_earnings,2024-08-06,-85.0,2024-10-30,11.0,3.0,False
INTC,2024-10-31,5,6008.0,earnings,2024-10-31,0.0,2024-10-31,11.0,3.0,False
HIMS,2024-11-04,26,35402.0,sin_earnings,2020-11-13,-1452.0,2024-11-04,11.0,1.0,False
PLTR,2024-11-04,22,36910.0,earnings,2024-11-04,0.0,2024-11-04,11.0,3.0,False
GME,2024-11-06,24,145049.0,sin_earnings,2024-12-10,34.0,2024-11-06,11.0,1.0,False
IONQ,2024-11-06,45,39800.0,earnings,2024-11-06,0.0,2024-11-06,11.0,1.0,False
MP,2024-11-06,22,36303.0,sin_earnings,2020-11-04,-1463.0,2024-11-06,11.0,1.0,False
ASTS,2024-11-07,9,35622.0,sin_earnings,2021-05-18,-1269.0,2024-11-07,11.0,3.0,False
FGF,2024-11-07,44,,sin_rdq,,,2024-11-07,11.0,3.0,True
LUNR,2024-11-07,9,38258.0,sin_earnings,2024-11-14,7.0,2024-11-07,11.0,3.0,False
MARA,2024-11-11,3,4384.0,earnings,2024-11-12,1.0,2024-11-11,11.0,3.0,False
RKLB,2024-11-11,4,39503.0,earnings,2024-11-12,1.0,2024-11-11,11.0,3.0,False
QUBT,2024-11-14,64,162643.0,sin_earnings,2024-11-06,-8.0,2024-11-14,11.0,3.0,False
WMT,2024-11-18,4,11259.0,earnings,2024-11-19,1.0,2024-11-18,11.0,1.0,False
NVDA,2024-11-20,8,117768.0,earnings,2024-11-20,0.0,2024-11-20,11.0,3.0,False
RCAT,2024-11-20,15,35223.0,sin_earnings,2024-12-16,26.0,2024-11-20,11.0,3.0,False
KULR,2024-11-22,15,33557.0,sin_earnings,2024-11-13,-9.0,2024-11-22,11.0,2.0,False
IOBT,2024-11-25,37,39899.0,sin_earnings,2024-11-12,-13.0,2024-11-25,11.0,3.0,False
RGTI,2024-11-25,52,38060.0,sin_earnings,2024-11-12,-13.0,2024-11-25,11.0,3.0,False
OPTT,2024-11-26,8,260737.0,sin_earnings,2024-12-16,20.0,2024-11-26,11.0,2.0,False
CABA,2024-11-28,5,35727.0,sin_earnings,2024-11-14,-14.0,2024-11-28,11.0,3.0,False
RXRX,2024-11-29,12,38474.0,sin_earnings,2024-11-06,-23.0,2024-11-29,11.0,3.0,False
INTC,2024-12-02,11,6008.0,sin_earnings,2024-10-31,-32.0,2024-12-02,11.0,3.0,False
AAPL,2024-12-03,18,1690.0,sin_earnings,2024-10-31,-33.0,2024-12-03,11.0,3.0,False
UNH,2024-12-04,15,10903.0,sin_earnings,2025-01-16,43.0,2024-12-04,11.0,1.0,False
SOUN,2024-12-05,15,38087.0,sin_earnings,2024-11-12,-23.0,2024-12-05,11.0,3.0,False
AVGO,2024-12-06,12,180711.0,sin_earnings,2024-12-12,6.0,2024-12-06,11.0,3.0,False
PLTR,2024-12-06,11,36910.0,sin_earnings,2024-11-04,-32.0,2024-12-06,11.0,3.0,False
AMD,2024-12-09,59,1161.0,sin_earnings,2024-10-29,-41.0,2024-12-09,11.0,3.0,False
GOOG,2024-12-10,14,160329.0,sin_earnings,2024-10-29,-42.0,2024-12-10,11.0,3.0,False
GOOGL,2024-12-10,10,,sin_rdq,,,2024-12-10,11.0,3.0,True
ADBE,2024-12-11,3,12540.0,earnings,2024-12-11,0.0,2024-12-11,11.0,3.0,False
LAES,2024-12-16,37,,sin_rdq,,,2024-12-16,12.0,3.0,True
MU,2024-12-16,5,7343.0,earnings,2024-12-18,2.0,2024-12-16,11.0,3.0,False
RCAT,2024-12-16,16,35223.0,earnings,2024-12-16,0.0,2024-12-16,11.0,3.0,False
CTM,2024-12-19,21,24035.0,sin_earnings,2024-11-13,-36.0,2024-12-19,11.0,2.0,False
MVST,2024-12-19,24,34825.0,sin_earnings,2021-06-02,-1296.0,2024-12-19,11.0,3.0,False
POET,2024-12-19,17,,sin_rdq,,,2024-12-19,12.0,3.0,True
TLRY,2024-12-20,8,22387.0,sin_earnings,2025-01-10,21.0,2024-12-20,11.0,3.0,False
AMPX,2024-12-26,20,40636.0,sin_earnings,2024-11-07,-49.0,2024-12-26,11.0,1.0,False
BBAI,2024-12-26,14,37966.0,sin_earnings,2024-11-05,-51.0,2024-12-26,11.0,1.0,False
KULR,2024-12-26,9,33557.0,sin_earnings,2024-11-13,-43.0,2024-12-26,11.0,2.0,False
LODE,2024-12-26,8,147183.0,sin_earnings,2024-10-22,-65.0,2024-12-26,11.0,2.0,False
RVSN,2024-12-26,22,,sin_rdq,,,2024-12-26,12.0,3.0,True
OPTT,2024-12-27,13,260737.0,sin_earnings,2024-12-16,-11.0,2024-12-27,11.0,2.0,False
REKR,2024-12-27,16,30280.0,sin_earnings,2024-11-14,-43.0,2024-12-27,11.0,3.0,False
HOLO,2024-12-30,4,,sin_rdq,,,2024-12-30,12.0,3.0,True
LPSN,2024-12-30,5,133869.0,sin_earnings,2024-11-07,-53.0,2024-12-30,11.0,3.0,False
CRKN,2024-12-31,22,36357.0,sin_earnings,2024-11-15,-46.0,2024-12-31,11.0,3.0,False
XTIA,2024-12-31,9,148396.0,sin_earnings,2024-11-14,-47.0,2024-12-31,11.0,3.0,False
OTLY,2025-01-01,9,,sin_rdq,,,2025-01-01,31.0,3.0,True
CVNA,2025-01-02,15,30999.0,sin_earnings,2025-02-19,48.0,2025-01-02,11.0,1.0,False
MSFT,2025-01-03,4,12141.0,sin_earnings,2025-01-29,26.0,2025-01-03,11.0,3.0,False
KSS,2025-01-05,11,25283.0,sin_earnings,2024-11-26,-40.0,2025-01-05,11.0,1.0,False
ARBE,2025-01-06,5,,sin_rdq,,,2025-01-06,12.0,3.0,True
DJT,2025-01-06,18,38881.0,sin_earnings,2025-02-14,39.0,2025-01-06,11.0,3.0,False
FUBO,2025-01-06,3,17001.0,sin_earnings,2025-02-28,53.0,2025-01-06,11.0,1.0,False
META,2025-01-06,25,170617.0,sin_earnings,2025-01-29,23.0,2025-01-06,11.0,3.0,False
RIME,2025-01-06,3,30964.0,sin_earnings,2024-11-19,-48.0,2025-01-06,11.0,3.0,False
SKYX,2025-01-06,52,25447.0,sin_earnings,2024-11-12,-55.0,2025-01-06,11.0,3.0,False
TSM,2025-01-06,11,,sin_rdq,,,2025-01-06,31.0,1.0,True
SEGG,2025-01-07,109,,sin_rdq,,,2025-01-07,,,True
GCTK,2025-01-08,8,17024.0,sin_earnings,2024-11-14,-55.0,2025-01-08,11.0,3.0,False
IONQ,2025-01-08,8,39800.0,sin_earnings,2025-02-26,49.0,2025-01-08,11.0,1.0,False
AAPL,2025-01-16,16,1690.0,sin_earnings,2025-01-30,14.0,2025-01-16,11.0,3.0,False
DAWN,2025-01-16,29,38763.0,sin_earnings,2025-02-25,40.0,2025-01-16,11.0,3.0,False
INTC,2025-01-17,16,6008.0,sin_earnings,2025-01-30,13.0,2025-01-17,11.0,3.0,False
ICE,2025-01-21,122,163610.0,sin_earnings,2025-02-06,16.0,2025-01-21,11.0,1.0,False
ORCL,2025-01-21,7,12142.0,sin_earnings,2024-12-09,-43.0,2025-01-21,11.0,1.0,False
RKLB,2025-01-21,4,39503.0,sin_earnings,2025-02-27,37.0,2025-01-21,11.0,3.0,False
VST,2025-01-21,11,157373.0,sin_earnings,2025-02-27,37.0,2025-01-21,11.0,1.0,False
AMZN,2025-01-22,17,64768.0,sin_earnings,2025-02-06,15.0,2025-01-22,11.0,3.0,False
OKLO,2025-01-22,18,38375.0,sin_earnings,2025-03-24,61.0,2025-01-22,11.0,1.0,False
SBUX,2025-01-26,4,25434.0,earnings,2025-01-28,2.0,2025-01-26,11.0,3.0,False
ASML,2025-01-27,3,,sin_rdq,,,2025-01-27,12.0,3.0,True
AVGO,2025-01-27,10,180711.0,sin_earnings,2025-03-06,38.0,2025-01-27,11.0,3.0,False
BABA,2025-01-27,5,,sin_rdq,,,2025-01-27,31.0,1.0,True
GDC,2025-01-27,87,33081.0,sin_earnings,2025-03-18,50.0,2025-01-27,11.0,3.0,False
MSFT,2025-01-27,5,12141.0,earnings,2025-01-29,2.0,2025-01-27,11.0,3.0,False
NBIS,2025-01-27,29,,sin_rdq,,,2025-01-27,12.0,3.0,True
NVDA,2025-01-27,5,117768.0,sin_earnings,2025-02-26,30.0,2025-01-27,11.0,3.0,False
DEI,2025-01-28,16,,sin_rdq,,,2025-01-28,18.0,1.0,True
TSLA,2025-01-29,16,184996.0,earnings,2025-01-29,0.0,2025-01-29,11.0,3.0,False
HIMS,2025-01-31,26,35402.0,sin_earnings,2020-11-13,-1540.0,2025-01-31,11.0,1.0,False
MP,2025-02-01,17,36303.0,sin_earnings,2020-11-04,-1550.0,2025-02-01,11.0,1.0,False
COST,2025-02-03,33,29028.0,sin_earnings,2025-03-06,31.0,2025-02-03,11.0,3.0,False
ELF,2025-02-03,5,27907.0,sin_earnings,2025-02-06,3.0,2025-02-03,11.0,1.0,False
PLTR,2025-02-03,10,36910.0,earnings,2025-02-03,0.0,2025-02-03,11.0,3.0,False
GOOG,2025-02-04,4,160329.0,earnings,2025-02-04,0.0,2025-02-04,11.0,3.0,False
GOOGL,2025-02-04,15,,sin_rdq,,,2025-02-04,11.0,3.0,True
UBER,2025-02-04,9,35077.0,earnings,2025-02-05,1.0,2025-02-04,11.0,1.0,False
BB,2025-02-05,15,,sin_rdq,,,2025-02-05,12.0,1.0,True
BBAI,2025-02-05,10,37966.0,sin_earnings,2025-03-06,29.0,2025-02-05,11.0,1.0,False
CYN,2025-02-05,7,39575.0,sin_earnings,2025-03-05,28.0,2025-02-05,11.0,3.0,False
SMCI,2025-02-05,22,176567.0,sin_earnings,2025-02-25,20.0,2025-02-05,11.0,3.0,False
BYD,2025-02-06,56,29011.0,earnings,2025-02-06,0.0,2025-02-06,11.0,1.0,False
CELH,2025-02-07,15,175269.0,sin_earnings,2025-02-20,13.0,2025-02-07,11.0,3.0,False
COIN,2025-02-12,3,34749.0,earnings,2025-02-13,1.0,2025-02-12,11.0,3.0,False
HOOD,2025-02-12,3,39293.0,earnings,2025-02-12,0.0,2025-02-12,11.0,3.0,False
MRNA,2025-02-13,12,34410.0,earnings,2025-02-14,1.0,2025-02-13,11.0,3.0,False
CNSP,2025-02-14,5,35403.0,sin_earnings,2025-03-31,45.0,2025-02-14,11.0,3.0,False
SOBR,2025-02-14,6,36649.0,sin_earnings,2025-04-15,60.0,2025-02-14,11.0,3.0,False
GME,2025-02-18,8,145049.0,sin_earnings,2025-03-25,35.0,2025-02-18,11.0,1.0,False
LUNR,2025-02-18,11,38258.0,sin_earnings,2025-03-24,34.0,2025-02-18,11.0,3.0,False
RIVN,2025-02-18,4,39811.0,earnings,2025-02-20,2.0,2025-02-18,11.0,3.0,False
WMT,2025-02-19,7,11259.0,earnings,2025-02-20,1.0,2025-02-19,11.0,1.0,False
BRK,2025-02-22,52,2176.0,earnings,2025-02-22,0.0,2025-02-22,11.0,1.0,False
MTX,2025-02-25,10,25870.0,sin_earnings,2025-02-06,-19.0,2025-02-25,11.0,1.0,False
PHX,2025-02-25,10,19433.0,sin_earnings,2025-03-12,15.0,2025-02-25,11.0,1.0,False
STRA,2025-03-02,11,63338.0,sin_earnings,2025-02-27,-3.0,2025-03-02,11.0,3.0,False
CTM,2025-03-03,3,24035.0,sin_earnings,2025-03-11,8.0,2025-03-03,11.0,2.0,False
CBSH,2025-03-04,8,3238.0,sin_earnings,2025-01-22,-41.0,2025-03-04,11.0,3.0,False
HTBK,2025-03-04,8,109599.0,sin_earnings,2025-01-23,-40.0,2025-03-04,11.0,3.0,False
SPSC,2025-03-04,8,183974.0,sin_earnings,2025-02-10,-22.0,2025-03-04,11.0,3.0,False
RGTI,2025-03-05,10,38060.0,earnings,2025-03-05,0.0,2025-03-05,11.0,3.0,False
NFLX,2025-03-07,5,147579.0,sin_earnings,2025-04-17,41.0,2025-03-07,11.0,3.0,False
TSLA,2025-03-10,31,184996.0,sin_earnings,2025-01-29,-40.0,2025-03-10,11.0,3.0,False
ADBE,2025-03-12,3,12540.0,earnings,2025-03-12,0.0,2025-03-12,11.0,3.0,False
QBTS,2025-03-13,8,37136.0,earnings,2025-03-13,0.0,2025-03-13,11.0,1.0,False
NWTG,2025-03-17,23,,sin_rdq,,,2025-03-17,,,True
CBSH,2025-03-20,5,3238.0,sin_earnings,2025-04-16,27.0,2025-03-20,11.0,3.0,False
DASH,2025-03-20,5,37420.0,sin_earnings,2025-02-11,-37.0,2025-03-20,11.0,3.0,False
HTBK,2025-03-20,5,109599.0,sin_earnings,2025-04-24,35.0,2025-03-20,11.0,3.0,False
SPSC,2025-03-20,5,183974.0,sin_earnings,2025-04-24,35.0,2025-03-20,11.0,3.0,False
GME,2025-03-25,24,145049.0,earnings,2025-03-25,0.0,2025-03-25,11.0,1.0,False
CRWV,2025-03-27,7,,sin_rdq,,,2025-03-27,,,True
GPI,2025-03-27,15,65718.0,sin_earnings,2025-04-24,28.0,2025-03-27,11.0,1.0,False
ASPC,2025-03-28,4,,sin_rdq,,,2025-03-28,,,True
ATGL,2025-03-28,4,,sin_rdq,,,2025-03-28,12.0,3.0,True
WMT,2025-03-28,16,11259.0,sin_earnings,2025-02-20,-36.0,2025-03-28,11.0,1.0,False
LHX,2025-03-29,25,5492.0,sin_earnings,2025-04-24,26.0,2025-03-29,11.0,1.0,False
JPM,2025-03-31,17,2968.0,sin_earnings,2025-04-11,11.0,2025-03-31,11.0,1.0,False
NMAX,2025-03-31,3,,sin_rdq,,,2025-03-31,,,True
BLK,2025-04-01,11,124434.0,sin_earnings,2025-04-11,10.0,2025-04-01,11.0,1.0,False
APLD,2025-04-02,16,146738.0,sin_earnings,2025-04-14,12.0,2025-04-02,11.0,3.0,False
DAY,2025-04-02,9,23546.0,sin_earnings,2025-05-07,35.0,2025-04-02,11.0,1.0,False
NXPI,2025-04-02,13,,sin_rdq,,,2025-04-02,12.0,3.0,True
NYC,2025-04-02,37,,sin_rdq,,,2025-04-02,18.0,1.0,True
AAPL,2025-04-03,12,1690.0,sin_earnings,2025-05-01,28.0,2025-04-03,11.0,3.0,False
ACIU,2025-04-03,15,,sin_rdq,,,2025-04-03,12.0,3.0,True
CNL,2025-04-03,21,,sin_rdq,,,2025-04-03,12.0,2.0,True
DOW,2025-04-03,8,34443.0,sin_earnings,2025-04-24,21.0,2025-04-03,11.0,1.0,False
MP,2025-04-03,22,36303.0,sin_earnings,2020-11-04,-1611.0,2025-04-03,11.0,1.0,False
MSFT,2025-04-03,7,12141.0,sin_earnings,2025-04-30,27.0,2025-04-03,11.0,3.0,False
OBK,2025-04-03,17,33459.0,sin_earnings,2025-04-23,20.0,2025-04-03,11.0,1.0,False
ON,2025-04-03,14,134932.0,sin_earnings,2025-05-05,32.0,2025-04-03,11.0,3.0,False
PB,2025-04-03,21,115876.0,sin_earnings,2025-04-23,20.0,2025-04-03,11.0,1.0,False
PENG,2025-04-03,8,,sin_rdq,,,2025-04-03,12.0,3.0,True
UPC,2025-04-03,21,,sin_rdq,,,2025-04-03,12.0,3.0,True
VS,2025-04-03,21,,sin_rdq,,,2025-04-03,12.0,3.0,True
WNEB,2025-04-03,21,146607.0,sin_earnings,2025-04-22,19.0,2025-04-03,11.0,3.0,False
BABA,2025-04-07,10,,sin_rdq,,,2025-04-07,31.0,1.0,True
MTX,2025-04-07,18,25870.0,sin_earnings,2025-04-24,17.0,2025-04-07,11.0,1.0,False
PHX,2025-04-07,18,19433.0,sin_earnings,2025-03-12,-26.0,2025-04-07,11.0,1.0,False
SXTP,2025-04-07,16,42890.0,sin_earnings,2025-03-27,-11.0,2025-04-07,11.0,3.0,False
WAT,2025-04-07,19,61574.0,sin_earnings,2025-05-06,29.0,2025-04-07,11.0,1.0,False
GXO,2025-04-08,29,39319.0,sin_earnings,2025-05-07,29.0,2025-04-08,11.0,1.0,False
SUNE,2025-04-08,9,3275.0,sin_earnings,2022-03-14,-1121.0,2025-04-08,11.0,3.0,False
DJT,2025-04-09,3,38881.0,sin_earnings,2025-05-09,30.0,2025-04-09,11.0,3.0,False
FRGT,2025-04-09,34,,sin_rdq,,,2025-04-09,12.0,3.0,True
MKSI,2025-04-09,22,119275.0,sin_earnings,2025-05-07,28.0,2025-04-09,11.0,3.0,False
STRA,2025-04-09,5,63338.0,sin_earnings,2025-04-24,15.0,2025-04-09,11.0,3.0,False
BULL,2025-04-10,6,,sin_rdq,,,2025-04-10,,,True
GOLD,2025-04-11,14,,sin_rdq,,,2025-04-11,12.0,1.0,True
BA,2025-04-15,10,2285.0,sin_earnings,2025-04-23,8.0,2025-04-15,11.0,1.0,False
NFLX,2025-04-15,8,147579.0,earnings,2025-04-17,2.0,2025-04-15,11.0,3.0,False
NVDA,2025-04-15,3,117768.0,sin_earnings,2025-05-28,43.0,2025-04-15,11.0,3.0,False
HTZ,2025-04-16,6,5600.0,sin_earnings,2025-05-12,26.0,2025-04-16,11.0,3.0,False
LLY,2025-04-17,29,6730.0,sin_earnings,2025-05-01,14.0,2025-04-17,11.0,1.0,False
ASTS,2025-04-20,24,35622.0,sin_earnings,2021-05-18,-1433.0,2025-04-20,11.0,3.0,False
CCAQ,2025-04-21,33,,sin_rdq,,,2025-04-21,,,True
TSLA,2025-04-22,4,184996.0,earnings,2025-04-22,0.0,2025-04-22,11.0,3.0,False
GOOG,2025-04-24,7,160329.0,earnings,2025-04-24,0.0,2025-04-24,11.0,3.0,False
WOLF,2025-04-24,20,27794.0,sin_earnings,2025-05-08,14.0,2025-04-24,11.0,1.0,False
AMZN,2025-04-29,4,64768.0,earnings,2025-05-01,2.0,2025-04-29,11.0,3.0,False
HIMS,2025-04-29,16,35402.0,sin_earnings,2020-11-13,-1628.0,2025-04-29,11.0,1.0,False
META,2025-04-29,3,170617.0,earnings,2025-04-30,1.0,2025-04-29,11.0,3.0,False
KIDZ,2025-05-01,5,,sin_rdq,,,2025-05-01,,,True
PLTR,2025-05-02,5,36910.0,sin_earnings,2025-05-05,3.0,2025-05-02,11.0,3.0,False
BRK,2025-05-03,3,2176.0,earnings,2025-05-03,0.0,2025-05-03,11.0,1.0,False
CVNA,2025-05-07,13,30999.0,earnings,2025-05-07,0.0,2025-05-07,11.0,1.0,False
GOOG,2025-05-07,8,160329.0,sin_earnings,2025-04-24,-13.0,2025-05-07,11.0,3.0,False
NBIS,2025-05-07,15,,sin_rdq,,,2025-05-07,12.0,3.0,True
COIN,2025-05-08,9,34749.0,earnings,2025-05-08,0.0,2025-05-08,11.0,3.0,False
KULR,2025-05-13,25,33557.0,earnings,2025-05-15,2.0,2025-05-13,11.0,2.0,False
UNH,2025-05-13,9,10903.0,sin_earnings,2025-04-17,-26.0,2025-05-13,11.0,1.0,False
CRWV,2025-05-14,23,,sin_rdq,,,2025-05-14,,,True
WMT,2025-05-15,4,11259.0,earnings,2025-05-15,0.0,2025-05-15,11.0,1.0,False
MCO,2025-05-16,4,139665.0,sin_earnings,2025-04-22,-24.0,2025-05-16,11.0,1.0,False
QUBT,2025-05-16,34,162643.0,earnings,2025-05-15,-1.0,2025-05-16,11.0,3.0,False
QBTS,2025-05-20,8,37136.0,sin_earnings,2025-05-08,-12.0,2025-05-20,11.0,1.0,False
BULL,2025-05-22,14,,sin_rdq,,,2025-05-22,,,True
BYD,2025-05-26,17,29011.0,sin_earnings,2025-04-24,-32.0,2025-05-26,11.0,1.0,False
RKLB,2025-05-27,15,39503.0,sin_earnings,2025-05-08,-19.0,2025-05-27,11.0,3.0,False
AVGO,2025-05-28,10,180711.0,sin_earnings,2025-06-05,8.0,2025-05-28,11.0,3.0,False
APLD,2025-06-02,8,146738.0,sin_earnings,2025-04-14,-49.0,2025-06-02,11.0,3.0,False
LULU,2025-06-03,4,178015.0,earnings,2025-06-05,2.0,2025-06-03,11.0,3.0,False
ASTS,2025-06-04,27,35622.0,sin_earnings,2021-05-18,-1478.0,2025-06-04,11.0,3.0,False
CRCL,2025-06-05,26,,sin_rdq,,,2025-06-05,,,True
TSLA,2025-06-05,7,184996.0,sin_earnings,2025-04-22,-44.0,2025-06-05,11.0,3.0,False
HOOD,2025-06-06,8,39293.0,sin_earnings,2025-04-30,-37.0,2025-06-06,11.0,3.0,False
ICE,2025-06-08,34,163610.0,sin_earnings,2025-05-01,-38.0,2025-06-08,11.0,1.0,False
ADBE,2025-06-10,4,12540.0,earnings,2025-06-12,2.0,2025-06-10,11.0,3.0,False
INTC,2025-06-10,8,6008.0,sin_earnings,2025-07-24,44.0,2025-06-10,11.0,3.0,False
NCNA,2025-06-10,3,,sin_rdq,,,2025-06-10,31.0,3.0,True
HCTI,2025-06-11,7,,sin_rdq,,,2025-06-11,11.0,3.0,True
ORCL,2025-06-11,6,12142.0,earnings,2025-06-11,0.0,2025-06-11,11.0,1.0,False
TMC,2025-06-11,16,,sin_rdq,,,2025-06-11,12.0,3.0,True
LMT,2025-06-13,10,6774.0,sin_earnings,2025-07-22,39.0,2025-06-13,11.0,1.0,False
AMD,2025-06-16,17,1161.0,sin_earnings,2025-05-06,-41.0,2025-06-16,11.0,3.0,False
COIN,2025-06-18,15,34749.0,sin_earnings,2025-05-08,-41.0,2025-06-18,11.0,3.0,False
GOOG,2025-06-23,9,160329.0,sin_earnings,2025-07-23,30.0,2025-06-23,11.0,3.0,False
BBAI,2025-06-24,50,37966.0,sin_earnings,2025-08-11,48.0,2025-06-24,11.0,1.0,False
HOOD,2025-06-30,4,39293.0,sin_earnings,2025-07-30,30.0,2025-06-30,11.0,3.0,False
SOFI,2025-06-30,19,37111.0,sin_earnings,2021-05-24,-1498.0,2025-06-30,11.0,3.0,False
BURU,2025-07-01,22,36883.0,sin_earnings,2025-05-20,-42.0,2025-07-01,11.0,2.0,False
WOLF,2025-07-01,9,27794.0,sin_earnings,2025-05-08,-54.0,2025-07-01,11.0,1.0,False
CLBR,2025-07-07,10,,sin_rdq,,,2025-07-07,12.0,1.0,True
IXHL,2025-07-10,22,284719.0,sin_earnings,2025-05-15,-56.0,2025-07-10,11.0,3.0,False
MP,2025-07-10,30,36303.0,sin_earnings,2020-11-04,-1709.0,2025-07-10,11.0,1.0,False
NBIS,2025-07-14,18,,sin_rdq,,,2025-07-14,12.0,3.0,True
OPEN,2025-07-14,11,36261.0,sin_earnings,2020-11-05,-1712.0,2025-07-14,11.0,3.0,False
RKLB,2025-07-14,10,39503.0,sin_earnings,2025-08-07,24.0,2025-07-14,11.0,3.0,False
CTM,2025-07-15,35,24035.0,sin_earnings,2025-08-08,24.0,2025-07-15,11.0,2.0,False
NVDA,2025-07-15,3,117768.0,sin_earnings,2025-08-27,43.0,2025-07-15,11.0,3.0,False
PEW,2025-07-15,3,,sin_rdq,,,2025-07-15,,,True
UUUU,2025-07-15,25,,sin_rdq,,,2025-07-15,12.0,2.0,True
ABAT,2025-07-17,9,26366.0,sin_earnings,2025-05-15,-63.0,2025-07-17,11.0,3.0,False
CVNA,2025-07-17,8,30999.0,sin_earnings,2025-07-30,13.0,2025-07-17,11.0,1.0,False
LCID,2025-07-17,7,36756.0,sin_earnings,2021-06-01,-1507.0,2025-07-17,11.0,3.0,False
AIRE,2025-07-21,4,43211.0,sin_earnings,2025-08-14,24.0,2025-07-21,11.0,3.0,False
CLOV,2025-07-21,3,36262.0,sin_earnings,2020-11-16,-1708.0,2025-07-21,11.0,3.0,False
KSS,2025-07-21,3,25283.0,sin_earnings,2025-08-27,37.0,2025-07-21,11.0,1.0,False
OPTT,2025-07-21,5,260737.0,sin_earnings,2025-07-24,3.0,2025-07-21,11.0,2.0,False
PUMP,2025-07-21,19,30145.0,sin_earnings,2025-07-30,9.0,2025-07-21,11.0,1.0,False
RAYA,2025-07-21,4,,sin_rdq,,,2025-07-21,12.0,3.0,True
RKT,2025-07-21,3,36722.0,sin_earnings,2025-07-31,10.0,2025-07-21,11.0,1.0,False
WEN,2025-07-21,3,3708.0,sin_earnings,2025-08-08,18.0,2025-07-21,11.0,3.0,False
GLXY,2025-07-22,8,,sin_rdq,,,2025-07-22,,,True
NCNA,2025-07-22,21,,sin_rdq,,,2025-07-22,31.0,3.0,True
AVGO,2025-07-23,16,180711.0,sin_earnings,2025-09-04,43.0,2025-07-23,11.0,3.0,False
GOOGL,2025-07-23,9,,sin_rdq,,,2025-07-23,11.0,3.0,True
HCTI,2025-07-23,3,,sin_rdq,,,2025-07-23,11.0,3.0,True
APLD,2025-07-24,9,146738.0,sin_earnings,2025-07-30,6.0,2025-07-24,11.0,3.0,False
OKLO,2025-07-24,21,38375.0,sin_earnings,2025-08-11,18.0,2025-07-24,11.0,1.0,False
UNH,2025-07-24,14,10903.0,sin_earnings,2025-07-29,5.0,2025-07-24,11.0,1.0,False
BMNR,2025-07-25,5,,sin_rdq,,,2025-07-25,,,True
MBOT,2025-07-26,20,29293.0,sin_earnings,2025-08-12,17.0,2025-07-26,11.0,3.0,False
NVNI,2025-07-27,6,,sin_rdq,,,2025-07-27,12.0,3.0,True
SMCI,2025-07-28,10,176567.0,sin_earnings,2025-08-05,8.0,2025-07-28,11.0,3.0,False
AMD,2025-07-29,14,1161.0,sin_earnings,2025-08-05,7.0,2025-07-29,11.0,3.0,False
GME,2025-07-29,3,145049.0,sin_earnings,2025-09-09,42.0,2025-07-29,11.0,1.0,False
LLY,2025-07-29,11,6730.0,sin_earnings,2025-08-07,9.0,2025-07-29,11.0,1.0,False
NVO,2025-07-29,11,,sin_rdq,,,2025-07-29,31.0,1.0,True
MSFT,2025-07-30,3,12141.0,earnings,2025-07-30,0.0,2025-07-30,11.0,3.0,False
PANW,2025-07-30,20,171067.0,sin_earnings,2025-08-18,19.0,2025-07-30,11.0,3.0,False
AAPL,2025-07-31,9,1690.0,earnings,2025-07-31,0.0,2025-07-31,11.0,3.0,False
AMZN,2025-07-31,7,64768.0,earnings,2025-07-31,0.0,2025-07-31,11.0,3.0,False
COIN,2025-07-31,12,34749.0,earnings,2025-07-31,0.0,2025-07-31,11.0,3.0,False
BTAI,2025-08-04,15,32941.0,sin_earnings,2025-08-12,8.0,2025-08-04,11.0,3.0,False
PLTR,2025-08-04,9,36910.0,earnings,2025-08-04,0.0,2025-08-04,11.0,3.0,False
ONDS,2025-08-06,13,33073.0,sin_earnings,2025-08-12,6.0,2025-08-06,11.0,3.0,False
INTC,2025-08-07,20,6008.0,sin_earnings,2025-07-24,-14.0,2025-08-07,11.0,3.0,False
NBIS,2025-08-07,7,,sin_rdq,,,2025-08-07,12.0,3.0,True
CGTX,2025-08-12,17,39290.0,sin_earnings,2025-08-07,-5.0,2025-08-12,11.0,3.0,False
CRWV,2025-08-12,9,,sin_rdq,,,2025-08-12,,,True
JACS,2025-08-18,5,,sin_rdq,,,2025-08-18,,,True
JXN,2025-08-18,5,39561.0,sin_earnings,2025-08-05,-13.0,2025-08-18,11.0,1.0,False
RBLX,2025-08-18,4,37453.0,sin_earnings,2025-07-31,-18.0,2025-08-18,11.0,1.0,False
WMT,2025-08-20,3,11259.0,earnings,2025-08-21,1.0,2025-08-20,11.0,1.0,False
CBRL,2025-08-21,7,3570.0,sin_earnings,2025-09-17,27.0,2025-08-21,11.0,3.0,False
NVDA,2025-08-27,3,117768.0,earnings,2025-08-27,0.0,2025-08-27,11.0,3.0,False
IREN,2025-08-28,58,,sin_rdq,,,2025-08-28,12.0,3.0,True
AVGO,2025-09-02,4,180711.0,earnings,2025-09-04,2.0,2025-09-02,11.0,3.0,False
GOOG,2025-09-02,8,160329.0,sin_earnings,2025-07-23,-41.0,2025-09-02,11.0,3.0,False
GOOGL,2025-09-02,38,,sin_rdq,,,2025-09-02,11.0,3.0,True
LDI,2025-09-08,11,26297.0,sin_earnings,2025-08-07,-32.0,2025-09-08,11.0,1.0,False
NBIS,2025-09-08,3,,sin_rdq,,,2025-09-08,12.0,3.0,True
ORCL,2025-09-08,4,12142.0,earnings,2025-09-09,1.0,2025-09-08,11.0,1.0,False
AAPL,2025-09-09,3,1690.0,sin_earnings,2025-07-31,-40.0,2025-09-09,11.0,3.0,False
ASST,2025-09-09,14,41545.0,sin_earnings,2025-08-05,-35.0,2025-09-09,11.0,3.0,False
GME,2025-09-09,10,145049.0,earnings,2025-09-09,0.0,2025-09-09,11.0,1.0,False
RZLV,2025-09-09,35,,sin_rdq,,,2025-09-09,12.0,3.0,True
AIRE,2025-09-10,6,43211.0,sin_earnings,2025-08-14,-27.0,2025-09-10,11.0,3.0,False
HOOD,2025-09-10,3,39293.0,sin_earnings,2025-07-30,-42.0,2025-09-10,11.0,3.0,False
RDDT,2025-09-10,77,45097.0,sin_earnings,2025-07-31,-41.0,2025-09-10,11.0,1.0,False
ATCH,2025-09-11,19,,sin_rdq,,,2025-09-11,11.0,2.0,True
NFLX,2025-09-11,42,147579.0,sin_earnings,2025-10-21,40.0,2025-09-11,11.0,3.0,False
OPEN,2025-09-11,7,36261.0,sin_earnings,2020-11-05,-1771.0,2025-09-11,11.0,3.0,False
TSLA,2025-09-12,26,184996.0,sin_earnings,2025-10-22,40.0,2025-09-12,11.0,3.0,False
GPUS,2025-09-15,15,64163.0,sin_earnings,2025-08-15,-31.0,2025-09-15,11.0,2.0,False
OKLO,2025-09-15,11,38375.0,sin_earnings,2025-08-11,-35.0,2025-09-15,11.0,1.0,False
BBAI,2025-09-16,9,37966.0,sin_earnings,2025-08-11,-36.0,2025-09-16,11.0,1.0,False
DVLT,2025-09-16,14,33725.0,sin_earnings,2025-08-19,-28.0,2025-09-16,11.0,3.0,False
NUAI,2025-09-17,14,,sin_rdq,,,2025-09-17,,,True
NVNI,2025-09-17,16,,sin_rdq,,,2025-09-17,12.0,3.0,True
QBTS,2025-09-17,38,37136.0,sin_earnings,2025-08-07,-41.0,2025-09-17,11.0,1.0,False
SNAP,2025-09-17,7,30091.0,sin_earnings,2025-08-05,-43.0,2025-09-17,11.0,1.0,False
CYCU,2025-09-18,9,,sin_rdq,,,2025-09-18,,,True
STRA,2025-09-18,51,63338.0,sin_earnings,2025-11-06,49.0,2025-09-18,11.0,3.0,False
GAP,2025-09-19,39,4990.0,sin_earnings,2025-08-28,-22.0,2025-09-19,11.0,1.0,False
QUBT,2025-09-19,37,162643.0,sin_earnings,2025-08-14,-36.0,2025-09-19,11.0,3.0,False
YAAS,2025-09-19,8,,sin_rdq,,,2025-09-19,12.0,3.0,True
KVUE,2025-09-22,4,41897.0,sin_earnings,2025-11-03,42.0,2025-09-22,11.0,1.0,False
PLUG,2025-09-22,18,125604.0,sin_earnings,2025-08-11,-42.0,2025-09-22,11.0,3.0,False
LAC,2025-09-23,11,,sin_rdq,,,2025-09-23,12.0,1.0,True
SLI,2025-09-23,9,,sin_rdq,,,2025-09-23,12.0,2.0,True
ABAT,2025-09-24,24,26366.0,sin_earnings,2025-09-18,-6.0,2025-09-24,11.0,3.0,False
DFLI,2025-09-24,10,38277.0,sin_earnings,2025-08-14,-41.0,2025-09-24,11.0,3.0,False
MTX,2025-09-24,23,25870.0,sin_earnings,2025-10-23,29.0,2025-09-24,11.0,1.0,False
UUUU,2025-09-24,29,,sin_rdq,,,2025-09-24,12.0,2.0,True
CIFR,2025-09-25,22,39538.0,sin_earnings,2025-11-03,39.0,2025-09-25,11.0,3.0,False
IBM,2025-09-25,19,6066.0,sin_earnings,2025-10-22,27.0,2025-09-25,11.0,1.0,False
PSTV,2025-09-25,14,254096.0,sin_earnings,2025-10-30,35.0,2025-09-25,11.0,3.0,False
ROAD,2025-09-26,20,33424.0,sin_earnings,2025-08-07,-50.0,2025-09-26,11.0,3.0,False
BURU,2025-09-29,11,36883.0,sin_earnings,2025-08-14,-46.0,2025-09-29,11.0,2.0,False
TCBI,2025-10-01,22,150306.0,sin_earnings,2025-10-22,21.0,2025-10-01,11.0,3.0,False
FEMY,2025-10-02,8,38829.0,sin_earnings,2025-11-14,43.0,2025-10-02,11.0,3.0,False
ONDS,2025-10-02,14,33073.0,sin_earnings,2025-11-13,42.0,2025-10-02,11.0,3.0,False
SHOT,2025-10-02,5,36632.0,sin_earnings,2025-11-19,48.0,2025-10-02,11.0,3.0,False
USAR,2025-10-02,14,,sin_rdq,,,2025-10-02,,,True
MOBX,2025-10-03,5,39121.0,sin_earnings,2025-08-13,-51.0,2025-10-03,11.0,3.0,False
PLTR,2025-10-03,11,36910.0,sin_earnings,2025-11-03,31.0,2025-10-03,11.0,3.0,False
AMD,2025-10-06,3,1161.0,sin_earnings,2025-11-04,29.0,2025-10-06,11.0,3.0,False
CRML,2025-10-06,10,,sin_rdq,,,2025-10-06,12.0,3.0,True
PYPL,2025-10-06,11,24616.0,sin_earnings,2025-10-28,22.0,2025-10-06,11.0,3.0,False
PCSA,2025-10-07,3,32846.0,sin_earnings,2025-11-06,30.0,2025-10-07,11.0,3.0,False
POET,2025-10-07,4,,sin_rdq,,,2025-10-07,12.0,3.0,True
SCWO,2025-10-07,4,62819.0,sin_earnings,2025-11-12,36.0,2025-10-07,11.0,3.0,False
UAMY,2025-10-07,21,10930.0,sin_earnings,2025-11-12,36.0,2025-10-07,11.0,2.0,False
ASTS,2025-10-08,8,35622.0,sin_earnings,2021-05-18,-1604.0,2025-10-08,11.0,3.0,False
BULL,2025-10-08,7,,sin_rdq,,,2025-10-08,,,True
GOLD,2025-10-08,28,,sin_rdq,,,2025-10-08,12.0,1.0,True
PATH,2025-10-08,3,38646.0,sin_earnings,2025-09-04,-34.0,2025-10-08,11.0,1.0,False
RKLB,2025-10-08,8,39503.0,sin_earnings,2025-11-10,33.0,2025-10-08,11.0,3.0,False
YYAI,2025-10-08,6,35948.0,sin_earnings,2025-09-15,-23.0,2025-10-08,11.0,3.0,False
MP,2025-10-10,7,36303.0,sin_earnings,2020-11-04,-1801.0,2025-10-10,11.0,1.0,False
NKLR,2025-10-10,13,,sin_rdq,,,2025-10-10,,,True
WWR,2025-10-13,5,15240.0,sin_earnings,2025-11-12,30.0,2025-10-13,11.0,2.0,False
BRK,2025-10-14,44,2176.0,sin_earnings,2025-11-01,18.0,2025-10-14,11.0,1.0,False
BYND,2025-10-14,11,34447.0,sin_earnings,2025-11-10,27.0,2025-10-14,11.0,3.0,False
HOOD,2025-10-20,3,39293.0,sin_earnings,2025-11-05,16.0,2025-10-20,11.0,3.0,False
AIRE,2025-10-21,3,43211.0,sin_earnings,2025-11-12,22.0,2025-10-21,11.0,3.0,False
DNUT,2025-10-21,3,133767.0,sin_earnings,2025-11-06,16.0,2025-10-21,11.0,3.0,False
GOOG,2025-10-21,10,160329.0,sin_earnings,2025-10-29,8.0,2025-10-21,11.0,3.0,False
NOK,2025-10-23,7,,sin_rdq,,,2025-10-23,31.0,1.0,True
ASST,2025-10-24,5,41545.0,sin_earnings,2025-11-14,21.0,2025-10-24,11.0,3.0,False
FGL,2025-10-28,14,,sin_rdq,,,2025-10-28,12.0,3.0,True
MSAI,2025-10-28,7,39789.0,sin_earnings,2025-11-13,16.0,2025-10-28,11.0,3.0,False
MSFT,2025-10-28,11,12141.0,earnings,2025-10-29,1.0,2025-10-28,11.0,3.0,False
NVDA,2025-10-28,30,117768.0,sin_earnings,2025-11-19,22.0,2025-10-28,11.0,3.0,False
UNH,2025-10-28,7,10903.0,earnings,2025-10-28,0.0,2025-10-28,11.0,1.0,False
GOOGL,2025-10-29,3,,sin_rdq,,,2025-10-29,11.0,3.0,True
META,2025-10-29,28,170617.0,earnings,2025-10-29,0.0,2025-10-29,11.0,3.0,False
DASH,2025-10-30,8,37420.0,sin_earnings,2025-11-05,6.0,2025-10-30,11.0,3.0,False
MSTR,2025-10-30,34,111534.0,earnings,2025-10-30,0.0,2025-10-30,11.0,3.0,False
SNAP,2025-10-31,8,30091.0,sin_earnings,2025-11-05,5.0,2025-10-31,11.0,1.0,False
PLTR,2025-11-03,3,36910.0,earnings,2025-11-03,0.0,2025-11-03,11.0,3.0,False
PFE,2025-11-04,22,8530.0,earnings,2025-11-04,0.0,2025-11-04,11.0,1.0,False
Z,2025-11-04,11,,sin_rdq,,,2025-11-04,11.0,3.0,True
ZG,2025-11-04,11,187039.0,sin_earnings,2025-10-30,-5.0,2025-11-04,11.0,3.0,False
DUOL,2025-11-05,6,39122.0,earnings,2025-11-05,0.0,2025-11-05,11.0,3.0,False
NVO,2025-11-05,7,,sin_rdq,,,2025-11-05,31.0,1.0,True
CRWV,2025-11-10,5,,sin_rdq,,,2025-11-10,,,True
NBIS,2025-11-11,4,,sin_rdq,,,2025-11-11,12.0,3.0,True
BMNR,2025-11-17,24,,sin_rdq,,,2025-11-17,,,True
AVGO,2025-11-24,24,180711.0,sin_earnings,2025-12-11,17.0,2025-11-24,11.0,3.0,False
INTC,2025-11-28,7,6008.0,sin_earnings,2025-10-23,-36.0,2025-11-28,11.0,3.0,False
SMX,2025-11-28,11,,sin_rdq,,,2025-11-28,12.0,3.0,True
ADBE,2025-12-04,8,12540.0,sin_earnings,2025-12-10,6.0,2025-12-04,11.0,3.0,False
ASTS,2025-12-04,8,35622.0,sin_earnings,2021-05-18,-1661.0,2025-12-04,11.0,3.0,False
CVNA,2025-12-05,8,30999.0,sin_earnings,2025-10-29,-37.0,2025-12-05,11.0,1.0,False
NFLX,2025-12-05,6,147579.0,sin_earnings,2025-10-21,-45.0,2025-12-05,11.0,3.0,False
WBD,2025-12-05,6,164296.0,sin_earnings,2025-11-06,-29.0,2025-12-05,11.0,3.0,False
FLWS,2025-12-09,8,122519.0,sin_earnings,2025-10-30,-40.0,2025-12-09,11.0,3.0,False
LULU,2025-12-10,3,178015.0,earnings,2025-12-11,1.0,2025-12-10,11.0,3.0,False
ORCL,2025-12-10,8,12142.0,earnings,2025-12-10,0.0,2025-12-10,11.0,1.0,False
RKLB,2025-12-11,16,39503.0,sin_earnings,2025-11-10,-31.0,2025-12-11,11.0,3.0,False
TLRY,2025-12-12,8,22387.0,sin_earnings,2026-01-08,27.0,2025-12-12,11.0,3.0,False
TSLA,2025-12-15,8,184996.0,sin_earnings,2026-01-28,44.0,2025-12-15,11.0,3.0,False
MU,2025-12-17,23,7343.0,earnings,2025-12-17,0.0,2025-12-17,11.0,3.0,False
ASTS,2025-12-24,30,35622.0,sin_earnings,2021-05-18,-1681.0,2025-12-24,11.0,3.0,False
SLS,2025-12-29,10,32901.0,sin_earnings,2025-11-12,-47.0,2025-12-29,11.0,3.0,False
ONDS,2025-12-31,37,33073.0,sin_earnings,2025-11-13,-48.0,2025-12-31,11.0,3.0,False
PLTR,2026-01-02,35,36910.0,sin_earnings,2026-02-02,31.0,2026-01-02,11.0,3.0,False
SNDK,2026-01-02,35,,sin_rdq,,,2026-01-02,,,True
TSM,2026-01-02,14,,sin_rdq,,,2026-01-02,31.0,1.0,True
CVX,2026-01-03,3,2991.0,sin_earnings,2026-01-30,27.0,2026-01-03,11.0,1.0,False
NOEM,2026-01-03,155,,sin_rdq,,,2026-01-03,,,True
STRA,2026-01-03,34,63338.0,sin_earnings,2026-02-26,54.0,2026-01-03,11.0,3.0,False
UEC,2026-01-03,35,165798.0,sin_earnings,2025-12-10,-24.0,2026-01-03,11.0,2.0,False
MTX,2026-01-04,33,25870.0,sin_earnings,2026-01-29,25.0,2026-01-04,11.0,1.0,False
OKLO,2026-01-05,7,38375.0,sin_earnings,2025-11-11,-55.0,2026-01-05,11.0,1.0,False
RDW,2026-01-05,23,39578.0,sin_earnings,2026-02-25,51.0,2026-01-05,11.0,1.0,False
UUUU,2026-01-05,31,,sin_rdq,,,2026-01-05,12.0,2.0,True
AAPL,2026-01-06,31,1690.0,sin_earnings,2026-01-29,23.0,2026-01-06,11.0,3.0,False
AMD,2026-01-06,31,1161.0,sin_earnings,2026-02-03,28.0,2026-01-06,11.0,3.0,False
SOFI,2026-01-06,11,37111.0,sin_earnings,2021-05-24,-1688.0,2026-01-06,11.0,3.0,False
APLD,2026-01-07,3,146738.0,earnings,2026-01-07,0.0,2026-01-07,11.0,3.0,False
ICE,2026-01-07,23,163610.0,sin_earnings,2026-02-05,29.0,2026-01-07,11.0,1.0,False
INTC,2026-01-07,17,6008.0,sin_earnings,2026-01-22,15.0,2026-01-07,11.0,3.0,False
META,2026-01-12,18,170617.0,sin_earnings,2026-01-28,16.0,2026-01-12,11.0,3.0,False
PYPL,2026-01-12,24,24616.0,sin_earnings,2026-02-03,22.0,2026-01-12,11.0,3.0,False
ADBE,2026-01-13,9,12540.0,sin_earnings,2025-12-10,-34.0,2026-01-13,11.0,3.0,False
JPM,2026-01-13,24,2968.0,earnings,2026-01-13,0.0,2026-01-13,11.0,1.0,False
IBRX,2026-01-14,10,25348.0,sin_earnings,2021-03-04,-1777.0,2026-01-14,11.0,3.0,False
POET,2026-01-14,10,,sin_rdq,,,2026-01-14,12.0,3.0,True
NFLX,2026-01-20,4,147579.0,earnings,2026-01-20,0.0,2026-01-20,11.0,3.0,False
EXE,2026-01-21,19,27786.0,sin_earnings,2026-02-17,27.0,2026-01-21,11.0,3.0,False
MSFT,2026-01-21,23,12141.0,sin_earnings,2026-01-28,7.0,2026-01-21,11.0,3.0,False
BNAI,2026-01-23,8,38040.0,sin_earnings,2025-11-25,-59.0,2026-01-23,11.0,3.0,False
GME,2026-01-26,16,145049.0,sin_earnings,2025-12-09,-48.0,2026-01-26,11.0,1.0,False
RDDT,2026-01-27,18,45097.0,sin_earnings,2026-02-05,9.0,2026-01-27,11.0,1.0,False
TSLA,2026-01-28,9,184996.0,earnings,2026-01-28,0.0,2026-01-28,11.0,3.0,False
WDC,2026-01-28,8,11399.0,earnings,2026-01-29,1.0,2026-01-28,11.0,3.0,False
BULL,2026-01-29,14,,sin_rdq,,,2026-01-29,,,True
GTES,2026-01-29,9,,sin_rdq,,,2026-01-29,12.0,1.0,True
ORCL,2026-01-29,12,12142.0,sin_earnings,2026-03-10,40.0,2026-01-29,11.0,1.0,False
APP,2026-01-30,14,38212.0,sin_earnings,2026-02-11,12.0,2026-01-30,11.0,3.0,False
UPC,2026-01-30,18,,sin_rdq,,,2026-01-30,12.0,3.0,True
WEN,2026-01-30,42,3708.0,sin_earnings,2026-02-13,14.0,2026-01-30,11.0,3.0,False
MSTR,2026-01-31,7,111534.0,sin_earnings,2026-02-05,5.0,2026-01-31,11.0,3.0,False
HOOD,2026-02-02,12,39293.0,sin_earnings,2026-02-10,8.0,2026-02-02,11.0,3.0,False
SMCI,2026-02-02,3,176567.0,earnings,2026-02-03,1.0,2026-02-02,11.0,3.0,False
CRM,2026-02-03,24,157855.0,sin_earnings,2026-02-25,22.0,2026-02-03,11.0,1.0,False
GOOG,2026-02-03,4,160329.0,earnings,2026-02-04,1.0,2026-02-03,11.0,3.0,False
WMT,2026-02-03,25,11259.0,sin_earnings,2026-02-19,16.0,2026-02-03,11.0,1.0,False
AVGO,2026-02-04,3,180711.0,sin_earnings,2026-03-04,28.0,2026-02-04,11.0,3.0,False
GOOGL,2026-02-04,8,,sin_rdq,,,2026-02-04,11.0,3.0,True
COIN,2026-02-05,9,34749.0,sin_earnings,2026-02-12,7.0,2026-02-05,11.0,3.0,False
HIMS,2026-02-05,6,35402.0,sin_earnings,2020-11-13,-1910.0,2026-02-05,11.0,1.0,False
DOW,2026-02-06,19,34443.0,sin_earnings,2026-01-29,-8.0,2026-02-06,11.0,1.0,False
WBD,2026-02-17,11,164296.0,sin_earnings,2026-02-26,9.0,2026-02-17,11.0,3.0,False
NVO,2026-02-23,3,,sin_rdq,,,2026-02-23,31.0,1.0,True
NVDA,2026-02-25,3,117768.0,earnings,2026-02-25,0.0,2026-02-25,11.0,3.0,False
RBNE,2026-02-26,13,,sin_rdq,,,2026-02-26,,,True
YCY,2026-02-28,13,,sin_rdq,,,2026-02-28,,,True
EONR,2026-03-02,17,37955.0,sin_earnings,2025-11-17,-105.0,2026-03-02,11.0,2.0,False
LNG,2026-03-02,18,29453.0,sin_earnings,2026-02-26,-4.0,2026-03-02,11.0,1.0,False
TPET,2026-03-02,11,41733.0,sin_earnings,2026-03-17,15.0,2026-03-02,11.0,2.0,False
MOBX,2026-03-03,8,39121.0,sin_earnings,2026-02-12,-19.0,2026-03-03,11.0,3.0,False
NGS,2026-03-03,35,150562.0,sin_earnings,2026-03-16,13.0,2026-03-03,11.0,1.0,False
ORCL,2026-03-06,6,12142.0,sin_earnings,2026-03-10,4.0,2026-03-06,11.0,1.0,False
TCBI,2026-03-06,33,150306.0,sin_earnings,2026-01-22,-43.0,2026-03-06,11.0,3.0,False
WTI,2026-03-06,33,160341.0,sin_earnings,2026-03-09,3.0,2026-03-06,11.0,1.0,False
STRA,2026-03-09,8,63338.0,sin_earnings,2026-02-26,-11.0,2026-03-09,11.0,3.0,False
MU,2026-03-16,4,7343.0,earnings,2026-03-18,2.0,2026-03-16,11.0,3.0,False
NBIS,2026-03-16,3,,sin_rdq,,,2026-03-16,12.0,3.0,True
VCX,2026-03-19,9,,sin_rdq,,,2026-03-19,,,True
ICE,2026-03-21,6,163610.0,sin_earnings,2026-04-30,40.0,2026-03-21,11.0,1.0,False
DJT,2026-03-23,30,38881.0,sin_earnings,2026-02-27,-24.0,2026-03-23,11.0,3.0,False
GME,2026-03-24,8,145049.0,earnings,2026-03-24,0.0,2026-03-24,11.0,1.0,False
GLND,2026-03-26,23,,sin_rdq,,,2026-03-26,,,True
INTC,2026-03-31,43,6008.0,sin_earnings,2026-04-23,23.0,2026-03-31,11.0,3.0,False
UEC,2026-03-31,18,165798.0,sin_earnings,2026-03-10,-21.0,2026-03-31,11.0,2.0,False
TSLA,2026-04-02,22,184996.0,sin_earnings,2026-04-22,20.0,2026-04-02,11.0,3.0,False
PLTR,2026-04-08,6,36910.0,sin_earnings,2026-05-04,26.0,2026-04-08,11.0,3.0,False
AMZN,2026-04-09,22,64768.0,sin_earnings,2026-04-29,20.0,2026-04-09,11.0,3.0,False
CAR,2026-04-13,17,3278.0,sin_earnings,2026-04-29,16.0,2026-04-13,11.0,3.0,False
ASTS,2026-04-14,7,35622.0,sin_earnings,2021-05-18,-1792.0,2026-04-14,11.0,3.0,False
BULL,2026-04-14,25,,sin_rdq,,,2026-04-14,,,True
HIMS,2026-04-15,9,35402.0,sin_earnings,2020-11-13,-1979.0,2026-04-15,11.0,1.0,False
HOOD,2026-04-15,16,39293.0,sin_earnings,2026-04-28,13.0,2026-04-15,11.0,3.0,False
AMD,2026-04-16,12,1161.0,sin_earnings,2026-05-05,19.0,2026-04-16,11.0,3.0,False
ADBE,2026-04-17,13,12540.0,sin_earnings,2026-03-12,-36.0,2026-04-17,11.0,3.0,False
MSTR,2026-04-17,24,111534.0,sin_earnings,2026-05-05,18.0,2026-04-17,11.0,3.0,False
IPGP,2026-04-19,46,175955.0,sin_earnings,2026-05-05,16.0,2026-04-19,11.0,3.0,False
MRVL,2026-04-19,10,137310.0,sin_earnings,2026-05-27,38.0,2026-04-19,11.0,3.0,False
AAPL,2026-04-20,12,1690.0,sin_earnings,2026-04-30,10.0,2026-04-20,11.0,3.0,False
POET,2026-04-20,9,,sin_rdq,,,2026-04-20,12.0,3.0,True
ON,2026-04-23,50,134932.0,sin_earnings,2026-05-04,11.0,2026-04-23,11.0,3.0,False
NVDA,2026-04-24,40,117768.0,sin_earnings,2026-05-20,26.0,2026-04-24,11.0,3.0,False
NXPI,2026-04-24,47,,sin_rdq,,,2026-04-24,12.0,3.0,True
QCOM,2026-04-24,7,24800.0,sin_earnings,2026-04-29,5.0,2026-04-24,11.0,3.0,False
GOOGL,2026-04-27,10,,sin_rdq,,,2026-04-27,11.0,3.0,True
SEGG,2026-04-28,32,,sin_rdq,,,2026-04-28,,,True
GOOG,2026-04-29,7,160329.0,earnings,2026-04-29,0.0,2026-04-29,11.0,3.0,False
NOK,2026-04-29,16,,sin_rdq,,,2026-04-29,31.0,1.0,True
JPM,2026-04-30,3,2968.0,sin_earnings,2026-04-14,-16.0,2026-04-30,11.0,1.0,False
SNDK,2026-04-30,16,,sin_rdq,,,2026-04-30,,,True
XRX,2026-04-30,6,11636.0,earnings,2026-04-30,0.0,2026-04-30,11.0,3.0,False
EBAY,2026-05-01,13,114524.0,earnings,2026-04-29,-2.0,2026-05-01,11.0,3.0,False
GME,2026-05-01,15,145049.0,sin_earnings,2026-06-02,32.0,2026-05-01,11.0,1.0,False
SOUN,2026-05-01,8,38087.0,sin_earnings,2026-05-07,6.0,2026-05-01,11.0,3.0,False
BRK,2026-05-02,17,2176.0,earnings,2026-05-02,0.0,2026-05-02,11.0,1.0,False
CHWY,2026-05-04,10,35287.0,sin_earnings,2026-06-10,37.0,2026-05-04,11.0,1.0,False
AMD,2026-05-05,4,1161.0,earnings,2026-05-05,0.0,2026-05-05,11.0,3.0,False
MU,2026-05-05,36,7343.0,sin_earnings,2026-03-18,-48.0,2026-05-05,11.0,3.0,False
SMCI,2026-05-05,4,176567.0,earnings,2026-05-05,0.0,2026-05-05,11.0,3.0,False
IREN,2026-05-06,3,,sin_rdq,,,2026-05-06,12.0,3.0,True
RKLB,2026-05-07,8,39503.0,earnings,2026-05-07,0.0,2026-05-07,11.0,3.0,False
CSCO,2026-05-09,7,20779.0,sin_earnings,2026-05-13,4.0,2026-05-09,11.0,3.0,False
CBRS,2026-05-11,4,,sin_rdq,,,2026-05-11,,,True
RDDT,2026-05-12,24,45097.0,sin_earnings,2026-04-30,-12.0,2026-05-12,11.0,1.0,False
NBIS,2026-05-13,3,,sin_rdq,,,2026-05-13,12.0,3.0,True
SLS,2026-05-13,20,32901.0,earnings,2026-05-12,-1.0,2026-05-13,11.0,3.0,False
OTAI,2026-05-15,34,,sin_rdq,,,2026-05-15,,,True
CXAI,2026-05-20,21,37526.0,sin_earnings,2026-05-13,-7.0,2026-05-20,11.0,3.0,False
INTU,2026-05-20,3,27928.0,earnings,2026-05-20,0.0,2026-05-20,11.0,3.0,False
QUBT,2026-05-21,15,162643.0,sin_earnings,2026-05-11,-10.0,2026-05-21,11.0,3.0,False
UEC,2026-05-21,9,165798.0,sin_earnings,2026-06-09,19.0,2026-05-21,11.0,2.0,False
BB,2026-05-22,14,,sin_rdq,,,2026-05-22,12.0,1.0,True
DELL,2026-05-22,11,14489.0,sin_earnings,2026-05-28,6.0,2026-05-22,11.0,1.0,False
RDW,2026-05-22,22,39578.0,sin_earnings,2026-05-06,-16.0,2026-05-22,11.0,1.0,False
CRSR,2026-05-26,4,37090.0,sin_earnings,2026-05-07,-19.0,2026-05-26,11.0,3.0,False
LUNR,2026-05-26,4,38258.0,sin_earnings,2026-05-14,-12.0,2026-05-26,11.0,3.0,False
LFVN,2026-05-27,22,25027.0,sin_earnings,2026-05-06,-21.0,2026-05-27,11.0,3.0,False
MRVL,2026-05-27,10,137310.0,earnings,2026-05-27,0.0,2026-05-27,11.0,3.0,False
HPE,2026-05-28,6,26156.0,sin_earnings,2026-06-01,4.0,2026-05-28,11.0,1.0,False
HUBC,2026-05-28,7,,sin_rdq,,,2026-05-28,12.0,3.0,True
ONDS,2026-05-28,7,33073.0,sin_earnings,2026-05-14,-14.0,2026-05-28,11.0,3.0,False
SKYX,2026-05-28,16,25447.0,sin_earnings,2026-05-11,-17.0,2026-05-28,11.0,3.0,False
SPCE,2026-05-28,6,32355.0,sin_rdq,,,2026-05-28,11.0,1.0,False
ASTS,2026-05-29,5,35622.0,sin_earnings,2021-05-18,-1837.0,2026-05-29,11.0,3.0,False
AVGO,2026-05-29,8,180711.0,sin_earnings,2026-06-03,5.0,2026-05-29,11.0,3.0,False
CRWD,2026-05-29,7,35182.0,sin_earnings,2026-06-03,5.0,2026-05-29,11.0,3.0,False
IBM,2026-05-29,6,6066.0,sin_earnings,2026-04-22,-37.0,2026-05-29,11.0,1.0,False
ORCL,2026-05-29,14,12142.0,sin_earnings,2026-06-10,12.0,2026-05-29,11.0,1.0,False
WMT,2026-05-30,7,11259.0,sin_earnings,2026-05-21,-9.0,2026-05-30,11.0,1.0,False
GOOG,2026-06-01,4,160329.0,sin_earnings,2026-04-29,-33.0,2026-06-01,11.0,3.0,False
GOOGL,2026-06-01,4,,sin_rdq,,,2026-06-01,11.0,3.0,True
MSTR,2026-06-02,7,111534.0,sin_earnings,2026-05-05,-28.0,2026-06-02,11.0,3.0,False
ADBE,2026-06-11,4,12540.0,earnings,2026-06-11,0.0,2026-06-11,11.0,3.0,False
HOOD,2026-06-12,6,39293.0,sin_earnings,2026-04-28,-45.0,2026-06-12,11.0,3.0,False
TSLA,2026-06-12,6,184996.0,sin_earnings,2026-04-22,-51.0,2026-06-12,11.0,3.0,False
NFLX,2026-06-16,15,147579.0,sin_earnings,2026-04-16,-61.0,2026-06-16,11.0,3.0,False
WDC,2026-06-16,15,11399.0,sin_earnings,2026-04-30,-47.0,2026-06-16,11.0,3.0,False
INTC,2026-06-18,5,6008.0,sin_earnings,2026-04-23,-56.0,2026-06-18,11.0,3.0,False
MSFT,2026-06-18,13,12141.0,sin_earnings,2026-04-29,-50.0,2026-06-18,11.0,3.0,False
GOOG,2026-06-22,4,160329.0,sin_earnings,2026-04-29,-54.0,2026-06-22,11.0,3.0,False
GOOGL,2026-06-22,9,,sin_rdq,,,2026-06-22,11.0,3.0,True
WEN,2026-06-24,7,3708.0,sin_earnings,2026-05-08,-47.0,2026-06-24,11.0,3.0,False
SLS,2026-06-25,6,32901.0,sin_earnings,2026-05-12,-44.0,2026-06-25,11.0,3.0,False
