k,anio,ret_encendido_pico,vol_ratio_evento,ret_max_evento
MSFT_2020-01-17,2020,0.1099,1.52,0.1356
NFLX_2020-01-21,2020,-0.0046,2.68,0.0397
SPCE_2020-01-22,2020,0.1399,2.61,0.1399
DEAC_2020-01-23,2020,0.0568,1.1,0.0568
AAPL_2020-01-28,2020,0.0283,1.34,0.0526
SBUX_2020-01-28,2020,-0.0015,1.95,0.0566
PENN_2020-01-29,2020,0.1072,3.46,0.4605
PYPL_2020-01-29,2020,0.0012,1.14,0.0634
DIS_2020-01-31,2020,0.0502,2.06,0.0502
GOOG_2020-01-31,2020,0.0207,2.01,0.0207
GOOGL_2020-01-31,2020,0.0195,1.54,0.0443
TSLA_2020-02-03,2020,0.3635,2.45,0.3635
AMTD_2020-02-04,2020,-0.0835,1.36,0.0705
PTON_2020-02-05,2020,-0.023,2.0,0.0
ACB_2020-02-06,2020,-0.056,1.2,0.0094
NOK_2020-02-06,2020,0.0844,1.96,0.0943
TWTR_2020-02-06,2020,0.1503,2.59,0.1503
UBER_2020-02-06,2020,0.0076,2.41,0.1212
SHOP_2020-02-07,2020,0.1232,2.14,0.1341
GTES_2020-02-10,2020,0.0304,1.23,0.0624
NVDA_2020-02-10,2020,0.0763,2.69,0.2508
ENPH_2020-02-12,2020,0.4428,2.41,0.4899
SPCE_2020-02-12,2020,0.381,4.65,0.7024
ROKU_2020-02-13,2020,-0.0581,3.01,0.0055
INO_2020-02-14,2020,1.5466,5.27,2.6503
WMT_2020-02-14,2020,0.0186,1.74,0.0186
AMD_2020-02-18,2020,0.0354,1.48,0.0649
GRPN_2020-02-18,2020,-0.3993,10.84,0.0777
ALLY_2020-02-19,2020,-0.0821,3.13,0.0256
CRM_2020-02-20,2020,-0.0601,2.09,0.0025
AMRN_2020-02-21,2020,-0.0207,1.88,0.0179
BRK_2020-02-21,2020,0.0039,2.21,0.0055
GOLD_2020-02-21,2020,0.0607,2.0,0.0607
LULU_2020-02-21,2020,-0.4127,2.6,0.0
WEN_2020-02-21,2020,0.0146,3.25,0.0146
DOW_2020-02-24,2020,-0.5099,2.14,0.0095
GILD_2020-02-24,2020,0.0425,2.08,0.1509
MRNA_2020-02-24,2020,0.435,8.49,0.6391
AAL_2020-02-25,2020,-0.3745,4.51,0.1202
APT_2020-02-25,2020,1.9412,7.87,2.5364
RCL_2020-02-25,2020,-0.4652,5.05,0.1365
VBIV_2020-02-25,2020,-0.1549,2.19,0.1197
CODX_2020-02-26,2020,2.6987,4.99,3.1275
CUK_2020-02-26,2020,-0.7778,4.97,0.1623
DAL_2020-02-26,2020,-0.0531,4.16,0.1372
MGM_2020-02-26,2020,-0.2546,4.17,0.1255
UAL_2020-02-26,2020,-0.0798,2.36,0.1054
ACIU_2020-02-27,2020,-0.3611,0.82,0.0807
CLX_2020-02-27,2020,-0.0512,3.02,0.1776
CZR_2020-02-27,2020,-0.6062,3.76,0.0826
IBIO_2020-02-27,2020,6.3353,4.48,6.3353
ICBK_2020-02-27,2020,-0.0613,3.15,0.0244
JBLU_2020-02-27,2020,-0.0783,3.4,0.132
LUV_2020-02-27,2020,-0.0648,2.68,0.1065
MAR_2020-02-27,2020,-0.4691,4.23,0.1218
NFLX_2020-02-27,2020,0.1439,1.81,0.158
PXD_2020-02-27,2020,-0.2133,1.68,0.0835
WYNN_2020-02-27,2020,-0.4802,2.44,0.0851
WASH_2020-02-29,2020,,1.12,0.1139
LVS_2020-03-01,2020,-0.3073,1.85,0.0317
COST_2020-03-02,2020,0.1231,2.58,0.1409
GCP_2020-03-02,2020,-0.1341,1.28,0.0827
IBKR_2020-03-02,2020,-0.1552,1.49,0.0613
OPK_2020-03-05,2020,0.3976,13.04,0.3976
SIX_2020-03-05,2020,-0.2826,1.88,0.0666
BAC_2020-03-06,2020,-0.1535,1.94,0.0967
DB_2020-03-06,2020,-0.2865,1.35,0.1084
JPM_2020-03-06,2020,-0.1621,2.07,0.0662
LYV_2020-03-06,2020,-0.3472,2.74,0.0779
SEAS_2020-03-06,2020,-0.0247,2.41,0.2335
BOH_2020-03-07,2020,-0.2453,2.03,0.1077
HAL_2020-03-08,2020,-0.4162,2.48,0.2204
XOM_2020-03-08,2020,-0.1222,2.04,0.0992
DIS_2020-03-09,2020,-0.2035,1.99,0.0339
TCBI_2020-03-09,2020,-0.3404,2.24,0.1311
AYTU_2020-03-10,2020,4.8046,45.44,4.8908
BA_2020-03-11,2020,-0.4626,5.3,0.1356
GME_2020-03-11,2020,0.4066,1.6,0.4066
WWE_2020-03-11,2020,-0.2139,1.17,0.0367
PUMP_2020-03-12,2020,-0.4894,2.81,0.0718
Z_2020-03-12,2020,-0.1436,1.45,0.094
ZG_2020-03-12,2020,-0.2723,1.75,0.1034
GOOG_2020-03-13,2020,0.1065,1.22,0.2097
GTES_2020-03-13,2020,-0.0062,1.57,0.1785
NCLH_2020-03-13,2020,0.1337,3.83,1.1244
STRA_2020-03-13,2020,0.0337,1.28,0.1149
VERY_2020-03-13,2020,-0.0896,1.83,0.1961
WMT_2020-03-13,2020,0.0966,1.7,0.1781
GS_2020-03-15,2020,,1.51,0.0405
APRN_2020-03-17,2020,2.7539,18.87,3.2539
LYFT_2020-03-17,2020,0.1124,1.41,0.5659
MCD_2020-03-17,2020,-0.0093,2.01,0.1887
ROAD_2020-03-17,2020,0.3373,0.9,0.4759
HLT_2020-03-18,2020,-0.1049,1.8,0.2129
SBUX_2020-03-18,2020,0.0412,1.41,0.2526
ULTA_2020-03-18,2020,-0.0423,1.86,0.3393
UBER_2020-03-19,2020,0.3826,1.54,0.8974
PENN_2020-03-20,2020,0.2956,2.81,1.3908
ZM_2020-03-23,2020,0.2222,1.18,0.2952
MFA_2020-03-25,2020,2.1667,7.16,9.0
CHWY_2020-03-28,2020,-0.0304,1.58,0.0509
MRO_2020-03-30,2020,0.1705,1.18,0.7386
LK_2020-04-02,2020,-0.7557,14.16,0.0378
NRZ_2020-04-03,2020,-0.2183,1.79,0.4014
WTI_2020-04-09,2020,-0.0142,1.29,0.2736
AMC_2020-04-11,2020,0.2308,1.87,0.2692
AMZN_2020-04-13,2020,0.2111,1.04,0.2111
WFC_2020-04-13,2020,-0.091,1.03,0.0
AMD_2020-04-14,2020,0.0897,0.94,0.1184
BAC_2020-04-14,2020,-0.0079,0.83,0.0393
MA_2020-04-14,2020,0.0442,0.66,0.0773
SPCE_2020-04-14,2020,0.2309,2.25,0.2924
TSLA_2020-04-14,2020,0.0774,0.94,0.2588
ATVI_2020-04-15,2020,0.083,0.87,0.1925
CHK_2020-04-15,2020,132.3841,0.04,303.4207
INTC_2020-04-15,2020,-0.0267,0.76,0.0188
ROKU_2020-04-15,2020,0.2015,1.88,0.2207
BABA_2020-04-16,2020,-0.0407,1.33,0.0502
GILD_2020-04-16,2020,0.1254,2.0,0.1254
GOOGL_2020-04-16,2020,-0.0197,0.83,0.0711
MSFT_2020-04-16,2020,0.0323,0.61,0.0865
NOK_2020-04-16,2020,0.0712,0.99,0.1146
NVDA_2020-04-16,2020,0.0494,0.76,0.0627
WORK_2020-04-16,2020,0.0482,1.09,0.0482
AAPL_2020-04-17,2020,0.0248,0.71,0.0486
DEAC_2020-04-17,2020,0.0895,1.27,0.092
MRNA_2020-04-17,2020,0.1539,1.76,0.2732
SHOP_2020-04-17,2020,0.1113,2.04,0.2218
DPZ_2020-04-18,2020,0.0572,1.31,0.0572
DHT_2020-04-20,2020,-0.0989,1.33,0.1161
EURN_2020-04-20,2020,-0.0617,1.45,0.1356
FRO_2020-04-20,2020,0.0906,1.59,0.1406
NAT_2020-04-20,2020,0.8213,7.73,0.8213
PINS_2020-04-20,2020,0.1926,1.51,0.2281
SNAP_2020-04-20,2020,0.3105,3.25,0.3105
STNG_2020-04-20,2020,0.0765,2.42,0.3495
XOM_2020-04-20,2020,-0.0472,0.81,0.0405
BYND_2020-04-21,2020,0.2592,3.36,0.3749
DFS_2020-04-22,2020,0.0152,1.04,0.3385
INO_2020-04-22,2020,0.4737,4.22,0.4737
PFE_2020-04-23,2020,0.0458,0.85,0.0582
CLX_2020-04-24,2020,0.0038,1.09,0.0714
UPS_2020-04-24,2020,-0.0304,1.39,0.0312
HOG_2020-04-27,2020,0.1687,2.39,0.3048
UAVS_2020-04-27,2020,1.1018,8.31,2.3338
VISL_2020-04-27,2020,0.7,5.27,0.7
ENPH_2020-04-28,2020,0.1924,1.63,0.8017
HTZ_2020-04-29,2020,-0.282,2.03,0.0
NCLH_2020-04-29,2020,-0.1459,2.27,0.2536
BOCH_2020-04-30,2020,-0.142,0.72,0.0245
CBSH_2020-04-30,2020,-0.0928,0.92,0.0331
HTBK_2020-04-30,2020,-0.2297,0.64,0.0
MARK_2020-04-30,2020,3.3418,6.13,6.8522
SPSC_2020-04-30,2020,0.1018,0.89,0.2692
TTI_2020-04-30,2020,0.4872,4.51,0.667
GRUB_2020-05-01,2020,0.2637,3.14,0.2637
MVIS_2020-05-01,2020,2.7153,12.59,2.7153
BRK_2020-05-02,2020,,0.7,0.0393
CHGG_2020-05-02,2020,0.3673,8.89,0.4903
LUV_2020-05-04,2020,-0.0571,1.61,0.0691
W_2020-05-04,2020,0.3541,1.65,0.5532
BYND_2020-05-05,2020,0.3263,3.29,0.4389
DIS_2020-05-05,2020,0.1622,1.18,0.2336
HEAR_2020-05-05,2020,0.1536,2.3,0.1536
IZEA_2020-05-05,2020,0.3709,3.57,0.8571
PTON_2020-05-05,2020,0.1218,4.1,0.3619
PYPL_2020-05-05,2020,0.183,2.09,0.183
RTTR_2020-05-05,2020,0.8768,5.67,1.1173
ZNGA_2020-05-05,2020,0.0643,1.55,0.0643
CSOD_2020-05-06,2020,0.097,1.11,0.097
DBX_2020-05-06,2020,0.0926,2.69,0.145
FSLY_2020-05-06,2020,0.4767,4.21,0.737
GNUS_2020-05-06,2020,20.764,79.19,24.1586
KTOV_2020-05-06,2020,0.0451,3.51,0.3544
NET_2020-05-06,2020,0.2044,2.39,0.2044
SDC_2020-05-06,2020,0.1985,1.67,0.3615
TWLO_2020-05-06,2020,0.466,7.36,0.6324
UBER_2020-05-06,2020,0.1019,2.02,0.1763
CSCO_2020-05-07,2020,0.0527,1.22,0.095
DDOG_2020-05-07,2020,0.1961,4.65,0.5047
LOGI_2020-05-07,2020,0.0359,4.94,0.0787
PENN_2020-05-07,2020,1.0044,2.38,1.3719
RIOT_2020-05-07,2020,0.4567,5.94,0.7953
VTIQ_2020-05-07,2020,1.2989,16.0,1.2989
ZOM_2020-05-07,2020,0.177,3.91,0.3541
BIOC_2020-05-08,2020,0.0695,0.76,0.1204
BOX_2020-05-08,2020,0.1649,1.78,0.1851
CRM_2020-05-08,2020,0.045,1.12,0.0752
DOCU_2020-05-08,2020,0.19,1.68,0.2579
FET_2020-05-08,2020,0.1987,0.78,0.3767
HD_2020-05-08,2020,0.0693,1.48,0.0693
TGT_2020-05-08,2020,0.0865,1.22,0.1044
WMT_2020-05-08,2020,0.0251,1.23,0.0473
ICBK_2020-05-09,2020,-0.0246,1.93,0.0183
ACB_2020-05-11,2020,24.4616,1.69,24.9083
AMC_2020-05-11,2020,0.2976,4.52,0.2976
NVAX_2020-05-11,2020,1.126,4.83,2.0411
TTNP_2020-05-11,2020,-0.0984,1.65,0.1311
VEL_2020-05-11,2020,0.0329,1.56,1.0822
DKNG_2020-05-12,2020,0.0752,2.01,0.2138
JCP_2020-05-13,2020,-0.0855,7.62,0.188
VBIV_2020-05-14,2020,0.3966,1.47,0.3966
BIDU_2020-05-15,2020,0.1205,3.21,0.1459
HPQ_2020-05-15,2020,0.153,1.45,0.1923
LOW_2020-05-15,2020,0.0587,2.06,0.1074
NVDA_2020-05-15,2020,0.0927,1.87,0.124
PCG_2020-05-15,2020,0.0523,1.82,0.1054
SRNE_2020-05-15,2020,1.5802,59.13,1.5802
DLTR_2020-05-17,2020,0.3007,1.9,0.3037
CGC_2020-05-18,2020,0.0952,2.08,0.3695
GSX_2020-05-18,2020,-0.0731,2.93,0.0816
HEXO_2020-05-18,2020,1.2406,8.06,1.2406
HUYA_2020-05-18,2020,0.1179,2.8,0.1179
MRNA_2020-05-18,2020,0.0747,3.55,0.1996
TTWO_2020-05-18,2020,0.1079,3.27,0.1079
COST_2020-05-19,2020,0.0225,1.07,0.0225
DELL_2020-05-19,2020,0.0411,1.89,0.1339
SPOT_2020-05-19,2020,0.0842,2.63,0.194
APHA_2020-05-21,2020,0.3939,1.47,0.3939
DCAR_2020-05-21,2020,0.1553,3.04,0.1942
ESTC_2020-05-21,2020,0.1829,3.09,0.188
LULU_2020-05-21,2020,0.1925,1.78,0.253
CHWY_2020-05-22,2020,0.2817,1.03,0.2817
COTY_2020-05-22,2020,0.8649,2.4,0.8649
HTZ_2020-05-22,2020,-0.8192,6.11,0.0326
XSPA_2020-05-22,2020,2.675,3.14,9.8317
CRWD_2020-05-26,2020,0.122,3.09,0.1931
LTM_2020-05-26,2020,0.2442,14.88,0.2442
MGM_2020-05-26,2020,0.4943,1.38,0.4943
MNLO_2020-05-26,2020,0.067,2.3,0.1205
WORK_2020-05-26,2020,0.1965,2.56,0.2583
KR_2020-05-27,2020,0.014,1.43,0.0609
SPCE_2020-05-27,2020,0.0729,1.25,0.0729
DKNG_2020-05-28,2020,0.1741,1.86,0.2432
FMCI_2020-05-28,2020,0.2178,6.42,0.7275
GAN_2020-05-28,2020,0.4745,2.89,0.4745
TWTR_2020-05-28,2020,-0.0635,1.18,0.108
CLDR_2020-05-29,2020,0.2653,5.77,0.2653
EXPR_2020-05-29,2020,-0.0297,1.41,0.2624
NERV_2020-05-29,2020,-0.7246,28.52,0.0913
NOK_2020-05-29,2020,0.125,1.52,0.1531
DGLY_2020-05-30,2020,4.0893,43.82,4.0893
AAXN_2020-05-31,2020,0.32,2.43,0.3593
PFE_2020-06-01,2020,-0.1165,1.63,0.0
VISL_2020-06-01,2020,2.8828,5.88,2.8828
NBRV_2020-06-02,2020,0.114,2.83,0.4597
SOLO_2020-06-02,2020,0.0702,10.52,1.2281
BUD_2020-06-03,2020,0.0966,1.34,0.1684
LVS_2020-06-03,2020,0.0954,1.54,0.1643
NIO_2020-06-03,2020,0.4213,2.83,0.5809
ORCL_2020-06-03,2020,0.0246,1.27,0.0345
SAVE_2020-06-03,2020,0.4507,2.4,0.764
SPG_2020-06-03,2020,0.3628,1.97,0.5051
DAL_2020-06-04,2020,0.1999,1.72,0.2986
IVR_2020-06-04,2020,1.3711,5.23,1.3711
JFK_2020-06-04,2020,0.007,4.12,0.0307
LUV_2020-06-04,2020,0.0483,1.48,0.1145
MFA_2020-06-04,2020,0.5825,3.23,0.7526
UAL_2020-06-04,2020,0.2602,1.75,0.447
BA_2020-06-05,2020,0.1146,2.46,0.2507
CHK_2020-06-05,2020,3.9765,6.7,3.9765
HTZ_2020-06-05,2020,2.6867,3.72,2.6867
MITT_2020-06-05,2020,1.7527,3.86,1.7527
MRO_2020-06-05,2020,0.3531,1.49,0.3531
NCLH_2020-06-05,2020,0.3711,1.36,0.3711
NRZ_2020-06-05,2020,0.0363,1.25,0.0775
OXY_2020-06-05,2020,0.5691,2.62,0.5691
PUMP_2020-06-05,2020,0.1237,1.18,0.3357
RCL_2020-06-05,2020,0.2037,1.45,0.3021
SHIP_2020-06-05,2020,0.2344,4.6,0.5238
VAL_2020-06-05,2020,5.1725,13.59,5.1725
XOM_2020-06-05,2020,0.1149,1.38,0.1149
BAC_2020-06-08,2020,-0.0537,1.13,0.0153
BYND_2020-06-08,2020,0.2167,1.2,0.2167
GME_2020-06-08,2020,0.1981,3.45,0.2246
IZEA_2020-06-08,2020,1.8671,6.92,3.7008
MCD_2020-06-08,2020,0.0278,1.03,0.0278
USFD_2020-06-08,2020,0.0808,1.32,0.0808
WFC_2020-06-08,2020,-0.0619,1.18,0.0521
IDEX_2020-06-09,2020,1.3548,15.63,4.3065
INTC_2020-06-09,2020,-0.0636,1.32,0.0105
OPES_2020-06-09,2020,0.5712,17.58,0.7144
SNE_2020-06-09,2020,-0.0174,1.23,0.0284
AMTD_2020-06-10,2020,-0.0503,1.1,0.0669
MSFT_2020-06-10,2020,0.0567,1.13,0.0785
SBUX_2020-06-10,2020,-0.0727,2.36,0.0144
TSLA_2020-06-10,2020,0.0897,1.47,0.0897
DOW_2020-06-11,2020,-0.0991,1.23,0.0532
TCBI_2020-06-11,2020,-0.1483,1.0,0.1182
APT_2020-06-15,2020,0.2818,3.4,0.534
ROKU_2020-06-16,2020,0.1239,2.03,0.2074
UONE_2020-06-16,2020,4.5505,26.15,4.5505
UONEK_2020-06-16,2020,0.8151,453.72,1.8425
BYFC_2020-06-17,2020,1.3147,1864.26,1.3147
FSLY_2020-06-17,2020,0.4171,3.79,0.6152
GRAF_2020-06-17,2020,0.7775,85.63,0.7775
PYPL_2020-06-18,2020,0.1268,1.07,0.2045
SPOT_2020-06-18,2020,0.1274,3.92,0.3586
SHLL_2020-06-19,2020,0.7896,134.72,2.1155
CJJD_2020-06-22,2020,0.2368,0.86,0.2632
KTOV_2020-06-22,2020,0.4411,13.27,1.2144
AAPL_2020-06-23,2020,0.0213,1.32,0.0213
FLIR_2020-06-23,2020,-0.0171,0.95,0.0606
INO_2020-06-23,2020,1.0425,6.66,1.0712
MRK_2020-06-23,2020,-0.0023,0.74,0.0264
PLUG_2020-06-23,2020,0.3591,2.92,0.7917
GNC_2020-06-24,2020,-0.1805,4.2,0.0944
PTON_2020-06-24,2020,0.1221,0.96,0.2476
WKHS_2020-06-24,2020,2.0086,13.1,2.0086
JPM_2020-06-25,2020,0.0349,1.32,0.0349
CLSK_2020-06-26,2020,0.1943,9.85,0.5403
ZOM_2020-06-26,2020,0.0457,2.51,0.1293
LCA_2020-06-29,2020,0.6204,66.32,0.6204
AYRO_2020-06-30,2020,0.7657,24.58,1.0726
FDX_2020-06-30,2020,0.0421,4.02,0.1783
UPS_2020-06-30,2020,0.2921,1.05,0.3219
AMZN_2020-07-01,2020,0.1062,1.41,0.169
BYFC_2020-07-02,2020,0.469,1.4,0.469
TSLA_2020-07-02,2020,0.3371,1.65,0.4674
BABA_2020-07-06,2020,0.1699,1.84,0.1699
GSAT_2020-07-06,2020,0.3986,4.9,0.3986
NIO_2020-07-06,2020,0.3731,3.25,0.597
CHGG_2020-07-07,2020,-0.0114,0.58,0.0796
EBAY_2020-07-07,2020,0.0543,0.86,0.0552
LVGO_2020-07-07,2020,0.2078,1.78,0.4579
NVAX_2020-07-07,2020,0.7685,1.31,0.8435
UAVS_2020-07-07,2020,0.2969,7.05,1.6719
WMT_2020-07-07,2020,0.0467,1.93,0.112
NVDA_2020-07-08,2020,0.4001,1.11,0.4533
SPAQ_2020-07-09,2020,0.3932,57.35,0.5449
SPCE_2020-07-09,2020,0.4324,2.17,0.5211
BNGO_2020-07-10,2020,0.0838,4.42,0.8231
NFLX_2020-07-10,2020,0.0387,3.25,0.0807
NOVN_2020-07-10,2020,1.4788,2.19,1.4788
W_2020-07-10,2020,-0.0226,0.97,0.0
GTES_2020-07-11,2020,0.0664,1.28,0.0915
DPZ_2020-07-13,2020,0.0386,1.82,0.0386
MRNA_2020-07-13,2020,0.2813,4.53,0.5149
TSM_2020-07-13,2020,0.0429,1.66,0.0733
BOXL_2020-07-14,2020,1.3376,12.82,1.6752
VBIV_2020-07-14,2020,0.5803,1.8,0.6237
APHA_2020-07-15,2020,0.2739,2.23,0.2739
ATVI_2020-07-15,2020,0.0837,0.92,0.0886
AZN_2020-07-15,2020,0.0871,5.17,0.1319
OXM_2020-07-15,2020,-0.0335,0.85,0.0768
HMHC_2020-07-16,2020,0.573,20.41,0.573
NAK_2020-07-16,2020,0.3662,5.26,0.6479
PHUN_2020-07-17,2020,0.1275,1.73,0.1275
ATNM_2020-07-20,2020,0.5,2.3,23.775
AMD_2020-07-22,2020,0.2175,2.23,0.5212
GOLD_2020-07-22,2020,0.0673,1.6,0.0673
MSFT_2020-07-22,2020,0.0144,1.55,0.0144
PFE_2020-07-22,2020,0.051,1.68,0.07
AUY_2020-07-23,2020,0.1054,2.02,0.112
INTC_2020-07-23,2020,-0.1713,3.78,0.0016
BUD_2020-07-24,2020,0.0394,1.09,0.0647
TSM_2020-07-24,2020,0.2357,3.27,0.2357
MARA_2020-07-27,2020,2.6827,15.09,3.8942
CVS_2020-07-28,2020,0.0292,1.19,0.0502
KODK_2020-07-28,2020,11.6718,1053.03,11.6718
GOOGL_2020-07-29,2020,0.0231,1.17,0.0231
PRPL_2020-07-29,2020,0.1828,2.35,0.2422
TDOC_2020-07-29,2020,-0.0502,4.16,0.1727
AAPL_2020-07-30,2020,-0.6961,3.69,0.3313
OSTK_2020-07-30,2020,0.7065,1.53,1.0138
CLX_2020-07-31,2020,0.003,3.17,0.028
ETSY_2020-07-31,2020,0.2059,2.72,0.2059
JMIA_2020-07-31,2020,0.6575,5.61,0.6575
NOK_2020-07-31,2020,0.0742,2.64,0.1461
TTWO_2020-08-02,2020,0.0223,3.33,0.0823
DBX_2020-08-03,2020,0.0229,2.03,0.0229
DDOG_2020-08-03,2020,-0.041,2.29,0.0193
TRVN_2020-08-03,2020,0.0259,7.54,0.3491
TWLO_2020-08-03,2020,0.0229,1.72,0.0321
DIS_2020-08-04,2020,0.0081,3.06,0.1244
HCAC_2020-08-04,2020,-0.0358,2.54,0.057
NKLA_2020-08-04,2020,0.0644,1.66,0.2598
SRNE_2020-08-04,2020,0.9263,4.77,0.9263
AAL_2020-08-05,2020,0.095,1.61,0.2206
FSLY_2020-08-05,2020,-0.2284,2.25,0.0
TGT_2020-08-05,2020,0.1822,2.17,0.1822
AYX_2020-08-06,2020,-0.3206,7.26,0.0
CSCO_2020-08-07,2020,0.0069,1.99,0.0069
IDEX_2020-08-10,2020,0.092,1.21,0.092
BBY_2020-08-20,2020,0.0061,2.38,0.0483
CRM_2020-08-24,2020,0.3122,6.37,0.3552
LCA_2020-08-24,2020,0.04,1.51,0.2497
LULU_2020-08-24,2020,-0.1215,1.91,0.0801
SHLL_2020-08-24,2020,0.6048,2.95,0.8673
BIGC_2020-08-25,2020,0.3687,5.58,0.854
GRAF_2020-08-25,2020,0.2871,2.62,0.5824
NIO_2020-08-25,2020,0.3654,3.2,0.3654
SWBI_2020-08-25,2020,-0.1743,3.03,0.0794
XOM_2020-08-25,2020,-0.0317,1.45,0.0
ADBE_2020-08-26,2020,0.0273,2.05,0.1019
CRWD_2020-08-26,2020,0.2509,2.92,0.2652
NFLX_2020-08-26,2020,0.1161,1.95,0.1345
ORCL_2020-08-27,2020,-0.0054,1.44,0.0268
WMT_2020-08-27,2020,0.1292,3.03,0.1299
WORK_2020-08-27,2020,-0.0301,2.61,0.1346
CHWY_2020-08-28,2020,0.2206,2.19,0.2324
DOCU_2020-08-31,2020,0.2488,6.67,0.2488
GME_2020-08-31,2020,0.9592,3.26,0.9592
TSLA_2020-08-31,2020,-0.7854,7.16,0.0115
COST_2020-09-01,2020,0.0322,1.31,0.0322
FDX_2020-09-01,2020,0.0766,1.58,0.1386
PTON_2020-09-01,2020,0.1445,6.18,0.1891
KCAC_2020-09-03,2020,0.874,248.72,1.25
NKLA_2020-09-08,2020,0.0068,4.71,0.4079
SPCE_2020-09-08,2020,0.093,1.28,0.1124
IPOB_2020-09-10,2020,0.4732,32.55,0.4732
DKNG_2020-09-14,2020,0.1727,2.82,0.336
LAC_2020-09-15,2020,0.1092,5.24,0.946
NAV_2020-09-15,2020,0.0121,1.98,0.0421
SBE_2020-09-16,2020,0.1923,28.34,0.4928
VALE_2020-09-17,2020,-0.082,1.89,0.025
GHC_2020-09-20,2020,-0.0415,1.12,0.0256
GHM_2020-09-20,2020,-0.0163,0.84,0.075
ACB_2020-09-22,2020,-0.2041,4.18,0.1582
NKE_2020-09-22,2020,0.0309,3.45,0.1212
HCAC_2020-09-23,2020,-0.0664,0.61,0.0252
AAL_2020-09-25,2020,0.0442,1.14,0.1215
SPCE_2020-09-28,2020,0.2483,2.26,0.3445
BYND_2020-09-29,2020,0.0949,0.93,0.2885
NIO_2020-09-29,2020,0.1085,1.26,0.1568
DDOG_2020-09-30,2020,0.1236,1.72,0.2854
REGN_2020-10-02,2020,0.0559,2.67,0.0701
AMD_2020-10-05,2020,0.0576,1.0,0.0598
APHA_2020-10-05,2020,0.2857,4.55,0.4444
PLUG_2020-10-05,2020,0.2889,1.47,0.3034
FSLY_2020-10-07,2020,0.2268,3.52,0.283
JKS_2020-10-08,2020,0.2272,4.94,0.5659
JMIA_2020-10-08,2020,0.7843,5.53,1.1137
NOK_2020-10-10,2020,0.0372,0.98,0.067
JPM_2020-10-12,2020,-0.0097,0.98,0.0123
AMC_2020-10-13,2020,-0.1324,3.19,0.0147
CHGG_2020-10-13,2020,0.0463,1.37,0.0503
NIO_2020-10-14,2020,0.2257,3.63,0.3173
SNAP_2020-10-15,2020,0.5802,5.27,0.5802
HTZ_2020-10-16,2020,1.4272,79.16,1.4272
PTON_2020-10-16,2020,-0.0374,0.8,0.0
FDX_2020-10-19,2020,-0.0067,1.13,0.0124
CRSR_2020-10-20,2020,0.1451,2.25,0.2856
GOOG_2020-10-20,2020,0.0213,1.3,0.1398
GOOGL_2020-10-20,2020,0.0176,1.36,0.1411
PINS_2020-10-20,2020,0.0749,2.38,0.3643
ETSY_2020-10-21,2020,-0.0356,1.36,0.0247
PYPL_2020-10-21,2020,0.055,1.62,0.055
INTC_2020-10-22,2020,0.0075,2.77,0.0202
UPS_2020-10-26,2020,-0.0938,1.99,0.0063
ACB_2020-10-27,2020,1.225,6.78,1.5477
BABA_2020-11-03,2020,-0.129,2.15,0.0055
CGC_2020-11-04,2020,0.1486,2.8,0.2014
GRWG_2020-11-04,2020,0.9448,1.39,0.9448
XPEV_2020-11-04,2020,1.014,9.56,1.014
NIO_2020-11-05,2020,0.1816,2.15,0.4686
APHA_2020-11-06,2020,0.0147,3.33,0.0366
CVS_2020-11-06,2020,0.0933,2.07,0.1964
PLTR_2020-11-06,2020,1.3283,4.39,1.4453
SNDL_2020-11-06,2020,1.0841,24.37,1.0841
TLRY_2020-11-06,2020,0.2916,6.53,0.2916
BNTX_2020-11-09,2020,0.1391,2.76,0.2257
BOCH_2020-11-09,2020,0.3703,1.11,0.425
CBSH_2020-11-09,2020,0.1281,1.17,0.1811
CUK_2020-11-09,2020,0.4102,1.61,0.7164
DOCU_2020-11-09,2020,-0.0029,1.54,0.0498
DOW_2020-11-09,2020,0.197,1.15,0.197
HTBK_2020-11-09,2020,0.3062,1.61,0.3869
IVR_2020-11-09,2020,0.0801,3.28,0.216
MGM_2020-11-09,2020,0.1876,1.01,0.4382
NVDA_2020-11-09,2020,-0.0778,1.23,0.0
PFE_2020-11-09,2020,0.0769,2.98,0.0769
RKT_2020-11-09,2020,0.0136,2.38,0.0629
SPSC_2020-11-09,2020,0.1725,1.26,0.2742
TDOC_2020-11-09,2020,-0.1366,1.67,0.0115
VBIV_2020-11-09,2020,0.1266,1.59,0.4768
KNDI_2020-11-12,2020,0.9389,4.96,1.4003
MRNA_2020-11-12,2020,0.1881,4.76,0.1881
SOLO_2020-11-12,2020,1.8674,7.49,1.8674
TGT_2020-11-12,2020,0.0448,1.95,0.1261
KCAC_2020-11-13,2020,0.3636,4.56,0.6434
NIU_2020-11-13,2020,0.0195,2.74,0.1265
WMT_2020-11-14,2020,0.0126,1.88,0.0126
BLNK_2020-11-16,2020,2.466,13.33,2.466
FCEL_2020-11-16,2020,2.0,11.47,2.4
PLUG_2020-11-16,2020,0.067,1.36,0.1468
RIOT_2020-11-17,2020,0.2805,4.95,0.7634
SBE_2020-11-17,2020,0.8725,6.32,1.0401
TSLA_2020-11-17,2020,0.7031,2.0,0.7031
CIIC_2020-11-18,2020,0.5814,94.92,1.5274
CRSR_2020-11-18,2020,0.3333,1.91,0.5969
FUBO_2020-11-18,2020,0.2345,1.82,0.3389
MARA_2020-11-18,2020,0.5839,2.57,1.0258
MS_2020-11-18,2020,0.0886,0.92,0.1053
WORK_2020-11-18,2020,0.5221,4.77,0.6395
AYRO_2020-11-19,2020,0.908,33.32,1.5
FIII_2020-11-19,2020,0.2745,35.63,0.449
GTES_2020-11-19,2020,0.0136,0.88,0.0144
HCAC_2020-11-19,2020,0.0791,9.17,1.1215
JMIA_2020-11-19,2020,0.8373,1.82,0.8373
PIC_2020-11-19,2020,0.8663,5.05,0.8663
GIK_2020-11-20,2020,0.1814,37.55,0.386
GMHI_2020-11-20,2020,0.6038,7.74,0.7358
IDEX_2020-11-20,2020,1.1833,20.9,1.625
LGVW_2020-11-20,2020,0.6481,307.92,0.7617
THCB_2020-11-20,2020,0.0867,10.49,0.1879
DBX_2020-11-21,2020,0.2254,1.41,0.2554
APXT_2020-11-23,2020,0.399,119.21,0.5084
BBY_2020-11-23,2020,-0.0573,1.41,0.0243
MGNI_2020-11-23,2020,0.2894,1.63,0.3227
NBAC_2020-11-23,2020,1.1941,103.51,1.1941
THCA_2020-11-23,2020,0.0114,164.79,0.0649
NKLA_2020-11-24,2020,-0.306,3.23,0.1731
NVAX_2020-11-24,2020,0.4844,2.37,0.4844
RMG_2020-11-24,2020,2.0088,7.01,2.0088
THC_2020-11-24,2020,0.0055,0.49,0.0575
VALE_2020-11-24,2020,0.3063,1.11,0.3169
CRM_2020-11-25,2020,-0.1536,2.7,0.0
FCN_2020-11-25,2020,-0.0055,0.61,0.0675
IBKR_2020-11-25,2020,0.2035,1.55,0.3242
IPOB_2020-11-25,2020,0.3413,1.81,0.5733
LCA_2020-11-25,2020,0.2101,2.78,0.6029
NGA_2020-11-25,2020,0.1559,11.3,0.6112
SNOW_2020-11-25,2020,0.3743,3.85,0.3825
SRAC_2020-11-25,2020,0.2279,6.52,0.2558
NAV_2020-11-26,2020,0.0018,0.49,0.007
APHA_2020-11-27,2020,0.1954,1.41,0.2111
CRSP_2020-11-27,2020,0.5167,3.06,0.9095
GME_2020-11-27,2020,0.1227,2.15,0.1485
LMND_2020-11-27,2020,0.4614,3.27,0.9708
AMD_2020-11-30,2020,0.0627,1.03,0.1139
CHWY_2020-11-30,2020,0.066,1.78,0.4477
DMYD_2020-11-30,2020,0.0536,4.58,0.5086
FUSE_2020-11-30,2020,0.1443,17.43,0.2395
GIX_2020-11-30,2020,0.0,7.39,0.0839
PSTH_2020-11-30,2020,0.0404,3.8,0.0404
BB_2020-12-01,2020,0.1925,29.63,0.4514
SPLK_2020-12-02,2020,-0.2197,7.42,0.0
FSLY_2020-12-04,2020,0.0708,3.62,0.1832
GHIV_2020-12-04,2020,0.1198,21.56,0.3566
INTC_2020-12-04,2020,0.0195,1.11,0.0195
SBUX_2020-12-04,2020,0.0217,0.99,0.0527
SUMO_2020-12-04,2020,-0.0534,5.76,0.1559
VLDR_2020-12-04,2020,0.3893,6.37,0.8253
TIGR_2020-12-06,2020,4.4392,3.54,5.6642
BFT_2020-12-07,2020,0.3757,30.28,0.5377
IPOC_2020-12-07,2020,0.5243,6.15,0.6242
SPCE_2020-12-07,2020,-0.079,1.98,0.1761
UEC_2020-12-07,2020,0.2231,3.62,0.5207
PENN_2020-12-08,2020,0.7818,1.22,0.7818
TCBI_2020-12-08,2020,0.0049,0.63,0.0396
GLSI_2020-12-09,2020,9.9835,363.56,12.8919
ROKU_2020-12-09,2020,0.0763,1.06,0.1778
SLS_2020-12-10,2020,0.3099,57.68,1.7637
DIS_2020-12-11,2020,0.1359,5.64,0.1359
FDX_2020-12-14,2020,0.0096,2.36,0.0202
SWI_2020-12-14,2020,-0.3979,16.7,0.0
VSPR_2020-12-14,2020,0.0423,1.09,0.1268
BTWN_2020-12-15,2020,0.2256,5.5,0.5542
CLF_2020-12-15,2020,0.0618,0.83,0.0831
ENPH_2020-12-15,2020,0.4019,1.69,0.4735
MT_2020-12-15,2020,0.0964,1.38,0.1077
MVIS_2020-12-15,2020,1.1246,9.49,1.9617
THBR_2020-12-15,2020,0.0182,66.26,0.3522
TLRY_2020-12-15,2020,0.2659,2.15,0.2659
NPA_2020-12-16,2020,0.4012,60.8,0.5717
TDOC_2020-12-16,2020,0.0036,1.15,0.0679
CCMP_2020-12-17,2020,0.0836,1.19,0.1482
FUBO_2020-12-17,2020,1.0875,5.93,1.0875
MARA_2020-12-17,2020,0.1507,1.47,0.6974
CRWD_2020-12-18,2020,0.0999,1.49,0.214
FEYE_2020-12-18,2020,0.3373,9.63,0.6718
INTC_2020-12-18,2020,-0.063,2.52,0.0093
TXG_2020-12-19,2020,,0.78,0.2875
AAPL_2020-12-21,2020,0.0413,1.06,0.1303
OCGN_2020-12-22,2020,7.8435,20.9,9.4422
BABA_2020-12-24,2020,-0.1334,5.82,0.0166
BNGO_2020-12-24,2020,8.2903,33.24,8.2903
JACK_2020-12-24,2020,-0.0266,0.94,0.0781
BBBY_2020-12-29,2020,0.1204,2.27,0.1468
PACB_2020-12-29,2020,0.3424,1.3,0.3797
REGI_2020-12-29,2020,0.1881,0.99,0.5341
ACB_2021-01-04,2021,0.2359,2.48,0.2708
CHEK_2021-01-04,2021,2.7609,42.05,2.7609
GOLD_2021-01-04,2021,-0.018,1.35,0.0874
ZOM_2021-01-04,2021,4.6375,7.02,4.6375
SNDL_2021-01-05,2021,0.5,3.09,1.3273
TNXP_2021-01-05,2021,0.3985,2.61,0.3985
WKHS_2021-01-05,2021,0.5023,1.67,0.93
XOM_2021-01-05,2021,0.154,1.32,0.2123
NVDA_2021-01-06,2021,-0.0095,1.35,0.0345
SPWR_2021-01-06,2021,1.1378,1.78,1.1831
TWTR_2021-01-06,2021,-0.0429,1.87,0.0538
IPOD_2021-01-07,2021,0.0583,2.52,0.3408
IPOF_2021-01-07,2021,0.0811,1.96,0.3193
PLUG_2021-01-07,2021,0.8863,2.28,1.0909
PTE_2021-01-07,2021,0.7778,17.86,0.7778
SRPT_2021-01-07,2021,-0.4607,8.71,0.015
ACEV_2021-01-08,2021,-0.0467,4.01,0.0733
AUVI_2021-01-08,2021,0.0544,37.87,3.1234
FTIV_2021-01-08,2021,0.0082,0.51,0.1353
GCP_2021-01-08,2021,-0.0222,0.77,0.0729
PSTH_2021-01-08,2021,0.0724,2.06,0.0871
TSLA_2021-01-08,2021,0.0784,1.1,0.0784
TSM_2021-01-08,2021,0.0413,2.63,0.1048
CCIV_2021-01-11,2021,0.4108,51.44,2.4546
CCX_2021-01-11,2021,0.0019,1.48,0.0152
CCXI_2021-01-11,2021,0.0583,0.82,0.0895
MARA_2021-01-11,2021,-0.1148,1.21,0.0
SNR_2021-01-11,2021,0.0037,0.7,0.0827
ACTC_2021-01-12,2021,1.0673,54.42,1.388
FCEL_2021-01-12,2021,0.2095,1.07,0.3956
GEVO_2021-01-12,2021,1.3228,1.62,1.6218
GSAH_2021-01-12,2021,0.023,3.16,0.1327
NGA_2021-01-12,2021,0.2207,2.45,0.3915
SOLO_2021-01-12,2021,0.3112,1.52,0.3112
GME_2021-01-13,2021,8.7043,8.57,16.419
INTC_2021-01-13,2021,0.1732,1.8,0.1732
NFLX_2021-01-13,2021,0.0152,1.78,0.1863
NNDM_2021-01-13,2021,0.5309,1.18,0.7787
BB_2021-01-14,2021,2.3737,12.12,2.3737
BERY_2021-01-14,2021,-0.0857,1.24,0.0643
BLK_2021-01-14,2021,-0.0714,1.28,0.0
BRLI_2021-01-14,2021,-0.0317,0.53,0.0
BRY_2021-01-14,2021,-0.129,0.61,0.0359
BYND_2021-01-14,2021,0.4905,2.84,0.5323
ELF_2021-01-14,2021,-0.0473,0.84,0.0512
FTOC_2021-01-14,2021,0.3662,10.85,0.3662
NOK_2021-01-14,2021,0.6457,11.44,0.6457
SENS_2021-01-14,2021,4.924,4.57,4.924
SPCE_2021-01-14,2021,0.1985,2.33,0.2438
TRCH_2021-01-14,2021,2.0426,3.84,2.0426
ZNTE_2021-01-14,2021,0.187,4.81,0.237
AMC_2021-01-15,2021,2.9587,13.27,8.1284
ELY_2021-01-15,2021,0.0695,1.34,0.1734
EXPR_2021-01-15,2021,6.4609,18.85,6.4609
INVH_2021-01-15,2021,0.0169,1.03,0.0508
LUMN_2021-01-15,2021,0.2889,2.26,0.3569
SPOT_2021-01-15,2021,-0.0797,1.79,0.0176
TELL_2021-01-15,2021,0.7412,3.94,1.3235
WEN_2021-01-15,2021,-0.0096,1.5,0.0441
AUPH_2021-01-19,2021,0.1165,3.83,0.4072
PUMP_2021-01-19,2021,0.0546,1.07,0.2389
VERY_2021-01-19,2021,0.0595,0.9,0.2262
ANTM_2021-01-20,2021,-0.0825,1.53,0.0084
CLII_2021-01-20,2021,0.6641,38.87,0.6694
F_2021-01-20,2021,0.1507,2.08,0.1507
GSAT_2021-01-20,2021,0.2256,2.1,0.4859
INSE_2021-01-20,2021,-0.1004,1.43,0.1684
AMD_2021-01-21,2021,0.0313,1.08,0.0672
ATOS_2021-01-21,2021,1.8117,4.01,1.8117
CNXN_2021-01-21,2021,-0.0597,1.41,0.0226
IBM_2021-01-21,2021,0.0121,2.94,0.0121
LIVE_2021-01-21,2021,0.4565,0.99,0.4565
RGP_2021-01-21,2021,-0.0514,0.96,0.0233
SPB_2021-01-21,2021,-0.04,1.12,0.0357
SPPI_2021-01-21,2021,-0.1222,1.13,0.0
BRO_2021-01-22,2021,-0.0712,1.57,0.0057
CASH_2021-01-22,2021,0.0276,0.84,0.1114
CRSR_2021-01-22,2021,0.217,2.12,0.2521
DISCB_2021-01-22,2021,0.0614,1.56,0.2938
DISCK_2021-01-22,2021,0.0774,2.11,0.2573
DOOR_2021-01-22,2021,-0.0572,1.08,0.0334
EAT_2021-01-22,2021,-0.0317,1.99,0.0346
FAST_2021-01-22,2021,-0.0535,1.1,0.0468
FLY_2021-01-22,2021,0.0195,0.45,0.0851
HEAR_2021-01-22,2021,0.1974,1.26,0.2691
PLTR_2021-01-22,2021,0.254,3.49,0.5012
RIDE_2021-01-22,2021,0.0546,0.76,0.1508
RTP_2021-01-22,2021,-0.0182,5.04,0.1451
SHIP_2021-01-22,2021,0.0495,1.49,0.198
SKY_2021-01-22,2021,-0.0851,1.44,0.187
SON_2021-01-22,2021,-0.0493,1.25,0.0115
STAY_2021-01-22,2021,-0.0245,0.91,0.0052
WAT_2021-01-22,2021,0.056,1.62,0.0739
WORK_2021-01-22,2021,-0.0087,1.02,0.0193
WOW_2021-01-22,2021,0.0027,0.81,0.0448
TR_2021-01-23,2021,0.4217,15.66,0.4217
GS_2021-01-24,2021,-0.063,1.02,0.0166
ACRX_2021-01-25,2021,0.2618,1.03,0.4503
AIN_2021-01-25,2021,-0.0938,1.26,0.0185
AMCX_2021-01-25,2021,-0.0225,4.7,0.2116
ATEN_2021-01-25,2021,0.0101,1.02,0.1806
BBBY_2021-01-25,2021,0.7507,4.06,0.7507
BGS_2021-01-25,2021,0.3661,1.46,0.3661
BOOM_2021-01-25,2021,-0.0271,1.74,0.1446
CALM_2021-01-25,2021,0.0398,0.84,0.0652
CARE_2021-01-25,2021,-0.0832,1.03,0.0195
CUZ_2021-01-25,2021,-0.0363,1.2,0.0275
DARE_2021-01-25,2021,-0.226,0.44,0.0274
ERIC_2021-01-25,2021,0.0778,3.72,0.115
ESTA_2021-01-25,2021,-0.0259,0.37,0.0368
FAT_2021-01-25,2021,0.0837,0.84,0.3067
FIZZ_2021-01-25,2021,0.8439,6.88,0.8439
GNUS_2021-01-25,2021,0.949,8.17,0.949
GOGO_2021-01-25,2021,0.1337,4.62,0.2046
GTES_2021-01-25,2021,-0.0054,1.4,0.0709
HES_2021-01-25,2021,-0.0909,1.21,0.0389
HOME_2021-01-25,2021,-0.0225,0.83,0.0389
HOPE_2021-01-25,2021,-0.0709,1.03,0.0
INFO_2021-01-25,2021,0.003,0.98,0.0384
IVR_2021-01-25,2021,0.1882,2.48,0.1882
JOB_2021-01-25,2021,-0.1102,0.38,0.1417
KOSS_2021-01-25,2021,11.5629,16.61,18.1617
MAC_2021-01-25,2021,0.5705,5.74,0.5705
MARK_2021-01-25,2021,0.2627,1.75,0.7333
MSGN_2021-01-25,2021,0.1151,1.84,0.1883
NP_2021-01-25,2021,-0.0596,1.15,0.0137
PEAK_2021-01-25,2021,-0.0056,1.02,0.0169
RKT_2021-01-25,2021,0.1471,1.93,0.1566
SAVE_2021-01-25,2021,-0.0802,1.43,0.1811
SGRY_2021-01-25,2021,-0.0126,3.87,0.3325
SPRQ_2021-01-25,2021,0.2134,10.92,0.2134
TOWN_2021-01-25,2021,-0.0832,0.91,0.0
TRIT_2021-01-25,2021,0.0774,2.27,0.1198
VXRT_2021-01-25,2021,0.3796,7.0,2.2675
AGO_2021-01-26,2021,0.0108,0.76,0.0227
ALOT_2021-01-26,2021,0.0477,1.11,0.0486
ARC_2021-01-26,2021,-0.0297,1.03,0.1634
BEAT_2021-01-26,2021,-0.0032,1.63,0.0
BKNG_2021-01-26,2021,0.1361,1.13,0.2106
CKX_2021-01-26,2021,0.0028,0.67,0.087
CLVS_2021-01-26,2021,0.0051,2.07,0.3089
CRY_2021-01-26,2021,-0.0341,0.97,0.0377
DDS_2021-01-26,2021,0.0908,2.42,0.1982
DFS_2021-01-26,2021,0.0546,1.0,0.0999
ELS_2021-01-26,2021,-0.0108,0.95,0.0122
EYES_2021-01-26,2021,0.1388,1.93,0.1866
FNKO_2021-01-26,2021,-0.0173,1.18,0.1357
FOLD_2021-01-26,2021,-0.0749,0.77,0.0318
GBNY_2021-01-26,2021,-0.002,0.12,0.0153
GMBL_2021-01-26,2021,0.081,4.96,1.3922
GPRO_2021-01-26,2021,0.0948,2.75,0.1885
IDEX_2021-01-26,2021,-0.0173,1.01,0.0767
INO_2021-01-26,2021,0.7449,3.57,0.7449
KIDS_2021-01-26,2021,0.1078,1.52,0.1078
LAND_2021-01-26,2021,-0.0703,1.11,0.0018
LGND_2021-01-26,2021,0.2281,4.25,0.3834
MIND_2021-01-26,2021,0.0047,1.34,0.0708
MSFT_2021-01-26,2021,0.0122,1.4,0.062
MVIS_2021-01-26,2021,0.0248,0.99,0.1228
NBA_2021-01-26,2021,-0.0049,1.5,0.0437
OEG_2021-01-26,2021,-0.0214,0.96,0.1811
ONTO_2021-01-26,2021,-0.0271,1.6,0.0378
OPK_2021-01-26,2021,0.1076,2.38,0.1932
PLAN_2021-01-26,2021,-0.0123,1.23,0.2019
PLUS_2021-01-26,2021,-0.0518,1.41,0.0097
PXD_2021-01-26,2021,0.0356,0.84,0.1603
RACE_2021-01-26,2021,-0.0094,1.8,0.0325
RBC_2021-01-26,2021,-0.0548,0.96,0.0025
RCKY_2021-01-26,2021,0.0153,0.99,0.0793
ROAD_2021-01-26,2021,-0.0561,1.3,0.0409
ROCK_2021-01-26,2021,-0.0633,0.66,0.0149
SBUX_2021-01-26,2021,-0.0642,1.81,0.0293
SIRI_2021-01-26,2021,0.1337,2.71,0.1337
SKM_2021-01-26,2021,-0.0216,0.73,0.0
SKT_2021-01-26,2021,0.3036,4.74,0.3036
SPCE_2021-01-26,2021,0.1975,3.11,0.5867
SRNE_2021-01-26,2021,0.6412,2.71,0.6412
STRA_2021-01-26,2021,-0.0227,0.87,0.0575
TTOO_2021-01-26,2021,0.4692,2.67,0.7962
VLY_2021-01-26,2021,-0.0659,1.41,0.0778
XSPA_2021-01-26,2021,0.1633,2.34,0.2194
AAL_2021-01-27,2021,0.1655,3.87,0.1655
ACH_2021-01-27,2021,-0.0794,1.41,0.0229
ACIU_2021-01-27,2021,-0.0972,7.9,0.3196
ADCT_2021-01-27,2021,-0.1105,1.3,0.0062
AG_2021-01-27,2021,0.268,3.83,0.5479
AME_2021-01-27,2021,0.0131,1.97,0.0672
APPS_2021-01-27,2021,-0.0139,1.54,0.4858
AXDX_2021-01-27,2021,-0.145,3.91,0.2496
BAND_2021-01-27,2021,0.0494,1.37,0.0861
BBW_2021-01-27,2021,0.0692,37.99,0.4214
BRK_2021-01-27,2021,0.0435,1.5,0.0739
BRPA_2021-01-27,2021,0.5096,1.18,0.7531
CCCC_2021-01-27,2021,-0.0484,0.86,0.2234
CCMP_2021-01-27,2021,0.1083,0.88,0.2226
CECE_2021-01-27,2021,-0.0535,1.35,0.249
CIDM_2021-01-27,2021,0.5778,0.89,0.5852
CMCSA_2021-01-27,2021,-0.0104,1.35,0.0301
CNK_2021-01-27,2021,0.0491,1.39,0.0491
COKE_2021-01-27,2021,-0.0088,0.97,0.0288
COST_2021-01-27,2021,-0.025,0.99,0.0
CPA_2021-01-27,2021,-0.0003,1.22,0.2136
CTRM_2021-01-27,2021,0.5621,2.41,0.8182
CUK_2021-01-27,2021,0.0346,1.4,0.1649
CVS_2021-01-27,2021,-0.0513,1.11,0.0
DBX_2021-01-27,2021,0.0928,1.07,0.1189
DOW_2021-01-27,2021,-0.0689,1.44,0.0316
ESI_2021-01-27,2021,0.0254,0.94,0.0501
ETH_2021-01-27,2021,-0.0339,1.27,0.0711
FOSL_2021-01-27,2021,0.1589,2.06,0.8704
FOX_2021-01-27,2021,-0.0832,1.37,0.0
FRG_2021-01-27,2021,0.0381,1.12,0.0607
FRO_2021-01-27,2021,-0.0397,1.1,0.1025
FTHM_2021-01-27,2021,-0.0222,0.83,0.3529
FUBO_2021-01-27,2021,0.0644,0.78,0.1931
GFL_2021-01-27,2021,-0.0258,1.32,0.1368
GRA_2021-01-27,2021,-0.0005,0.78,0.0343
GROW_2021-01-27,2021,0.0335,1.54,0.1359
GRUB_2021-01-27,2021,0.0118,0.96,0.0496
GTHX_2021-01-27,2021,0.0763,2.23,0.5549
GTIM_2021-01-27,2021,-0.0411,0.85,0.2911
GTT_2021-01-27,2021,0.0151,2.08,0.2203
IEC_2021-01-27,2021,-0.1811,0.92,0.0
IHC_2021-01-27,2021,-0.0425,1.24,0.05
ING_2021-01-27,2021,-0.0403,1.39,0.0185
JAGX_2021-01-27,2021,-0.1043,0.47,0.0215
JAN_2021-01-27,2021,0.3969,4.94,1.014
JCS_2021-01-27,2021,-0.0674,1.4,0.1233
KEY_2021-01-27,2021,0.0349,1.12,0.0836
LPL_2021-01-27,2021,-0.0278,2.16,0.0383
MAX_2021-01-27,2021,0.0159,1.18,0.0713
MCD_2021-01-27,2021,-0.0389,1.32,0.0028
MIST_2021-01-27,2021,-0.06,1.2,0.1062
MKSI_2021-01-27,2021,-0.1074,1.86,0.0447
MOD_2021-01-27,2021,0.0418,0.74,0.1246
NAK_2021-01-27,2021,0.2552,4.27,0.553
NAKD_2021-01-27,2021,2.5486,3.96,3.2124
NATI_2021-01-27,2021,-0.0496,0.81,0.0693
NCLH_2021-01-27,2021,0.1348,1.18,0.3216
NDLS_2021-01-27,2021,-0.0342,1.15,0.0958
NVAX_2021-01-27,2021,0.7375,2.93,1.516
NYC_2021-01-27,2021,-0.0194,0.39,0.0163
OSS_2021-01-27,2021,-0.0458,2.69,1.1069
PATK_2021-01-27,2021,-0.013,1.0,0.1325
PPL_2021-01-27,2021,-0.0042,1.17,0.0
PRTH_2021-01-27,2021,0.0506,1.01,0.1
PRTY_2021-01-27,2021,-0.011,1.36,0.2118
PTCT_2021-01-27,2021,-0.0786,1.35,0.0451
PYPL_2021-01-27,2021,0.1905,1.67,0.2647
RACA_2021-01-27,2021,-0.0408,1.94,0.206
RAPT_2021-01-27,2021,-0.0492,0.53,0.0686
RPAY_2021-01-27,2021,-0.0426,1.18,0.0364
SBAC_2021-01-27,2021,-0.0275,1.03,0.0159
SOS_2021-01-27,2021,2.8538,5.59,5.0377
STEP_2021-01-27,2021,-0.0375,0.73,0.071
TCBI_2021-01-27,2021,-0.052,0.85,0.0668
TCRR_2021-01-27,2021,-0.0434,0.9,0.0805
TGTX_2021-01-27,2021,-0.0391,1.01,0.0859
THCB_2021-01-27,2021,0.7073,3.67,0.7073
THO_2021-01-27,2021,0.0052,1.48,0.0611
TMBR_2021-01-27,2021,-0.1293,1.13,1.0816
TRIP_2021-01-27,2021,-0.0529,1.24,0.1095
TRVG_2021-01-27,2021,0.519,22.99,0.519
TXMD_2021-01-27,2021,0.451,4.3,0.6667
VBIV_2021-01-27,2021,0.2127,1.46,0.3714
VEL_2021-01-27,2021,0.0,1.32,0.2917
VGAC_2021-01-27,2021,0.293,4.83,0.293
VS_2021-01-27,2021,-0.0343,0.32,0.5171
VTVT_2021-01-27,2021,-0.061,6.0,0.338
WBS_2021-01-27,2021,-0.0506,0.84,0.0139
WFC_2021-01-27,2021,-0.0182,0.99,0.0408
WISH_2021-01-27,2021,0.0498,0.8,0.1509
WNEB_2021-01-27,2021,0.0079,1.67,0.1918
WTI_2021-01-27,2021,0.9016,1.06,1.0779
ZEAL_2021-01-27,2021,-0.1331,4.43,0.0111
ZNGA_2021-01-27,2021,0.1553,1.1,0.1553
ZOM_2021-01-27,2021,1.7557,0.73,1.7557
ALGN_2021-01-28,2021,0.1758,1.35,0.2174
ASX_2021-01-28,2021,-0.0263,1.46,0.269
BCRX_2021-01-28,2021,-0.0274,3.82,0.3527
CVLB_2021-01-28,2021,0.9665,2.41,0.9697
DISCA_2021-01-28,2021,-0.065,0.91,0.0896
EVOL_2021-01-28,2021,-0.0722,1.8,0.575
GENE_2021-01-28,2021,-0.0891,0.26,0.2267
GTE_2021-01-28,2021,0.3208,14.02,0.3727
HD_2021-01-28,2021,0.0146,1.24,0.0549
HFFG_2021-01-28,2021,0.0098,0.83,0.0258
HIHO_2021-01-28,2021,0.0458,1.5,0.1983
HIMS_2021-01-28,2021,0.2729,1.46,0.8801
JPM_2021-01-28,2021,0.0063,0.84,0.0813
LTC_2021-01-28,2021,0.0069,0.99,0.0726
LUV_2021-01-28,2021,0.1961,1.11,0.3429
MASS_2021-01-28,2021,0.0272,0.96,0.3979
MTX_2021-01-28,2021,0.0067,1.28,0.2671
NYT_2021-01-28,2021,-0.0984,1.71,0.0211
OBNK_2021-01-28,2021,0.141,1.2,0.2217
OCGN_2021-01-28,2021,8.5241,5.22,8.5241
PFE_2021-01-28,2021,-0.0497,1.09,0.0295
PHX_2021-01-28,2021,-0.0034,0.8,0.2407
TTWO_2021-01-28,2021,0.0259,1.53,0.0919
USCR_2021-01-28,2021,0.1384,0.54,0.2
USFD_2021-01-28,2021,0.1575,1.09,0.2662
WASH_2021-01-28,2021,0.003,0.95,0.0789
ALJJ_2021-01-29,2021,-0.0488,14.45,0.6504
ALUS_2021-01-29,2021,0.3848,24.01,0.45
MRNA_2021-01-29,2021,0.0853,0.92,0.1657
PHUN_2021-01-29,2021,0.6402,4.13,0.6402
PRPL_2021-01-29,2021,-0.0409,0.76,0.1285
SLS_2021-01-29,2021,0.7091,15.14,0.8455
VET_2021-01-29,2021,0.1013,0.84,0.4912
AMP_2021-01-30,2021,0.1345,0.93,0.173
GOOG_2021-01-30,2021,0.05,1.34,0.1429
GOOGL_2021-01-30,2021,0.0502,1.39,0.1431
MDWT_2021-01-30,2021,,0.69,0.037
BCH_2021-01-31,2021,,1.25,0.1257
MGM_2021-02-01,2021,0.0249,0.93,0.277
MORN_2021-02-01,2021,0.046,1.01,0.0783
OSK_2021-02-01,2021,0.0729,0.78,0.1276
THC_2021-02-01,2021,0.073,1.03,0.1377
UUUU_2021-02-01,2021,0.1237,1.42,0.6132
AEZS_2021-02-02,2021,3.7714,5.99,3.7714
DKNG_2021-02-02,2021,0.0855,1.06,0.1689
PINS_2021-02-02,2021,0.1007,2.13,0.2606
SAVA_2021-02-02,2021,1.759,12.03,2.8256
SNAP_2021-02-02,2021,0.0257,2.15,0.1219
APHA_2021-02-03,2021,0.7843,2.74,0.7843
CBD_2021-02-03,2021,0.066,0.88,0.0898
CGC_2021-02-03,2021,0.2506,2.07,0.2506
CRON_2021-02-03,2021,0.0705,2.33,0.37
FLT_2021-02-03,2021,0.0138,1.27,0.0631
QCOM_2021-02-03,2021,-0.1204,2.04,0.0
TLRY_2021-02-03,2021,1.7207,2.67,1.7207
TYME_2021-02-03,2021,0.9396,32.58,0.9396
CLOV_2021-02-04,2021,-0.1233,3.58,0.0014
MLM_2021-02-04,2021,0.1406,0.7,0.1787
PTON_2021-02-04,2021,0.0704,1.48,0.0704
SKLZ_2021-02-04,2021,0.2469,2.04,0.3981
AGTC_2021-02-05,2021,0.7973,6.22,0.8241
GPI_2021-02-05,2021,0.0689,0.73,0.1016
ON_2021-02-05,2021,0.0829,0.84,0.0987
VFF_2021-02-05,2021,0.0856,1.48,0.3159
UEC_2021-02-06,2021,,2.05,0.3736
ASRT_2021-02-08,2021,0.2527,1.63,0.4021
DIS_2021-02-08,2021,0.0137,1.63,0.0903
MSTR_2021-02-08,2021,0.5793,1.84,0.5793
MVIS_2021-02-08,2021,0.5867,1.4,1.0555
NGAC_2021-02-08,2021,0.3317,11.07,0.3317
SNPR_2021-02-08,2021,0.3364,5.05,0.3364
ZSAN_2021-02-08,2021,0.8091,8.03,0.8091
GSAT_2021-02-09,2021,0.9512,3.49,1.0894
HIMX_2021-02-09,2021,0.0119,1.3,0.0556
KTRA_2021-02-09,2021,0.1905,2.25,0.3048
MO_2021-02-09,2021,0.0091,0.98,0.05
RIOT_2021-02-09,2021,1.3757,2.14,1.3757
ACIC_2021-02-10,2021,0.2171,20.3,0.5249
CMPS_2021-02-10,2021,0.1176,2.58,0.1878
FRX_2021-02-10,2021,0.3058,34.95,0.4442
STZ_2021-02-10,2021,-0.0426,1.82,0.026
AMAT_2021-02-11,2021,0.1283,1.49,0.1599
DNN_2021-02-11,2021,0.5265,25.15,0.547
NXPI_2021-02-11,2021,0.0345,0.75,0.0401
FSR_2021-02-12,2021,0.2299,4.78,0.2604
FUSE_2021-02-12,2021,-0.05,7.6,0.0139
AACQ_2021-02-13,2021,,8.49,0.2422
CTXR_2021-02-16,2021,0.6544,9.18,0.7206
CVX_2021-02-16,2021,0.0351,1.29,0.1163
EH_2021-02-16,2021,-0.3736,7.16,0.0
T_2021-02-16,2021,0.0267,0.94,0.0267
EBON_2021-02-17,2021,0.4327,9.25,0.4327
GSAH_2021-02-18,2021,0.2048,3.56,0.2048
SFTW_2021-02-18,2021,-0.0466,13.9,0.3689
MCD_2021-02-19,2021,-0.0148,0.96,0.0
NVDA_2021-02-19,2021,0.0066,1.59,0.0338
UAL_2021-02-19,2021,0.0683,1.62,0.2224
BA_2021-02-21,2021,-0.0211,2.05,0.0546
SDC_2021-02-22,2021,0.0252,0.81,0.0261
OSK_2021-02-23,2021,0.0614,5.82,0.0936
WKHS_2021-02-23,2021,-0.4746,3.92,0.0517
RKT_2021-02-25,2021,0.3784,11.99,1.0472
NSH_2021-03-01,2021,-0.0325,11.64,0.0497
VACQ_2021-03-01,2021,0.1054,31.81,0.361
ASO_2021-03-02,2021,0.0625,1.61,0.1164
SLGG_2021-03-03,2021,0.2993,66.63,1.1995
UNFI_2021-03-04,2021,0.0528,3.59,0.3817
EYES_2021-03-05,2021,9.8252,251.36,9.8252
BOCH_2021-03-08,2021,0.0632,2.75,0.1726
CBSH_2021-03-08,2021,0.0232,0.76,0.0465
DASH_2021-03-08,2021,-0.1193,3.26,0.0
HTBK_2021-03-08,2021,0.0485,1.23,0.2336
SPSC_2021-03-08,2021,-0.0399,0.59,0.0412
GOEV_2021-03-11,2021,0.1978,2.36,0.218
FNKO_2021-03-12,2021,0.2551,19.22,0.3588
RIDE_2021-03-12,2021,-0.1654,2.45,0.0
PENN_2021-03-13,2021,,2.65,0.046
GPRO_2021-03-15,2021,0.1935,1.81,0.2595
BABA_2021-03-16,2021,-0.0145,1.1,0.0457
PLUG_2021-03-17,2021,-0.0785,2.17,0.1071
UPST_2021-03-17,2021,0.9166,7.55,1.7455
SSB_2021-03-19,2021,-0.0987,1.39,0.0072
HOFV_2021-03-22,2021,0.4,5.59,0.6875
STPK_2021-03-24,2021,0.0391,0.65,0.095
BIDU_2021-03-25,2021,-0.1278,5.21,0.1126
DISCA_2021-03-26,2021,-0.2474,4.76,0.2926
DISCK_2021-03-26,2021,-0.2955,3.2,0.2684
VIAC_2021-03-26,2021,-0.3216,3.81,0.5123
DISCB_2021-03-28,2021,1.4768,142.24,1.4768
BLK_2021-03-29,2021,0.0805,0.8,0.084
NFLX_2021-03-29,2021,0.0116,0.76,0.0642
VIACA_2021-03-29,2021,-0.041,3.14,0.4209
CHWY_2021-03-30,2021,0.0194,1.68,0.1082
CLF_2021-03-30,2021,0.2391,1.46,0.2391
MVIS_2021-03-31,2021,0.5069,2.91,0.5069
RMO_2021-03-31,2021,0.2343,9.5,0.2343
ASO_2021-04-05,2021,0.0723,2.59,0.1119
OCC_2021-04-05,2021,-0.0108,0.92,0.0323
CNXN_2021-04-06,2021,-0.0461,0.87,0.0421
DOMO_2021-04-06,2021,0.0202,0.5,0.1633
EBON_2021-04-06,2021,-0.1291,1.24,0.1071
MUDS_2021-04-06,2021,0.2616,80.3,0.7859
RGP_2021-04-06,2021,0.0325,0.9,0.177
HYLN_2021-04-07,2021,-0.1759,1.63,0.0249
JPM_2021-04-07,2021,0.005,0.84,0.0245
ARC_2021-04-08,2021,-0.0044,0.48,0.0177
BWAC_2021-04-08,2021,-0.004,0.36,0.003
FUBO_2021-04-08,2021,0.1239,3.73,0.1239
RBC_2021-04-08,2021,0.0137,0.57,0.0364
SKLZ_2021-04-08,2021,0.0145,2.11,0.1815
WNEB_2021-04-09,2021,-0.0244,0.51,0.039
BABA_2021-04-10,2021,0.0927,2.3,0.0927
MRNA_2021-04-10,2021,0.1389,1.68,0.32
CMC_2021-04-11,2021,0.0175,0.72,0.1444
NVDA_2021-04-12,2021,0.0562,2.41,0.1206
NVAX_2021-04-13,2021,0.1082,1.7,0.467
PFE_2021-04-13,2021,0.0051,1.16,0.0692
SLGG_2021-04-13,2021,-0.0728,0.24,0.1557
SNR_2021-04-13,2021,0.0088,1.06,0.0088
RIOT_2021-04-14,2021,-0.1536,1.56,0.0
HRC_2021-04-15,2021,-0.0235,0.94,0.0242
PEAK_2021-04-15,2021,0.0197,0.79,0.0563
SPCE_2021-04-15,2021,-0.1357,2.13,0.0075
THCB_2021-04-15,2021,-0.064,1.32,0.0674
CLOV_2021-04-16,2021,0.3156,11.48,0.3156
GIK_2021-04-16,2021,-0.1033,1.92,0.0
PINS_2021-04-16,2021,-0.2144,1.95,0.0
CLNE_2021-04-19,2021,-0.2083,1.88,0.0637
PTON_2021-04-19,2021,-0.0728,2.22,0.0318
MVIS_2021-04-20,2021,1.5181,7.79,1.5181
NFLX_2021-04-20,2021,-0.0821,4.06,0.0
WAT_2021-04-20,2021,-0.0085,0.67,0.0257
OCGN_2021-04-22,2021,0.4815,8.14,1.4123
SSB_2021-04-24,2021,0.0013,0.87,0.0937
ZEN_2021-04-24,2021,0.0407,1.19,0.0531
AMZN_2021-04-26,2021,0.039,1.88,0.039
AMD_2021-04-27,2021,-0.0163,1.42,0.0
GOOG_2021-04-27,2021,-0.0084,1.64,0.0443
GOOGL_2021-04-27,2021,0.0213,1.32,0.0359
MSFT_2021-04-27,2021,0.0016,1.31,0.0016
VXRT_2021-04-27,2021,0.3234,26.54,0.7789
ACB_2021-04-28,2021,0.0397,0.78,0.0572
BTX_2021-04-28,2021,1.0,6.43,2.1526
TDOC_2021-04-28,2021,-0.1005,2.17,0.0006
XOM_2021-04-28,2021,0.1094,1.33,0.1094
NOK_2021-04-29,2021,0.1119,2.68,0.2143
GTES_2021-05-03,2021,0.0041,0.63,0.0209
TLRY_2021-05-03,2021,-0.1178,2.04,0.0534
CLF_2021-05-04,2021,0.1181,1.51,0.1741
CRSR_2021-05-04,2021,0.0169,3.52,0.0251
MT_2021-05-04,2021,0.0838,1.17,0.1203
RKT_2021-05-04,2021,0.0133,3.69,0.0178
BRK_2021-05-05,2021,0.0325,1.59,0.0428
FCX_2021-05-05,2021,0.1423,1.83,0.1423
FSLY_2021-05-05,2021,-0.2864,5.69,0.0772
PTON_2021-05-05,2021,-0.1456,7.11,0.0171
STIC_2021-05-05,2021,-0.03,1.97,0.0309
ZIM_2021-05-05,2021,0.146,1.72,0.146
HD_2021-05-06,2021,0.0167,1.26,0.0273
NUE_2021-05-06,2021,0.0912,1.11,0.1929
UWMC_2021-05-06,2021,0.041,2.32,0.0795
DKNG_2021-05-07,2021,-0.0669,2.41,0.1
INO_2021-05-07,2021,0.0246,0.9,0.0522
MRVI_2021-05-10,2021,0.0336,0.95,0.0565
AMC_2021-05-11,2021,0.3326,3.91,0.4405
PSTH_2021-05-12,2021,0.1021,2.65,0.1321
TWTR_2021-05-12,2021,-0.0412,0.81,0.079
ABNB_2021-05-13,2021,-0.0321,5.84,0.0462
CECE_2021-05-13,2021,0.0396,1.31,0.2008
DIS_2021-05-13,2021,0.0028,2.8,0.0363
GFL_2021-05-13,2021,0.0166,0.59,0.0681
MARA_2021-05-13,2021,-0.1396,1.16,0.2175
NBA_2021-05-13,2021,-0.0005,0.6,0.0135
FSR_2021-05-14,2021,0.0553,1.38,0.2603
DISCA_2021-05-16,2021,-0.0505,3.87,0.0318
DISCB_2021-05-16,2021,0.1383,1.46,0.1383
DISCK_2021-05-17,2021,0.0309,1.66,0.0309
IDEX_2021-05-17,2021,0.2398,1.4,0.374
KEN_2021-05-17,2021,0.0074,0.66,0.1107
BGS_2021-05-18,2021,0.1656,1.66,0.1745
HFFG_2021-05-18,2021,0.0032,0.62,0.0032
HOPE_2021-05-18,2021,-0.0203,1.04,0.0
MGM_2021-05-18,2021,0.1061,1.28,0.1301
OCC_2021-05-18,2021,-0.0943,1.1,0.0
RIDE_2021-05-18,2021,0.3369,3.29,0.5952
USFD_2021-05-18,2021,-0.019,1.07,0.0233
AOS_2021-05-19,2021,-0.0036,1.1,0.0421
SPCE_2021-05-20,2021,0.557,5.07,0.8083
F_2021-05-21,2021,0.1914,1.77,0.2802
NVDA_2021-05-21,2021,0.2755,2.23,0.4165
CPA_2021-05-22,2021,,0.98,0.0492
TELL_2021-05-22,2021,0.9695,3.73,1.0305
RBLX_2021-05-24,2021,0.1815,1.69,0.2104
BB_2021-05-26,2021,0.8487,23.22,0.8487
SDC_2021-05-26,2021,0.2826,1.79,0.2826
SNDL_2021-05-26,2021,0.7014,2.1,0.7014
AMC_2021-05-27,2021,1.6247,4.48,2.1979
BBBY_2021-05-27,2021,0.6675,10.52,0.6675
BYND_2021-05-27,2021,0.1474,5.1,0.1815
GME_2021-05-27,2021,0.0477,2.06,0.2474
NKLA_2021-05-27,2021,0.1915,1.24,0.4269
AGM_2021-05-28,2021,-0.0202,0.35,0.0126
GOED_2021-05-28,2021,-0.7002,51.97,0.0
TLRY_2021-05-28,2021,0.2481,1.89,0.2481
WKHS_2021-05-28,2021,0.7568,3.8,0.7568
BERY_2021-06-01,2021,0.0028,0.67,0.0079
BRY_2021-06-01,2021,0.0881,1.28,0.0943
AHT_2021-06-02,2021,0.2822,2.32,0.364
CLNE_2021-06-02,2021,0.6074,9.37,0.6074
CLOV_2021-06-02,2021,1.8655,17.67,1.8655
EXPR_2021-06-02,2021,0.3648,2.31,0.3648
GTT_2021-06-02,2021,1.195,34.23,1.195
NAKD_2021-06-02,2021,0.2896,3.4,0.2962
NOK_2021-06-02,2021,0.0559,1.61,0.0809
ATOS_2021-06-03,2021,1.1878,2.38,1.1878
BBY_2021-06-03,2021,-0.0284,0.81,0.0
NGS_2021-06-03,2021,0.027,1.08,0.0595
RMED_2021-06-03,2021,1.457,5.12,1.457
SENS_2021-06-03,2021,0.9187,8.38,0.9187
AMCX_2021-06-04,2021,0.233,1.48,0.2582
BNGO_2021-06-04,2021,0.3333,2.03,0.3333
FGF_2021-06-04,2021,0.0305,1.03,0.1729
MVIS_2021-06-04,2021,0.1238,2.01,0.2531
NNDM_2021-06-04,2021,0.1197,1.08,0.2187
RNG_2021-06-04,2021,-0.0072,0.63,0.235
ATEN_2021-06-05,2021,0.021,1.68,0.142
MSGN_2021-06-05,2021,0.0172,1.4,0.0172
ASO_2021-06-07,2021,0.0682,1.35,0.1237
TCBI_2021-06-07,2021,-0.0118,0.71,0.0141
UONE_2021-06-07,2021,0.5758,1.17,0.6041
WEN_2021-06-07,2021,0.2629,12.71,0.2629
CLVS_2021-06-08,2021,0.1578,5.01,0.1578
ELF_2021-06-08,2021,0.0164,0.64,0.0392
FRX_2021-06-08,2021,0.1893,2.7,0.1893
FSR_2021-06-08,2021,0.0385,0.93,0.073
GEO_2021-06-08,2021,0.445,16.45,0.445
GOEV_2021-06-08,2021,0.2416,4.44,0.2416
MNMD_2021-06-08,2021,0.0077,1.51,0.0077
MOVE_2021-06-08,2021,-0.004,1.77,0.0402
TWNK_2021-06-08,2021,0.0151,1.73,0.0415
WISH_2021-06-08,2021,0.366,10.05,0.4987
WOOF_2021-06-08,2021,0.2733,4.17,0.2733
AMP_2021-06-09,2021,-0.0341,1.26,0.0057
BOCH_2021-06-09,2021,-0.008,3.92,0.0053
CBSH_2021-06-09,2021,0.0,1.24,0.0079
CHWY_2021-06-09,2021,-0.0015,1.95,0.0
CLF_2021-06-09,2021,0.1455,2.87,0.2057
CRSR_2021-06-09,2021,0.131,11.48,0.131
DCRC_2021-06-09,2021,0.1681,23.75,0.1681
H_2021-06-09,2021,-0.0211,1.59,0.006
HTBK_2021-06-09,2021,-0.0175,2.37,0.0
SPSC_2021-06-09,2021,-0.0031,1.3,0.0699
SRNE_2021-06-09,2021,0.0886,1.38,0.0886
STRA_2021-06-09,2021,0.0267,1.03,0.0992
UUUU_2021-06-09,2021,-0.0286,0.89,0.0429
UWMC_2021-06-09,2021,0.0768,1.62,0.1049
X_2021-06-09,2021,0.0852,1.25,0.0852
OCGN_2021-06-10,2021,-0.2814,1.92,0.1063
PUBM_2021-06-10,2021,0.0968,1.38,0.1164
SPRT_2021-06-10,2021,6.4379,17.48,9.2797
STLD_2021-06-10,2021,-0.0357,0.82,0.031
NIO_2021-06-11,2021,0.0683,0.98,0.1076
RAPT_2021-06-14,2021,1.1551,22.64,1.1551
TRCH_2021-06-14,2021,2.1795,26.95,2.1795
ARVL_2021-06-15,2021,0.1693,3.8,0.1693
CTXR_2021-06-15,2021,0.3891,4.54,0.5382
XOM_2021-06-15,2021,0.0327,1.02,0.0417
BAC_2021-06-16,2021,-0.0611,1.33,0.0114
JPM_2021-06-16,2021,0.003,1.44,0.0329
PRPL_2021-06-17,2021,0.0256,1.62,0.1243
BIG_2021-06-18,2021,0.0563,1.24,0.0563
MBAC_2021-06-18,2021,0.0155,5.67,0.0155
BA_2021-06-20,2021,,1.12,0.0557
GSAT_2021-06-21,2021,0.4419,4.63,0.4574
DIS_2021-06-22,2021,0.0598,1.24,0.0598
KBH_2021-06-22,2021,0.0074,3.84,0.0074
LZB_2021-06-24,2021,-0.0011,2.52,0.0116
PSFE_2021-06-24,2021,0.0902,3.64,0.1018
RIG_2021-06-24,2021,0.0789,1.8,0.1787
SRNE_2021-06-24,2021,0.2157,1.62,0.2157
TSLA_2021-06-24,2021,0.0354,1.43,0.049
BABA_2021-06-25,2021,0.0463,1.68,0.0506
SPCE_2021-06-25,2021,0.3887,4.6,0.3887
IEC_2021-06-27,2021,,1.15,0.0887
MRIN_2021-06-28,2021,3.5407,6.55,5.336
MU_2021-06-28,2021,0.036,1.7,0.036
SOFI_2021-06-28,2021,0.02,5.38,0.1568
INTC_2021-06-29,2021,-0.0233,1.08,0.0
WNEB_2021-06-29,2021,-0.0279,0.37,0.0036
XELA_2021-06-29,2021,0.9864,27.95,1.9524
ACQR_2021-06-30,2021,-0.003,0.11,0.001
IHC_2021-06-30,2021,-0.0021,0.86,0.0086
NEGG_2021-06-30,2021,5.2162,96.74,5.2162
VERB_2021-06-30,2021,1.0645,22.3,1.0645
AMZN_2021-07-06,2021,0.0469,1.39,0.0628
BABA_2021-07-08,2021,-0.0392,1.5,0.0325
LEGO_2021-07-08,2021,-0.001,0.47,0.0049
WFC_2021-07-08,2021,-0.0249,1.04,0.0369
MOD_2021-07-14,2021,-0.1031,0.86,0.0063
NFLX_2021-07-14,2021,0.0042,1.71,0.0134
MRNA_2021-07-15,2021,0.246,5.34,0.4162
PFE_2021-07-19,2021,0.2374,2.23,0.2496
SAVA_2021-07-21,2021,-0.2345,3.32,0.4896
ATVI_2021-07-22,2021,-0.1244,2.0,0.0037
INTC_2021-07-22,2021,-0.0048,2.12,0.0
SNAP_2021-07-22,2021,0.23,3.8,0.23
EDU_2021-07-23,2021,-0.5422,14.19,0.0187
TAL_2021-07-23,2021,-0.7076,8.76,0.0395
BABA_2021-07-26,2021,-0.0991,3.2,0.0364
TSLA_2021-07-26,2021,0.0221,1.42,0.1107
GTES_2021-07-28,2021,-0.0057,0.89,0.0538
PYPL_2021-07-28,2021,0.005,2.07,0.0268
NKLA_2021-07-29,2021,-0.1522,3.33,0.0
VALE_2021-07-30,2021,-0.1557,1.37,0.0031
SKLZ_2021-08-03,2021,-0.1407,2.39,0.0
BNTX_2021-08-04,2021,0.2712,2.79,0.2712
MRNA_2021-08-04,2021,0.2534,1.66,0.2534
MVIS_2021-08-04,2021,0.1034,3.79,0.2751
SRNG_2021-08-04,2021,0.0061,4.51,0.0202
ETH_2021-08-05,2021,0.021,1.55,0.1416
IEX_2021-08-05,2021,-0.0242,0.68,0.0088
MCFE_2021-08-05,2021,0.071,4.8,0.0926
PLTR_2021-08-09,2021,0.1407,2.92,0.1586
COIN_2021-08-10,2021,-0.0385,2.62,0.0
NUE_2021-08-10,2021,0.0958,2.36,0.1706
UPST_2021-08-10,2021,0.2479,2.98,0.6268
AMAT_2021-08-11,2021,-0.0787,1.42,0.0332
DASH_2021-08-12,2021,0.0222,2.58,0.0222
PSFE_2021-08-12,2021,-0.1696,3.84,0.0539
WISH_2021-08-12,2021,-0.2319,3.81,0.0651
UWMC_2021-08-13,2021,0.0013,3.26,0.055
WMT_2021-08-16,2021,0.0039,1.87,0.0128
NAKD_2021-08-20,2021,0.3282,3.18,0.4977
NVDA_2021-08-23,2021,0.0549,1.37,0.0899
BB_2021-08-24,2021,0.0592,1.67,0.1519
CRWD_2021-08-24,2021,0.1432,3.64,0.1651
GME_2021-08-24,2021,0.2753,4.78,0.3235
ASTS_2021-08-25,2021,0.1737,1.86,0.3114
SAVA_2021-08-25,2021,-0.3138,4.97,0.0
AFRM_2021-08-27,2021,-0.0297,7.89,0.4231
ATER_2021-08-27,2021,1.9056,14.54,3.3535
BBIG_2021-08-27,2021,2.215,20.35,2.6928
MMAT_2021-08-27,2021,0.5896,3.78,0.5896
WKHS_2021-08-27,2021,-0.0287,1.69,0.0425
BGFV_2021-08-30,2021,0.3464,2.64,0.3464
TTCF_2021-08-30,2021,0.0985,1.28,0.1955
VIH_2021-08-30,2021,0.1194,13.74,0.1194
WFC_2021-08-31,2021,-0.056,3.02,0.0289
CHWY_2021-09-01,2021,-0.0078,5.96,0.0225
NFLX_2021-09-02,2021,0.0145,1.89,0.0423
SII_2021-09-02,2021,0.1301,1.12,0.1371
UEC_2021-09-02,2021,0.2539,4.21,0.4414
RKLB_2021-09-03,2021,0.7816,5.61,0.7816
CCJ_2021-09-07,2021,0.1315,3.92,0.1454
CEI_2021-09-07,2021,3.1349,8.17,3.6185
CLOV_2021-09-07,2021,0.2217,3.45,0.2217
REE_2021-09-07,2021,-0.0433,1.24,0.0901
ARC_2021-09-08,2021,0.0827,1.29,0.2338
LIDR_2021-09-09,2021,0.1815,10.59,0.1815
AAPL_2021-09-10,2021,-0.0331,1.54,0.017
CS_2021-09-10,2021,-0.1115,1.73,0.0038
OCGN_2021-09-13,2021,0.158,2.62,0.158
SDC_2021-09-13,2021,0.301,5.59,0.301
PROG_2021-09-14,2021,3.2442,6.92,4.2016
ROAD_2021-09-14,2021,-0.0206,1.02,0.0289
IBKR_2021-09-15,2021,0.1539,1.56,0.23
SBUX_2021-09-15,2021,-0.0355,1.69,0.004
RBC_2021-09-16,2021,-0.0162,1.99,0.0142
SPIR_2021-09-16,2021,0.8904,20.34,0.8904
TELL_2021-09-16,2021,0.1554,1.58,0.1554
ASTS_2021-09-17,2021,0.1087,3.29,0.1087
HSBC_2021-09-17,2021,-0.0345,1.95,0.0396
VLTA_2021-09-17,2021,0.0465,1.77,0.0465
DOW_2021-09-20,2021,-0.0272,1.53,0.0424
FDX_2021-09-21,2021,-0.0866,3.22,0.0302
HRC_2021-09-21,2021,-0.0022,0.59,0.0076
PRTH_2021-09-21,2021,-0.0685,0.23,0.0685
UPST_2021-09-21,2021,0.093,1.44,0.1461
GOEV_2021-09-22,2021,0.3513,3.74,0.3513
MRIN_2021-09-22,2021,0.7944,15.17,0.8453
SOFI_2021-09-22,2021,0.1101,1.63,0.1668
KELYA_2021-09-27,2021,0.0109,0.57,0.029
KELYB_2021-09-27,2021,-0.0076,0.61,0.0486
NGS_2021-09-27,2021,0.0686,1.85,0.3708
TSLA_2021-09-27,2021,0.3234,1.59,0.5882
TWTR_2021-09-27,2021,-0.071,1.4,0.0
FAMI_2021-09-28,2021,0.949,7.12,0.949
DOLE_2021-09-29,2021,0.1292,4.71,0.1292
COIN_2021-10-01,2021,0.5711,1.97,0.5711
MRK_2021-10-01,2021,0.0837,5.75,0.1064
MRNA_2021-10-01,2021,-0.1137,1.6,0.0623
PXD_2021-10-04,2021,0.0246,1.36,0.1053
TLRY_2021-10-04,2021,-0.0117,1.3,0.0126
WISH_2021-10-04,2021,-0.0935,1.24,0.0449
IMCC_2021-10-05,2021,-0.1413,3.71,0.1685
RIOT_2021-10-06,2021,0.0573,1.96,0.1936
MOD_2021-10-07,2021,0.0513,0.74,0.0686
LUV_2021-10-10,2021,-0.0417,1.7,0.0102
OCGN_2021-10-11,2021,0.2885,3.66,0.4215
NET_2021-10-13,2021,0.3323,1.08,0.3913
AGC_2021-10-14,2021,0.5461,8.0,0.6908
HUT_2021-10-15,2021,0.4583,1.41,0.5057
IEX_2021-10-17,2021,0.0363,0.98,0.0446
NFLX_2021-10-18,2021,0.017,1.92,0.069
SNAP_2021-10-18,2021,-0.0288,3.32,0.0
SHOP_2021-10-19,2021,0.1395,1.41,0.1539
IBM_2021-10-20,2021,-0.1137,2.54,0.0185
PINS_2021-10-20,2021,0.1277,7.02,0.1277
PYPL_2021-10-20,2021,-0.2439,3.98,0.0
DWAC_2021-10-21,2021,8.4578,1415.6,8.4578
GOOG_2021-10-21,2021,0.0282,1.23,0.0487
GOOGL_2021-10-21,2021,0.0314,1.39,0.0512
INTC_2021-10-21,2021,-0.1067,1.76,0.0114
PHUN_2021-10-21,2021,7.3238,274.6,7.3238
BENE_2021-10-22,2021,0.1563,777.49,0.2137
CLF_2021-10-22,2021,0.1271,1.34,0.2112
MARK_2021-10-22,2021,2.4612,137.8,2.4612
ZEN_2021-10-22,2021,-0.2405,2.83,0.009
CNXN_2021-10-23,2021,,1.51,0.1543
RGP_2021-10-23,2021,,0.79,0.0669
SBUX_2021-10-24,2021,-0.074,1.78,0.0206
GNUS_2021-10-25,2021,0.3955,31.05,0.5149
METX_2021-10-25,2021,0.8003,8.32,1.238
SSB_2021-10-25,2021,0.0214,0.97,0.058
XPEV_2021-10-25,2021,0.1892,1.98,0.2749
AMD_2021-10-26,2021,0.2272,1.72,0.2459
BRK_2021-10-26,2021,-0.0077,1.99,0.0034
CRTX_2021-10-26,2021,-0.7135,31.76,0.0024
MSFT_2021-10-26,2021,-0.0637,1.36,0.1135
NVDA_2021-10-26,2021,0.2864,2.16,0.4239
CHWY_2021-10-27,2021,0.1149,1.58,0.1149
NKLA_2021-10-27,2021,0.4244,1.83,0.4244
ZIM_2021-10-27,2021,0.0736,1.13,0.1625
AAPL_2021-10-28,2021,0.025,1.36,0.025
LCID_2021-10-28,2021,0.3131,7.61,0.547
ON_2021-10-28,2021,0.3154,1.6,0.4245
RBLX_2021-10-28,2021,0.3575,3.1,0.3575
BTBT_2021-10-29,2021,0.4179,0.4,0.4179
COO_2021-10-29,2021,0.0125,1.03,0.0179
FGF_2021-10-29,2021,-0.0103,36.2,0.6154
GME_2021-10-29,2021,0.0036,1.91,0.1957
NXPI_2021-10-29,2021,0.0262,1.17,0.1218
CHGG_2021-11-01,2021,-0.4596,15.42,0.0559
NYC_2021-11-01,2021,-0.0238,1.44,0.02
Z_2021-11-01,2021,-0.3682,7.02,0.0
ZG_2021-11-01,2021,-0.377,6.57,0.0
ATVI_2021-11-02,2021,-0.1588,2.96,0.0
BGFV_2021-11-02,2021,0.2431,10.88,0.7311
SAVA_2021-11-02,2021,0.8304,7.29,0.9716
GPI_2021-11-03,2021,0.0841,1.14,0.1074
PTON_2021-11-03,2021,-0.037,6.45,0.0387
QCOM_2021-11-03,2021,0.1544,4.17,0.233
REE_2021-11-03,2021,-0.0421,2.87,0.0371
BNTX_2021-11-04,2021,-0.2337,2.91,0.0
PFE_2021-11-04,2021,0.0846,4.24,0.1196
BMRA_2021-11-05,2021,0.1179,0.57,0.1179
DASH_2021-11-08,2021,-0.0336,4.08,0.238
NEGG_2021-11-08,2021,0.5895,18.99,0.6225
NIO_2021-11-08,2021,-0.039,1.16,0.0215
PLTR_2021-11-08,2021,-0.0673,2.73,0.0288
RIOT_2021-11-08,2021,0.2658,1.71,0.4033
FUBO_2021-11-09,2021,-0.016,2.52,0.0
BYND_2021-11-10,2021,-0.0358,3.88,0.0182
DIS_2021-11-10,2021,-0.0742,2.19,0.0101
SNDL_2021-11-11,2021,0.3582,2.82,0.3582
GGPI_2021-11-12,2021,0.1582,11.45,0.3861
CRWD_2021-11-15,2021,-0.2912,2.32,0.0
GOEV_2021-11-16,2021,0.2781,9.15,0.5254
JPM_2021-11-16,2021,-0.0588,1.6,0.0103
PIPP_2021-11-16,2021,0.0515,15.04,0.1
TALK_2021-11-16,2021,-0.3628,6.85,0.056
WMT_2021-11-16,2021,-0.0255,1.83,0.0108
UWMC_2021-11-17,2021,-0.0257,8.57,0.0575
BABA_2021-11-18,2021,-0.3071,1.93,0.0424
LGVN_2021-11-18,2021,13.4863,472.65,13.4863
FCCY_2021-11-19,2021,-0.0171,2.24,0.0218
RAVE_2021-11-22,2021,0.1154,1.46,0.1769
BMTX_2021-11-23,2021,0.123,1.34,0.1737
ISPC_2021-11-23,2021,1.2995,8.14,1.2995
QLGN_2021-11-23,2021,0.264,26.18,1.048
BFRI_2021-11-24,2021,1.6996,47.17,2.0038
ACIU_2021-11-26,2021,-0.0336,0.3,0.0
MRNA_2021-11-26,2021,0.2891,2.52,0.3479
VBIV_2021-11-26,2021,-0.028,5.96,0.0909
PTPI_2021-11-27,2021,0.9139,3.38,0.9139
UPS_2021-11-27,2021,0.1237,1.36,0.1306
CRM_2021-11-29,2021,0.0026,4.3,0.0441
PPSI_2021-11-29,2021,0.685,0.77,0.7983
CRTX_2021-11-30,2021,0.1191,0.77,0.1327
ARDX_2021-12-01,2021,0.4912,32.3,0.4912
ESSC_2021-12-01,2021,0.2981,22.65,0.7692
CFVI_2021-12-02,2021,0.3019,914.47,0.5366
DOCU_2021-12-02,2021,-0.4147,23.59,0.0897
DWAC_2021-12-02,2021,0.4751,2.43,0.4751
CHWY_2021-12-04,2021,-0.1019,2.35,0.0952
GBNY_2021-12-06,2021,0.0039,9.23,0.0721
LULU_2021-12-06,2021,-0.0431,2.54,0.0343
AVCT_2021-12-09,2021,1.4272,43.79,1.4951
FDX_2021-12-11,2021,-0.0315,2.04,0.023
AMC_2021-12-13,2021,0.0612,2.18,0.1789
RELI_2021-12-13,2021,1.6202,10.33,1.6202
BFRI_2021-12-21,2021,0.4475,0.93,0.7283
IINN_2021-12-22,2021,0.4142,0.47,0.4142
NXTD_2021-12-22,2021,0.8084,2.67,0.8084
AUVI_2021-12-28,2021,-0.129,3.6,0.2092
ISIG_2021-12-28,2021,1.0581,1.16,1.1984
RBLX_2021-12-30,2021,0.0598,1.02,0.0788
NES_2021-12-31,2021,0.2614,0.69,0.2614
ICE_2022-01-03,2022,-0.0352,1.3,0.0034
TLRY_2022-01-03,2022,0.037,1.76,0.0512
TSLA_2022-01-03,2022,0.1353,1.28,0.1353
TSM_2022-01-03,2022,0.1569,3.21,0.1691
AMD_2022-01-04,2022,-0.0387,1.35,0.0
BAC_2022-01-04,2022,0.0017,1.36,0.0656
BRK_2022-01-04,2022,0.0286,1.16,0.0684
F_2022-01-04,2022,0.1167,2.96,0.1236
QCOM_2022-01-04,2022,0.0107,1.55,0.0133
WFC_2022-01-04,2022,0.1445,1.57,0.1445
BYND_2022-01-05,2022,0.1495,2.66,0.1495
UEC_2022-01-05,2022,0.0131,1.22,0.0184
BRLI_2022-01-07,2022,0.0005,2.46,0.0073
DISCA_2022-01-07,2022,0.1687,1.62,0.2123
LCID_2022-01-07,2022,0.0131,0.84,0.1897
VIAC_2022-01-07,2022,0.1253,1.22,0.1253
CSX_2022-01-10,2022,-0.0757,1.58,0.0077
DASH_2022-01-11,2022,-0.2889,2.0,0.0764
SBUX_2022-01-11,2022,-0.0686,1.89,0.0482
XOM_2022-01-11,2022,0.1805,1.52,0.2033
CCMP_2022-01-12,2022,-0.0016,0.72,0.0066
DWAC_2022-01-12,2022,0.3528,4.37,0.3528
MP_2022-01-12,2022,0.036,1.09,0.036
NGS_2022-01-12,2022,0.0589,1.47,0.2127
PATK_2022-01-12,2022,0.0118,1.35,0.0599
BBIG_2022-01-13,2022,0.5729,6.61,0.8021
SPCE_2022-01-13,2022,-0.1892,3.31,0.0016
NFLX_2022-01-14,2022,-0.2344,5.7,0.0417
PIXY_2022-01-14,2022,0.4762,2.94,0.6476
SOFI_2022-01-18,2022,0.1364,4.17,0.1364
STRA_2022-01-18,2022,-0.1374,1.03,0.1217
WOW_2022-01-18,2022,-0.0299,1.02,0.0169
AMZN_2022-01-21,2022,-0.0845,2.22,0.0643
WEN_2022-01-21,2022,-0.009,1.13,0.0455
TCBI_2022-01-22,2022,,0.84,0.1253
DOW_2022-01-24,2022,-0.0018,1.36,0.0929
MTCH_2022-01-24,2022,0.0187,1.61,0.0243
MCD_2022-01-25,2022,-0.0116,1.36,0.0342
KEY_2022-01-26,2022,0.0092,1.0,0.0823
AAPL_2022-01-27,2022,-0.0029,1.09,0.1039
AMD_2022-01-27,2022,0.0548,1.72,0.1171
SPOT_2022-01-29,2022,0.1095,3.67,0.1771
GOOG_2022-02-01,2022,0.0909,2.15,0.0909
GOOGL_2022-02-01,2022,0.0938,2.29,0.0938
PYPL_2022-02-01,2022,-0.229,4.95,0.0224
FB_2022-02-02,2022,-0.2547,4.78,0.0125
PINS_2022-02-02,2022,-0.1833,2.58,0.0
SNAP_2022-02-02,2022,-0.2721,6.41,0.1967
SENS_2022-02-04,2022,-0.1987,2.82,0.2285
CHGG_2022-02-06,2022,0.0365,3.91,0.2547
PFE_2022-02-07,2022,-0.0245,1.37,0.0162
RBLX_2022-02-10,2022,0.04,1.94,0.04
Z_2022-02-10,2022,-0.0175,4.49,0.3121
ZG_2022-02-10,2022,-0.0126,3.96,0.3386
CCMP_2022-02-11,2022,-0.0234,0.65,0.0096
LMT_2022-02-11,2022,0.0267,1.56,0.2094
MP_2022-02-11,2022,0.0256,0.79,0.2004
MS_2022-02-12,2022,-0.0875,0.91,0.0398
RF_2022-02-15,2022,-0.0334,1.0,0.0314
UPST_2022-02-15,2022,0.0431,3.34,0.415
WAT_2022-02-16,2022,-0.0011,0.87,0.0117
PLTR_2022-02-17,2022,-0.1575,2.33,0.0143
DKNG_2022-02-18,2022,-0.2162,2.21,0.0757
CS_2022-02-20,2022,,1.67,0.0202
ACQR_2022-02-21,2022,,2.26,0.0031
LNG_2022-02-22,2022,-0.0026,2.25,0.2035
UEC_2022-02-22,2022,0.7639,1.89,0.809
CLOV_2022-02-23,2022,-0.0147,2.39,0.3333
NOG_2022-02-24,2022,0.18,1.43,0.1935
PXD_2022-02-24,2022,0.0028,1.47,0.0754
RKT_2022-02-24,2022,0.2617,1.49,0.2834
TSM_2022-02-24,2022,-0.0767,2.15,0.0087
WTI_2022-02-24,2022,0.4169,2.62,0.4169
FOSL_2022-02-28,2022,-0.0572,2.33,0.0132
MULN_2022-02-28,2022,3.6657,10.68,3.811
SLI_2022-02-28,2022,0.0016,0.6,0.4364
UUUU_2022-02-28,2022,0.2074,2.97,0.3338
SOFI_2022-03-01,2022,-0.0218,1.81,0.0114
AAPL_2022-03-02,2022,0.0206,1.08,0.0206
CVX_2022-03-02,2022,0.139,2.3,0.1415
OXY_2022-03-02,2022,0.1836,3.44,0.2424
INDO_2022-03-04,2022,2.0446,1.6,2.0446
JPM_2022-03-04,2022,-0.0281,1.15,0.0313
CEI_2022-03-05,2022,0.5897,7.18,0.641
CHWY_2022-03-07,2022,-0.0992,1.24,0.1266
PATK_2022-03-07,2022,-0.0222,0.78,0.0442
XOM_2022-03-07,2022,0.0439,1.63,0.0439
TETC_2022-03-08,2022,0.001,1.16,0.0031
AMZN_2022-03-09,2022,0.0794,1.37,0.1256
ZIM_2022-03-09,2022,0.0932,2.34,0.2536
HYMC_2022-03-10,2022,1.4127,13.03,1.9841
BRK_2022-03-11,2022,0.1048,1.49,0.1053
KEYS_2022-03-12,2022,0.1316,0.92,0.1316
BABA_2022-03-14,2022,0.2107,3.88,0.3521
NIO_2022-03-14,2022,0.3678,1.63,0.4841
GME_2022-03-17,2022,0.6233,4.34,1.1827
BBIG_2022-03-21,2022,0.2581,1.35,0.3629
NILE_2022-03-21,2022,0.0728,15.49,0.6914
IMCC_2022-03-22,2022,0.1406,4.69,0.2448
NVDA_2022-03-22,2022,0.053,1.1,0.0719
TLRY_2022-03-22,2022,0.609,6.41,0.609
AMC_2022-03-23,2022,0.6123,3.1,0.6123
DISCA_2022-03-23,2022,0.0093,0.68,0.0179
DISCB_2022-03-23,2022,-0.0081,2.95,0.0067
DISCK_2022-03-23,2022,0.0056,0.84,0.013
FCN_2022-03-23,2022,-0.0228,0.92,0.0193
IEX_2022-03-23,2022,-0.0195,1.04,0.0088
LPL_2022-03-23,2022,-0.0097,0.82,0.0365
SNDL_2022-03-23,2022,0.3887,4.21,0.3887
AMTD_2022-03-24,2022,-0.004,0.15,0.0672
CNXN_2022-03-24,2022,0.011,1.25,0.0461
RGP_2022-03-24,2022,0.0278,1.02,0.1077
GTES_2022-03-25,2022,-0.175,1.99,0.0137
GOOG_2022-03-26,2022,,0.9,0.015
NEGG_2022-03-28,2022,0.6783,14.53,0.6783
ATER_2022-03-29,2022,1.2852,14.92,1.5586
TWTR_2022-03-29,2022,0.1524,5.43,0.3216
WASH_2022-03-29,2022,0.0141,0.9,0.0141
AMD_2022-03-31,2022,-0.2356,0.92,0.0336
GFAI_2022-03-31,2022,-0.2308,0.58,0.109
HMHC_2022-03-31,2022,0.0014,1.13,0.0029
THCA_2022-03-31,2022,0.2216,16.86,0.2764
SST_2022-04-04,2022,0.5097,12.29,0.7387
PHM_2022-04-07,2022,0.0479,1.19,0.0775
SBFM_2022-04-07,2022,-0.248,2.56,0.5342
WMT_2022-04-07,2022,0.01,1.14,0.0156
NFLX_2022-04-18,2022,-0.3369,12.21,0.0273
DIS_2022-04-19,2022,-0.1766,2.1,0.0323
MASS_2022-04-20,2022,-0.0005,1.49,0.0232
PYPL_2022-04-20,2022,-0.2031,1.7,0.0
SPOT_2022-04-20,2022,-0.2965,2.94,0.0
TSLA_2022-04-20,2022,-0.0496,1.23,0.0
GOOGL_2022-04-21,2022,-0.0733,2.12,0.0154
RDBX_2022-04-21,2022,2.3583,47.08,2.3583
ROKU_2022-04-21,2022,-0.1637,1.62,0.0658
SHOP_2022-04-21,2022,-0.2132,1.89,0.1536
CCMP_2022-04-22,2022,-0.0048,0.7,0.0149
DOW_2022-04-22,2022,-0.0391,1.32,0.0158
GOOG_2022-04-22,2022,-0.0435,2.15,0.0448
MP_2022-04-22,2022,-0.0299,0.81,0.1192
MSFT_2022-04-23,2022,-0.0139,1.76,0.0569
DWAC_2022-04-25,2022,-0.129,2.69,0.2778
MARK_2022-04-25,2022,-0.0735,0.96,0.0493
KEY_2022-04-27,2022,0.0005,0.96,0.0402
MCD_2022-04-27,2022,0.0226,1.18,0.0231
TDOC_2022-04-27,2022,-0.4199,14.38,0.0483
COKE_2022-04-28,2022,-0.0022,1.02,0.1126
INTC_2022-04-28,2022,0.0358,1.63,0.0407
KO_2022-04-28,2022,0.0096,1.37,0.0096
RIVN_2022-04-28,2022,-0.3402,2.05,0.0865
CSCO_2022-04-29,2022,-0.0448,1.5,0.0259
BRK_2022-05-01,2022,-0.01,0.97,0.0303
BRT_2022-05-01,2022,0.0055,1.35,0.0576
Z_2022-05-01,2022,,1.87,0.1085
ZG_2022-05-01,2022,,1.79,0.1154
DASH_2022-05-04,2022,-0.0762,2.75,0.0389
DKNG_2022-05-05,2022,-0.082,1.5,0.0
OXY_2022-05-05,2022,-0.0351,1.3,0.1035
WISH_2022-05-05,2022,-0.1005,1.3,0.0
BBIG_2022-05-06,2022,0.2802,2.73,0.2802
AFRM_2022-05-09,2022,-0.277,5.35,0.2729
COIN_2022-05-09,2022,-0.4822,8.1,0.2546
PLTR_2022-05-09,2022,-0.2131,3.13,0.1582
UPST_2022-05-09,2022,-0.5994,4.53,0.1154
RBLX_2022-05-10,2022,-0.0577,3.88,0.3397
LUNA_2022-05-11,2022,-0.0281,1.94,0.152
ASPC_2022-05-12,2022,-0.001,4.89,0.002
WMT_2022-05-16,2022,-0.173,3.9,0.0011
TGT_2022-05-17,2022,-0.2629,7.86,0.0022
BBY_2022-05-18,2022,-0.1305,3.71,0.022
COST_2022-05-18,2022,-0.052,2.01,0.0139
ROST_2022-05-18,2022,-0.0039,5.57,0.0
ZIM_2022-05-18,2022,-0.0575,1.74,0.0809
JWN_2022-05-23,2022,-0.0236,3.84,0.254
CRM_2022-05-25,2022,0.0211,1.99,0.2005
MSFT_2022-06-02,2022,0.0079,0.9,0.0079
PHM_2022-06-04,2022,,0.59,0.01
WTI_2022-06-04,2022,,1.49,0.1272
TCBI_2022-06-06,2022,0.0123,1.17,0.022
UEC_2022-06-07,2022,0.154,0.78,0.154
XOM_2022-06-07,2022,0.0582,1.26,0.0582
NIO_2022-06-08,2022,0.0372,1.11,0.2254
FOSL_2022-06-09,2022,-0.0793,0.75,0.0283
RDBX_2022-06-10,2022,0.6125,1.5,0.6125
ACQR_2022-06-11,2022,-0.001,0.46,0.001
UUUU_2022-06-11,2022,,0.91,0.1685
CELH_2022-06-13,2022,-0.1122,1.08,0.1203
COIN_2022-06-13,2022,-0.1141,1.63,0.1787
MSTR_2022-06-13,2022,-0.2518,2.45,0.1452
ABNB_2022-06-14,2022,0.0057,1.25,0.1697
DIS_2022-06-14,2022,-0.0156,1.07,0.0793
FDX_2022-06-14,2022,0.1351,2.45,0.2103
REV_2022-06-14,2022,5.9573,134.64,5.9573
ROAD_2022-06-15,2022,0.0194,1.37,0.0725
BOOM_2022-06-16,2022,-0.1016,2.09,0.068
BOXD_2022-06-22,2022,0.1118,10.62,0.4969
BIOT_2022-06-23,2022,0.0087,0.32,0.0087
IOBT_2022-06-23,2022,0.1123,0.38,0.1447
SFT_2022-06-23,2022,0.2397,10.25,0.3745
APRN_2022-06-24,2022,0.5993,3.36,0.6438
NFLX_2022-06-24,2022,0.0503,1.11,0.0503
EVFM_2022-06-27,2022,1.8771,10.21,2.63
ENDP_2022-06-28,2022,0.3573,5.34,0.8533
AMD_2022-06-29,2022,-0.0345,1.02,0.078
BBBY_2022-06-29,2022,-0.2894,3.06,0.072
BBIG_2022-06-30,2022,-0.2995,1.24,0.0508
CVNA_2022-06-30,2022,-0.0229,1.2,0.3129
AMTD_2022-07-07,2022,4.4825,886.42,5.1404
GME_2022-07-07,2022,0.1506,1.48,0.2918
TWTR_2022-07-08,2022,-0.051,2.46,0.0273
VERU_2022-07-11,2022,0.202,1.45,0.7853
ASPC_2022-07-12,2022,0.0015,9.31,0.0881
MSFT_2022-07-12,2022,-0.0477,1.02,0.0614
TLRY_2022-07-14,2022,0.2593,1.95,0.3354
BLK_2022-07-15,2022,0.0783,1.13,0.0861
AAPL_2022-07-18,2022,0.0478,0.98,0.1063
GOOG_2022-07-18,2022,-0.9532,21.78,0.0
GOOGL_2022-07-18,2022,-0.953,22.95,0.0
NFLX_2022-07-18,2022,0.0662,3.77,0.1839
PRE_2022-07-18,2022,0.0058,0.3,0.0176
XELA_2022-07-18,2022,0.5204,2.33,17.408
INTC_2022-07-19,2022,-0.062,1.61,0.0491
TBLT_2022-07-19,2022,1.9776,3.16,2.2239
SNAP_2022-07-20,2022,0.1555,5.65,0.1555
TSLA_2022-07-20,2022,0.008,1.24,0.1193
IEX_2022-07-22,2022,0.0836,1.14,0.0949
SIGA_2022-07-23,2022,0.4137,4.48,0.9161
WMT_2022-07-25,2022,-0.0014,3.08,0.0026
SNDL_2022-07-26,2022,6.6664,0.18,9.659
META_2022-07-27,2022,0.0655,2.03,0.0655
BABA_2022-07-29,2022,-0.031,1.74,0.0222
HKD_2022-07-29,2022,8.3278,0.39,8.3278
AMD_2022-08-01,2022,0.051,1.45,0.0999
REV_2022-08-01,2022,0.9888,5.39,0.9888
HOOD_2022-08-02,2022,0.1405,1.39,0.2179
AMC_2022-08-04,2022,0.218,2.23,0.3981
BLK_2022-08-04,2022,0.0079,0.94,0.0945
COIN_2022-08-04,2022,0.1001,1.86,0.213
CVNA_2022-08-04,2022,0.3461,1.74,0.5642
FUBO_2022-08-04,2022,1.1747,4.34,1.1747
BBBY_2022-08-05,2022,2.0163,9.62,2.7528
ARC_2022-08-06,2022,,1.28,0.0903
JXN_2022-08-06,2022,0.146,1.22,0.2586
RJAC_2022-08-06,2022,-0.004,0.04,0.0
BBY_2022-08-07,2022,0.0283,1.11,0.1122
BB_2022-08-08,2022,0.04,0.94,0.04
CLOV_2022-08-08,2022,0.0429,1.78,0.0429
WISH_2022-08-08,2022,-0.0112,1.44,0.0335
ASTS_2022-08-09,2022,0.4397,4.81,0.845
BNGO_2022-08-10,2022,0.4956,6.48,0.5929
NVTA_2022-08-10,2022,2.7686,16.4,2.7686
APRN_2022-08-15,2022,0.6115,5.36,1.0551
BBIG_2022-08-16,2022,,6.89,
PRTY_2022-08-16,2022,0.5032,4.79,0.5032
WEBR_2022-08-16,2022,0.214,13.76,0.3717
ZIM_2022-08-17,2022,-0.0601,2.35,0.0189
CHWY_2022-08-18,2022,-0.1134,0.97,0.0365
STRA_2022-08-18,2022,-0.0793,0.95,0.0107
TWTR_2022-08-18,2022,-0.003,0.96,0.0116
CBSH_2022-08-19,2022,-0.0377,1.26,0.0034
FGF_2022-08-19,2022,-0.0063,1.58,0.0314
HTBK_2022-08-19,2022,-0.0401,0.97,0.0123
OXY_2022-08-19,2022,0.0988,2.27,0.16
SPSC_2022-08-19,2022,-0.0432,0.67,0.012
SKY_2022-08-20,2022,-0.1039,0.82,0.0957
AVYA_2022-08-23,2022,0.8974,2.21,1.6464
BOOM_2022-08-24,2022,-0.0079,0.85,0.0442
NVDA_2022-08-24,2022,-0.1888,1.43,0.0426
UEC_2022-08-24,2022,0.2316,1.88,0.2316
LNG_2022-08-25,2022,-0.0543,1.3,0.0145
GSAT_2022-08-26,2022,0.0899,5.39,0.1058
POW_2022-08-26,2022,0.0025,1.64,0.0051
AVCT_2022-08-29,2022,1.311,7.69,16.9084
META_2022-08-31,2022,-0.174,1.79,0.0763
SLI_2022-08-31,2022,-0.0735,0.99,0.0809
SBUX_2022-09-03,2022,0.0591,2.2,0.1177
TCBI_2022-09-05,2022,0.0338,1.51,0.0993
DWAC_2022-09-06,2022,-0.1144,4.47,0.0
NIO_2022-09-06,2022,-0.0141,1.41,0.2391
PXD_2022-09-06,2022,-0.0115,0.94,0.0286
AAPL_2022-09-07,2022,0.0093,1.28,0.0576
SPR_2022-09-07,2022,0.0382,1.5,0.0851
STRA_2022-09-07,2022,0.0135,1.24,0.0569
NFLX_2022-09-13,2022,0.0152,2.1,0.03
HKD_2022-09-14,2022,3.1178,57.23,3.1178
BYND_2022-09-19,2022,-0.1236,2.39,0.1006
MSFT_2022-09-20,2022,-0.0145,1.23,0.0191
SAVA_2022-09-20,2022,0.6851,4.57,0.6851
Z_2022-09-21,2022,-0.1101,0.85,0.0563
ZG_2022-09-21,2022,-0.1074,0.76,0.0528
CS_2022-09-23,2022,-0.1486,1.91,0.1125
DOW_2022-09-23,2022,-0.0194,0.9,0.044
ELS_2022-09-24,2022,,1.62,0.0271
BLK_2022-09-29,2022,-0.0331,1.09,0.01
GTES_2022-10-04,2022,0.0367,1.33,0.1824
TWTR_2022-10-04,2022,0.2224,4.64,0.2224
AMD_2022-10-07,2022,-0.1387,1.61,0.0013
PYPL_2022-10-08,2022,-0.0627,1.47,0.0471
TSM_2022-10-08,2022,-0.0449,1.65,0.0678
MMAT_2022-10-09,2022,0.3837,7.2,0.5597
INTC_2022-10-11,2022,-0.0063,1.14,0.0786
ON_2022-10-11,2022,-0.0672,0.98,0.1343
MCD_2022-10-13,2022,0.158,1.13,0.1744
YELL_2022-10-14,2022,-0.0812,1.31,0.0371
SHOP_2022-10-17,2022,0.3085,1.16,0.335
ABNB_2022-10-18,2022,0.0124,0.83,0.0296
SNAP_2022-10-18,2022,0.0189,4.06,0.0255
MULN_2022-10-19,2022,1.348,3.31,1.4954
BABA_2022-10-24,2022,-0.1251,4.56,0.0
AMZN_2022-10-25,2022,-0.0739,2.1,0.0065
GOOG_2022-10-25,2022,-0.0791,1.92,0.019
GOOGL_2022-10-25,2022,-0.074,2.32,0.0191
MSFT_2022-10-25,2022,0.0138,1.76,0.0138
SPOT_2022-10-25,2022,-0.2494,1.61,0.0252
SKYX_2022-10-26,2022,-0.1417,1.17,0.0
SOFI_2022-10-31,2022,0.0514,3.3,0.0514
Z_2022-11-01,2022,0.0039,1.46,0.2288
ZG_2022-11-01,2022,0.001,1.68,0.2118
COIN_2022-11-03,2022,-0.0809,2.09,0.0913
CVNA_2022-11-03,2022,-0.4514,3.24,0.1344
ASTS_2022-11-04,2022,0.2866,2.83,0.4219
DWAC_2022-11-07,2022,0.6648,8.91,0.6648
PLTR_2022-11-07,2022,-0.1148,1.55,0.0605
AMC_2022-11-08,2022,0.0544,1.79,0.4916
BRC_2022-11-09,2022,-0.0146,0.66,0.029
NEGG_2022-11-11,2022,0.1893,0.76,0.1953
CNXN_2022-11-14,2022,0.002,1.24,0.0976
RGP_2022-11-14,2022,0.0103,0.91,0.0592
TGT_2022-11-14,2022,-0.103,4.8,0.0327
ICE_2022-11-20,2022,0.0484,0.75,0.0511
COSM_2022-11-21,2022,4.3423,5.85,4.3423
COMS_2022-11-23,2022,0.6222,4.4,1.1333
TCDA_2022-11-25,2022,0.2435,0.94,0.4756
AAPL_2022-11-28,2022,-0.0469,1.02,0.02
TLRY_2022-12-02,2022,0.1223,2.95,0.1223
CVNA_2022-12-07,2022,-0.4292,3.69,0.2027
BKNG_2022-12-12,2022,0.0297,1.06,0.0297
GTES_2022-12-15,2022,-0.023,1.65,0.0159
TSLA_2022-12-15,2022,-0.2812,1.91,0.0703
HOOD_2022-12-20,2022,-0.0122,0.79,0.0573
CAT_2022-12-21,2022,0.0729,1.15,0.125
TRKA_2022-12-21,2022,0.7709,2.36,1.3627
AMC_2022-12-22,2022,-0.0736,1.21,0.0
LUV_2022-12-27,2022,-0.0596,2.79,0.0
BABA_2023-01-04,2023,0.2523,1.42,0.3031
MSFT_2023-01-04,2023,0.0103,1.22,0.0358
BBBY_2023-01-05,2023,0.5187,17.03,1.1743
HKD_2023-01-05,2023,1.995,80.1,1.995
PRTY_2023-01-06,2023,-0.2088,18.69,0.2622
APRN_2023-01-13,2023,0.1257,2.61,0.7049
GS_2023-01-16,2023,-0.0666,3.06,0.0
GNS_2023-01-19,2023,5.0504,108.95,8.169
GOOG_2023-01-20,2023,0.1586,1.82,0.1586
GOOGL_2023-01-20,2023,0.1579,1.8,0.1579
HLBZ_2023-01-20,2023,2.4606,24.82,2.4606
NVDA_2023-01-23,2023,0.3265,1.24,0.3392
AMD_2023-01-24,2023,-0.018,1.48,0.1539
NVOS_2023-01-24,2023,0.1418,3.76,0.1418
WMT_2023-01-24,2023,0.0027,0.99,0.0142
INTC_2023-01-26,2023,-0.0519,2.33,0.0209
NGS_2023-01-26,2023,0.0122,0.41,0.0297
PXD_2023-01-26,2023,0.0033,1.91,0.0221
LCID_2023-01-27,2023,0.43,5.75,0.43
CVNA_2023-01-30,2023,0.834,3.7,0.8597
SNAP_2023-01-30,2023,0.0596,3.1,0.1063
META_2023-01-31,2023,0.2836,2.86,0.303
PYPL_2023-01-31,2023,-0.0153,1.45,0.0919
MARA_2023-02-02,2023,0.0638,0.86,0.0638
MASS_2023-02-02,2023,0.0764,0.87,0.1304
SBUX_2023-02-02,2023,-0.0517,1.96,0.0
NSC_2023-02-13,2023,-0.0519,2.12,0.0165
PLTR_2023-02-13,2023,0.0133,4.0,0.3462
SI_2023-02-14,2023,0.5173,3.11,0.5173
DKNG_2023-02-15,2023,0.0729,3.09,0.2373
AMC_2023-02-27,2023,0.1516,2.25,0.2274
TRKA_2023-02-27,2023,0.8361,6.72,1.5098
CRM_2023-03-01,2023,0.0229,2.98,0.1405
NVOS_2023-03-06,2023,0.5728,7.06,0.5728
BAC_2023-03-09,2023,-0.1244,3.55,0.047
CS_2023-03-09,2023,-0.2552,6.88,0.0345
JPM_2023-03-09,2023,-0.0301,3.4,0.0364
VLY_2023-03-09,2023,-0.0746,4.69,0.0414
BLK_2023-03-10,2023,-0.025,2.03,0.057
FRC_2023-03-10,2023,-0.8731,61.73,0.2714
WAL_2023-03-10,2023,-0.5811,49.73,0.2089
WFC_2023-03-10,2023,-0.0554,3.03,0.1337
MKSI_2023-03-11,2023,-0.0054,0.87,0.064
NATI_2023-03-11,2023,-0.0169,1.06,0.061
AMTD_2023-03-13,2023,-0.0255,1.47,0.0701
BRLI_2023-03-13,2023,0.0046,0.29,0.0175
GS_2023-03-13,2023,-0.0371,1.74,0.066
PACW_2023-03-13,2023,-0.2105,14.66,1.1603
SCHW_2023-03-13,2023,-0.1157,5.63,0.2981
DB_2023-03-15,2023,-0.1696,3.71,0.0
GME_2023-03-15,2023,0.4116,3.06,0.4181
UBS_2023-03-15,2023,-0.0895,6.54,0.053
AMD_2023-03-16,2023,0.0772,1.65,0.1182
PXMD_2023-03-23,2023,0.3068,0.43,0.4716
BABA_2023-03-28,2023,0.1426,3.55,0.2004
XOM_2023-04-02,2023,0.059,0.86,0.0792
BLK_2023-04-06,2023,0.0005,0.82,0.0645
NFLX_2023-04-17,2023,-0.0146,2.47,0.0223
BKNG_2023-04-18,2023,0.0001,1.25,0.0149
TSLA_2023-04-19,2023,-0.0202,1.19,0.0148
MSFT_2023-04-20,2023,0.024,1.45,0.0652
AMZN_2023-04-21,2023,0.0579,1.89,0.0579
BBBY_2023-04-23,2023,-0.3567,1.68,0.5809
FRC_2023-04-24,2023,0.122,4.17,0.122
PACW_2023-04-25,2023,-0.4329,4.44,0.0
CMA_2023-04-26,2023,-0.2334,1.97,0.0742
INTC_2023-04-26,2023,0.0339,1.52,0.0755
SOFI_2023-04-28,2023,-0.0974,3.89,0.0281
WFC_2023-04-29,2023,,1.4,0.0428
CHGG_2023-05-01,2023,-0.495,10.94,0.02
HOOD_2023-05-01,2023,-0.0441,1.08,0.0068
JPM_2023-05-01,2023,0.0214,1.26,0.0214
AMD_2023-05-02,2023,0.0025,1.92,0.086
WAL_2023-05-02,2023,-0.5005,6.18,0.0417
CVNA_2023-05-04,2023,0.0184,4.98,0.86
NVOS_2023-05-05,2023,0.2519,1.26,0.2519
PLTR_2023-05-08,2023,0.0445,5.16,0.3414
PYPL_2023-05-08,2023,-0.1209,3.97,0.0073
ABNB_2023-05-09,2023,0.0113,4.02,0.0113
DIS_2023-05-10,2023,-0.0102,2.65,0.0077
PHM_2023-05-11,2023,0.0251,0.88,0.0347
WMT_2023-05-17,2023,0.0113,1.55,0.0221
NVDA_2023-05-18,2023,0.2585,2.0,0.3291
AVGO_2023-05-23,2023,0.1645,3.66,0.1981
CRM_2023-05-30,2023,0.0369,3.34,0.0369
TGT_2023-05-31,2023,-0.02,2.08,0.038
NIO_2023-06-02,2023,0.0252,1.6,0.2984
COIN_2023-06-05,2023,-0.2005,3.22,0.0
DOCU_2023-06-05,2023,0.0176,4.48,0.0292
MVIS_2023-06-05,2023,0.5418,5.05,0.558
TIO_2023-06-06,2023,-0.622,2.13,0.2353
GME_2023-06-07,2023,0.0575,3.83,0.0915
ADBE_2023-06-08,2023,0.1735,2.1,0.1837
TSLA_2023-06-08,2023,0.297,1.1,0.3062
ORCL_2023-06-09,2023,0.0833,3.48,0.1774
NKLA_2023-06-13,2023,0.827,4.65,0.8792
BLK_2023-06-14,2023,-0.0001,1.12,0.0321
SPCE_2023-06-15,2023,-0.0386,5.24,0.3659
FXLV_2023-06-22,2023,-0.0838,5.12,0.0
APTM_2023-06-26,2023,0.0048,4.27,0.0097
RIVN_2023-06-29,2023,0.6872,3.29,0.7698
META_2023-07-05,2023,0.0439,1.46,0.138
DAL_2023-07-10,2023,-0.0036,1.29,0.0163
COIN_2023-07-11,2023,0.3176,2.43,0.3564
RKLB_2023-07-11,2023,0.3116,1.72,0.3283
CVNA_2023-07-12,2023,0.5687,1.9,0.5687
GOOG_2023-07-13,2023,0.0265,1.26,0.1128
GOOGL_2023-07-13,2023,0.0276,1.46,0.116
PYPL_2023-07-13,2023,0.0535,0.7,0.0535
UPS_2023-07-13,2023,-0.0097,0.91,0.0099
DIS_2023-07-17,2023,-0.0301,1.57,0.0209
UPST_2023-07-17,2023,0.1122,1.71,0.5493
MSFT_2023-07-18,2023,0.0152,1.99,0.0398
NFLX_2023-07-18,2023,0.0612,3.41,0.0612
SIRI_2023-07-20,2023,0.4226,5.44,0.4226
AMC_2023-07-21,2023,0.351,6.74,0.351
OPY_2023-07-21,2023,-0.001,0.29,0.0074
SNAP_2023-07-24,2023,-0.0181,2.81,0.029
SPOT_2023-07-24,2023,-0.1315,5.59,0.0473
TUP_2023-07-24,2023,2.4222,43.54,4.9778
DISH_2023-07-25,2023,-0.0696,1.7,0.0219
RTX_2023-07-25,2023,-0.1022,5.92,0.0015
TLRY_2023-07-26,2023,0.2738,3.59,0.506
ENPH_2023-07-27,2023,-0.0378,1.83,0.0352
PLTR_2023-07-28,2023,0.2285,2.16,0.2378
YELL_2023-07-31,2023,4.517,10.49,4.517
AMD_2023-08-01,2023,0.028,2.11,0.028
TTOO_2023-08-01,2023,1.3729,2.24,3.0075
PYPL_2023-08-02,2023,-0.1503,1.95,0.0038
RAD_2023-08-02,2023,0.5765,14.44,0.6647
AAPL_2023-08-03,2023,-0.0073,1.84,0.0201
WE_2023-08-09,2023,-0.1187,27.46,0.0682
EBET_2023-08-10,2023,1.1919,7.52,1.1919
NYC_2023-08-11,2023,-0.1014,0.64,0.0364
NVDA_2023-08-14,2023,0.1532,1.63,0.2058
Z_2023-08-14,2023,-0.0007,1.02,0.0
ZG_2023-08-14,2023,0.0,1.01,0.0
WMT_2023-08-16,2023,-0.0219,1.87,0.0127
JXN_2023-08-17,2023,0.0086,0.82,0.1718
NVAX_2023-08-22,2023,0.2069,1.85,0.2069
IMCC_2023-08-30,2023,-0.036,5.0,0.1742
INTC_2023-09-04,2023,,1.45,0.0615
ABNB_2023-09-05,2023,0.0684,2.95,0.1116
GME_2023-09-06,2023,-0.025,1.53,0.0
AAPL_2023-09-07,2023,-0.0361,1.46,0.0371
CGC_2023-09-11,2023,0.8137,2.78,0.8137
ORCL_2023-09-11,2023,0.0031,4.5,0.0031
TSLA_2023-09-11,2023,0.1009,1.09,0.1108
RIVN_2023-09-27,2023,-0.1792,2.81,0.0907
LMT_2023-10-07,2023,0.0893,2.16,0.1209
TSLA_2023-10-18,2023,-0.0478,1.28,0.0
ENPH_2023-10-19,2023,-0.2234,2.41,0.0436
INTC_2023-10-23,2023,-0.0687,2.02,0.0679
GOOG_2023-10-24,2023,-0.0814,2.04,0.0161
MSFT_2023-10-24,2023,0.0037,1.92,0.0345
AMZN_2023-10-25,2023,-0.0699,2.0,0.0657
SBUX_2023-11-02,2023,0.1607,1.52,0.1736
BABA_2023-11-15,2023,-0.0568,3.08,0.0382
NEGG_2023-11-16,2023,0.265,4.42,0.8
SAVE_2023-11-17,2023,0.1906,1.43,0.4923
BBY_2023-11-20,2023,0.0189,1.6,0.0762
NVDA_2023-11-20,2023,0.0131,1.49,0.0225
COIN_2023-11-28,2023,0.178,1.51,0.2242
GME_2023-11-29,2023,0.2128,5.6,0.2587
HOOD_2023-11-29,2023,1.316,1.74,1.3299
BETS_2023-12-01,2023,0.2362,10.36,1.5609
META_2023-12-01,2023,-0.0017,1.08,0.0362
MARA_2023-12-04,2023,1.0518,1.86,1.2679
AMD_2023-12-07,2023,0.0989,2.27,0.1911
GOOG_2023-12-07,2023,0.0534,1.3,0.0867
GOOGL_2023-12-07,2023,0.0531,1.36,0.0884
FSR_2023-12-08,2023,0.1156,0.9,0.1156
PFE_2023-12-13,2023,-0.0672,2.31,0.0073
FDX_2023-12-15,2023,-0.1188,4.54,0.0088
NIO_2023-12-18,2023,0.0464,1.45,0.1817
UPS_2023-12-20,2023,-0.0209,1.05,0.0082
INTC_2023-12-26,2023,0.0521,1.05,0.0575
FGF_2024-01-03,2024,-0.1125,0.82,0.0
ZIM_2024-01-04,2024,0.0979,1.86,0.19
BA_2024-01-06,2024,,4.07,0.0111
NVDA_2024-01-08,2024,0.3743,1.45,0.6109
SAVE_2024-01-08,2024,-0.5013,13.67,0.0233
BLK_2024-01-11,2024,0.0003,1.11,0.0165
ICE_2024-01-12,2024,0.0044,0.74,0.0233
UEC_2024-01-12,2024,0.1212,2.18,0.1544
BABA_2024-01-14,2024,0.0251,1.37,0.0889
AMD_2024-01-16,2024,0.174,2.03,0.2304
DWAC_2024-01-16,2024,1.8689,87.02,1.9301
MASS_2024-01-16,2024,-0.1134,0.71,0.0683
MSFT_2024-01-16,2024,0.0518,1.28,0.0586
TSLA_2024-01-16,2024,-0.1657,1.12,0.0381
TSM_2024-01-17,2024,0.1117,2.92,0.1533
ICU_2024-01-18,2024,0.3443,3.04,0.3803
SLI_2024-01-18,2024,-0.1176,1.15,0.1397
PYPL_2024-01-19,2024,-0.0222,1.96,0.0601
SMCI_2024-01-19,2024,1.5794,5.04,2.2237
NFLX_2024-01-22,2024,0.0191,3.18,0.1922
ROAD_2024-01-24,2024,0.0033,1.61,0.2028
GOOG_2024-01-25,2024,0.018,1.61,0.0299
SOFI_2024-01-25,2024,0.2116,3.11,0.2116
TCBI_2024-01-26,2024,-0.027,1.14,0.0231
SBUX_2024-01-28,2024,0.0138,2.3,0.0309
AMZN_2024-01-30,2024,-0.0123,1.59,0.0654
GOOGL_2024-01-30,2024,-0.0134,1.42,0.0
WEN_2024-01-30,2024,-0.0665,1.1,0.0381
NYCB_2024-01-31,2024,-0.5684,13.48,0.0058
RKLB_2024-02-01,2024,-0.0289,2.66,0.0598
LLY_2024-02-02,2024,0.0693,2.01,0.125
MCD_2024-02-02,2024,-0.0451,1.64,0.0
PLTR_2024-02-02,2024,0.3393,5.03,0.5426
SPOT_2024-02-02,2024,0.016,2.65,0.0999
SNAP_2024-02-05,2024,0.0235,4.68,0.0235
ARM_2024-02-06,2024,0.5544,8.36,1.0332
DIS_2024-02-06,2024,0.0258,2.96,0.1437
AFRM_2024-02-07,2024,0.1333,2.24,0.1333
PINS_2024-02-07,2024,-0.008,3.13,0.0
DKNG_2024-02-08,2024,0.0437,1.41,0.0462
SHOP_2024-02-08,2024,-0.0938,2.31,0.0652
AMAT_2024-02-09,2024,0.0792,1.59,0.1477
ANET_2024-02-09,2024,0.0181,3.33,0.0238
CSCO_2024-02-09,2024,0.0066,1.53,0.0066
DDOG_2024-02-09,2024,0.0263,1.76,0.0358
CELH_2024-02-13,2024,0.3776,1.46,0.4657
LUNR_2024-02-13,2024,0.8094,12.62,1.0736
COIN_2024-02-14,2024,0.1801,2.22,0.2844
BRK_2024-02-15,2024,0.0239,1.34,0.0556
SOUN_2024-02-15,2024,2.2905,13.94,2.2905
WMT_2024-02-16,2024,0.0388,3.19,0.0388
PANW_2024-02-20,2024,-0.285,4.77,0.0013
CRWD_2024-02-21,2024,-0.0808,2.24,0.0184
IOVA_2024-02-21,2024,0.4489,2.91,0.4522
RIVN_2024-02-21,2024,-0.0315,3.7,0.0258
CVNA_2024-02-22,2024,0.0609,3.19,0.6794
WBD_2024-02-22,2024,-0.1003,1.71,0.0334
BMBL_2024-02-26,2024,0.0053,3.59,0.0122
CRM_2024-02-26,2024,0.0238,2.1,0.0822
MARA_2024-02-26,2024,0.2935,1.91,0.2935
BYND_2024-02-27,2024,0.0094,10.82,0.4349
BBAI_2024-02-28,2024,0.0058,5.81,0.2587
BETS_2024-02-28,2024,0.7189,6.73,0.7189
MSTR_2024-02-28,2024,0.9234,2.97,1.0445
DELL_2024-02-29,2024,0.3361,9.04,0.3361
GDC_2024-02-29,2024,0.0103,0.64,0.0667
RILY_2024-02-29,2024,0.0945,1.34,0.2404
ANF_2024-03-01,2024,0.0566,2.49,0.0954
AVGO_2024-03-01,2024,0.0819,1.83,0.0819
COST_2024-03-01,2024,0.0561,1.91,0.0561
GTLB_2024-03-01,2024,0.0326,5.66,0.0326
MRVL_2024-03-01,2024,0.1874,1.61,0.1874
TGT_2024-03-01,2024,0.1024,3.52,0.1348
AAPL_2024-03-04,2024,-0.0531,1.34,0.0098
INTC_2024-03-04,2024,0.0532,1.22,0.0532
TSM_2024-03-04,2024,0.0931,1.61,0.1143
EVA_2024-03-05,2024,0.8117,3.14,0.8117
NFLX_2024-03-05,2024,-0.0295,0.8,0.0057
ORCL_2024-03-07,2024,0.0166,2.89,0.136
BA_2024-03-11,2024,-0.0718,1.9,0.0229
PATH_2024-03-12,2024,0.0137,2.64,0.0224
TSLA_2024-03-14,2024,-0.0412,1.11,0.0489
FDX_2024-03-15,2024,0.0365,1.69,0.1309
TLRY_2024-03-17,2024,0.1879,3.47,0.6474
DWAC_2024-03-19,2024,0.0384,5.61,0.4041
KULR_2024-03-21,2024,2.3508,7.02,2.841
CGC_2024-03-22,2024,1.3882,8.74,1.3882
IMCC_2024-03-22,2024,2.7216,14.7,2.7216
GME_2024-03-26,2024,0.0251,1.6,0.0251
NKLA_2024-03-26,2024,0.3986,1.74,0.3986
AZZ_2024-03-27,2024,-0.0008,1.38,0.0832
PHAT_2024-03-31,2024,-0.0452,0.88,0.1347
GES_2024-04-01,2024,0.0613,1.27,0.0613
RILY_2024-04-01,2024,0.0846,0.75,0.2456
ALCC_2024-04-02,2024,0.3177,8.48,0.3177
BB_2024-04-03,2024,0.0036,0.84,0.1393
SPOT_2024-04-03,2024,0.1156,1.78,0.1511
NFLX_2024-04-10,2024,-0.0124,1.93,0.0291
SMCI_2024-04-19,2024,-0.2314,2.47,0.0515
AGBA_2024-04-22,2024,1.0,2.34,2.2
TSLA_2024-04-22,2024,-0.0161,1.53,0.3196
IBRX_2024-04-23,2024,0.8198,5.27,0.8522
GOOG_2024-04-24,2024,-0.0123,2.05,0.0861
MSFT_2024-04-24,2024,-0.0209,1.56,0.0037
SNAP_2024-04-24,2024,0.0009,3.98,0.3924
AMZN_2024-04-25,2024,-0.009,1.81,0.0686
INTC_2024-04-25,2024,0.0177,1.57,0.0177
PYPL_2024-04-26,2024,0.0596,2.68,0.0596
SOFI_2024-04-26,2024,-0.0718,3.11,0.0369
SBUX_2024-04-30,2024,-0.1573,4.47,0.0018
CVNA_2024-05-01,2024,0.0503,3.2,0.483
BA_2024-05-02,2024,0.0431,0.91,0.0571
COIN_2024-05-02,2024,0.0893,1.36,0.0893
PLTR_2024-05-03,2024,0.118,3.88,0.118
BRK_2024-05-04,2024,0.0466,1.0,0.0466
OCC_2024-05-04,2024,-0.041,1.41,0.0512
CAT_2024-05-06,2024,-0.016,0.98,0.0772
AMC_2024-05-08,2024,1.1473,13.04,1.1473
HOOD_2024-05-08,2024,0.0017,2.45,0.3174
NVAX_2024-05-10,2024,0.9866,24.15,2.3087
BB_2024-05-13,2024,0.1966,8.92,0.1966
ELS_2024-05-13,2024,-0.0054,0.8,0.0301
GME_2024-05-13,2024,0.6163,7.96,1.7921
RDDT_2024-05-13,2024,0.0424,1.29,0.2316
FFIE_2024-05-14,2024,15.8852,12.19,28.5082
HOLO_2024-05-14,2024,-0.01,2.52,0.615
SNDL_2024-05-14,2024,0.0917,1.99,0.1042
UBS_2024-05-14,2024,0.0401,0.6,0.0741
CSCO_2024-05-15,2024,-0.0556,1.5,0.0147
ASTS_2024-05-16,2024,0.8996,15.69,1.2092
GWAV_2024-05-16,2024,0.3177,16.74,1.6421
BNED_2024-05-17,2024,5.3448,45.76,5.3448
LULU_2024-05-20,2024,-0.0797,2.66,0.0355
BDRX_2024-05-21,2024,0.8346,11.94,0.8346
NVDA_2024-05-22,2024,-0.8629,5.69,0.2836
DELL_2024-05-23,2024,0.1498,4.91,0.2127
CAVA_2024-05-24,2024,0.0619,3.91,0.2004
ON_2024-05-28,2024,0.015,0.84,0.0504
SMFL_2024-05-28,2024,0.9446,13.51,0.9446
CRM_2024-05-29,2024,-0.192,9.08,0.0091
CRWD_2024-05-30,2024,-0.1257,3.17,0.0717
HPE_2024-05-30,2024,-0.0319,3.87,0.1326
ORCL_2024-05-30,2024,0.0011,2.18,0.1689
BACK_2024-06-03,2024,0.0334,0.45,0.0334
MS_2024-06-03,2024,-0.0129,0.89,0.0
BLK_2024-06-05,2024,0.0046,0.87,0.0174
GRND_2024-06-05,2024,0.0867,2.08,0.0867
FGF_2024-06-07,2024,-0.0254,0.56,0.0424
AAPL_2024-06-10,2024,0.0521,2.25,0.1005
AVGO_2024-06-10,2024,0.1936,2.59,0.3002
LLY_2024-06-10,2024,-0.0013,1.25,0.1182
TSLA_2024-06-13,2024,0.0292,1.46,0.0573
ARM_2024-06-14,2024,0.1017,1.74,0.1017
MU_2024-06-17,2024,0.0071,2.76,0.0855
CSCO_2024-06-18,2024,0.0061,1.85,0.037
HPE_2024-06-18,2024,0.0083,1.48,0.0083
CMG_2024-06-25,2024,-0.982,51.61,0.028
AMZN_2024-06-26,2024,-0.0122,1.32,0.0733
CHWY_2024-06-27,2024,-0.127,3.31,0.0292
NKE_2024-06-27,2024,-0.1987,7.34,0.0331
MAXN_2024-07-02,2024,-0.5672,40.18,1.0408
SIRI_2024-07-03,2024,0.0484,0.94,0.2548
META_2024-07-05,2024,-0.0689,1.47,0.0587
MSTR_2024-07-05,2024,0.0053,1.34,0.3825
JPM_2024-07-07,2024,0.013,1.15,0.059
SBUX_2024-07-08,2024,0.0423,1.25,0.0423
LHX_2024-07-18,2024,-0.0146,0.95,0.0211
COIN_2024-07-19,2024,-0.0883,1.23,0.1368
CRWD_2024-07-19,2024,-0.111,6.68,0.1
MSFT_2024-07-19,2024,-0.0396,1.34,0.0309
SERV_2024-07-19,2024,3.6122,120.83,6.3726
SKYX_2024-07-19,2024,-0.1078,0.49,0.1961
GOOG_2024-07-22,2024,0.0235,1.75,0.0235
GOOGL_2024-07-23,2024,0.0007,2.17,0.0007
DIS_2024-07-24,2024,-0.0548,1.48,0.0528
ASTS_2024-07-25,2024,1.3473,3.16,1.8892
GDC_2024-07-28,2024,,1.09,0.6585
AMD_2024-07-30,2024,-0.0094,1.48,0.0338
LUMN_2024-07-30,2024,1.5773,10.83,2.4175
NVDA_2024-07-30,2024,-0.0704,1.71,0.0487
SBUX_2024-07-30,2024,0.0098,1.38,0.0366
ARM_2024-07-31,2024,0.0843,2.13,0.1206
AAPL_2024-08-01,2024,-0.0168,1.71,0.0
HIMS_2024-08-01,2024,-0.1601,2.68,0.0221
INTC_2024-08-01,2024,-0.3012,3.34,0.0029
HOOD_2024-08-05,2024,-0.0817,2.75,0.1504
PLTR_2024-08-05,2024,-0.0263,1.64,0.3153
RKLB_2024-08-08,2024,0.4323,4.05,0.5699
WMT_2024-08-08,2024,0.0937,1.39,0.1363
CSCO_2024-08-13,2024,0.0129,1.63,0.1199
SBUX_2024-08-13,2024,0.245,5.41,0.245
CLOV_2024-08-14,2024,0.59,3.88,0.75
JXN_2024-08-15,2024,0.029,0.81,0.0581
SIRI_2024-08-15,2024,0.1237,0.89,0.1306
LUNR_2024-08-16,2024,0.3966,12.36,0.3966
CAVA_2024-08-21,2024,0.0384,5.02,0.2809
UEC_2024-08-22,2024,0.0377,0.94,0.0655
BA_2024-08-24,2024,,0.56,0.0267
CHWY_2024-08-26,2024,0.0757,3.72,0.0757
NVDA_2024-08-28,2024,-0.021,1.16,0.0083
DLTR_2024-08-29,2024,-0.3271,5.88,0.0221
AVGO_2024-09-04,2024,0.0002,1.83,0.0656
ORCL_2024-09-05,2024,-0.0061,3.86,0.2102
GME_2024-09-10,2024,-0.1489,2.33,0.0
DJT_2024-09-11,2024,-0.1047,2.53,0.0
INTC_2024-09-16,2024,0.0636,2.28,0.2167
QCOM_2024-09-20,2024,-0.0287,2.43,0.0
BABA_2024-09-24,2024,0.2793,3.13,0.3045
NFLX_2024-09-24,2024,-0.0251,1.37,0.0946
META_2024-09-25,2024,0.0579,1.05,0.0579
RKLB_2024-09-25,2024,0.2885,1.59,0.2912
MSTR_2024-09-27,2024,1.3935,2.58,1.8547
NIO_2024-09-27,2024,0.1557,1.75,0.2474
CLOV_2024-10-02,2024,0.4388,3.52,0.4532
CELH_2024-10-07,2024,0.154,2.39,0.154
HOOD_2024-10-09,2024,0.1015,1.26,0.1015
AMD_2024-10-10,2024,-0.0279,1.26,0.0104
DJT_2024-10-14,2024,0.0704,3.35,0.2381
SOFI_2024-10-14,2024,0.162,1.77,0.2453
ASML_2024-10-15,2024,-0.1626,7.74,0.0
DRUG_2024-10-15,2024,14.4578,29.86,18.8795
TSM_2024-10-15,2024,0.0709,2.88,0.0709
LHX_2024-10-16,2024,0.0455,1.18,0.0771
OKLO_2024-10-16,2024,0.915,6.26,1.1322
SMR_2024-10-16,2024,0.4001,4.02,0.4001
UEC_2024-10-16,2024,0.0845,2.49,0.1526
MCD_2024-10-21,2024,-0.0059,3.89,0.0
SAVE_2024-10-21,2024,1.0952,4.13,1.0952
ACHR_2024-10-22,2024,1.3856,3.1,2.1275
BA_2024-10-23,2024,-0.0293,1.53,0.0
CVNA_2024-10-23,2024,0.0505,1.84,0.2532
COIN_2024-10-28,2024,0.5814,1.95,0.5871
DJT_2024-10-28,2024,-0.0769,3.09,0.3225
GOOGL_2024-10-28,2024,0.0267,2.33,0.0556
GOOG_2024-10-29,2024,0.0166,2.75,0.0463
META_2024-10-29,2024,0.0236,2.2,0.0262
RDDT_2024-10-29,2024,1.5722,1.88,1.8267
AMZN_2024-10-30,2024,-0.0232,2.33,0.0852
SKYX_2024-10-30,2024,-0.0148,0.61,0.0444
SMCI_2024-10-30,2024,-0.3268,3.17,0.0
INTC_2024-10-31,2024,-0.035,2.33,0.1762
HIMS_2024-11-04,2024,0.0138,2.06,0.666
PLTR_2024-11-04,2024,0.2197,2.15,0.6002
GME_2024-11-06,2024,0.0048,2.58,0.3436
IONQ_2024-11-06,2024,0.4404,1.8,1.9042
MP_2024-11-06,2024,0.0881,1.2,0.1322
ASTS_2024-11-07,2024,0.1901,1.64,0.2385
FGF_2024-11-07,2024,0.6277,0.53,1.4323
LUNR_2024-11-07,2024,0.2385,3.24,0.5206
MARA_2024-11-11,2024,0.3106,2.14,0.3106
RKLB_2024-11-11,2024,0.3938,4.21,0.5174
QUBT_2024-11-14,2024,2.7256,7.67,8.6541
WMT_2024-11-18,2024,0.0279,1.98,0.0838
NVDA_2024-11-20,2024,-0.0076,1.37,0.0
RCAT_2024-11-20,2024,1.0274,6.32,1.4831
KULR_2024-11-22,2024,2.3813,14.84,2.3813
IOBT_2024-11-25,2024,0.0595,0.52,0.3844
RGTI_2024-11-25,2024,4.7701,10.07,10.4943
OPTT_2024-11-26,2024,2.9106,46.72,2.9106
CABA_2024-11-28,2024,0.3721,8.6,0.3721
RXRX_2024-11-29,2024,0.1881,2.06,0.2962
INTC_2024-12-02,2024,-0.005,1.59,0.0
AAPL_2024-12-03,2024,0.0128,1.18,0.0777
UNH_2024-12-04,2024,0.0092,2.65,0.0092
SOUN_2024-12-05,2024,0.3133,2.5,1.1433
AVGO_2024-12-06,2024,0.3187,3.0,0.4665
PLTR_2024-12-06,2024,0.0622,1.27,0.1208
AMD_2024-12-09,2024,-0.1377,1.42,0.039
GOOG_2024-12-10,2024,0.1107,1.66,0.1189
GOOGL_2024-12-10,2024,0.1142,1.61,0.1214
ADBE_2024-12-11,2024,-0.1324,4.27,0.0108
LAES_2024-12-16,2024,0.4,2.49,4.1886
MU_2024-12-16,2024,0.0137,3.33,0.0595
RCAT_2024-12-16,2024,0.2697,2.03,0.712
CTM_2024-12-19,2024,3.6,11.04,7.6
MVST_2024-12-19,2024,1.0435,1.46,1.3913
POET_2024-12-19,2024,0.5714,1.52,0.5714
TLRY_2024-12-20,2024,0.2328,1.73,0.2759
AMPX_2024-12-26,2024,0.4737,2.35,1.0211
BBAI_2024-12-26,2024,0.193,1.22,0.2895
KULR_2024-12-26,2024,0.4035,1.16,0.4035
LODE_2024-12-26,2024,1.0872,7.64,1.0872
RVSN_2024-12-26,2024,3.588,9.92,4.349
OPTT_2024-12-27,2024,0.9422,1.68,2.5533
REKR_2024-12-27,2024,0.8235,16.7,1.3627
HOLO_2024-12-30,2024,1.0542,18.98,1.6708
LPSN_2024-12-30,2024,0.588,15.05,0.7342
CRKN_2024-12-31,2024,0.0252,5.72,0.031
XTIA_2024-12-31,2024,1.8886,7.53,184.0633
OTLY_2025-01-01,2025,0.0863,1.8,0.1406
CVNA_2025-01-02,2025,-0.1288,2.64,0.1424
MSFT_2025-01-03,2025,0.0114,0.89,0.0221
KSS_2025-01-05,2025,-0.0085,0.83,0.0
ARBE_2025-01-06,2025,0.4297,64.67,0.5209
DJT_2025-01-06,2025,0.2395,1.86,0.2395
FUBO_2025-01-06,2025,2.7917,32.54,2.7917
META_2025-01-06,2025,0.1188,1.32,0.1647
RIME_2025-01-06,2025,1.0359,2.3,1.0359
SKYX_2025-01-06,2025,0.2097,1.67,0.6532
TSM_2025-01-06,2025,0.0296,1.69,0.0546
GCTK_2025-01-08,2025,-0.1045,57.16,0.8923
IONQ_2025-01-08,2025,-0.39,2.71,0.0298
AAPL_2025-01-16,2025,-0.0012,1.46,0.0063
DAWN_2025-01-16,2025,0.0447,0.81,0.1129
INTC_2025-01-17,2025,0.0173,1.56,0.1113
ICE_2025-01-21,2025,0.0175,1.23,0.1974
ORCL_2025-01-21,2025,0.144,4.19,0.158
RKLB_2025-01-21,2025,0.3029,2.17,0.3154
VST_2025-01-21,2025,-0.1977,2.58,0.1231
AMZN_2025-01-22,2025,0.0352,1.41,0.0492
OKLO_2025-01-22,2025,0.7757,2.15,0.7757
SBUX_2025-01-26,2025,0.0162,3.06,0.1031
ASML_2025-01-27,2025,-0.0268,2.76,0.0471
AVGO_2025-01-27,2025,-0.174,1.67,0.0
BABA_2025-01-27,2025,0.085,3.54,0.1526
GDC_2025-01-27,2025,0.6121,3.73,0.6788
MSFT_2025-01-27,2025,-0.0039,1.82,0.0071
NBIS_2025-01-27,2025,0.1094,2.46,0.153
NVDA_2025-01-27,2025,-0.1697,2.48,0.0323
DEI_2025-01-28,2025,0.0251,1.12,0.0251
TSLA_2025-01-29,2025,-0.0226,1.13,0.0213
HIMS_2025-01-31,2025,0.5109,3.35,1.0241
MP_2025-02-01,2025,,1.49,0.1621
COST_2025-02-03,2025,0.0477,1.1,0.099
ELF_2025-02-03,2025,-0.1143,4.72,0.0715
PLTR_2025-02-03,2025,0.2587,1.79,0.4445
GOOG_2025-02-04,2025,0.025,1.85,0.025
GOOGL_2025-02-04,2025,0.0256,1.29,0.0256
UBER_2025-02-04,2025,-0.0418,1.96,0.1932
BB_2025-02-05,2025,0.2684,1.43,0.3139
BBAI_2025-02-05,2025,0.4481,4.82,0.9919
CYN_2025-02-05,2025,1.2958,45.42,2.8028
SMCI_2025-02-05,2025,1.0662,4.07,1.0662
BYD_2025-02-06,2025,-0.1133,1.13,0.0396
CELH_2025-02-07,2025,0.1626,2.49,0.4854
COIN_2025-02-12,2025,0.1169,1.87,0.1169
HOOD_2025-02-12,2025,0.0482,2.54,0.2238
MRNA_2025-02-13,2025,0.0804,1.33,0.1757
CNSP_2025-02-14,2025,0.2987,19.19,28.9629
SOBR_2025-02-14,2025,0.2252,3.85,0.3069
GME_2025-02-18,2025,-0.0011,1.08,0.0015
LUNR_2025-02-18,2025,0.0331,1.08,0.0331
RIVN_2025-02-18,2025,-0.0299,1.87,0.0292
WMT_2025-02-19,2025,-0.0633,2.21,0.0025
BRK_2025-02-22,2025,0.0331,1.39,0.1223
MTX_2025-02-25,2025,-0.046,1.06,0.0195
PHX_2025-02-25,2025,-0.055,0.85,0.05
STRA_2025-03-02,2025,0.0348,1.86,0.2162
CTM_2025-03-03,2025,0.1574,3.64,0.4074
CBSH_2025-03-04,2025,-0.0318,1.39,0.0035
HTBK_2025-03-04,2025,-0.0354,0.9,0.0153
SPSC_2025-03-04,2025,0.0139,0.7,0.0139
RGTI_2025-03-05,2025,0.0827,0.93,0.4275
NFLX_2025-03-07,2025,-0.0168,1.89,0.0933
TSLA_2025-03-10,2025,-0.1222,1.61,0.097
ADBE_2025-03-12,2025,0.0114,2.93,0.0363
QBTS_2025-03-13,2025,0.744,3.01,0.921
NWTG_2025-03-17,2025,-0.06,5.6,0.4
CBSH_2025-03-20,2025,-0.0144,2.47,0.0082
DASH_2025-03-20,2025,-0.0002,4.73,0.0475
HTBK_2025-03-20,2025,-0.0144,0.74,0.001
SPSC_2025-03-20,2025,-0.003,1.21,0.0589
GME_2025-03-25,2025,0.1074,5.02,0.1074
GPI_2025-03-27,2025,-0.041,1.33,0.0277
ASPC_2025-03-28,2025,0.0,0.01,0.003
ATGL_2025-03-28,2025,-0.1175,0.48,0.1658
WMT_2025-03-28,2025,0.0464,1.22,0.1063
LHX_2025-03-29,2025,,1.4,0.0719
JPM_2025-03-31,2025,0.0101,1.3,0.0337
BLK_2025-04-01,2025,-0.1363,1.21,0.0227
APLD_2025-04-02,2025,-0.0706,1.7,0.0246
DAY_2025-04-02,2025,-0.1217,0.95,0.0165
NXPI_2025-04-02,2025,-0.1116,1.84,0.0193
NYC_2025-04-02,2025,0.0079,0.95,0.0984
AAPL_2025-04-03,2025,-0.1118,2.43,0.0
ACIU_2025-04-03,2025,-0.1862,0.92,0.0
CNL_2025-04-03,2025,0.0154,1.35,0.2522
DOW_2025-04-03,2025,-0.1917,2.5,0.0009
MP_2025-04-03,2025,-0.0537,3.28,0.0966
MSFT_2025-04-03,2025,-0.0236,1.88,0.0219
OBK_2025-04-03,2025,-0.093,1.55,0.0076
ON_2025-04-03,2025,-0.1395,1.88,0.0
PB_2025-04-03,2025,-0.1054,1.27,0.0
PENG_2025-04-03,2025,-0.0482,2.31,0.0
UPC_2025-04-03,2025,0.0842,0.58,1.0877
VS_2025-04-03,2025,-0.1408,1.27,0.0777
WNEB_2025-04-03,2025,-0.0989,1.06,0.0
BABA_2025-04-07,2025,-0.1009,1.97,0.1137
MTX_2025-04-07,2025,0.0178,1.0,0.1307
PHX_2025-04-07,2025,0.0028,1.19,0.1086
SXTP_2025-04-07,2025,0.6215,271.14,0.9492
WAT_2025-04-07,2025,0.0357,1.23,0.1161
GXO_2025-04-08,2025,0.0413,0.83,0.1638
SUNE_2025-04-08,2025,-0.18,6.81,54.8
DJT_2025-04-09,2025,0.2167,2.31,0.2167
FRGT_2025-04-09,2025,1.7013,171.09,1.7013
MKSI_2025-04-09,2025,0.2453,1.22,0.2901
STRA_2025-04-09,2025,0.0564,1.28,0.0564
BULL_2025-04-10,2025,4.4983,121.29,4.4983
GOLD_2025-04-11,2025,0.0733,1.12,0.0733
BA_2025-04-15,2025,-0.0236,0.91,0.1445
NFLX_2025-04-15,2025,0.0448,1.63,0.1828
NVDA_2025-04-15,2025,-0.0562,0.94,0.0135
HTZ_2025-04-16,2025,1.2575,12.53,1.3699
LLY_2025-04-17,2025,0.0281,1.43,0.2232
ASTS_2025-04-20,2025,,1.03,0.1612
TSLA_2025-04-22,2025,0.046,0.91,0.2836
GOOG_2025-04-24,2025,0.0238,0.96,0.0528
WOLF_2025-04-24,2025,0.607,1.45,0.7354
AMZN_2025-04-29,2025,0.0133,0.97,0.0133
HIMS_2025-04-29,2025,0.737,3.46,1.27
META_2025-04-29,2025,-0.0013,1.12,0.0901
KIDZ_2025-05-01,2025,5.2435,78.26,5.2435
PLTR_2025-05-02,2025,0.0651,1.29,0.0695
CVNA_2025-05-07,2025,0.0014,1.3,0.1805
GOOG_2025-05-07,2025,-0.0751,1.61,0.0162
NBIS_2025-05-07,2025,0.5631,2.22,0.5631
COIN_2025-05-08,2025,0.2436,3.93,0.3556
KULR_2025-05-13,2025,0.0662,1.88,0.0662
UNH_2025-05-13,2025,-0.2756,6.72,0.018
CRWV_2025-05-14,2025,1.5782,5.0,1.5782
WMT_2025-05-15,2025,0.0146,2.29,0.0146
MCO_2025-05-16,2025,0.0032,0.69,0.0098
QUBT_2025-05-16,2025,1.053,4.02,1.2965
QBTS_2025-05-20,2025,0.2593,3.38,0.4479
BULL_2025-05-22,2025,0.0723,1.27,0.0723
BYD_2025-05-26,2025,0.0315,0.94,0.0315
RKLB_2025-05-27,2025,0.166,1.51,0.166
AVGO_2025-05-28,2025,0.103,1.57,0.1079
APLD_2025-06-02,2025,0.94,4.96,1.0293
LULU_2025-06-03,2025,0.0242,3.88,0.0379
ASTS_2025-06-04,2025,1.1136,1.93,1.1136
TSLA_2025-06-05,2025,-0.1426,1.69,0.0368
HOOD_2025-06-06,2025,0.0327,1.16,0.0805
ICE_2025-06-08,2025,0.0248,0.73,0.0268
ADBE_2025-06-10,2025,-0.0062,2.07,0.0016
INTC_2025-06-10,2025,0.0781,1.53,0.0781
NCNA_2025-06-10,2025,1.1654,5.3,1.1654
HCTI_2025-06-11,2025,3.1667,4.4,3.1667
ORCL_2025-06-11,2025,0.2126,4.36,0.2126
TMC_2025-06-11,2025,0.592,1.88,0.7665
LMT_2025-06-13,2025,0.0366,1.74,0.0366
AMD_2025-06-16,2025,0.0881,1.85,0.238
COIN_2025-06-18,2025,0.1632,2.75,0.4775
GOOG_2025-06-23,2025,0.0576,1.45,0.0764
BBAI_2025-06-24,2025,0.6962,1.21,0.9665
HOOD_2025-06-30,2025,0.1277,2.55,0.1801
SOFI_2025-06-30,2025,0.1612,1.12,0.2858
BURU_2025-07-01,2025,-0.0998,0.26,0.1427
WOLF_2025-07-01,2025,4.7924,7.91,5.319
CLBR_2025-07-07,2025,0.0601,2.88,0.0898
IXHL_2025-07-10,2025,6.3789,5.92,6.3789
MP_2025-07-10,2025,0.5062,2.01,1.5108
NBIS_2025-07-14,2025,0.1727,1.12,0.2454
OPEN_2025-07-14,2025,3.1207,6.47,3.1207
RKLB_2025-07-14,2025,0.3151,1.13,0.3167
CTM_2025-07-15,2025,0.0079,1.61,0.1732
NVDA_2025-07-15,2025,0.0404,1.0,0.0544
PEW_2025-07-15,2025,-0.2264,5.32,0.0165
UUUU_2025-07-15,2025,0.3809,1.21,0.4322
ABAT_2025-07-17,2025,0.1292,4.28,0.6124
CVNA_2025-07-17,2025,-0.0287,0.86,0.0
LCID_2025-07-17,2025,0.345,2.85,0.3668
AIRE_2025-07-21,2025,3.4721,30.35,3.4721
CLOV_2025-07-21,2025,0.1599,1.07,0.1599
KSS_2025-07-21,2025,0.4969,11.88,0.4969
OPTT_2025-07-21,2025,0.0481,2.4,0.1667
PUMP_2025-07-21,2025,0.0776,1.48,0.1182
RAYA_2025-07-21,2025,-0.9415,64.35,0.0065
RKT_2025-07-21,2025,0.1587,3.45,0.1587
WEN_2025-07-21,2025,0.0812,1.37,0.0812
GLXY_2025-07-22,2025,0.1304,1.37,0.1617
NCNA_2025-07-22,2025,0.0392,0.94,91.3529
AVGO_2025-07-23,2025,0.0183,0.94,0.1229
GOOGL_2025-07-23,2025,-0.0058,1.17,0.0271
HCTI_2025-07-23,2025,1.8579,9.74,2.6053
APLD_2025-07-24,2025,0.2022,1.29,0.3623
OKLO_2025-07-24,2025,0.073,1.13,0.2556
UNH_2025-07-24,2025,-0.1075,2.05,0.0
BMNR_2025-07-25,2025,-0.0467,1.53,0.0
MBOT_2025-07-26,2025,,1.37,0.0539
NVNI_2025-07-27,2025,0.5334,29.58,0.6372
SMCI_2025-07-28,2025,0.0512,1.73,0.1146
AMD_2025-07-29,2025,0.0037,1.69,0.062
GME_2025-07-29,2025,-0.0187,1.01,0.0239
LLY_2025-07-29,2025,-0.207,2.85,0.0057
NVO_2025-07-29,2025,-0.2183,5.94,0.0391
MSFT_2025-07-30,2025,0.0013,2.15,0.045
PANW_2025-07-30,2025,-0.0912,3.19,0.055
AAPL_2025-07-31,2025,0.0201,1.84,0.1161
AMZN_2025-07-31,2025,0.017,2.29,0.017
COIN_2025-07-31,2025,0.0007,1.21,0.0053
BTAI_2025-08-04,2025,0.854,5.89,3.9635
PLTR_2025-08-04,2025,0.0414,1.4,0.212
ONDS_2025-08-06,2025,0.3974,2.13,0.4625
INTC_2025-08-07,2025,-0.0314,2.0,0.2401
NBIS_2025-08-07,2025,0.1855,2.1,0.3674
CGTX_2025-08-12,2025,2.7033,3.74,2.7033
CRWV_2025-08-12,2025,-0.2881,3.07,0.0642
JACS_2025-08-18,2025,0.0019,8.11,0.0039
JXN_2025-08-18,2025,0.0427,0.83,0.0434
RBLX_2025-08-18,2025,0.0222,1.11,0.0804
WMT_2025-08-20,2025,-0.0329,2.35,0.0126
CBRL_2025-08-21,2025,0.0561,4.7,0.0561
NVDA_2025-08-27,2025,-0.0009,1.57,0.0
IREN_2025-08-28,2025,1.7591,2.03,2.1116
AVGO_2025-09-02,2025,0.1261,2.09,0.2427
GOOG_2025-09-02,2025,0.0823,1.82,0.1304
GOOGL_2025-09-02,2025,0.0834,1.25,0.1964
LDI_2025-09-08,2025,0.5779,6.83,0.5779
NBIS_2025-09-08,2025,0.462,4.93,0.462
ORCL_2025-09-08,2025,0.4104,6.19,0.4104
AAPL_2025-09-09,2025,-0.0148,1.41,0.008
ASST_2025-09-09,2025,0.5178,4.88,0.6717
GME_2025-09-09,2025,0.0495,2.4,0.1542
RZLV_2025-09-09,2025,0.0952,2.45,0.671
AIRE_2025-09-10,2025,1.9,8.91,1.9
HOOD_2025-09-10,2025,-0.0088,0.97,0.0012
RDDT_2025-09-10,2025,-0.1796,0.94,0.127
ATCH_2025-09-11,2025,4.6686,22.58,6.8488
NFLX_2025-09-11,2025,-0.0051,1.45,0.0125
OPEN_2025-09-11,2025,0.7952,1.5,0.7952
TSLA_2025-09-12,2025,0.1118,1.41,0.2458
GPUS_2025-09-15,2025,0.2162,41.99,0.4595
OKLO_2025-09-15,2025,0.635,2.56,0.7247
BBAI_2025-09-16,2025,0.5697,3.07,0.5697
DVLT_2025-09-16,2025,0.3488,28.17,3.5726
NUAI_2025-09-17,2025,2.9149,11.15,4.3191
NVNI_2025-09-17,2025,0.2576,9.01,4.3182
QBTS_2025-09-17,2025,0.6365,2.27,1.3593
SNAP_2025-09-17,2025,0.1021,2.34,0.1021
CYCU_2025-09-18,2025,1.467,1.62,1.467
STRA_2025-09-18,2025,-0.0271,0.97,0.0506
GAP_2025-09-19,2025,-0.033,0.7,0.0591
QUBT_2025-09-19,2025,-0.1313,2.84,0.3417
YAAS_2025-09-19,2025,0.4066,11.85,40.7219
KVUE_2025-09-22,2025,-0.0747,2.19,0.0
PLUG_2025-09-22,2025,0.7477,3.47,0.8945
LAC_2025-09-23,2025,0.8212,21.8,1.7394
SLI_2025-09-23,2025,0.0984,3.74,0.327
ABAT_2025-09-24,2025,1.1671,4.25,1.7433
DFLI_2025-09-24,2025,1.2699,35.13,5.5398
MTX_2025-09-24,2025,-0.0383,0.71,0.017
UUUU_2025-09-24,2025,0.5735,2.29,0.5735
CIFR_2025-09-25,2025,-0.1754,1.62,0.4873
IBM_2025-09-25,2025,0.052,1.29,0.0985
PSTV_2025-09-25,2025,1.2006,13.68,1.2006
ROAD_2025-09-26,2025,-0.0933,0.93,0.0688
BURU_2025-09-29,2025,0.7992,12.23,4.275
TCBI_2025-10-01,2025,0.0022,1.33,0.0247
FEMY_2025-10-02,2025,1.2355,11.1,1.2355
ONDS_2025-10-02,2025,0.4583,1.26,0.5404
SHOT_2025-10-02,2025,0.3221,7.77,0.5125
USAR_2025-10-02,2025,1.101,5.57,1.101
MOBX_2025-10-03,2025,0.2248,6.92,0.2248
PLTR_2025-10-03,2025,-0.0747,1.0,0.0
AMD_2025-10-06,2025,0.2371,3.98,0.4305
CRML_2025-10-06,2025,0.4524,13.24,2.7556
PYPL_2025-10-06,2025,0.0085,1.41,0.0994
PCSA_2025-10-07,2025,0.7165,25.38,0.7165
POET_2025-10-07,2025,0.4451,12.2,0.4451
SCWO_2025-10-07,2025,0.8152,108.22,1.1212
UAMY_2025-10-07,2025,1.0655,2.83,1.1595
ASTS_2025-10-08,2025,0.0863,1.48,0.2801
BULL_2025-10-08,2025,-0.0109,3.96,0.1086
GOLD_2025-10-08,2025,0.0033,0.66,0.0731
PATH_2025-10-08,2025,0.249,3.15,0.249
RKLB_2025-10-08,2025,0.0447,1.21,0.1262
YYAI_2025-10-08,2025,0.0722,32.83,12.9444
MP_2025-10-10,2025,0.0837,2.72,0.3646
WWR_2025-10-13,2025,0.7576,3.75,0.7576
BRK_2025-10-14,2025,-0.0303,1.02,0.0434
BYND_2025-10-14,2025,2.4589,59.08,2.4976
HOOD_2025-10-20,2025,0.0453,0.89,0.1228
AIRE_2025-10-21,2025,0.5826,15.32,1.187
DNUT_2025-10-21,2025,0.2362,15.82,0.2761
GOOG_2025-10-21,2025,0.0706,1.35,0.1054
NOK_2025-10-23,2025,0.4,3.85,0.4
ASST_2025-10-24,2025,0.8977,21.93,0.8977
FGL_2025-10-28,2025,0.4669,7.95,0.4794
MSAI_2025-10-28,2025,1.0257,12.43,1.5711
MSFT_2025-10-28,2025,0.0189,1.65,0.0198
NVDA_2025-10-28,2025,-0.026,1.36,0.0812
UNH_2025-10-28,2025,0.0051,1.59,0.0051
GOOGL_2025-10-29,2025,0.0265,1.81,0.063
META_2025-10-29,2025,-0.1131,2.32,0.0003
DASH_2025-10-30,2025,-0.0439,2.39,0.0
MSTR_2025-10-30,2025,-0.3775,1.68,0.0736
SNAP_2025-10-31,2025,-0.0395,1.15,0.1961
PLTR_2025-11-03,2025,-0.0485,2.06,0.0335
PFE_2025-11-04,2025,-0.0146,1.63,0.0491
Z_2025-11-04,2025,-0.022,1.05,0.0042
ZG_2025-11-04,2025,-0.0213,1.23,0.006
DUOL_2025-11-05,2025,-0.2606,5.15,0.0328
NVO_2025-11-05,2025,-0.0361,2.38,0.0417
CRWV_2025-11-10,2025,-0.1502,2.34,0.1001
NBIS_2025-11-11,2025,-0.0703,2.32,0.0121
BMNR_2025-11-17,2025,-0.2442,1.6,0.1794
AVGO_2025-11-24,2025,0.1945,1.84,0.2139
INTC_2025-11-28,2025,0.1019,1.36,0.1888
SMX_2025-11-28,2025,18.0793,1.05,18.0793
ADBE_2025-12-04,2025,0.05,1.76,0.0907
ASTS_2025-12-04,2025,0.1825,1.6,0.3794
CVNA_2025-12-05,2025,0.1232,2.12,0.1852
NFLX_2025-12-05,2025,-0.0289,3.7,0.0594
WBD_2025-12-05,2025,0.0628,3.67,0.2217
FLWS_2025-12-09,2025,0.328,4.3,0.328
LULU_2025-12-10,2025,0.0259,3.45,0.1404
ORCL_2025-12-10,2025,-0.1024,2.3,0.0067
RKLB_2025-12-11,2025,0.3482,1.64,0.3482
TLRY_2025-12-12,2025,0.4413,1.51,0.6536
TSLA_2025-12-15,2025,0.0674,1.36,0.0674
MU_2025-12-17,2025,-0.0301,1.4,0.4875
ASTS_2025-12-24,2025,0.3513,1.46,0.3584
SLS_2025-12-29,2025,0.7422,3.67,0.7422
ONDS_2025-12-31,2025,0.5584,1.5,0.5584
PLTR_2026-01-02,2026,-0.1687,1.43,0.0362
SNDK_2026-01-02,2026,1.4275,2.54,1.9299
TSM_2026-01-02,2026,0.1242,1.58,0.1267
NOEM_2026-01-03,2026,,2.34,0.0155
STRA_2026-01-03,2026,0.0659,1.21,0.0984
UEC_2026-01-03,2026,0.3997,1.13,0.5362
MTX_2026-01-04,2026,0.0976,0.96,0.1925
OKLO_2026-01-05,2026,0.3536,2.15,0.3536
RDW_2026-01-05,2026,0.5725,2.19,0.5725
UUUU_2026-01-05,2026,0.6619,2.27,0.6619
AAPL_2026-01-06,2026,-0.0336,1.4,0.0406
AMD_2026-01-06,2026,-0.0945,1.63,0.1746
SOFI_2026-01-06,2026,-0.0786,1.24,0.0
APLD_2026-01-07,2026,-0.0231,2.84,0.2627
ICE_2026-01-07,2026,0.0417,1.18,0.0548
INTC_2026-01-07,2026,0.3566,2.47,0.3566
META_2026-01-12,2026,0.024,1.48,0.1305
PYPL_2026-01-12,2026,-0.2768,1.76,0.0147
ADBE_2026-01-13,2026,-0.0541,1.8,0.0348
JPM_2026-01-13,2026,-0.0419,1.38,0.0163
IBRX_2026-01-14,2026,0.9574,7.68,1.6028
POET_2026-01-14,2026,0.1331,2.18,0.1723
NFLX_2026-01-20,2026,-0.0084,2.61,0.0006
EXE_2026-01-21,2026,0.0453,1.0,0.0731
MSFT_2026-01-21,2026,-0.0462,2.39,0.0596
BNAI_2026-01-23,2026,6.1686,0.97,6.2748
GME_2026-01-26,2026,0.0666,2.21,0.1244
RDDT_2026-01-27,2026,-0.3455,2.08,0.0246
TSLA_2026-01-28,2026,-0.0333,1.12,0.0421
WDC_2026-01-28,2026,0.1019,2.01,0.1487
BULL_2026-01-29,2026,-0.038,1.12,0.0092
GTES_2026-01-29,2026,0.0026,1.56,0.1764
ORCL_2026-01-29,2026,-0.0737,1.86,0.0558
APP_2026-01-30,2026,-0.1975,2.0,0.0
UPC_2026-01-30,2026,-0.0433,0.94,0.0889
WEN_2026-01-30,2026,0.0078,1.65,0.0777
MSTR_2026-01-31,2026,-0.2854,1.78,0.0793
HOOD_2026-02-02,2026,-0.1395,2.46,0.0394
SMCI_2026-02-02,2026,0.0192,1.91,0.181
CRM_2026-02-03,2026,-0.0904,1.7,0.0155
GOOG_2026-02-03,2026,-0.0335,1.78,0.0
WMT_2026-02-03,2026,0.0065,0.61,0.0792
AVGO_2026-02-04,2026,-0.0383,1.53,0.0737
GOOGL_2026-02-04,2026,-0.0196,1.81,0.0117
COIN_2026-02-05,2026,-0.1633,1.98,0.1141
HIMS_2026-02-05,2026,-0.2078,4.38,0.0836
DOW_2026-02-06,2026,0.067,0.82,0.1111
WBD_2026-02-17,2026,0.0064,1.19,0.0414
NVO_2026-02-23,2026,-0.1643,2.96,0.0382
NVDA_2026-02-25,2026,0.0141,1.8,0.0141
RBNE_2026-02-26,2026,-0.1005,10.73,0.0176
YCY_2026-02-28,2026,-0.005,0.02,0.0
EONR_2026-03-02,2026,0.8519,91.08,2.5417
LNG_2026-03-02,2026,0.1957,2.23,0.2496
TPET_2026-03-02,2026,3.6429,108.89,3.6429
MOBX_2026-03-03,2026,5.3277,16.9,5.3277
NGS_2026-03-03,2026,0.0188,1.21,0.0276
ORCL_2026-03-06,2026,-0.0348,1.87,0.0538
TCBI_2026-03-06,2026,-0.0063,0.88,0.065
WTI_2026-03-06,2026,0.121,2.69,0.2811
STRA_2026-03-09,2026,-0.0034,0.98,0.0206
MU_2026-03-16,2026,0.0835,1.74,0.0835
NBIS_2026-03-16,2026,0.1496,3.27,0.1496
ICE_2026-03-21,2026,,0.92,0.0193
DJT_2026-03-23,2026,0.0816,0.88,0.1958
GME_2026-03-24,2026,-0.0096,1.4,0.0143
INTC_2026-03-31,2026,1.0039,1.69,2.1425
UEC_2026-03-31,2026,0.115,0.71,0.2109
TSLA_2026-04-02,2026,0.0164,1.16,0.0508
PLTR_2026-04-08,2026,-0.1467,2.1,0.0
AMZN_2026-04-09,2026,0.1889,1.26,0.2364
CAR_2026-04-13,2026,-0.236,3.33,1.3804
ASTS_2026-04-14,2026,-0.1816,2.05,0.0
BULL_2026-04-14,2026,0.2254,1.57,0.3883
HIMS_2026-04-15,2026,0.3933,2.22,0.4518
HOOD_2026-04-15,2026,0.0377,1.53,0.1541
AMD_2026-04-16,2026,0.3475,1.51,0.3968
ADBE_2026-04-17,2026,-0.0039,1.13,0.0314
MSTR_2026-04-17,2026,0.1468,1.11,0.3156
IPGP_2026-04-19,2026,,1.73,0.0069
MRVL_2026-04-19,2026,0.1326,1.24,0.1852
AAPL_2026-04-20,2026,0.0041,1.16,0.0639
POET_2026-04-20,2026,0.095,7.8,1.0799
ON_2026-04-23,2026,0.2051,1.52,0.505
NVDA_2026-04-24,2026,0.1194,1.15,0.1808
NXPI_2026-04-24,2026,0.3419,1.47,0.3795
QCOM_2026-04-24,2026,0.1646,4.04,0.3927
GOOGL_2026-04-27,2026,0.0161,1.36,0.1638
SEGG_2026-04-28,2026,0.7559,2.24,1.5696
GOOG_2026-04-29,2026,-0.0005,1.52,0.1426
NOK_2026-04-29,2026,0.3018,1.38,0.3018
JPM_2026-04-30,2026,0.0104,0.89,0.0183
SNDK_2026-04-30,2026,0.3215,1.09,0.4681
XRX_2026-04-30,2026,0.6561,10.42,0.7707
EBAY_2026-05-01,2026,0.0565,1.71,0.1222
GME_2026-05-01,2026,-0.1034,2.04,0.0633
SOUN_2026-05-01,2026,0.1897,1.85,0.2098
CHWY_2026-05-04,2026,-0.1034,1.3,0.0164
AMD_2026-05-05,2026,0.0402,1.6,0.3433
MU_2026-05-05,2026,0.6106,1.44,0.8728
SMCI_2026-05-05,2026,-0.0032,2.5,0.2668
IREN_2026-05-06,2026,0.0385,2.4,0.118
RKLB_2026-05-07,2026,0.246,1.86,0.5659
CSCO_2026-05-09,2026,0.0549,2.4,0.231
RDDT_2026-05-12,2026,-0.0449,1.03,0.153
NBIS_2026-05-13,2026,0.1572,1.93,0.2347
SLS_2026-05-13,2026,0.7184,3.28,0.7835
CXAI_2026-05-20,2026,0.5089,12.66,0.5089
INTU_2026-05-20,2026,-0.0395,5.35,0.0086
QUBT_2026-05-21,2026,0.1935,1.47,0.296
UEC_2026-05-21,2026,0.0275,0.8,0.211
BB_2026-05-22,2026,0.2662,2.49,0.5549
DELL_2026-05-22,2026,0.2542,3.62,0.8432
RDW_2026-05-22,2026,0.5635,1.7,0.6873
CRSR_2026-05-26,2026,0.5519,9.25,0.5766
LUNR_2026-05-26,2026,-0.0889,2.56,0.1945
LFVN_2026-05-27,2026,0.4387,4.97,0.544
MRVL_2026-05-27,2026,0.4484,2.99,0.5194
HPE_2026-05-28,2026,0.2634,5.81,0.5094
HUBC_2026-05-28,2026,1.4623,16.13,5.1321
ONDS_2026-05-28,2026,0.2269,1.99,0.2574
SKYX_2026-05-28,2026,0.009,0.59,0.1261
SPCE_2026-05-28,2026,0.9842,12.43,0.9842
ASTS_2026-05-29,2026,-0.1479,1.45,0.0
AVGO_2026-05-29,2026,0.1234,2.65,0.1289
CRWD_2026-05-29,2026,0.1142,1.72,0.1657
IBM_2026-05-29,2026,0.2127,2.88,0.246
ORCL_2026-05-29,2026,-0.012,1.71,0.2182
WMT_2026-05-30,2026,,1.37,0.0418
GOOG_2026-06-01,2026,-0.0102,1.78,0.0257
GOOGL_2026-06-01,2026,-0.0486,1.64,0.0257
MSTR_2026-06-02,2026,-0.1363,1.87,0.0622
ADBE_2026-06-11,2026,-0.0625,4.11,0.0497
HOOD_2026-06-12,2026,0.0104,1.5,0.1726
TSLA_2026-06-12,2026,0.0182,1.01,0.0301
NFLX_2026-06-16,2026,-0.1076,1.77,0.0
WDC_2026-06-16,2026,0.1418,2.08,0.1418
INTC_2026-06-18,2026,0.1064,1.4,0.1638
MSFT_2026-06-18,2026,-0.0688,1.81,0.055
GOOG_2026-06-22,2026,-0.0508,1.07,0.0
GOOGL_2026-06-22,2026,-0.0499,1.53,0.0
WEN_2026-06-24,2026,0.2556,10.38,0.3243
SLS_2026-06-25,2026,0.6848,2.74,0.6848
