ticker,fecha_inicio,fecha_pico,fecha_fin,duracion_dias,dias_a_pico,menciones_pico,menciones_evento,base_previa_mu,z_inicio,censurado,principal,amplitud,piso_gana,regimen_lento
MSFT,2020-01-17,2020-02-11,2020-02-21,36,25,3098,24283,90.31,4.1,False,True,34.3,False,False
NFLX,2020-01-21,2020-01-21,2020-01-28,8,0,399,1276,45.1,13.3,False,True,8.8,False,False
SPCE,2020-01-22,2020-01-22,2020-01-29,8,0,829,3396,69.29,8.0,False,True,12.0,False,False
DEAC,2020-01-23,2020-01-28,2020-01-31,9,5,217,624,3.0,15.5,False,True,72.3,False,False
AAPL,2020-01-28,2020-01-28,2020-02-03,7,0,1245,3427,263.07,7.6,False,True,4.7,True,False
SBUX,2020-01-28,2020-01-28,2020-01-31,4,0,146,361,23.96,8.0,False,True,6.1,True,False
PENN,2020-01-29,2020-01-29,2020-02-26,29,0,35,402,0.07,34.9,False,True,35.0,False,False
PYPL,2020-01-29,2020-01-29,2020-02-28,31,0,31,432,7.71,5.3,False,True,4.0,True,False
DIS,2020-01-31,2020-02-04,2020-02-05,6,4,638,1349,29.3,4.1,False,True,21.8,False,False
GOOG,2020-01-31,2020-02-03,2020-02-04,5,3,158,357,12.57,7.8,False,True,12.6,False,False
GOOGL,2020-01-31,2020-02-03,2020-02-11,12,3,142,578,11.07,6.8,False,True,12.8,False,False
TSLA,2020-02-03,2020-02-04,2020-02-06,4,1,6458,16803,660.73,5.0,False,True,9.8,False,False
AMTD,2020-02-04,2020-03-02,2020-03-19,45,27,233,2156,13.87,4.0,False,True,16.8,False,False
PTON,2020-02-05,2020-02-05,2020-02-07,3,0,225,407,29.0,10.9,False,True,7.8,True,False
ACB,2020-02-06,2020-02-06,2020-02-14,9,0,139,742,21.63,6.7,False,True,6.4,True,False
NOK,2020-02-06,2020-02-07,2020-02-19,14,1,191,1003,10.17,7.6,False,True,18.8,False,False
TWTR,2020-02-06,2020-02-06,2020-02-13,8,0,384,1446,83.97,5.8,False,True,4.6,True,False
UBER,2020-02-06,2020-02-06,2020-02-11,6,0,116,347,6.53,26.3,False,True,17.8,False,False
SHOP,2020-02-07,2020-02-12,2020-02-13,7,5,352,825,16.33,4.2,False,True,21.6,False,False
GTES,2020-02-10,2020-02-12,2020-02-20,11,2,78,400,8.0,6.0,False,True,9.8,False,False
NVDA,2020-02-10,2020-02-13,2020-02-28,19,3,368,2563,23.8,5.8,False,True,15.5,False,False
ENPH,2020-02-12,2020-02-19,2020-02-21,10,7,133,394,5.17,7.5,False,True,25.7,False,False
SPCE,2020-02-12,2020-02-18,2020-02-27,16,6,2896,17287,257.5,4.5,False,True,11.2,False,False
ROKU,2020-02-13,2020-02-14,2020-02-19,7,1,208,546,17.57,9.2,False,True,11.8,False,False
INO,2020-02-14,2020-03-09,2020-03-12,28,24,566,3041,9.7,6.4,False,True,58.4,False,False
WMT,2020-02-14,2020-02-18,2020-02-18,5,4,119,360,24.03,4.4,False,True,5.0,True,False
AMD,2020-02-18,2020-02-20,2020-02-28,11,2,1088,6162,168.33,4.0,False,True,6.5,True,False
GRPN,2020-02-18,2020-02-19,2020-02-20,3,1,171,320,2.47,22.1,False,True,69.2,False,False
ALLY,2020-02-19,2020-02-20,2020-02-21,3,1,830,1322,0.63,28.6,False,True,830.0,False,False
CRM,2020-02-20,2020-02-25,2020-02-26,7,5,94,324,4.93,7.5,False,True,19.1,False,False
AMRN,2020-02-21,2020-02-25,2020-02-26,6,4,173,471,2.17,28.9,False,True,79.7,False,False
BRK,2020-02-21,2020-02-21,2020-03-02,11,0,95,527,9.97,19.0,False,True,9.5,False,False
GOLD,2020-02-21,2020-02-24,2020-03-03,12,3,116,401,5.2,14.7,False,True,22.3,False,False
LULU,2020-02-21,2020-03-19,2020-03-26,35,27,69,637,4.57,7.1,False,True,15.1,False,False
WEN,2020-02-21,2020-02-21,2020-03-29,38,0,38,584,6.7,8.5,False,True,5.7,True,False
DOW,2020-02-24,2020-03-12,2020-04-18,55,17,187,4440,11.23,9.7,False,True,16.7,False,False
GILD,2020-02-24,2020-02-27,2020-03-23,29,3,199,1955,13.27,8.1,False,True,15.0,False,False
MRNA,2020-02-24,2020-02-27,2020-02-28,5,3,310,911,4.07,8.0,False,True,76.2,False,False
AAL,2020-02-25,2020-03-16,2020-03-19,24,20,780,4722,4.9,8.4,False,True,159.2,False,False
APT,2020-02-25,2020-02-28,2020-02-29,5,3,370,975,9.7,5.6,False,True,38.1,False,False
RCL,2020-02-25,2020-03-10,2020-03-16,21,14,292,2312,4.87,7.3,False,True,60.0,False,False
VBIV,2020-02-25,2020-02-28,2020-04-29,65,3,110,2587,10.3,8.1,False,True,10.7,False,False
CODX,2020-02-26,2020-02-27,2020-02-29,4,1,137,324,3.03,23.6,False,True,45.2,False,False
CUK,2020-02-26,2020-04-02,2020-04-20,55,36,86,2029,5.0,12.3,False,True,17.2,False,False
DAL,2020-02-26,2020-02-27,2020-03-19,23,1,332,2919,4.57,15.3,False,True,72.6,False,False
MGM,2020-02-26,2020-03-10,2020-03-26,30,13,276,2915,4.27,8.1,False,True,64.6,False,False
UAL,2020-02-26,2020-02-27,2020-03-06,10,1,288,1076,2.33,59.1,False,True,123.6,False,False
ACIU,2020-02-27,2020-03-14,2020-04-29,63,16,108,3194,13.43,7.0,False,True,8.0,False,False
CLX,2020-02-27,2020-02-28,2020-03-19,22,1,49,465,4.93,5.0,False,True,9.9,False,False
CZR,2020-02-27,2020-03-17,2020-03-20,23,19,183,1345,0.9,19.0,False,True,183.0,False,False
IBIO,2020-02-27,2020-02-28,2020-03-10,13,1,93,607,3.57,5.2,False,True,26.1,False,False
ICBK,2020-02-27,2020-02-29,2020-04-11,45,2,74,1474,2.77,7.7,False,True,26.7,False,False
JBLU,2020-02-27,2020-02-28,2020-03-16,19,1,55,398,0.77,16.4,False,True,55.0,False,False
LUV,2020-02-27,2020-03-06,2020-03-24,27,8,81,871,2.9,6.2,False,True,27.9,False,False
MAR,2020-02-27,2020-03-18,2020-04-17,51,20,69,1125,3.37,7.4,False,True,20.5,False,False
NFLX,2020-02-27,2020-04-21,2020-04-22,56,54,1584,8533,42.1,6.5,False,True,37.6,False,False
PXD,2020-02-27,2020-07-06,2020-08-19,175,130,97,6773,15.9,5.3,False,True,6.1,True,True
WYNN,2020-02-27,2020-03-23,2020-03-26,29,25,70,881,7.47,6.9,False,True,9.4,False,False
WASH,2020-02-29,2020-02-29,2020-03-03,4,0,266,616,8.27,26.6,False,True,32.2,False,False
LVS,2020-03-01,2020-03-16,2020-03-26,26,15,157,1866,4.43,8.7,False,True,35.4,False,False
COST,2020-03-02,2020-03-05,2020-03-06,5,3,169,360,7.97,9.3,False,True,21.2,False,False
GCP,2020-03-02,2020-04-16,2020-05-06,66,45,89,1511,8.47,8.1,False,True,10.5,False,False
IBKR,2020-03-02,2020-03-31,2020-04-08,38,29,63,821,12.6,6.9,False,True,5.0,True,False
OPK,2020-03-05,2020-03-06,2020-03-13,9,1,335,1228,0.13,114.9,False,True,335.0,False,False
SIX,2020-03-05,2020-03-13,2020-03-19,15,8,189,1142,5.27,10.2,False,True,35.9,False,False
BAC,2020-03-06,2020-03-11,2020-03-24,19,5,225,1816,6.7,10.3,False,True,33.6,False,False
DB,2020-03-06,2020-03-12,2020-03-20,15,6,41,317,3.0,9.0,False,True,13.7,False,False
JPM,2020-03-06,2020-04-14,2020-04-14,40,39,722,2029,6.23,17.0,False,True,115.9,False,False
LYV,2020-03-06,2020-03-12,2020-03-23,18,6,224,1087,3.4,12.2,False,True,65.9,False,False
SEAS,2020-03-06,2020-03-06,2020-03-30,25,0,58,570,1.5,12.2,False,True,38.7,False,False
BOH,2020-03-07,2020-03-29,2020-03-30,24,22,37,343,4.4,6.0,False,True,8.4,False,False
HAL,2020-03-08,2020-04-20,2020-04-29,53,43,83,872,0.93,18.5,False,True,83.0,False,False
XOM,2020-03-08,2020-03-09,2020-03-18,11,1,177,674,15.4,4.3,False,True,11.5,False,False
DIS,2020-03-09,2020-03-12,2020-03-19,11,3,1467,6908,64.9,5.9,False,True,22.6,False,False
TCBI,2020-03-09,2020-05-10,2020-05-18,71,62,256,3640,13.23,5.5,False,True,19.3,False,False
AYTU,2020-03-10,2020-04-27,2020-04-28,50,48,85,1185,0.03,65.0,False,True,85.0,False,False
BA,2020-03-11,2020-03-17,2020-05-03,54,6,647,12085,36.77,10.4,False,True,17.6,False,False
GME,2020-03-11,2020-04-14,2020-04-20,41,34,491,3593,12.0,4.7,False,True,40.9,False,False
WWE,2020-03-11,2020-03-12,2020-03-18,8,1,669,1666,7.2,8.7,False,True,92.9,False,False
PUMP,2020-03-12,2020-03-20,2020-03-20,9,8,178,875,17.6,5.1,False,True,10.1,False,False
Z,2020-03-12,2020-03-12,2020-03-25,14,0,130,1035,8.47,11.8,False,True,15.3,False,False
ZG,2020-03-12,2020-03-23,2020-03-25,14,11,123,879,7.83,9.9,False,True,15.7,False,False
GOOG,2020-03-13,2020-04-28,2020-04-29,48,46,338,1735,10.23,10.2,False,True,33.0,False,False
GTES,2020-03-13,2020-03-13,2020-03-19,7,0,148,399,22.13,6.3,False,True,6.7,True,False
NCLH,2020-03-13,2020-03-16,2020-04-05,24,3,85,654,10.6,5.6,False,True,8.0,False,False
STRA,2020-03-13,2020-04-20,2020-04-22,41,38,68,684,6.13,7.3,False,True,11.1,False,False
VERY,2020-03-13,2020-03-13,2020-04-06,25,0,59,566,12.3,6.1,False,True,4.8,True,False
WMT,2020-03-13,2020-03-13,2020-03-26,14,0,290,1868,50.03,8.5,False,True,5.8,True,False
GS,2020-03-15,2020-03-15,2020-03-25,11,0,65,399,11.57,5.4,False,True,5.6,True,False
APRN,2020-03-17,2020-03-19,2020-03-19,3,2,657,1336,4.67,11.5,False,True,140.7,False,False
LYFT,2020-03-17,2020-03-20,2020-03-25,9,3,233,1001,4.43,8.0,False,True,52.6,False,False
MCD,2020-03-17,2020-03-17,2020-03-26,10,0,74,499,20.6,4.5,False,True,3.6,True,False
ROAD,2020-03-17,2020-04-10,2020-05-13,58,24,103,1526,13.13,6.8,False,True,7.8,True,False
HLT,2020-03-18,2020-03-19,2020-03-26,9,1,92,311,5.67,5.0,False,True,16.2,False,False
SBUX,2020-03-18,2020-03-19,2020-04-09,23,1,214,2098,40.57,4.7,False,True,5.3,True,False
ULTA,2020-03-18,2020-03-20,2020-03-25,8,2,311,1216,2.57,36.4,False,True,121.0,False,False
UBER,2020-03-19,2020-03-19,2020-03-24,6,0,304,982,20.43,16.8,False,True,14.9,False,False
PENN,2020-03-20,2020-03-20,2020-03-30,11,0,67,310,10.0,5.1,False,True,6.7,True,False
ZM,2020-03-23,2020-03-23,2020-05-01,40,0,47,524,6.67,7.3,False,True,7.0,True,False
MFA,2020-03-25,2020-03-25,2020-04-18,25,0,53,500,1.67,13.5,False,True,31.7,False,False
CHWY,2020-03-28,2020-04-02,2020-04-03,7,5,124,365,4.87,5.3,False,True,25.5,False,False
MRO,2020-03-30,2020-04-09,2020-04-30,32,10,73,871,6.23,6.3,False,True,11.7,False,False
LK,2020-04-02,2020-04-02,2020-04-06,5,0,202,435,2.1,83.9,False,True,96.2,False,False
NRZ,2020-04-03,2020-04-05,2020-04-10,8,2,67,312,13.8,5.3,False,True,4.9,True,False
RTX,2020-04-03,2020-05-07,2020-06-16,75,34,258,4956,0.0,35.0,False,True,258.0,False,False
WTI,2020-04-09,2020-04-20,2020-04-21,13,11,593,1558,20.83,5.6,False,True,28.5,False,False
AMC,2020-04-11,2020-04-17,2020-04-21,11,6,191,950,23.83,6.8,False,True,8.0,False,False
AMZN,2020-04-13,2020-04-30,2020-05-01,19,17,1255,6667,54.53,9.8,False,True,23.0,False,False
WFC,2020-04-13,2020-04-14,2020-04-16,4,1,227,445,17.4,9.8,False,True,13.0,False,False
AMD,2020-04-14,2020-04-28,2020-05-01,18,14,1166,8310,128.9,6.7,False,True,9.0,False,False
BAC,2020-04-14,2020-04-14,2020-04-17,4,0,278,706,44.5,7.6,False,True,6.2,True,False
MA,2020-04-14,2020-04-30,2020-05-07,24,16,39,322,7.77,5.3,False,True,5.0,True,False
SPCE,2020-04-14,2020-04-14,2020-04-16,3,0,771,1676,79.63,13.4,False,True,9.7,False,False
TSLA,2020-04-14,2020-05-01,2020-05-14,31,17,3109,38173,538.2,5.9,False,True,5.8,True,False
ATVI,2020-04-15,2020-05-05,2020-05-06,22,20,920,2817,8.63,8.8,False,True,106.6,False,False
CHK,2020-04-15,2020-04-30,2020-05-01,17,15,80,559,7.2,14.8,False,True,11.1,False,False
INTC,2020-04-15,2020-04-23,2020-04-24,10,8,779,1749,26.67,4.1,False,True,29.2,False,False
ROKU,2020-04-15,2020-04-16,2020-04-21,7,1,269,625,13.4,5.2,False,True,20.1,False,False
BABA,2020-04-16,2020-05-22,2020-05-29,44,36,785,6798,17.9,4.4,False,True,43.9,False,False
GILD,2020-04-16,2020-04-17,2020-04-23,8,1,1269,3723,27.23,7.5,False,True,46.6,False,False
GOOGL,2020-04-16,2020-04-28,2020-04-29,14,12,200,642,15.63,4.5,False,True,12.8,False,False
MSFT,2020-04-16,2020-04-29,2020-05-08,23,13,1136,10625,231.17,5.0,False,True,4.9,True,False
NOK,2020-04-16,2020-04-16,2020-04-30,15,0,54,331,10.37,5.6,False,True,5.2,True,False
NVDA,2020-04-16,2020-04-16,2020-04-27,12,0,118,736,35.27,4.9,False,True,3.3,True,False
WORK,2020-04-16,2020-04-16,2020-04-24,9,0,92,420,27.77,4.2,False,True,3.3,True,False
AAPL,2020-04-17,2020-04-30,2020-05-01,15,13,1560,6678,216.4,7.4,False,True,7.2,True,False
DEAC,2020-04-17,2020-04-23,2020-04-23,7,6,179,437,3.0,7.3,False,True,59.7,False,False
MRNA,2020-04-17,2020-04-17,2020-04-27,11,0,87,347,12.1,4.6,False,True,7.2,True,False
SHOP,2020-04-17,2020-04-21,2020-04-24,8,4,393,1603,25.1,15.7,False,True,15.7,False,False
DPZ,2020-04-18,2020-04-22,2020-04-23,6,4,330,1169,3.03,14.2,False,True,108.9,False,False
DHT,2020-04-20,2020-05-05,2020-05-07,18,15,234,1346,3.53,24.7,False,True,66.3,False,False
EURN,2020-04-20,2020-05-07,2020-05-12,23,17,227,1854,2.1,30.2,False,True,108.1,False,False
FRO,2020-04-20,2020-04-28,2020-05-05,16,8,127,670,4.37,18.1,False,True,29.1,False,False
NAT,2020-04-20,2020-04-28,2020-04-30,11,8,1257,3894,1.93,54.0,False,True,651.3,False,False
PINS,2020-04-20,2020-05-05,2020-05-06,17,15,252,609,2.67,11.3,False,True,94.4,False,False
SNAP,2020-04-20,2020-04-22,2020-04-23,4,2,1426,2900,20.13,5.0,False,True,70.8,False,False
STNG,2020-04-20,2020-05-05,2020-05-11,22,15,231,1535,2.33,37.1,False,True,99.1,False,False
XOM,2020-04-20,2020-04-20,2020-04-23,4,0,313,765,54.5,9.1,False,True,5.7,True,False
BYND,2020-04-21,2020-04-27,2020-04-28,8,6,240,832,14.5,9.7,False,True,16.6,False,False
DFS,2020-04-22,2020-04-23,2020-05-01,10,1,70,334,16.47,6.1,False,True,4.3,True,False
INO,2020-04-22,2020-04-24,2020-04-29,8,2,189,733,9.73,9.9,False,True,19.4,False,False
PFE,2020-04-23,2020-04-28,2020-04-29,7,5,153,387,6.47,4.5,False,True,23.6,False,False
CLX,2020-04-24,2020-04-24,2020-05-01,8,0,100,310,6.43,20.6,False,True,15.6,False,False
DKNG,2020-04-24,2020-04-24,2020-04-27,4,0,440,808,0.0,440.0,False,True,440.0,False,False
UPS,2020-04-24,2020-04-28,2020-04-30,7,4,89,323,5.83,5.9,False,True,15.3,False,False
HOG,2020-04-27,2020-04-28,2020-04-29,3,1,336,670,8.97,43.3,False,True,37.5,False,False
UAVS,2020-04-27,2020-04-30,2020-05-05,9,3,639,1615,1.83,17.1,False,True,349.2,False,False
VISL,2020-04-27,2020-04-30,2020-05-05,9,3,107,341,2.4,7.1,False,True,44.6,False,False
ENPH,2020-04-28,2020-05-05,2020-05-28,31,7,71,822,8.4,7.8,False,True,8.5,False,False
HTZ,2020-04-29,2020-05-04,2020-05-07,9,5,129,566,4.97,16.3,False,True,26.0,False,False
NCLH,2020-04-29,2020-05-05,2020-05-14,16,6,143,655,12.5,8.1,False,True,11.4,False,False
BOCH,2020-04-30,2020-05-19,2020-05-27,28,19,70,836,15.3,4.6,False,True,4.6,True,False
CBSH,2020-04-30,2020-05-19,2020-05-27,28,19,70,836,15.3,4.6,False,True,4.6,True,False
HTBK,2020-04-30,2020-05-19,2020-05-27,28,19,70,836,15.3,4.6,False,True,4.6,True,False
MARK,2020-04-30,2020-05-12,2020-06-10,42,12,154,2390,5.07,11.1,False,True,30.4,False,False
SPSC,2020-04-30,2020-05-19,2020-05-27,28,19,70,836,15.3,4.6,False,True,4.6,True,False
TTI,2020-04-30,2020-04-30,2020-05-05,6,0,152,442,0.63,88.4,False,True,152.0,False,False
GRUB,2020-05-01,2020-05-12,2020-05-13,13,11,467,1062,9.43,8.7,False,True,49.5,False,False
MVIS,2020-05-01,2020-05-05,2020-05-12,12,4,757,3262,1.73,42.4,False,True,437.6,False,False
BRK,2020-05-02,2020-05-03,2020-05-18,17,1,126,910,28.67,6.7,False,True,4.4,True,False
CHGG,2020-05-02,2020-05-05,2020-05-07,6,3,419,1193,5.5,7.6,False,True,76.2,False,False
LUV,2020-05-04,2020-05-04,2020-05-06,3,0,222,408,52.03,4.2,False,True,4.3,True,False
W,2020-05-04,2020-05-05,2020-05-08,5,1,387,868,10.8,4.6,False,True,35.8,False,False
BYND,2020-05-05,2020-05-06,2020-05-12,8,1,413,1426,44.97,4.4,False,True,9.2,False,False
DIS,2020-05-05,2020-05-20,2020-06-04,31,15,723,8641,91.07,11.6,False,True,7.9,True,False
HEAR,2020-05-05,2020-05-07,2020-05-08,4,2,326,552,5.17,5.1,False,True,63.1,False,False
IZEA,2020-05-05,2020-05-06,2020-05-18,14,1,317,1455,0.47,45.6,False,True,317.0,False,False
PTON,2020-05-05,2020-05-06,2020-05-07,3,1,922,1551,22.73,4.7,False,True,40.6,False,False
PYPL,2020-05-05,2020-05-07,2020-05-07,3,2,472,1029,21.9,6.2,False,True,21.6,False,False
RTTR,2020-05-05,2020-05-05,2020-05-20,16,0,88,640,0.83,54.5,False,True,88.0,False,False
ZNGA,2020-05-05,2020-05-06,2020-05-07,3,1,366,510,6.2,5.3,False,True,59.0,False,False
CSOD,2020-05-06,2020-05-08,2020-05-12,7,2,570,1802,4.2,6.8,False,True,135.7,False,False
DBX,2020-05-06,2020-05-07,2020-05-08,3,1,612,925,2.37,18.8,False,True,258.2,False,False
FSLY,2020-05-06,2020-05-07,2020-05-12,7,1,165,394,3.23,20.9,False,True,51.1,False,False
GNUS,2020-05-06,2020-06-04,2020-06-08,34,29,1541,7149,0.43,52.9,False,True,1541.0,False,False
KTOV,2020-05-06,2020-05-08,2020-05-29,24,2,192,1970,0.8,67.4,False,True,192.0,False,False
NET,2020-05-06,2020-05-07,2020-05-08,3,1,268,377,3.5,14.1,False,True,76.6,False,False
SDC,2020-05-06,2020-05-12,2020-05-13,8,6,518,1700,5.63,5.7,False,True,92.0,False,False
TWLO,2020-05-06,2020-05-07,2020-05-08,3,1,283,565,1.47,132.2,False,True,192.5,False,False
UBER,2020-05-06,2020-05-07,2020-05-12,7,1,238,522,13.07,6.5,False,True,18.2,False,False
CSCO,2020-05-07,2020-05-11,2020-05-13,7,4,1060,4227,10.37,37.9,False,True,102.2,False,False
DDOG,2020-05-07,2020-05-11,2020-05-14,8,4,175,616,1.17,23.3,False,True,149.6,False,False
LOGI,2020-05-07,2020-05-11,2020-05-12,6,4,373,1117,1.97,39.0,False,True,189.3,False,False
PENN,2020-05-07,2020-05-28,2020-06-09,34,21,157,1707,11.77,7.8,False,True,13.3,False,False
RIOT,2020-05-07,2020-05-08,2020-05-14,8,1,117,369,1.83,15.5,False,True,63.9,False,False
VTIQ,2020-05-07,2020-05-13,2020-05-14,8,6,1346,3019,2.57,10.6,False,True,523.7,False,False
ZOM,2020-05-07,2020-05-08,2020-05-11,5,1,124,314,3.57,25.9,False,True,34.7,False,False
BIOC,2020-05-08,2020-05-11,2020-05-13,6,3,91,317,2.8,13.0,False,True,32.5,False,False
BOX,2020-05-08,2020-05-27,2020-05-28,21,19,186,934,0.8,17.6,False,True,186.0,False,False
CRM,2020-05-08,2020-05-12,2020-05-28,21,4,284,2406,6.2,11.6,False,True,45.8,False,False
DOCU,2020-05-08,2020-06-04,2020-06-05,29,27,302,1809,5.53,6.0,False,True,54.6,False,False
FET,2020-05-08,2020-05-08,2020-05-13,6,0,129,437,1.0,67.6,False,True,129.0,False,False
HD,2020-05-08,2020-05-18,2020-05-20,13,10,112,724,16.43,5.4,False,True,6.8,True,False
TGT,2020-05-08,2020-05-19,2020-05-20,13,11,216,783,6.53,7.5,False,True,33.1,False,False
WMT,2020-05-08,2020-05-19,2020-05-20,13,11,628,3381,68.73,4.6,False,True,9.1,False,False
ICBK,2020-05-09,2020-05-12,2020-05-13,5,3,207,523,15.5,6.1,False,True,13.4,False,False
ACB,2020-05-11,2020-05-18,2020-05-22,12,7,286,1411,15.67,5.9,False,True,18.3,False,False
AMC,2020-05-11,2020-05-11,2020-05-13,3,0,483,855,53.9,7.8,False,True,9.0,False,False
NVAX,2020-05-11,2020-05-12,2020-05-18,8,1,193,589,3.4,42.5,False,True,56.8,False,False
TTNP,2020-05-11,2020-05-15,2020-05-15,5,4,80,306,0.9,23.6,False,True,80.0,False,False
VEL,2020-05-11,2020-05-11,2020-06-04,25,0,44,398,8.83,8.7,False,True,5.0,True,False
DKNG,2020-05-12,2020-05-12,2020-05-20,9,0,804,3210,77.43,6.4,False,True,10.4,False,False
JCP,2020-05-13,2020-05-18,2020-05-18,6,5,234,737,17.43,6.2,False,True,13.4,False,False
VBIV,2020-05-14,2020-05-19,2020-05-26,13,5,227,1353,31.4,17.6,False,True,7.2,True,False
BIDU,2020-05-15,2020-05-18,2020-05-21,7,3,150,509,2.83,24.0,False,True,53.0,False,False
HPQ,2020-05-15,2020-05-19,2020-05-28,14,4,199,1110,1.53,13.9,False,True,130.1,False,False
LOW,2020-05-15,2020-05-19,2020-05-20,6,4,78,311,5.9,5.4,False,True,13.2,False,False
NVDA,2020-05-15,2020-05-21,2020-05-27,13,6,668,3000,61.73,6.5,False,True,10.8,False,False
PCG,2020-05-15,2020-05-28,2020-05-29,15,13,185,1032,4.33,15.7,False,True,42.7,False,False
SRNE,2020-05-15,2020-05-15,2020-05-19,5,0,671,1487,0.5,670.5,False,True,671.0,False,False
DLTR,2020-05-17,2020-05-28,2020-05-28,12,11,132,403,2.6,6.6,False,True,50.8,False,False
CGC,2020-05-18,2020-05-29,2020-05-29,12,11,165,686,6.87,4.8,False,True,24.0,False,False
GSX,2020-05-18,2020-05-18,2020-05-26,9,0,91,362,8.73,9.8,False,True,10.4,False,False
HEXO,2020-05-18,2020-06-08,2020-06-11,25,21,97,473,0.87,25.0,False,True,97.0,False,False
HUYA,2020-05-18,2020-05-20,2020-05-21,4,2,761,1528,2.23,16.9,False,True,341.3,False,False
MRNA,2020-05-18,2020-05-19,2020-05-20,3,1,800,1749,24.07,44.1,False,True,33.2,False,False
TTWO,2020-05-18,2020-05-20,2020-05-21,4,2,238,430,7.57,5.5,False,True,31.4,False,False
COST,2020-05-19,2020-05-28,2020-05-28,10,9,204,764,5.87,16.7,False,True,34.8,False,False
DELL,2020-05-19,2020-05-28,2020-05-29,11,9,105,573,0.77,31.0,False,True,105.0,False,False
SPOT,2020-05-19,2020-05-19,2020-05-25,7,0,278,798,10.87,30.0,False,True,25.6,False,False
LK,2020-05-20,2020-05-20,2020-05-27,8,0,105,307,0.0,105.0,False,True,105.0,False,False
APHA,2020-05-21,2020-06-09,2020-06-10,21,19,77,557,6.27,7.5,False,True,12.3,False,False
DCAR,2020-05-21,2020-05-21,2020-05-28,8,0,98,386,2.47,15.3,False,True,39.7,False,False
ESTC,2020-05-21,2020-06-03,2020-06-04,15,13,139,631,2.3,19.7,False,True,60.4,False,False
LULU,2020-05-21,2020-06-11,2020-06-12,23,21,121,1118,9.53,6.6,False,True,12.7,False,False
CHWY,2020-05-22,2020-06-09,2020-06-10,20,18,274,1199,10.2,4.8,False,True,26.9,False,False
COTY,2020-05-22,2020-06-08,2020-06-11,21,17,173,1302,1.4,52.7,False,True,123.6,False,False
HTZ,2020-05-22,2020-05-26,2020-05-28,7,4,371,1591,32.7,5.1,False,True,11.3,False,False
XSPA,2020-05-22,2020-06-04,2020-06-26,36,13,681,5800,10.67,11.0,False,True,63.8,False,False
CRWD,2020-05-26,2020-06-02,2020-06-04,10,7,348,1147,8.23,6.1,False,True,42.3,False,False
LTM,2020-05-26,2020-06-09,2020-06-09,15,14,70,340,1.03,40.0,False,True,68.0,False,False
MGM,2020-05-26,2020-06-08,2020-06-11,17,13,1939,11419,52.2,9.7,False,True,37.1,False,False
MNLO,2020-05-26,2020-05-29,2020-06-04,10,3,89,401,2.6,4.7,False,True,34.2,False,False
WORK,2020-05-26,2020-06-04,2020-06-05,11,9,710,2332,37.0,10.1,False,True,19.2,False,False
KR,2020-05-27,2020-06-18,2020-06-19,24,22,448,1723,6.13,8.0,False,True,73.1,False,False
SPCE,2020-05-27,2020-05-27,2020-06-01,6,0,431,1317,100.13,5.5,False,True,4.3,True,False
DKNG,2020-05-28,2020-06-02,2020-06-08,12,5,1684,10011,228.0,5.5,False,True,7.4,True,False
FMCI,2020-05-28,2020-06-12,2020-06-18,22,15,325,2585,4.63,6.9,False,True,70.2,False,False
GAN,2020-05-28,2020-06-01,2020-06-08,12,4,141,950,3.5,16.1,False,True,40.3,False,False
TWTR,2020-05-28,2020-05-29,2020-06-05,9,1,1179,4798,242.63,5.4,False,True,4.9,True,False
CLDR,2020-05-29,2020-06-03,2020-06-09,12,5,189,616,3.03,10.7,False,True,62.4,False,False
EXPR,2020-05-29,2020-05-29,2020-06-26,29,0,31,399,10.63,4.0,False,True,2.9,True,False
NERV,2020-05-29,2020-05-29,2020-06-05,8,0,60,304,0.87,39.4,False,True,60.0,False,False
NOK,2020-05-29,2020-06-17,2020-06-19,22,19,160,996,9.4,4.0,False,True,17.0,False,False
DGLY,2020-05-30,2020-06-09,2020-06-17,19,10,942,4843,0.8,12.2,False,True,942.0,False,False
AAXN,2020-05-31,2020-06-09,2020-06-17,18,9,111,721,1.73,6.4,False,True,64.2,False,False
PFE,2020-06-01,2020-07-01,2020-07-02,32,30,328,2730,14.73,8.6,False,True,22.3,False,False
SWBI,2020-06-01,2020-06-01,2020-06-03,3,0,158,389,0.0,158.0,False,True,158.0,False,False
VISL,2020-06-01,2020-06-04,2020-06-08,8,3,157,444,8.8,4.2,False,True,17.8,False,False
NBRV,2020-06-02,2020-06-18,2020-06-22,21,16,168,1521,2.93,5.2,False,True,57.3,False,False
SOLO,2020-06-02,2020-06-04,2020-06-11,10,2,444,1825,3.6,4.8,False,True,123.3,False,False
BUD,2020-06-03,2020-06-03,2020-06-10,8,0,166,824,16.83,12.3,False,True,9.9,False,False
LVS,2020-06-03,2020-06-04,2020-06-10,8,1,121,464,17.97,4.6,False,True,6.7,True,False
NIO,2020-06-03,2020-06-09,2020-06-22,20,6,186,871,7.23,10.4,False,True,25.7,False,False
ORCL,2020-06-03,2020-06-16,2020-06-17,15,13,189,886,14.23,7.0,False,True,13.3,False,False
SAVE,2020-06-03,2020-06-04,2020-06-11,9,1,197,765,19.13,5.6,False,True,10.3,False,False
SPG,2020-06-03,2020-06-09,2020-06-11,9,6,102,570,9.83,5.4,False,True,10.4,False,False
DAL,2020-06-04,2020-06-05,2020-06-11,8,1,305,1286,56.93,5.3,False,True,5.4,True,False
IVR,2020-06-04,2020-06-08,2020-06-10,7,4,1359,3311,10.13,15.9,False,True,134.2,False,False
JFK,2020-06-04,2020-06-04,2020-07-04,31,0,53,513,4.87,8.5,False,True,10.9,False,False
LUV,2020-06-04,2020-06-05,2020-06-11,8,1,270,985,61.33,4.7,False,True,4.4,True,False
MFA,2020-06-04,2020-06-09,2020-06-16,13,5,157,717,4.57,11.2,False,True,34.4,False,False
NKLA,2020-06-04,2020-06-08,2020-06-10,7,4,3009,7768,0.0,916.0,False,True,3009.0,False,False
UAL,2020-06-04,2020-06-05,2020-06-16,13,1,240,957,28.83,4.8,False,True,8.3,False,False
BA,2020-06-05,2020-06-05,2020-06-17,13,0,386,3055,83.67,5.8,False,True,4.6,True,False
CHK,2020-06-05,2020-06-08,2020-06-10,6,3,456,1079,6.0,6.5,False,True,76.0,False,False
HTZ,2020-06-05,2020-06-08,2020-06-18,14,3,1066,8689,84.53,4.1,False,True,12.6,False,False
MITT,2020-06-05,2020-06-08,2020-06-10,6,3,171,363,3.3,8.3,False,True,51.8,False,False
MRO,2020-06-05,2020-06-08,2020-06-09,5,3,181,632,4.67,37.1,False,True,38.8,False,False
NCLH,2020-06-05,2020-06-08,2020-06-17,13,3,195,1389,31.37,5.1,False,True,6.2,True,False
NRZ,2020-06-05,2020-06-09,2020-06-10,6,4,446,828,13.77,7.0,False,True,32.4,False,False
OXY,2020-06-05,2020-06-08,2020-06-10,6,3,263,898,6.77,23.9,False,True,38.8,False,False
PUMP,2020-06-05,2020-06-05,2020-06-18,14,0,86,655,19.37,4.2,False,True,4.4,True,False
RCL,2020-06-05,2020-06-05,2020-06-16,12,0,134,566,20.3,8.8,False,True,6.6,True,False
SHIP,2020-06-05,2020-06-05,2020-06-09,5,0,143,406,14.8,7.5,False,True,9.7,False,False
VAL,2020-06-05,2020-06-08,2020-06-09,5,3,121,303,2.07,19.0,False,True,58.5,False,False
XOM,2020-06-05,2020-06-08,2020-06-17,13,3,200,1164,22.43,14.3,False,True,8.9,False,False
BAC,2020-06-08,2020-06-10,2020-06-12,5,2,162,528,25.87,5.3,False,True,6.3,True,False
BYND,2020-06-08,2020-06-08,2020-06-12,5,0,202,529,45.73,5.0,False,True,4.4,True,False
GME,2020-06-08,2020-06-09,2020-06-10,3,1,788,1446,14.4,24.7,False,True,54.7,False,False
IZEA,2020-06-08,2020-06-12,2020-06-13,6,4,458,1933,30.43,4.2,False,True,15.1,False,False
MCD,2020-06-08,2020-06-08,2020-06-25,18,0,37,358,14.13,4.9,False,True,2.6,True,False
USFD,2020-06-08,2020-06-08,2020-06-12,5,0,89,330,18.1,7.2,False,True,4.9,True,False
WFC,2020-06-08,2020-06-10,2020-06-12,5,2,321,1048,40.37,7.4,False,True,8.0,True,False
IDEX,2020-06-09,2020-06-26,2020-07-01,23,17,921,6890,2.5,9.4,False,True,368.4,False,False
INTC,2020-06-09,2020-06-19,2020-06-23,15,10,256,1158,29.3,7.3,False,True,8.7,False,False
OPES,2020-06-09,2020-06-17,2020-06-19,11,8,357,1322,1.0,14.7,False,True,357.0,False,False
SNE,2020-06-09,2020-06-11,2020-06-11,3,2,193,393,4.53,9.6,False,True,42.6,False,False
AMTD,2020-06-10,2020-06-10,2020-06-22,13,0,109,858,46.67,4.3,False,True,2.3,True,False
MSFT,2020-06-10,2020-06-22,2020-06-26,17,12,1459,7555,226.83,4.9,False,True,6.4,True,False
SBUX,2020-06-10,2020-06-12,2020-06-12,3,2,168,382,33.17,5.1,False,True,5.1,True,False
TSLA,2020-06-10,2020-06-10,2020-06-12,3,0,2301,4824,629.23,5.4,False,True,3.7,True,False
DOW,2020-06-11,2020-06-11,2020-06-15,5,0,193,466,33.83,9.2,False,True,5.7,True,False
TCBI,2020-06-11,2020-06-26,2020-07-07,27,15,332,2832,38.97,4.9,False,True,8.5,False,False
APT,2020-06-15,2020-06-18,2020-06-25,11,3,140,459,3.37,6.7,False,True,41.5,False,False
ROKU,2020-06-16,2020-06-16,2020-06-19,4,0,276,667,16.5,20.3,False,True,16.7,False,False
UONE,2020-06-16,2020-06-19,2020-06-19,4,3,218,824,0.5,85.2,False,True,218.0,False,False
UONEK,2020-06-16,2020-06-17,2020-06-19,4,1,226,617,0.13,116.9,False,True,226.0,False,False
BYFC,2020-06-17,2020-06-19,2020-06-19,3,2,240,471,1.03,100.1,False,True,233.0,False,False
FSLY,2020-06-17,2020-06-23,2020-06-29,13,6,537,2038,12.7,7.0,False,True,42.3,False,False
GRAF,2020-06-17,2020-07-02,2020-07-12,26,15,72,579,2.87,8.0,False,True,25.1,False,False
PYPL,2020-06-18,2020-07-29,2020-07-30,43,41,332,3378,20.83,8.1,False,True,15.9,False,False
SPOT,2020-06-18,2020-06-18,2020-06-29,12,0,306,1749,38.83,4.3,False,True,7.9,True,False
SHLL,2020-06-19,2020-06-22,2020-06-30,12,3,239,979,0.7,100.3,False,True,239.0,False,False
CJJD,2020-06-22,2020-06-26,2020-06-27,6,4,324,1008,10.1,7.5,False,True,32.1,False,False
KTOV,2020-06-22,2020-06-23,2020-07-01,10,1,451,2187,24.8,12.3,False,True,18.2,False,False
AAPL,2020-06-23,2020-06-23,2020-06-25,3,0,1489,2732,277.43,6.7,False,True,5.4,True,False
FLIR,2020-06-23,2020-06-26,2020-07-08,16,3,142,793,3.17,12.3,False,True,44.8,False,False
INO,2020-06-23,2020-06-25,2020-07-01,9,2,337,1382,10.13,15.3,False,True,33.3,False,False
MRK,2020-06-23,2020-06-25,2020-06-30,8,2,100,409,9.43,4.8,False,True,10.6,False,False
PLUG,2020-06-23,2020-06-24,2020-07-09,17,1,127,662,9.9,4.7,False,True,12.8,False,False
GNC,2020-06-24,2020-06-25,2020-06-26,3,1,586,1162,12.43,16.5,False,True,47.1,False,False
PTON,2020-06-24,2020-07-13,2020-07-20,27,19,222,1937,22.8,5.5,False,True,9.7,False,False
WKHS,2020-06-24,2020-07-02,2020-07-10,17,8,109,890,4.37,13.6,False,True,24.9,False,False
JPM,2020-06-25,2020-06-25,2020-06-28,4,0,246,535,52.43,6.7,False,True,4.7,True,False
CLSK,2020-06-26,2020-06-26,2020-06-30,5,0,196,592,3.43,32.1,False,True,57.1,False,False
ZOM,2020-06-26,2020-06-26,2020-07-06,11,0,68,322,10.3,4.6,False,True,6.6,True,False
LCA,2020-06-29,2020-06-30,2020-07-10,12,1,129,617,0.07,93.9,False,True,129.0,False,False
AYRO,2020-06-30,2020-07-06,2020-07-09,10,6,101,372,3.5,13.7,False,True,28.9,False,False
FDX,2020-06-30,2020-06-30,2020-07-02,3,0,203,414,11.6,16.2,False,True,17.5,False,False
UPS,2020-06-30,2020-07-30,2020-07-30,31,30,542,1751,5.47,7.0,False,True,99.1,False,False
AMZN,2020-07-01,2020-07-30,2020-08-05,36,29,884,14431,105.3,5.1,False,True,8.4,False,False
BYFC,2020-07-02,2020-07-06,2020-07-07,6,4,419,1365,24.0,4.2,False,True,17.5,False,False
LMND,2020-07-02,2020-07-02,2020-07-06,5,0,273,469,0.0,273.0,False,True,273.0,False,False
TSLA,2020-07-02,2020-07-13,2020-07-24,23,11,6800,61565,750.97,4.1,False,True,9.1,False,False
BABA,2020-07-06,2020-07-09,2020-07-14,9,3,510,1922,38.27,5.7,False,True,13.3,False,False
GSAT,2020-07-06,2020-07-06,2020-07-10,5,0,200,471,0.67,95.4,False,True,200.0,False,False
NIO,2020-07-06,2020-07-08,2020-07-17,12,2,1136,6076,47.93,9.2,False,True,23.7,False,False
CHGG,2020-07-07,2020-07-13,2020-07-23,17,6,110,648,10.67,4.0,False,True,10.3,False,False
EBAY,2020-07-07,2020-07-09,2020-07-29,23,2,94,896,3.13,10.3,False,True,30.0,False,False
LVGO,2020-07-07,2020-07-07,2020-07-20,14,0,149,819,15.37,10.9,False,True,9.7,False,False
NVAX,2020-07-07,2020-07-17,2020-07-22,16,10,168,981,10.47,14.6,False,True,16.0,False,False
UAVS,2020-07-07,2020-07-07,2020-07-20,14,0,48,423,8.03,7.3,False,True,6.0,True,False
WMT,2020-07-07,2020-07-08,2020-07-15,9,1,2741,9824,57.23,86.4,False,True,47.9,False,False
NVDA,2020-07-08,2020-09-01,2020-09-08,63,55,1233,15725,56.93,5.1,False,True,21.7,False,False
SPAQ,2020-07-09,2020-07-13,2020-07-17,9,4,224,1022,6.83,26.5,False,True,32.8,False,False
SPCE,2020-07-09,2020-07-17,2020-07-28,20,8,484,3410,52.93,4.5,False,True,9.1,False,False
BNGO,2020-07-10,2020-07-10,2020-07-24,15,0,135,718,7.57,16.2,False,True,17.8,False,False
NFLX,2020-07-10,2020-07-16,2020-07-17,8,6,2495,5745,90.2,12.8,False,True,27.7,False,False
NOVN,2020-07-10,2020-07-21,2020-07-28,19,11,107,679,13.87,4.4,False,True,7.7,True,False
W,2020-07-10,2020-07-10,2020-07-13,4,0,479,1296,14.47,45.8,False,True,33.1,False,False
GTES,2020-07-11,2020-07-15,2020-07-16,6,4,127,382,18.17,4.6,False,True,7.0,True,False
DPZ,2020-07-13,2020-07-15,2020-07-17,5,2,128,341,5.07,5.8,False,True,25.2,False,False
MRNA,2020-07-13,2020-07-15,2020-07-20,8,2,1111,3885,29.37,6.9,False,True,37.8,False,False
TSM,2020-07-13,2020-07-16,2020-07-17,5,3,123,332,7.87,8.9,False,True,15.6,False,False
BOXL,2020-07-14,2020-07-17,2020-07-20,7,3,181,670,9.17,4.2,False,True,19.7,False,False
VBIV,2020-07-14,2020-07-20,2020-07-22,9,6,262,1294,41.27,4.3,False,True,6.3,True,False
APHA,2020-07-15,2020-07-28,2020-07-29,15,13,141,613,7.4,5.0,False,True,19.1,False,False
ATVI,2020-07-15,2020-08-04,2020-08-05,22,20,1943,5116,8.63,4.1,False,True,225.1,False,False
AZN,2020-07-15,2020-07-20,2020-07-20,6,5,2311,6009,17.73,28.8,False,True,130.3,False,False
OXM,2020-07-15,2020-07-20,2020-07-21,7,5,136,433,3.7,21.7,False,True,36.8,False,False
HMHC,2020-07-16,2020-07-17,2020-07-21,6,1,258,713,0.4,98.8,False,True,258.0,False,False
NAK,2020-07-16,2020-07-24,2020-07-27,12,8,282,1564,5.07,7.5,False,True,55.6,False,False
PHUN,2020-07-17,2020-07-17,2020-07-20,4,0,196,427,1.57,39.9,False,True,124.8,False,False
ATNM,2020-07-20,2020-08-03,2020-08-11,23,14,69,611,2.57,11.1,False,True,26.8,False,False
AMD,2020-07-22,2020-07-24,2020-08-06,16,2,1700,11580,203.83,4.5,False,True,8.3,False,False
GOLD,2020-07-22,2020-08-17,2020-08-19,29,26,132,990,8.5,6.3,False,True,15.5,False,False
MSFT,2020-07-22,2020-07-22,2020-07-24,3,0,2170,4117,463.13,5.6,False,True,4.7,True,False
PFE,2020-07-22,2020-07-22,2020-07-28,7,0,401,1103,80.87,4.7,False,True,5.0,True,False
AUY,2020-07-23,2020-07-27,2020-07-28,6,4,365,771,4.97,4.5,False,True,73.4,False,False
INTC,2020-07-23,2020-07-24,2020-07-31,9,1,1728,7670,46.77,22.5,False,True,36.9,False,False
BUD,2020-07-24,2020-07-29,2020-07-30,7,5,124,392,7.0,8.2,False,True,17.7,False,False
TSM,2020-07-24,2020-07-27,2020-07-30,7,3,241,803,21.37,5.1,False,True,11.3,False,False
MARA,2020-07-27,2020-08-03,2020-08-10,15,7,101,617,4.57,10.8,False,True,22.1,False,False
CVS,2020-07-28,2020-08-05,2020-08-05,9,8,396,1111,7.2,7.2,False,True,55.0,False,False
KODK,2020-07-28,2020-07-29,2020-07-30,3,1,1262,1950,0.6,102.8,False,True,1262.0,False,False
GOOGL,2020-07-29,2020-07-30,2020-08-06,9,1,85,402,18.3,5.9,False,True,4.6,True,False
PRPL,2020-07-29,2020-08-04,2020-08-05,8,6,1644,4042,13.2,10.9,False,True,124.5,False,False
TDOC,2020-07-29,2020-08-05,2020-08-06,9,7,365,574,4.2,8.6,False,True,86.9,False,False
AAPL,2020-07-30,2020-09-15,2020-09-23,56,47,3884,88768,468.97,6.8,False,True,8.3,False,False
OSTK,2020-07-30,2020-08-07,2020-09-04,37,8,64,811,4.97,10.2,False,True,12.9,False,False
CLX,2020-07-31,2020-08-03,2020-08-03,4,3,196,442,8.63,13.4,False,True,22.7,False,False
ETSY,2020-07-31,2020-08-05,2020-08-06,7,5,175,450,3.9,9.2,False,True,44.9,False,False
JMIA,2020-07-31,2020-08-03,2020-08-04,5,3,120,307,7.77,4.4,False,True,15.4,False,False
NOK,2020-07-31,2020-07-31,2020-08-03,4,0,206,383,41.3,5.5,False,True,5.0,True,False
TTWO,2020-08-02,2020-08-03,2020-08-04,3,1,221,390,5.3,7.8,False,True,41.7,False,False
DBX,2020-08-03,2020-08-06,2020-08-10,8,3,99,306,6.47,6.4,False,True,15.3,False,False
DDOG,2020-08-03,2020-08-06,2020-08-07,5,3,183,384,12.63,4.7,False,True,14.5,False,False
TRVN,2020-08-03,2020-08-07,2020-08-11,9,4,152,743,3.03,10.2,False,True,50.2,False,False
TWLO,2020-08-03,2020-08-04,2020-08-05,3,1,222,366,11.4,7.2,False,True,19.5,False,False
DIS,2020-08-04,2020-08-04,2020-08-06,3,0,375,747,54.27,8.7,False,True,6.9,True,False
HCAC,2020-08-04,2020-08-18,2020-08-26,23,14,94,795,7.6,9.7,False,True,12.4,False,False
NKLA,2020-08-04,2020-08-04,2020-08-10,7,0,809,2730,219.77,4.2,False,True,3.7,True,False
SRNE,2020-08-04,2020-08-10,2020-08-12,9,6,129,461,5.5,24.5,False,True,23.5,False,False
AAL,2020-08-05,2020-08-05,2020-08-11,7,0,363,1059,60.33,6.6,False,True,6.0,True,False
BIGC,2020-08-05,2020-08-05,2020-08-07,3,0,161,360,0.0,161.0,False,True,161.0,False,False
FSLY,2020-08-05,2020-08-06,2020-08-07,3,1,644,1597,93.23,5.8,False,True,6.9,True,False
TGT,2020-08-05,2020-08-19,2020-08-19,15,14,245,638,5.27,5.7,False,True,46.5,False,False
AYX,2020-08-06,2020-08-07,2020-08-13,8,1,89,328,2.1,24.3,False,True,42.4,False,False
RKT,2020-08-06,2020-08-06,2020-08-13,8,0,1421,4005,0.0,1421.0,False,True,1421.0,False,False
CSCO,2020-08-07,2020-08-12,2020-08-14,8,5,242,853,12.57,9.4,False,True,19.3,False,False
IDEX,2020-08-10,2020-08-10,2020-08-14,5,0,139,394,46.37,5.0,False,True,3.0,True,False
FSDC,2020-08-13,2021-01-30,2021-02-07,179,170,202,6310,0.73,7.3,False,True,202.0,False,False
CVAC,2020-08-14,2020-08-14,2020-08-17,4,0,251,427,0.0,251.0,False,True,251.0,False,False
BBY,2020-08-20,2020-08-25,2020-08-25,6,5,102,306,10.47,4.4,False,True,9.7,False,False
CRM,2020-08-24,2020-08-26,2020-08-27,4,2,796,1647,10.3,15.2,False,True,77.3,False,False
LCA,2020-08-24,2020-09-23,2020-09-30,38,30,63,897,10.27,4.4,False,True,6.1,True,False
LULU,2020-08-24,2020-09-09,2020-09-10,18,16,181,1016,8.03,5.5,False,True,22.5,False,False
SHLL,2020-08-24,2020-09-28,2020-10-01,39,35,257,3986,31.07,7.9,False,True,8.3,False,False
BIGC,2020-08-25,2020-08-25,2020-08-27,3,0,202,499,19.7,4.6,False,True,10.3,False,False
GRAF,2020-08-25,2020-09-29,2020-09-29,36,35,69,883,6.07,6.7,False,True,11.4,False,False
NIO,2020-08-25,2020-08-26,2020-08-31,7,1,797,2473,87.27,5.7,False,True,9.1,False,False
SWBI,2020-08-25,2020-08-25,2020-09-04,11,0,68,411,7.83,11.1,False,True,8.7,False,False
XOM,2020-08-25,2020-08-25,2020-09-01,8,0,97,327,21.57,4.6,False,True,4.5,True,False
ADBE,2020-08-26,2020-09-15,2020-09-16,22,20,185,960,10.1,9.0,False,True,18.3,False,False
CRWD,2020-08-26,2020-09-02,2020-09-02,8,7,481,906,12.23,6.6,False,True,39.3,False,False
NFLX,2020-08-26,2020-08-26,2020-09-01,7,0,435,991,75.47,11.9,False,True,5.8,True,False
ORCL,2020-08-27,2020-08-27,2020-09-03,8,0,266,793,21.03,5.4,False,True,12.6,False,False
WMT,2020-08-27,2020-09-01,2020-09-03,8,5,1028,4168,173.77,6.2,False,True,5.9,True,False
WORK,2020-08-27,2020-09-08,2020-09-10,15,12,515,2559,34.5,7.3,False,True,14.9,False,False
CHWY,2020-08-28,2020-09-01,2020-09-11,15,4,348,1965,17.03,6.7,False,True,20.4,False,False
DOCU,2020-08-31,2020-09-01,2020-09-04,5,1,562,1890,27.93,8.9,False,True,20.1,False,False
GME,2020-08-31,2020-09-22,2020-10-01,32,22,411,3870,11.23,15.8,False,True,36.6,False,False
TSLA,2020-08-31,2020-09-01,2020-09-08,9,1,7861,39535,1770.47,4.1,False,True,4.4,True,False
UTZ,2020-08-31,2020-08-31,2020-09-04,5,0,149,345,0.0,149.0,False,True,149.0,False,False
COST,2020-09-01,2020-09-02,2020-09-08,8,1,169,432,5.33,9.1,False,True,31.7,False,False
FDX,2020-09-01,2020-09-15,2020-09-16,16,14,776,3298,30.8,4.2,False,True,25.2,False,False
PTON,2020-09-01,2020-09-10,2020-09-15,15,9,1292,5121,62.4,5.6,False,True,20.7,False,False
KCAC,2020-09-03,2020-09-03,2020-09-16,14,0,89,415,0.43,88.6,False,True,89.0,False,False
NKLA,2020-09-08,2020-09-14,2020-10-01,24,6,2294,21804,93.5,12.3,False,True,24.5,False,False
SPCE,2020-09-08,2020-09-08,2020-09-15,8,0,144,439,34.67,6.9,False,True,4.2,True,False
IPOB,2020-09-10,2020-09-15,2020-09-21,12,5,89,353,5.57,7.1,False,True,16.0,False,False
PSTH,2020-09-11,2020-10-20,2020-10-21,41,39,196,1716,0.0,45.0,False,True,196.0,False,False
DKNG,2020-09-14,2020-09-14,2020-09-18,5,0,295,924,57.3,4.3,False,True,5.1,True,False
LAC,2020-09-15,2020-09-22,2020-10-02,18,7,256,1281,1.83,17.9,False,True,139.9,False,False
NAV,2020-09-15,2020-09-30,2020-10-29,45,15,45,1079,10.13,5.9,False,True,4.4,True,False
SBE,2020-09-16,2020-09-24,2020-10-08,23,8,143,1138,0.7,36.1,False,True,143.0,False,False
VALE,2020-09-17,2020-09-22,2020-09-23,7,5,734,2567,2.1,84.2,False,True,349.5,False,False
GHC,2020-09-20,2020-09-22,2020-09-22,3,2,260,337,10.07,6.5,False,True,25.8,False,False
GHM,2020-09-20,2020-09-22,2020-09-22,3,2,260,337,10.03,6.5,False,True,25.9,False,False
ACB,2020-09-22,2020-10-09,2020-10-21,30,17,42,420,4.57,12.0,False,True,9.2,False,False
NKE,2020-09-22,2020-09-22,2020-09-24,3,0,158,335,7.03,27.7,False,True,22.5,False,False
HCAC,2020-09-23,2020-09-23,2020-10-06,14,0,84,496,21.17,4.4,False,True,4.0,True,False
AAL,2020-09-25,2020-09-25,2020-10-08,14,0,113,799,28.5,4.7,False,True,4.0,True,False
SPCE,2020-09-28,2020-09-28,2020-10-06,9,0,267,935,35.47,8.8,False,True,7.5,True,False
BYND,2020-09-29,2020-09-29,2020-10-21,23,0,76,565,13.73,6.3,False,True,5.5,True,False
NIO,2020-09-29,2020-09-29,2020-10-05,7,0,372,1248,71.67,6.2,False,True,5.2,True,False
DDOG,2020-09-30,2020-09-30,2020-10-14,15,0,116,365,3.7,42.1,False,True,31.4,False,False
HYLN,2020-10-02,2020-10-02,2020-10-13,12,0,349,1709,0.0,349.0,False,True,349.0,False,False
REGN,2020-10-02,2020-10-08,2020-10-08,7,6,141,683,1.47,21.5,False,True,95.9,False,False
AMD,2020-10-05,2020-10-08,2020-10-13,9,3,1192,5029,153.73,4.9,False,True,7.8,True,False
APHA,2020-10-05,2020-10-08,2020-10-15,11,3,106,533,5.03,15.1,False,True,21.1,False,False
PLUG,2020-10-05,2020-10-07,2020-10-21,17,2,130,750,10.97,6.7,False,True,11.9,False,False
FSLY,2020-10-07,2020-10-14,2020-10-16,10,7,1052,2987,24.6,11.1,False,True,42.8,False,False
JKS,2020-10-08,2020-10-21,2020-10-23,16,13,136,650,2.67,6.1,False,True,50.9,False,False
JMIA,2020-10-08,2020-10-16,2020-10-28,21,8,56,500,1.67,24.9,False,True,33.5,False,False
NOK,2020-10-10,2020-10-19,2020-10-20,11,9,312,750,12.0,9.7,False,True,26.0,False,False
JPM,2020-10-12,2020-10-14,2020-10-15,4,2,122,369,27.57,5.7,False,True,4.4,True,False
AMC,2020-10-13,2020-10-19,2020-11-03,22,6,137,1136,6.93,7.7,False,True,19.8,False,False
CHGG,2020-10-13,2020-10-26,2020-10-27,15,13,288,614,5.97,7.8,False,True,48.2,False,False
NIO,2020-10-14,2020-10-14,2020-10-19,6,0,1263,3791,96.4,14.7,False,True,13.1,False,False
SNAP,2020-10-15,2020-10-23,2020-10-30,16,8,605,3636,9.97,5.6,False,True,60.7,False,False
HTZ,2020-10-16,2020-10-16,2020-10-19,4,0,652,1154,19.87,49.2,False,True,32.8,False,False
PTON,2020-10-16,2020-10-16,2020-10-21,6,0,644,1607,111.47,5.3,False,True,5.8,True,False
FDX,2020-10-19,2020-10-19,2020-10-28,10,0,141,940,34.47,4.9,False,True,4.1,True,False
CRSR,2020-10-20,2020-10-20,2020-10-22,3,0,135,317,14.9,7.3,False,True,9.1,False,False
GOOG,2020-10-20,2020-10-29,2020-10-30,11,9,132,447,15.3,6.0,False,True,8.6,False,False
GOOGL,2020-10-20,2020-10-29,2020-10-30,11,9,87,310,12.87,7.8,False,True,6.8,True,False
PINS,2020-10-20,2020-10-28,2020-10-29,10,8,424,1326,11.43,5.3,False,True,37.1,False,False
ETSY,2020-10-21,2020-10-28,2020-10-29,9,7,74,311,12.43,5.5,False,True,6.0,True,False
PYPL,2020-10-21,2020-10-21,2020-10-23,3,0,233,414,32.2,14.8,False,True,7.2,True,False
INTC,2020-10-22,2020-10-22,2020-10-24,3,0,1088,2096,76.37,22.0,False,True,14.2,False,False
RIDE,2020-10-26,2020-11-18,2020-11-20,26,23,167,747,0.0,37.0,False,True,167.0,False,False
UPS,2020-10-26,2020-10-28,2020-10-28,3,2,461,1036,74.07,5.8,False,True,6.2,True,False
ACB,2020-10-27,2020-11-06,2020-11-11,16,10,851,2716,11.4,7.8,False,True,74.6,False,False
FSR,2020-10-30,2020-11-13,2020-11-27,29,14,363,2831,0.0,86.0,False,True,363.0,False,False
BABA,2020-11-03,2020-11-20,2020-12-07,35,17,921,13794,68.67,14.6,False,True,13.4,False,False
CGC,2020-11-04,2020-11-06,2020-11-09,6,2,119,420,15.7,4.3,False,True,7.6,True,False
GRWG,2020-11-04,2020-11-27,2020-12-05,32,23,54,676,5.7,6.3,False,True,9.5,False,False
XPEV,2020-11-04,2020-11-12,2020-11-13,10,8,934,2569,7.63,11.6,False,True,122.4,False,False
NIO,2020-11-05,2020-11-13,2020-11-18,14,8,5035,28958,346.13,4.4,False,True,14.5,False,False
APHA,2020-11-06,2020-11-09,2020-11-09,4,3,166,427,26.63,4.9,False,True,6.2,True,False
CVS,2020-11-06,2020-11-17,2020-11-18,13,11,143,408,6.1,8.0,False,True,23.4,False,False
PLTR,2020-11-06,2020-11-27,2020-12-08,33,21,11306,83563,62.6,8.0,False,True,180.6,False,False
SNDL,2020-11-06,2020-11-09,2020-11-09,4,3,200,374,2.57,38.0,False,True,77.8,False,False
TLRY,2020-11-06,2020-11-09,2020-11-09,4,3,147,386,8.83,15.1,False,True,16.6,False,False
BNTX,2020-11-09,2020-11-09,2020-11-20,12,0,103,354,5.7,15.7,False,True,18.1,False,False
BOCH,2020-11-09,2021-02-04,2021-02-10,94,87,338,5505,14.7,4.1,False,True,23.0,False,False
CBSH,2020-11-09,2021-02-04,2021-02-10,94,87,338,5505,14.7,4.1,False,True,23.0,False,False
CUK,2020-11-09,2020-11-09,2020-12-21,43,0,33,428,4.3,9.5,False,True,7.7,True,False
DOCU,2020-11-09,2020-12-03,2020-12-04,26,24,216,752,7.2,7.9,False,True,30.0,False,False
DOW,2020-11-09,2020-11-24,2020-11-25,17,15,160,612,11.83,7.3,False,True,13.5,False,False
HTBK,2020-11-09,2021-02-04,2021-02-10,94,87,338,5505,14.7,4.1,False,True,23.0,False,False
IVR,2020-11-09,2020-11-09,2020-12-07,29,0,40,333,4.63,7.6,False,True,8.6,False,False
MGM,2020-11-09,2020-11-23,2020-12-16,38,14,43,505,6.47,9.1,False,True,6.6,True,False
NVDA,2020-11-09,2020-11-18,2020-12-02,24,9,355,2771,62.97,4.8,False,True,5.6,True,False
PFE,2020-11-09,2020-11-09,2020-11-18,10,0,1087,3242,33.03,43.3,False,True,32.9,False,False
RKT,2020-11-09,2020-11-10,2020-11-11,3,1,1246,2144,84.0,9.7,False,True,14.8,False,False
SPSC,2020-11-09,2021-02-04,2021-02-10,94,87,338,5510,14.7,4.1,False,True,23.0,False,False
TDOC,2020-11-09,2020-11-09,2020-11-20,12,0,59,338,10.93,5.2,False,True,5.4,True,False
VBIV,2020-11-09,2020-11-16,2020-12-23,45,7,216,4555,20.6,17.9,False,True,10.5,False,False
KNDI,2020-11-12,2020-11-20,2020-12-02,21,8,130,915,2.33,7.8,False,True,55.8,False,False
MRNA,2020-11-12,2020-11-16,2020-11-16,5,4,614,1087,17.23,5.4,False,True,35.6,False,False
SOLO,2020-11-12,2020-11-20,2020-11-24,13,8,506,2231,4.97,9.4,False,True,101.8,False,False
TGT,2020-11-12,2020-11-18,2020-11-25,14,6,57,384,6.0,5.9,False,True,9.5,False,False
KCAC,2020-11-13,2020-11-13,2020-11-25,13,0,53,366,5.33,9.5,False,True,9.9,False,False
NIU,2020-11-13,2020-11-23,2020-11-24,12,10,64,330,5.67,6.4,False,True,11.3,False,False
WMT,2020-11-14,2020-11-16,2020-11-19,6,2,215,913,44.87,4.5,False,True,4.8,True,False
BLNK,2020-11-16,2020-11-23,2020-11-25,10,7,409,1343,3.57,9.0,False,True,114.6,False,False
FCEL,2020-11-16,2020-11-23,2020-11-24,9,7,460,1632,2.0,18.8,False,True,230.0,False,False
PLUG,2020-11-16,2020-11-16,2020-11-25,10,0,198,1072,27.7,6.8,False,True,7.1,True,False
RIOT,2020-11-17,2020-11-18,2020-11-24,8,1,212,719,2.9,23.2,False,True,73.1,False,False
SBE,2020-11-17,2020-11-23,2020-11-25,9,6,387,1801,21.27,6.6,False,True,18.2,False,False
TSLA,2020-11-17,2020-12-18,2020-12-23,37,31,5222,79553,713.4,6.0,False,True,7.3,True,False
CIIC,2020-11-18,2020-11-19,2020-11-24,7,1,662,2129,0.8,55.4,False,True,662.0,False,False
CRSR,2020-11-18,2020-11-25,2020-12-02,15,7,1071,6193,53.57,6.3,False,True,20.0,False,False
FUBO,2020-11-18,2020-12-01,2020-12-03,16,13,67,390,4.47,7.0,False,True,15.0,False,False
MARA,2020-11-18,2020-11-24,2020-12-01,14,6,95,469,4.23,6.1,False,True,22.5,False,False
MS,2020-11-18,2020-12-02,2020-12-03,16,14,175,430,5.2,8.9,False,True,33.7,False,False
WORK,2020-11-18,2020-11-25,2020-12-02,15,7,604,2025,14.77,4.1,False,True,40.9,False,False
AYRO,2020-11-19,2020-11-20,2020-11-23,5,1,232,485,3.2,7.3,False,True,72.5,False,False
FIII,2020-11-19,2020-12-11,2020-12-28,40,22,71,793,0.23,39.8,False,True,71.0,False,False
GTES,2020-11-19,2020-11-24,2020-12-01,13,5,99,457,10.27,6.5,False,True,9.6,False,False
HCAC,2020-11-19,2020-11-24,2020-12-21,33,5,239,2885,8.97,8.9,False,True,26.6,False,False
JMIA,2020-11-19,2020-11-25,2020-12-02,14,6,224,1086,18.47,5.2,False,True,12.1,False,False
PIC,2020-11-19,2020-12-21,2020-12-21,33,32,78,1065,3.97,10.3,False,True,19.6,False,False
TLS,2020-11-19,2020-12-01,2020-12-01,13,12,97,464,0.0,32.0,False,True,97.0,False,False
GIK,2020-11-20,2020-12-11,2020-12-28,39,21,229,2441,0.73,13.8,False,True,229.0,False,False
GMHI,2020-11-20,2020-12-01,2020-12-02,13,11,60,346,1.0,27.3,False,True,60.0,False,False
IDEX,2020-11-20,2020-11-23,2020-11-25,6,3,111,317,3.87,6.6,False,True,28.7,False,False
LGVW,2020-11-20,2020-11-24,2020-11-27,8,4,253,805,0.13,33.9,False,True,253.0,False,False
THCB,2020-11-20,2020-11-24,2020-11-24,5,4,1913,2662,2.1,6.9,False,True,911.0,False,False
DBX,2020-11-21,2020-12-14,2020-12-14,24,23,250,929,4.23,5.2,False,True,59.1,False,False
APXT,2020-11-23,2020-11-27,2020-11-27,5,4,1028,1646,0.13,39.9,False,True,1028.0,False,False
BBY,2020-11-23,2021-01-28,2021-02-04,74,66,363,4060,9.67,6.1,False,True,37.5,False,False
MGNI,2020-11-23,2020-11-25,2020-11-27,5,2,282,580,1.53,11.0,False,True,184.3,False,False
NBAC,2020-11-23,2020-11-25,2020-11-25,3,2,255,409,1.93,15.0,False,True,132.1,False,False
THCA,2020-11-23,2020-11-25,2020-12-03,11,2,107,568,0.6,26.1,False,True,107.0,False,False
MP,2020-11-24,2021-05-05,2021-05-05,163,162,840,8750,3.17,4.7,False,True,265.0,False,False
NKLA,2020-11-24,2020-11-30,2020-12-03,10,6,1024,4008,100.2,4.8,False,True,10.2,False,False
NVAX,2020-11-24,2020-11-30,2020-12-02,9,6,89,361,6.07,4.1,False,True,14.7,False,False
RMG,2020-11-24,2020-12-24,2020-12-29,36,30,66,749,1.87,8.5,False,True,35.3,False,False
THC,2020-11-24,2020-11-27,2020-12-03,10,3,293,1026,3.33,17.6,False,True,88.0,False,False
VALE,2020-11-24,2020-12-17,2020-12-23,30,23,227,1608,6.07,8.6,False,True,37.4,False,False
CRM,2020-11-25,2020-12-02,2020-12-22,28,7,560,5258,8.93,67.3,False,True,62.7,False,False
FCN,2020-11-25,2020-11-25,2020-12-21,27,0,30,335,5.4,5.6,False,True,5.6,True,False
IBKR,2020-11-25,2021-01-28,2021-01-29,66,64,1366,3689,9.8,6.1,False,True,139.4,False,False
IPOB,2020-11-25,2020-12-08,2020-12-20,26,13,49,737,11.4,5.4,False,True,4.3,True,False
LCA,2020-11-25,2020-12-03,2020-12-29,35,8,41,720,6.77,5.9,False,True,6.1,True,False
NGA,2020-11-25,2020-12-01,2020-12-28,34,6,91,1303,2.37,11.2,False,True,38.4,False,False
SNOW,2020-11-25,2020-12-04,2020-12-23,29,9,93,1118,14.1,4.3,False,True,6.6,True,False
SRAC,2020-11-25,2020-11-27,2020-11-27,3,2,128,333,7.87,16.9,False,True,16.3,False,False
NAV,2020-11-26,2021-03-04,2021-03-09,104,98,413,12916,15.47,4.5,False,True,26.7,False,False
APHA,2020-11-27,2020-11-30,2020-12-04,8,3,828,2864,43.53,5.2,False,True,19.0,False,False
CRSP,2020-11-27,2020-12-21,2021-02-22,88,24,120,3707,7.4,9.0,False,True,16.2,False,False
GME,2020-11-27,2020-11-30,2020-12-09,13,3,4079,20672,215.67,6.4,False,True,18.9,False,False
LMND,2020-11-27,2020-12-10,2020-12-31,35,13,133,1273,10.8,4.0,False,True,12.3,False,False
VGAC,2020-11-27,2020-11-28,2020-12-16,20,1,39,352,1.37,6.1,False,True,28.5,False,False
AMD,2020-11-30,2020-11-30,2020-12-23,24,0,456,4948,133.47,4.6,False,True,3.4,True,False
CHWY,2020-11-30,2020-12-08,2020-12-29,30,8,235,2082,20.33,5.1,False,True,11.6,False,False
DMYD,2020-11-30,2020-12-08,2020-12-22,23,8,84,636,0.47,32.5,False,True,84.0,False,False
FUSE,2020-11-30,2021-01-29,2021-02-03,66,60,229,3180,5.97,4.6,False,True,38.4,False,False
GIX,2020-11-30,2020-11-30,2020-12-10,11,0,87,458,3.73,14.4,False,True,23.3,False,False
PSTH,2020-11-30,2020-11-30,2020-12-08,9,0,428,1761,51.17,10.7,False,True,8.4,False,False
BB,2020-12-01,2020-12-01,2020-12-07,7,0,314,785,4.57,103.9,False,True,68.7,False,False
SPLK,2020-12-02,2020-12-04,2020-12-09,8,2,99,326,2.7,12.6,False,True,36.7,False,False
LAZR,2020-12-03,2020-12-08,2020-12-09,7,5,785,3049,0.0,453.0,False,True,785.0,False,False
FSLY,2020-12-04,2020-12-04,2020-12-08,5,0,343,670,28.8,19.0,False,True,11.9,False,False
GHIV,2020-12-04,2020-12-10,2021-01-21,49,6,274,5326,1.93,24.0,False,True,142.0,False,False
INTC,2020-12-04,2020-12-04,2020-12-08,5,0,146,453,50.23,4.1,False,True,2.9,True,False
SBUX,2020-12-04,2020-12-04,2020-12-21,18,0,52,434,15.73,4.6,False,True,3.3,True,False
SUMO,2020-12-04,2020-12-07,2020-12-08,5,3,149,329,5.67,8.9,False,True,26.3,False,False
VLDR,2020-12-04,2020-12-08,2020-12-22,19,4,369,2056,5.17,6.6,False,True,71.4,False,False
TIGR,2020-12-06,2021-02-12,2021-03-06,91,68,128,4661,12.33,4.3,False,True,10.4,False,False
BFT,2020-12-07,2020-12-14,2021-01-13,38,7,285,4724,1.8,73.3,False,True,158.3,False,False
IPOC,2020-12-07,2021-01-07,2021-01-07,32,31,106,1312,6.6,5.6,False,True,16.1,False,False
SPCE,2020-12-07,2020-12-14,2020-12-18,12,7,521,3302,93.57,6.2,False,True,5.6,True,False
UEC,2020-12-07,2020-12-08,2020-12-16,10,1,70,323,3.7,17.0,False,True,18.9,False,False
PENN,2020-12-08,2021-02-05,2021-02-12,67,59,79,1361,6.27,5.5,False,True,12.6,False,False
TCBI,2020-12-08,2020-12-11,2020-12-12,5,3,151,476,19.4,12.6,False,True,7.8,True,False
GLSI,2020-12-09,2020-12-09,2020-12-11,3,0,264,537,0.0,264.0,False,True,264.0,False,False
ROKU,2020-12-09,2020-12-17,2020-12-28,20,8,91,550,12.73,7.4,False,True,7.1,True,False
SLS,2020-12-10,2020-12-11,2020-12-14,5,1,142,368,0.37,105.6,False,True,142.0,False,False
DIS,2020-12-11,2020-12-11,2020-12-14,4,0,613,930,28.93,18.9,False,True,21.2,False,False
NFLX,2020-12-11,2020-12-11,2020-12-13,3,0,138,310,53.73,5.1,False,True,2.6,True,False
FDX,2020-12-14,2020-12-17,2020-12-21,8,3,243,693,19.1,6.2,False,True,12.7,False,False
SWI,2020-12-14,2020-12-18,2020-12-21,8,4,150,580,0.23,73.8,False,True,150.0,False,False
VSPR,2020-12-14,2020-12-23,2021-01-11,29,9,49,480,3.0,6.7,False,True,16.3,False,False
BTWN,2020-12-15,2020-12-15,2020-12-29,15,0,99,525,2.0,25.5,False,True,49.5,False,False
CLF,2020-12-15,2020-12-17,2020-12-23,9,2,134,447,8.8,5.6,False,True,15.2,False,False
ENPH,2020-12-15,2021-01-06,2021-01-26,43,22,115,1609,11.57,5.7,False,True,9.9,False,False
MT,2020-12-15,2020-12-16,2020-12-22,8,1,134,635,0.37,56.1,False,True,134.0,False,False
MVIS,2020-12-15,2020-12-23,2020-12-28,14,8,184,646,4.5,4.7,False,True,40.9,False,False
THBR,2020-12-15,2020-12-16,2021-01-08,25,1,80,631,0.63,56.7,False,True,80.0,False,False
TLRY,2020-12-15,2020-12-16,2020-12-17,3,1,391,652,14.23,10.7,False,True,27.5,False,False
NPA,2020-12-16,2021-01-14,2021-01-26,42,29,155,2081,0.23,61.8,False,True,155.0,False,False
TDOC,2020-12-16,2020-12-17,2020-12-29,14,1,56,445,13.5,4.1,False,True,4.1,True,False
CCMP,2020-12-17,2021-01-11,2021-01-13,28,25,45,701,18.73,4.1,False,True,2.4,True,False
FGF,2020-12-17,2021-01-29,2021-02-12,58,43,427,5766,0.0,35.0,False,True,427.0,False,False
FUBO,2020-12-17,2020-12-22,2021-01-05,20,5,221,1474,17.57,4.4,False,True,12.6,False,False
MARA,2020-12-17,2020-12-17,2020-12-30,14,0,183,925,25.4,5.9,False,True,7.2,True,False
CRWD,2020-12-18,2020-12-18,2020-12-28,11,0,147,533,18.7,5.8,False,True,7.9,True,False
FEYE,2020-12-18,2020-12-18,2020-12-23,6,0,216,725,5.13,26.1,False,True,42.1,False,False
INTC,2020-12-18,2020-12-18,2020-12-21,4,0,207,589,56.83,5.5,False,True,3.6,True,False
TXG,2020-12-19,2020-12-19,2021-02-15,59,0,81,1770,5.4,16.2,False,True,15.0,False,False
AAPL,2020-12-21,2020-12-22,2021-03-12,82,1,2559,78559,508.23,4.9,False,True,5.0,True,True
GOEV,2020-12-22,2021-01-13,2021-01-14,24,22,874,5384,0.0,457.0,False,True,874.0,False,False
OCGN,2020-12-22,2020-12-23,2021-01-05,15,1,212,1127,0.23,39.8,False,True,212.0,False,False
STIC,2020-12-23,2020-12-24,2020-12-29,7,1,244,688,1.5,16.0,False,True,162.7,False,False
BABA,2020-12-24,2020-12-24,2020-12-30,7,0,2601,6871,215.43,15.4,False,True,12.1,False,False
BNGO,2020-12-24,2021-01-04,2021-01-05,13,11,450,1734,2.4,7.4,False,True,187.5,False,False
JACK,2020-12-24,2021-01-04,2021-01-14,22,11,41,325,3.33,7.7,False,True,12.3,False,False
BBBY,2020-12-29,2021-01-06,2021-01-07,10,8,179,812,3.8,19.4,False,True,47.1,False,False
PACB,2020-12-29,2021-01-08,2021-01-12,15,10,63,333,7.2,5.2,False,True,8.8,False,False
REGI,2020-12-29,2021-01-07,2021-03-21,83,9,112,3886,19.5,8.8,False,True,5.7,True,True
RMO,2020-12-30,2020-12-30,2021-01-19,21,0,59,369,0.0,59.0,False,True,59.0,False,False
ACB,2021-01-04,2021-01-06,2021-01-07,4,2,230,488,13.97,6.4,False,True,16.5,False,False
CHEK,2021-01-04,2021-01-05,2021-01-06,3,1,208,375,0.57,108.7,False,True,208.0,False,False
GOLD,2021-01-04,2021-01-29,2021-02-01,29,25,390,1584,5.83,6.2,False,True,66.9,False,False
ZOM,2021-01-04,2021-01-12,2021-01-14,11,8,262,1581,4.87,16.0,False,True,53.8,False,False
SNDL,2021-01-05,2021-01-28,2021-02-03,30,23,12488,39522,11.5,5.5,False,True,1085.9,False,False
TNXP,2021-01-05,2021-01-13,2021-01-14,10,8,209,718,4.47,7.6,False,True,46.8,False,False
WKHS,2021-01-05,2021-01-26,2021-02-10,37,21,280,2138,11.9,4.0,False,True,23.5,False,False
XOM,2021-01-05,2021-01-15,2021-01-15,11,10,65,391,20.53,4.4,False,True,3.2,True,False
NVDA,2021-01-06,2021-01-09,2021-01-21,16,3,248,1864,64.13,4.3,False,True,3.9,True,False
SPWR,2021-01-06,2021-01-28,2021-02-09,35,22,96,1197,5.6,7.5,False,True,17.1,False,False
TWTR,2021-01-06,2021-01-28,2021-02-02,28,22,7531,43359,190.87,6.8,False,True,39.5,False,False
IPOD,2021-01-07,2021-01-27,2021-02-25,50,20,87,1476,8.1,10.7,False,True,10.7,False,False
IPOF,2021-01-07,2021-01-07,2021-03-12,65,0,147,3386,17.27,11.3,False,True,8.5,False,False
PLUG,2021-01-07,2021-01-12,2021-01-26,20,5,1059,6748,62.4,13.3,False,True,17.0,False,False
PTE,2021-01-07,2021-01-08,2021-01-13,7,1,124,448,0.23,33.8,False,True,124.0,False,False
SRPT,2021-01-07,2021-01-11,2021-01-20,14,4,171,664,0.4,34.6,False,True,171.0,False,False
ACEV,2021-01-08,2021-01-08,2021-02-16,40,0,34,527,1.33,8.3,False,True,25.6,False,False
AUVI,2021-01-08,2021-01-28,2021-02-11,35,20,286,2508,14.37,5.6,False,True,19.9,False,False
CLOV,2021-01-08,2021-01-27,2021-01-28,21,19,131,751,0.0,56.0,False,True,131.0,False,False
FTIV,2021-01-08,2021-02-12,2021-03-04,56,35,120,3282,28.97,4.2,False,True,4.1,True,False
GCP,2021-01-08,2021-01-28,2021-02-11,35,20,287,2468,15.07,5.4,False,True,19.0,False,False
PSTH,2021-01-08,2021-01-08,2021-01-12,5,0,717,1602,108.13,9.0,False,True,6.6,True,False
TSLA,2021-01-08,2021-01-08,2021-01-12,5,0,8538,24775,1963.43,5.7,False,True,4.3,True,False
TSM,2021-01-08,2021-01-14,2021-01-26,19,6,293,1782,19.93,7.1,False,True,14.7,False,False
CCIV,2021-01-11,2021-01-12,2021-02-05,26,1,1818,14625,5.1,195.2,False,True,356.5,False,False
CCX,2021-01-11,2021-01-12,2021-02-25,46,1,113,1796,3.2,20.8,False,True,35.3,False,False
CCXI,2021-01-11,2021-02-23,2021-02-25,46,43,109,1591,1.2,31.6,False,True,90.8,False,False
MARA,2021-01-11,2021-01-11,2021-01-14,4,0,255,710,56.0,4.5,False,True,4.6,True,False
SNR,2021-01-11,2021-01-28,2021-02-08,29,17,130,1058,8.3,6.6,False,True,15.7,False,False
ACTC,2021-01-12,2021-01-12,2021-01-14,3,0,216,397,5.53,42.0,False,True,39.1,False,False
FCEL,2021-01-12,2021-01-12,2021-01-28,17,0,331,2071,52.8,5.4,False,True,6.3,True,False
GEVO,2021-01-12,2021-01-27,2021-02-02,22,15,207,1330,7.4,4.1,False,True,28.0,False,False
GSAH,2021-01-12,2021-01-29,2021-02-04,24,17,75,647,8.1,10.5,False,True,9.3,False,False
NGA,2021-01-12,2021-01-13,2021-01-21,10,1,228,858,34.7,4.3,False,True,6.6,True,False
SOLO,2021-01-12,2021-02-04,2021-02-05,25,23,64,420,5.47,6.5,False,True,11.7,False,False
GME,2021-01-13,2021-01-28,2021-02-04,23,15,141957,865463,1143.3,11.6,False,True,124.2,False,False
INTC,2021-01-13,2021-01-21,2021-01-22,10,8,1026,3104,75.63,6.9,False,True,13.6,False,False
NFLX,2021-01-13,2021-01-19,2021-02-12,31,6,702,7535,56.87,5.1,False,True,12.3,False,False
NNDM,2021-01-13,2021-01-22,2021-02-10,29,9,144,1475,10.17,8.5,False,True,14.2,False,False
BB,2021-01-14,2021-01-27,2021-02-01,19,13,5247,31069,25.2,32.2,False,True,208.2,False,False
BERY,2021-01-14,2021-01-27,2021-02-01,19,13,286,1458,2.47,14.8,False,True,115.8,False,False
BLK,2021-01-14,2021-02-03,2021-02-08,26,20,956,6224,8.17,10.5,False,True,117.0,False,False
BRLI,2021-01-14,2021-01-30,2021-02-05,23,16,368,2729,18.9,4.5,False,True,19.5,False,False
BRY,2021-01-14,2021-01-27,2021-02-01,19,13,286,1394,2.5,14.2,False,True,114.4,False,False
BYND,2021-01-14,2021-01-26,2021-01-27,14,12,233,577,14.0,8.9,False,True,16.6,False,False
ELF,2021-01-14,2021-01-29,2021-02-09,27,15,140,1416,10.93,4.3,False,True,12.8,False,False
FTOC,2021-01-14,2021-02-03,2021-02-12,30,20,200,1955,7.8,4.8,False,True,25.6,False,False
NOK,2021-01-14,2021-01-27,2021-01-29,16,13,68913,151527,19.3,10.4,False,True,3570.6,False,False
SENS,2021-01-14,2021-02-16,2021-03-04,50,33,356,4273,1.73,16.5,False,True,205.8,False,False
SPCE,2021-01-14,2021-01-14,2021-01-19,6,0,652,1236,78.67,7.2,False,True,8.3,False,False
TRCH,2021-01-14,2021-02-16,2021-03-04,50,33,62,862,3.07,8.0,False,True,20.2,False,False
ZNTE,2021-01-14,2021-01-21,2021-01-27,14,7,79,448,2.8,5.4,False,True,28.2,False,False
AMC,2021-01-15,2021-01-28,2021-02-03,20,13,110205,504049,25.6,7.5,False,True,4304.9,False,False
ELY,2021-01-15,2021-01-20,2021-02-11,28,5,90,1052,2.77,10.6,False,True,32.5,False,False
EXPR,2021-01-15,2021-01-27,2021-01-28,14,12,2190,4595,11.37,5.0,False,True,192.6,False,False
INVH,2021-01-15,2021-01-19,2021-01-28,14,4,125,467,1.43,21.6,False,True,87.4,False,False
LUMN,2021-01-15,2021-01-26,2021-01-27,13,11,290,675,5.33,5.8,False,True,54.4,False,False
SPOT,2021-01-15,2021-01-29,2021-02-05,22,14,277,1804,13.9,7.9,False,True,19.9,False,False
TELL,2021-01-15,2021-01-27,2021-02-05,22,12,515,3262,4.53,14.1,False,True,113.7,False,False
WEN,2021-01-15,2021-01-27,2021-02-12,29,12,122,1567,14.7,5.5,False,True,8.3,False,False
AUPH,2021-01-19,2021-01-23,2021-01-27,9,4,151,644,3.17,6.3,False,True,47.6,False,False
PUMP,2021-01-19,2021-02-03,2021-02-03,16,15,11313,16340,8.9,4.5,False,True,1271.1,False,False
VERY,2021-01-19,2021-01-29,2021-02-03,16,10,692,3042,13.97,4.3,False,True,49.5,False,False
ANTM,2021-01-20,2021-01-30,2021-02-02,14,10,492,1644,4.2,7.7,False,True,117.1,False,False
CLII,2021-01-20,2021-01-22,2021-02-01,13,2,138,696,18.67,4.3,False,True,7.4,True,False
F,2021-01-20,2021-01-21,2021-01-26,7,1,237,599,4.03,13.0,False,True,58.8,False,False
GSAT,2021-01-20,2021-01-28,2021-01-29,10,8,194,592,3.8,14.1,False,True,51.1,False,False
INSE,2021-01-20,2021-01-30,2021-02-04,16,10,309,2012,9.63,4.7,False,True,32.1,False,False
AMD,2021-01-21,2021-01-21,2021-02-19,30,0,1023,14635,215.97,4.9,False,True,4.7,True,False
ATOS,2021-01-21,2021-02-04,2021-02-05,16,14,387,2564,3.47,10.4,False,True,111.5,False,False
CNXN,2021-01-21,2021-01-28,2021-02-04,15,7,321,1654,19.3,10.8,False,True,16.6,False,False
FPAC,2021-01-21,2021-02-25,2021-03-17,56,35,43,841,0.2,31.8,False,True,43.0,False,False
IBM,2021-01-21,2021-01-21,2021-02-01,12,0,140,521,11.77,18.5,False,True,11.9,False,False
LIVE,2021-01-21,2021-01-27,2021-02-03,14,6,889,4145,5.37,14.0,False,True,165.5,False,False
RGP,2021-01-21,2021-01-28,2021-02-04,15,7,321,1659,19.3,10.8,False,True,16.6,False,False
SPB,2021-01-21,2021-01-28,2021-02-04,15,7,206,1251,12.33,5.5,False,True,16.7,False,False
SPPI,2021-01-21,2021-01-28,2021-02-06,17,7,206,1366,12.47,5.1,False,True,16.5,False,False
BRO,2021-01-22,2021-01-27,2021-02-05,15,5,275,1566,7.83,7.0,False,True,35.1,False,False
CAP,2021-01-22,2021-01-28,2021-02-04,14,6,532,2817,0.0,42.0,False,True,532.0,False,False
CASH,2021-01-22,2021-01-28,2021-02-02,12,6,1041,3253,5.53,8.6,False,True,188.2,False,False
CRSR,2021-01-22,2021-02-09,2021-02-16,26,18,823,7133,92.1,5.4,False,True,8.9,False,False
DISCB,2021-01-22,2021-01-28,2021-02-11,21,6,117,871,11.27,4.8,False,True,10.4,False,False
DISCK,2021-01-22,2021-01-28,2021-02-11,21,6,120,875,11.3,4.8,False,True,10.6,False,False
DOOR,2021-01-22,2021-01-28,2021-02-05,15,6,291,1362,2.0,12.5,False,True,145.5,False,False
EAT,2021-01-22,2021-01-28,2021-01-29,8,6,1266,2596,4.3,7.8,False,True,294.4,False,False
FAST,2021-01-22,2021-01-29,2021-02-05,15,7,321,1503,4.43,7.4,False,True,72.5,False,False
FLY,2021-01-22,2021-01-28,2021-02-02,12,6,474,1873,9.83,5.6,False,True,48.2,False,False
HEAR,2021-01-22,2021-01-29,2021-02-05,15,7,303,1677,7.33,4.3,False,True,41.3,False,False
PLTR,2021-01-22,2021-01-22,2021-01-27,6,0,4028,15875,1180.1,4.2,False,True,3.4,True,False
RIDE,2021-01-22,2021-01-28,2021-02-04,14,6,912,4784,18.33,9.0,False,True,49.8,False,False
RTP,2021-01-22,2021-02-24,2021-03-10,48,33,81,1340,7.17,5.2,False,True,11.3,False,False
SHIP,2021-01-22,2021-01-27,2021-02-02,12,5,485,1586,5.37,7.6,False,True,90.3,False,False
SKY,2021-01-22,2021-01-28,2021-02-04,14,6,263,1416,7.3,5.0,False,True,36.0,False,False
SON,2021-01-22,2021-01-29,2021-02-02,12,7,81,383,2.73,12.1,False,True,29.7,False,False
STAY,2021-01-22,2021-01-28,2021-02-02,12,6,1252,5171,6.83,6.3,False,True,183.3,False,False
UWMC,2021-01-22,2021-01-27,2021-02-12,22,5,117,1006,0.0,46.0,False,True,117.0,False,False
WAT,2021-01-22,2021-02-04,2021-02-05,15,13,244,1277,8.33,5.5,False,True,29.3,False,False
WORK,2021-01-22,2021-01-27,2021-02-01,11,5,767,2664,18.6,4.1,False,True,41.2,False,False
WOW,2021-01-22,2021-01-28,2021-02-05,15,6,197,1255,4.63,7.9,False,True,42.5,False,False
TR,2021-01-23,2021-01-27,2021-01-29,7,4,267,700,1.0,19.9,False,True,267.0,False,False
GS,2021-01-24,2021-01-31,2021-02-01,9,7,218,934,12.33,8.4,False,True,17.7,False,False
ACRX,2021-01-25,2021-01-25,2021-02-10,17,0,54,366,0.5,37.4,False,True,54.0,False,False
AIN,2021-01-25,2021-01-29,2021-02-02,9,4,263,1092,3.57,7.2,False,True,73.7,False,False
AMCX,2021-01-25,2021-01-27,2021-02-01,8,2,445,1995,13.37,7.0,False,True,33.3,False,False
ATEN,2021-01-25,2021-01-28,2021-02-05,12,3,210,1303,12.87,4.7,False,True,16.3,False,False
BBBY,2021-01-25,2021-01-27,2021-01-29,5,2,1809,6030,95.8,5.9,False,True,18.9,False,False
BGS,2021-01-25,2021-01-27,2021-03-23,58,2,53,1242,8.0,9.9,False,True,6.6,True,False
BOOM,2021-01-25,2021-01-27,2021-02-05,12,2,272,1249,5.83,4.9,False,True,46.7,False,False
CALM,2021-01-25,2021-01-28,2021-02-02,9,3,129,545,1.33,10.7,False,True,97.0,False,False
CARE,2021-01-25,2021-01-28,2021-02-04,11,3,217,1027,2.07,12.1,False,True,104.8,False,False
CUZ,2021-01-25,2021-01-28,2021-02-02,9,3,160,734,4.93,8.1,False,True,32.5,False,False
DARE,2021-01-25,2021-01-29,2021-02-02,9,4,126,572,3.23,6.2,False,True,39.0,False,False
ERIC,2021-01-25,2021-02-01,2021-02-02,9,7,236,809,7.17,8.6,False,True,32.9,False,False
ESTA,2021-01-25,2021-01-28,2021-01-31,7,3,1003,2540,6.5,4.4,False,True,154.3,False,False
FAT,2021-01-25,2021-01-28,2021-02-02,9,3,135,610,3.1,9.1,False,True,43.5,False,False
FIZZ,2021-01-25,2021-01-27,2021-02-01,8,2,117,491,4.57,7.9,False,True,25.6,False,False
FTCV,2021-01-25,2021-02-12,2021-03-06,41,18,121,2501,0.0,61.0,False,True,121.0,False,False
GNUS,2021-01-25,2021-01-27,2021-01-28,4,2,1025,2064,5.4,7.9,False,True,189.8,False,False
GOGO,2021-01-25,2021-01-27,2021-01-28,4,2,212,391,0.83,38.8,False,True,212.0,False,False
GTES,2021-01-25,2021-01-28,2021-02-03,10,3,402,1804,22.73,6.3,False,True,17.7,False,False
HES,2021-01-25,2021-02-02,2021-02-03,10,8,512,2057,3.1,9.1,False,True,165.2,False,False
HOME,2021-01-25,2021-01-29,2021-02-04,11,4,130,721,3.93,9.2,False,True,33.1,False,False
HOPE,2021-01-25,2021-01-28,2021-02-05,12,3,236,1472,4.63,7.0,False,True,51.0,False,False
INFO,2021-01-25,2021-02-01,2021-02-05,12,7,104,737,1.9,14.9,False,True,54.7,False,False
IVR,2021-01-25,2021-01-27,2021-02-04,11,2,100,447,4.8,7.2,False,True,20.8,False,False
JOB,2021-01-25,2021-01-29,2021-02-01,8,4,269,1019,2.07,37.9,False,True,130.0,False,False
KOSS,2021-01-25,2021-01-28,2021-01-29,5,3,1018,1838,0.13,31.9,False,True,1018.0,False,False
MAC,2021-01-25,2021-01-27,2021-02-01,8,2,469,2082,12.17,4.5,False,True,38.5,False,False
MARK,2021-01-25,2021-02-02,2021-02-03,10,8,417,1194,4.1,9.5,False,True,101.7,False,False
MSGN,2021-01-25,2021-01-28,2021-02-05,12,3,211,1310,12.97,5.1,False,True,16.3,False,False
NP,2021-01-25,2021-01-29,2021-02-01,8,4,71,362,2.3,19.2,False,True,30.9,False,False
PEAK,2021-01-25,2021-01-28,2021-02-02,9,3,84,392,1.3,16.7,False,True,64.6,False,False
RKT,2021-01-25,2021-01-27,2021-02-09,16,2,452,2588,58.87,10.9,False,True,7.7,True,False
SAVE,2021-01-25,2021-01-27,2021-02-05,12,2,505,2470,5.23,6.5,False,True,96.6,False,False
SGRY,2021-01-25,2021-01-27,2021-02-05,12,2,180,1045,9.73,5.7,False,True,18.5,False,False
SPRQ,2021-01-25,2021-01-25,2021-02-04,11,0,57,362,1.2,24.2,False,True,47.5,False,False
TOWN,2021-01-25,2021-01-27,2021-01-29,5,2,105,359,3.47,7.3,False,True,30.3,False,False
TRIT,2021-01-25,2021-01-27,2021-02-05,12,2,58,383,4.6,4.3,False,True,12.6,False,False
VXRT,2021-01-25,2021-02-03,2021-02-11,18,9,376,2195,1.13,18.7,False,True,332.7,False,False
AGO,2021-01-26,2021-01-28,2021-02-05,11,2,140,752,2.73,5.9,False,True,51.3,False,False
ALOT,2021-01-26,2021-01-27,2021-02-02,8,1,139,616,2.37,9.9,False,True,58.6,False,False
ARC,2021-01-26,2021-01-31,2021-02-10,16,5,145,968,12.43,6.9,False,True,11.7,False,False
BEAT,2021-01-26,2021-01-28,2021-02-03,9,2,226,984,3.1,7.6,False,True,72.9,False,False
BKNG,2021-01-26,2021-02-19,2021-02-19,25,24,341,769,5.73,6.8,False,True,59.5,False,False
CKX,2021-01-26,2021-01-29,2021-02-12,18,3,74,683,9.07,5.3,False,True,8.2,False,False
CLVS,2021-01-26,2021-01-27,2021-02-08,14,1,178,759,1.1,8.6,False,True,161.8,False,False
CRY,2021-01-26,2021-01-28,2021-02-03,9,2,221,768,2.33,7.9,False,True,94.8,False,False
DDS,2021-01-26,2021-01-27,2021-01-29,4,1,139,305,2.57,6.6,False,True,54.1,False,False
DFS,2021-01-26,2021-02-19,2021-02-19,25,24,358,1291,10.8,4.3,False,True,33.1,False,False
ELS,2021-01-26,2021-02-01,2021-02-12,18,6,92,896,16.23,4.2,False,True,5.7,True,False
EYES,2021-01-26,2021-01-27,2021-02-02,8,1,104,506,2.5,14.1,False,True,41.6,False,False
FNKO,2021-01-26,2021-01-30,2021-02-08,14,4,73,591,6.17,4.6,False,True,11.8,False,False
FOLD,2021-01-26,2021-01-29,2021-01-29,4,3,557,907,1.9,9.3,False,True,293.2,False,False
GBNY,2021-01-26,2021-01-28,2021-02-05,11,2,180,1307,8.0,6.1,False,True,22.5,False,False
GMBL,2021-01-26,2021-02-04,2021-02-14,20,9,130,1124,13.93,6.1,False,True,9.3,False,False
GPRO,2021-01-26,2021-01-27,2021-02-05,11,1,161,919,4.97,7.4,False,True,32.4,False,False
IDEX,2021-01-26,2021-01-28,2021-01-28,3,2,728,1056,13.03,4.1,False,True,55.9,False,False
INO,2021-01-26,2021-02-01,2021-02-03,9,6,258,1343,3.93,8.3,False,True,65.6,False,False
KIDS,2021-01-26,2021-01-27,2021-02-02,8,1,137,542,2.23,7.4,False,True,61.4,False,False
LAND,2021-01-26,2021-01-29,2021-02-02,8,3,94,365,3.03,5.1,False,True,31.0,False,False
LGND,2021-01-26,2021-01-28,2021-02-09,15,2,132,873,1.8,7.2,False,True,73.3,False,False
MIND,2021-01-26,2021-01-27,2021-02-03,9,1,93,495,2.3,14.5,False,True,40.4,False,False
MSFT,2021-01-26,2021-01-26,2021-02-05,11,0,722,4340,178.4,8.5,False,True,4.0,True,False
MVIS,2021-01-26,2021-01-27,2021-01-28,3,1,148,351,11.0,9.2,False,True,13.5,False,False
NBA,2021-01-26,2021-01-29,2021-02-04,10,3,125,494,7.0,5.5,False,True,17.9,False,False
OEG,2021-01-26,2021-01-30,2021-02-01,7,4,424,897,5.87,6.6,False,True,72.2,False,False
ONTO,2021-01-26,2021-01-28,2021-02-02,8,2,139,535,2.33,9.0,False,True,59.7,False,False
OPK,2021-01-26,2021-01-27,2021-02-02,8,1,78,366,2.0,8.0,False,True,39.0,False,False
PLAN,2021-01-26,2021-01-28,2021-02-04,10,2,280,1230,3.5,5.2,False,True,80.0,False,False
PLUS,2021-01-26,2021-01-28,2021-01-29,4,2,523,869,3.17,14.8,False,True,165.0,False,False
PXD,2021-01-26,2021-02-19,2021-02-19,25,24,441,3977,38.03,7.1,False,True,11.6,False,False
RACE,2021-01-26,2021-01-29,2021-02-10,16,3,78,666,10.83,6.7,False,True,7.2,True,False
RBC,2021-01-26,2021-01-28,2021-01-29,4,2,666,1437,5.77,43.7,False,True,115.4,False,False
RCKY,2021-01-26,2021-01-29,2021-02-06,12,3,69,455,6.7,5.7,False,True,10.3,False,False
ROAD,2021-01-26,2021-01-27,2021-02-09,15,1,162,974,21.07,8.2,False,True,7.7,True,False
ROCK,2021-01-26,2021-01-29,2021-02-04,10,3,95,617,3.2,10.6,False,True,29.7,False,False
SBUX,2021-01-26,2021-01-30,2021-02-02,8,4,202,821,17.93,8.1,False,True,11.3,False,False
SIRI,2021-01-26,2021-01-27,2021-01-31,6,1,210,508,4.5,6.1,False,True,46.7,False,False
SKM,2021-01-26,2021-01-26,2021-02-12,18,0,35,310,8.13,4.4,False,True,4.3,True,False
SKT,2021-01-26,2021-01-27,2021-01-31,6,1,177,618,1.13,24.1,False,True,156.6,False,False
SPCE,2021-01-26,2021-01-28,2021-02-04,10,2,1442,6911,100.93,4.8,False,True,14.3,False,False
SRNE,2021-01-26,2021-01-27,2021-02-01,7,1,270,868,5.93,7.5,False,True,45.5,False,False
STRA,2021-01-26,2021-02-03,2021-03-16,50,8,125,2149,19.97,4.5,False,True,6.3,True,False
TTOO,2021-01-26,2021-02-05,2021-02-05,11,10,307,481,3.5,5.8,False,True,87.7,False,False
VLY,2021-01-26,2021-01-31,2021-02-10,16,5,118,968,15.13,4.1,False,True,7.8,True,False
XSPA,2021-01-26,2021-01-28,2021-02-02,8,2,452,1461,4.97,6.2,False,True,90.9,False,False
AAL,2021-01-27,2021-01-28,2021-01-29,3,1,1718,2611,13.37,36.1,False,True,128.5,False,False
ACH,2021-01-27,2021-01-29,2021-02-02,7,2,254,811,3.47,9.8,False,True,73.2,False,False
ACIU,2021-01-27,2021-01-28,2021-02-12,17,1,57,588,10.0,6.6,False,True,5.7,True,False
ADCT,2021-01-27,2021-01-28,2021-02-19,24,1,82,1166,12.7,7.4,False,True,6.5,True,False
AG,2021-01-27,2021-01-30,2021-02-01,6,3,438,1621,0.77,56.0,False,True,438.0,False,False
AME,2021-01-27,2021-01-28,2021-02-05,10,1,78,377,0.23,38.8,False,True,78.0,False,False
APPS,2021-01-27,2021-01-28,2021-02-04,9,1,219,638,8.57,17.1,False,True,25.6,False,False
AXDX,2021-01-27,2021-01-31,2021-02-03,8,4,76,332,1.67,9.4,False,True,45.5,False,False
BAND,2021-01-27,2021-01-28,2021-02-03,8,1,73,341,5.57,9.5,False,True,13.1,False,False
BBW,2021-01-27,2021-01-28,2021-01-29,3,1,411,771,2.93,53.8,False,True,140.3,False,False
BRK,2021-01-27,2021-02-19,2021-02-19,24,23,350,1311,17.33,7.1,False,True,20.2,False,False
BRPA,2021-01-27,2021-01-28,2021-02-09,14,1,66,353,6.37,5.3,False,True,10.4,False,False
CCCC,2021-01-27,2021-01-28,2021-02-19,24,1,82,1170,12.7,7.7,False,True,6.5,True,False
CCMP,2021-01-27,2021-05-05,2021-05-05,99,98,840,7017,23.9,8.0,False,True,35.1,False,False
CECE,2021-01-27,2021-01-27,2021-03-04,37,0,45,800,10.93,8.7,False,True,4.1,True,False
CIDM,2021-01-27,2021-02-08,2021-02-10,15,12,74,521,2.67,18.3,False,True,27.7,False,False
CMCSA,2021-01-27,2021-01-29,2021-02-01,6,2,70,328,4.37,14.0,False,True,16.0,False,False
CNK,2021-01-27,2021-01-27,2021-02-09,14,0,142,712,5.47,23.3,False,True,26.0,False,False
COKE,2021-01-27,2021-01-27,2021-02-12,17,0,37,431,10.43,5.7,False,True,3.5,True,False
COST,2021-01-27,2021-02-04,2021-02-04,9,8,198,576,6.23,7.1,False,True,31.8,False,False
CPA,2021-01-27,2021-01-30,2021-02-27,32,3,44,572,7.27,10.7,False,True,6.1,True,False
CTRM,2021-01-27,2021-01-28,2021-01-29,3,1,1265,2645,12.93,50.1,False,True,97.8,False,False
CUK,2021-01-27,2021-01-28,2021-02-03,8,1,185,530,7.5,10.3,False,True,24.7,False,False
CVS,2021-01-27,2021-02-19,2021-02-19,24,23,352,1141,11.87,6.8,False,True,29.7,False,False
DBX,2021-01-27,2021-01-27,2021-02-12,17,0,44,351,8.07,6.1,False,True,5.5,True,False
DOW,2021-01-27,2021-01-29,2021-02-03,8,2,67,329,10.73,4.3,False,True,6.2,True,False
ESI,2021-01-27,2021-01-28,2021-02-10,15,1,86,710,8.5,8.3,False,True,10.1,False,False
ETH,2021-01-27,2021-01-30,2021-02-28,33,3,389,5298,17.07,5.1,False,True,22.8,False,False
FOSL,2021-01-27,2021-01-28,2021-02-24,29,1,65,766,13.27,5.1,False,True,4.9,True,False
FOX,2021-01-27,2021-01-28,2021-02-03,8,1,66,318,2.17,19.5,False,True,30.4,False,False
FRG,2021-01-27,2021-01-30,2021-02-11,16,3,48,361,6.27,9.1,False,True,7.7,True,False
FRO,2021-01-27,2021-01-28,2021-02-04,9,1,62,330,2.33,9.8,False,True,26.6,False,False
FTHM,2021-01-27,2021-01-28,2021-02-10,15,1,50,410,5.63,6.1,False,True,8.9,False,False
FUBO,2021-01-27,2021-01-27,2021-02-04,9,0,507,2408,69.83,7.6,False,True,7.3,True,False
GFL,2021-01-27,2021-01-27,2021-03-04,37,0,48,808,10.93,9.5,False,True,4.4,True,False
GRA,2021-01-27,2021-01-28,2021-02-11,16,1,51,452,7.67,6.4,False,True,6.6,True,False
GROW,2021-01-27,2021-01-29,2021-01-29,3,2,182,399,1.53,54.6,False,True,119.0,False,False
GRUB,2021-01-27,2021-02-01,2021-02-11,16,5,71,581,7.8,6.6,False,True,9.1,False,False
GTHX,2021-01-27,2021-01-28,2021-02-19,24,1,95,1294,12.8,8.4,False,True,7.4,True,False
GTIM,2021-01-27,2021-01-29,2021-02-11,16,2,111,849,11.63,7.7,False,True,9.5,False,False
GTT,2021-01-27,2021-01-28,2021-02-01,6,1,113,330,7.23,8.8,False,True,15.6,False,False
IEC,2021-01-27,2021-01-31,2021-02-05,10,4,95,498,12.47,4.3,False,True,7.6,True,False
IHC,2021-01-27,2021-01-29,2021-02-02,7,2,65,328,6.77,7.2,False,True,9.6,False,False
ING,2021-01-27,2021-01-29,2021-01-29,3,2,262,444,2.5,11.6,False,True,104.8,False,False
JAGX,2021-01-27,2021-01-28,2021-01-29,3,1,191,413,15.03,6.0,False,True,12.7,False,False
JAN,2021-01-27,2021-01-30,2021-02-01,6,3,201,596,10.87,7.6,False,True,18.5,False,False
JCS,2021-01-27,2021-01-28,2021-02-01,6,1,108,303,7.17,6.7,False,True,15.1,False,False
KEY,2021-01-27,2021-02-03,2021-02-03,8,7,394,721,1.7,23.4,False,True,231.8,False,False
LPL,2021-01-27,2021-01-28,2021-02-08,13,1,155,932,13.93,8.1,False,True,11.1,False,False
MAX,2021-01-27,2021-01-29,2021-02-02,7,2,135,387,7.87,6.5,False,True,17.2,False,False
MCD,2021-01-27,2021-01-27,2021-02-05,10,0,65,440,18.8,6.2,False,True,3.5,True,False
MIST,2021-01-27,2021-01-28,2021-02-11,16,1,61,371,7.2,5.3,False,True,8.5,False,False
MKSI,2021-01-27,2021-01-30,2021-02-26,31,3,64,828,8.77,11.2,False,True,7.3,True,False
MOD,2021-01-27,2021-02-04,2021-02-04,9,8,99,342,3.2,9.1,False,True,30.9,False,False
NAK,2021-01-27,2021-01-28,2021-02-01,6,1,187,576,2.8,25.4,False,True,66.8,False,False
NAKD,2021-01-27,2021-01-28,2021-01-29,3,1,9701,21389,4.0,1784.4,False,True,2425.2,False,False
NATI,2021-01-27,2021-01-30,2021-02-26,31,3,64,823,8.8,11.0,False,True,7.3,True,False
NCLH,2021-01-27,2021-02-19,2021-02-19,24,23,363,791,4.63,8.6,False,True,78.4,False,False
NDLS,2021-01-27,2021-01-29,2021-02-05,10,2,53,350,4.43,6.2,False,True,12.0,False,False
NVAX,2021-01-27,2021-01-29,2021-02-10,15,2,142,1089,7.13,23.3,False,True,19.9,False,False
NYC,2021-01-27,2021-01-30,2021-02-02,7,3,223,901,16.8,7.2,False,True,13.3,False,False
OSS,2021-01-27,2021-01-27,2021-02-16,21,0,40,441,6.1,9.1,False,True,6.6,True,False
PATK,2021-01-27,2021-01-31,2021-02-05,10,4,128,631,7.53,5.8,False,True,17.0,False,False
PPL,2021-01-27,2021-01-28,2021-02-02,7,1,153,583,2.27,25.1,False,True,67.4,False,False
PRTH,2021-01-27,2021-01-28,2021-02-12,17,1,117,962,13.4,13.3,False,True,8.7,False,False
PRTY,2021-01-27,2021-01-29,2021-02-01,6,2,135,456,1.57,35.1,False,True,86.0,False,False
PTCT,2021-01-27,2021-01-28,2021-02-19,24,1,82,1166,12.7,7.4,False,True,6.5,True,False
PYPL,2021-01-27,2021-02-19,2021-02-24,29,23,413,4139,45.97,4.3,False,True,9.0,False,False
RACA,2021-01-27,2021-01-28,2021-02-19,24,1,82,1165,12.73,7.5,False,True,6.4,True,False
RAPT,2021-01-27,2021-01-28,2021-02-19,24,1,82,1165,12.7,7.4,False,True,6.5,True,False
RPAY,2021-01-27,2021-01-28,2021-02-02,7,1,759,1503,6.23,47.1,False,True,121.8,False,False
SBAC,2021-01-27,2021-01-28,2021-02-01,6,1,108,303,7.17,6.7,False,True,15.1,False,False
SOS,2021-01-27,2021-03-03,2021-03-04,37,35,652,5630,4.9,13.8,False,True,133.1,False,False
STEP,2021-01-27,2021-01-29,2021-02-05,10,2,87,416,2.43,11.9,False,True,35.8,False,False
TCBI,2021-01-27,2021-01-29,2021-02-03,8,2,364,1326,25.53,6.7,False,True,14.3,False,False
TCRR,2021-01-27,2021-01-28,2021-02-19,24,1,82,1167,12.7,7.4,False,True,6.5,True,False
TGTX,2021-01-27,2021-01-28,2021-02-19,24,1,83,1187,12.87,7.3,False,True,6.4,True,False
THCB,2021-01-27,2021-02-01,2021-02-02,7,5,528,1127,54.67,4.3,False,True,9.7,False,False
THO,2021-01-27,2021-01-28,2021-02-05,10,1,99,415,2.97,9.5,False,True,33.3,False,False
TMBR,2021-01-27,2021-01-27,2021-02-26,31,0,38,347,2.93,12.0,False,True,13.0,False,False
TRIP,2021-01-27,2021-01-29,2021-02-03,8,2,83,348,4.73,9.1,False,True,17.5,False,False
TRVG,2021-01-27,2021-01-27,2021-01-29,3,0,194,331,0.93,98.3,False,True,194.0,False,False
TXMD,2021-01-27,2021-02-08,2021-02-17,22,12,135,1059,1.17,19.1,False,True,115.4,False,False
VBIV,2021-01-27,2021-02-02,2021-02-16,21,6,240,3005,47.43,8.4,False,True,5.1,True,False
VEL,2021-01-27,2021-01-27,2021-03-26,59,0,43,1123,8.1,6.6,False,True,5.3,True,False
VGAC,2021-01-27,2021-02-04,2021-02-05,10,8,193,499,8.0,7.2,False,True,24.1,False,False
VS,2021-01-27,2021-01-30,2021-02-12,17,3,230,1847,14.5,4.9,False,True,15.9,False,False
VTVT,2021-01-27,2021-01-28,2021-02-19,24,1,83,1205,12.73,7.7,False,True,6.5,True,False
WBS,2021-01-27,2021-01-28,2021-02-04,9,1,77,348,2.8,13.2,False,True,27.5,False,False
WFC,2021-01-27,2021-01-28,2021-01-30,4,1,334,701,21.7,5.0,False,True,15.4,False,False
WISH,2021-01-27,2021-01-28,2021-02-02,7,1,128,507,12.93,6.1,False,True,9.9,False,False
WNEB,2021-01-27,2021-01-29,2021-02-05,10,2,99,557,6.67,6.1,False,True,14.8,False,False
WTI,2021-01-27,2021-06-21,2021-07-15,170,145,54,3463,6.93,12.2,False,True,7.8,True,True
ZEAL,2021-01-27,2021-01-29,2021-02-02,7,2,375,1095,7.0,7.9,False,True,53.6,False,False
ZNGA,2021-01-27,2021-02-11,2021-02-12,17,15,203,951,7.3,4.6,False,True,27.8,False,False
ZOM,2021-01-27,2021-02-08,2021-02-12,17,12,723,5784,74.37,6.0,False,True,9.7,False,False
ALGN,2021-01-28,2021-02-19,2021-02-19,23,22,357,986,9.3,11.3,False,True,38.4,False,False
ASX,2021-01-28,2021-01-30,2021-02-22,26,2,58,603,4.03,10.9,False,True,14.4,False,False
BCRX,2021-01-28,2021-01-30,2021-02-02,6,2,297,1051,1.83,37.9,False,True,162.3,False,False
CVLB,2021-01-28,2021-02-10,2021-02-12,16,13,151,1370,21.17,9.9,False,True,7.1,True,False
DISCA,2021-01-28,2021-01-28,2021-02-11,15,0,123,736,18.33,10.0,False,True,6.7,True,False
EVOL,2021-01-28,2021-01-28,2021-02-20,24,0,30,376,6.07,4.4,False,True,4.9,True,False
GENE,2021-01-28,2021-02-05,2021-02-12,16,8,43,361,6.83,5.9,False,True,6.3,True,False
GTE,2021-01-28,2021-01-28,2021-02-02,6,0,216,821,1.5,96.4,False,True,144.0,False,False
HD,2021-01-28,2021-01-28,2021-03-17,49,0,61,1212,9.9,9.7,False,True,6.2,True,False
HFFG,2021-01-28,2021-02-08,2021-03-18,50,11,44,957,9.43,4.1,False,True,4.7,True,False
HIHO,2021-01-28,2021-01-29,2021-02-05,9,1,80,316,6.57,6.1,False,True,12.2,False,False
HIMS,2021-01-28,2021-01-28,2021-03-01,33,0,53,487,2.0,12.5,False,True,26.5,False,False
JPM,2021-01-28,2021-01-31,2021-02-01,5,3,442,1284,29.97,6.7,False,True,14.7,False,False
LTC,2021-01-28,2021-02-02,2021-02-25,29,5,109,1173,3.1,9.4,False,True,35.2,False,False
LUV,2021-01-28,2021-02-19,2021-02-19,23,22,350,849,7.3,10.0,False,True,47.9,False,False
MASS,2021-01-28,2021-01-31,2021-03-02,34,3,73,1174,18.43,4.1,False,True,4.0,True,False
MTX,2021-01-28,2021-01-28,2021-03-23,55,0,43,907,6.27,7.1,False,True,6.9,True,False
NYT,2021-01-28,2021-01-31,2021-01-31,4,3,980,1357,8.33,10.9,False,True,117.6,False,False
OBNK,2021-01-28,2021-02-13,2021-02-24,28,16,86,929,8.77,4.5,False,True,9.8,False,False
OCGN,2021-01-28,2021-02-08,2021-02-09,13,11,1683,4143,38.7,6.6,False,True,43.5,False,False
PFE,2021-01-28,2021-02-19,2021-02-19,23,22,385,1935,34.47,4.8,False,True,11.2,False,False
PHX,2021-01-28,2021-01-28,2021-03-23,55,0,43,878,6.33,7.0,False,True,6.8,True,False
TTWO,2021-01-28,2021-01-29,2021-02-13,17,1,49,433,5.07,8.7,False,True,9.7,False,False
USCR,2021-01-28,2021-02-04,2021-02-12,16,7,81,793,13.43,10.3,False,True,6.0,True,False
USFD,2021-01-28,2021-02-08,2021-03-18,50,11,45,976,9.5,4.0,False,True,4.7,True,False
WASH,2021-01-28,2021-01-31,2021-02-04,8,3,206,1102,21.47,7.4,False,True,9.6,False,False
ALJJ,2021-01-29,2021-01-30,2021-03-16,47,1,37,616,6.33,7.7,False,True,5.8,True,False
ALUS,2021-01-29,2021-02-03,2021-02-17,20,5,69,488,1.07,16.6,False,True,64.5,False,False
MRNA,2021-01-29,2021-01-29,2021-02-09,12,0,115,822,33.2,4.3,False,True,3.5,True,False
PHUN,2021-01-29,2021-02-01,2021-02-02,5,3,108,319,1.97,12.4,False,True,54.8,False,False
PRPL,2021-01-29,2021-01-30,2021-02-16,19,1,61,588,13.23,5.9,False,True,4.6,True,False
SLS,2021-01-29,2021-02-03,2021-02-04,7,5,114,319,3.37,14.9,False,True,33.8,False,False
VET,2021-01-29,2021-02-05,2021-02-21,24,7,199,1974,2.43,13.1,False,True,81.9,False,False
AMP,2021-01-30,2021-02-19,2021-02-19,21,20,367,1296,3.4,5.3,False,True,107.9,False,False
GOOG,2021-01-30,2021-02-02,2021-02-05,7,3,152,633,27.03,5.0,False,True,5.6,True,False
GOOGL,2021-01-30,2021-02-02,2021-02-05,7,3,120,477,19.2,5.4,False,True,6.2,True,False
MDWT,2021-01-30,2021-01-30,2021-03-12,42,0,31,510,6.43,6.1,False,True,4.8,True,False
BCH,2021-01-31,2021-01-31,2021-02-22,23,0,41,361,3.5,5.2,False,True,11.7,False,False
MGM,2021-02-01,2021-02-01,2021-02-10,10,0,89,355,8.33,15.3,False,True,10.7,False,False
MORN,2021-02-01,2021-02-10,2021-02-10,10,9,670,1643,10.07,17.3,False,True,66.5,False,False
OSK,2021-02-01,2021-02-10,2021-02-17,17,9,40,341,0.63,28.6,False,True,40.0,False,False
THC,2021-02-01,2021-02-01,2021-03-01,29,0,85,761,11.33,11.2,False,True,7.5,True,False
UUUU,2021-02-01,2021-02-01,2021-02-23,23,0,77,863,25.17,4.4,False,True,3.1,True,False
AEZS,2021-02-02,2021-02-08,2021-02-10,9,6,151,520,1.7,16.7,False,True,88.8,False,False
DKNG,2021-02-02,2021-02-02,2021-02-11,10,0,307,1753,65.53,7.3,False,True,4.7,True,False
PINS,2021-02-02,2021-02-04,2021-02-11,10,2,242,741,18.03,4.4,False,True,13.4,False,False
SAVA,2021-02-02,2021-02-04,2021-02-05,4,2,531,1405,2.87,52.2,False,True,185.0,False,False
SNAP,2021-02-02,2021-02-04,2021-02-05,4,2,220,514,20.53,4.5,False,True,10.7,False,False
APHA,2021-02-03,2021-02-10,2021-02-11,9,7,5543,15485,158.7,6.9,False,True,34.9,False,False
CBD,2021-02-03,2021-02-10,2021-02-24,22,7,117,937,12.57,4.1,False,True,9.3,False,False
CGC,2021-02-03,2021-02-10,2021-02-11,9,7,431,1490,27.1,4.7,False,True,15.9,False,False
CRON,2021-02-03,2021-02-11,2021-02-12,10,8,172,683,13.6,7.0,False,True,12.6,False,False
FLT,2021-02-03,2021-02-08,2021-02-11,9,5,101,366,4.13,7.6,False,True,24.5,False,False
QCOM,2021-02-03,2021-02-19,2021-02-19,17,16,357,1196,14.37,14.5,False,True,24.8,False,False
TLRY,2021-02-03,2021-02-10,2021-02-11,9,7,6760,17688,202.43,4.3,False,True,33.4,False,False
TYME,2021-02-03,2021-02-03,2021-02-09,7,0,131,344,2.53,44.7,False,True,51.8,False,False
CLOV,2021-02-04,2021-02-04,2021-02-09,6,0,450,1098,30.1,14.5,False,True,15.0,False,False
MLM,2021-02-04,2021-02-19,2021-02-19,16,15,364,664,6.73,4.5,False,True,54.1,False,False
PTON,2021-02-04,2021-02-04,2021-02-22,19,0,141,729,22.3,7.9,False,True,6.3,True,False
SKLZ,2021-02-04,2021-02-04,2021-02-09,6,0,92,322,15.07,5.7,False,True,6.1,True,False
AGTC,2021-02-05,2021-02-16,2021-02-23,19,11,97,709,0.9,28.7,False,True,97.0,False,False
CCV,2021-02-05,2021-02-23,2021-02-25,21,18,111,867,0.0,70.0,False,True,111.0,False,False
GHVI,2021-02-05,2021-02-05,2021-02-25,21,0,46,341,1.1,12.9,False,True,41.8,False,False
GPI,2021-02-05,2021-02-12,2021-02-16,12,7,66,409,25.4,4.2,False,True,2.6,True,False
ON,2021-02-05,2021-02-12,2021-02-16,12,7,352,1223,20.47,4.2,False,True,17.2,False,False
VFF,2021-02-05,2021-02-11,2021-02-11,7,6,482,1021,5.47,6.2,False,True,88.1,False,False
UEC,2021-02-06,2021-02-06,2021-02-18,13,0,411,1893,32.37,14.6,False,True,12.7,False,False
ASRT,2021-02-08,2021-02-22,2021-03-12,33,14,116,1625,4.0,7.7,False,True,29.0,False,False
DIS,2021-02-08,2021-02-19,2021-02-24,17,11,366,2275,48.53,7.3,False,True,7.5,True,False
MSTR,2021-02-08,2021-02-09,2021-02-17,10,1,137,473,8.8,16.2,False,True,15.6,False,False
MVIS,2021-02-08,2021-02-11,2021-02-17,10,3,524,2001,33.67,5.0,False,True,15.6,False,False
NGAC,2021-02-08,2021-02-22,2021-03-03,24,14,94,627,1.9,19.5,False,True,49.5,False,False
SNPR,2021-02-08,2021-02-08,2021-03-11,32,0,127,1275,15.0,11.4,False,True,8.5,False,False
YELL,2021-02-08,2021-08-20,2021-08-27,201,193,123,6304,0.0,31.0,False,True,123.0,False,False
ZSAN,2021-02-08,2021-02-09,2021-02-10,3,1,364,607,3.27,19.7,False,True,111.3,False,False
GSAT,2021-02-09,2021-02-10,2021-02-12,4,1,351,842,27.93,4.4,False,True,12.6,False,False
HIMX,2021-02-09,2021-02-09,2021-02-19,11,0,61,343,9.33,5.2,False,True,6.5,True,False
KTRA,2021-02-09,2021-02-17,2021-02-18,10,8,71,304,0.43,41.6,False,True,71.0,False,False
MO,2021-02-09,2021-02-09,2021-02-28,20,0,45,413,5.8,7.9,False,True,7.8,True,False
RIOT,2021-02-09,2021-02-17,2021-02-23,15,8,765,3688,44.37,4.4,False,True,17.2,False,False
ACIC,2021-02-10,2021-02-10,2021-03-03,22,0,71,502,1.17,42.0,False,True,60.7,False,False
CMPS,2021-02-10,2021-02-11,2021-02-16,7,1,148,443,5.43,10.4,False,True,27.3,False,False
FRX,2021-02-10,2021-02-19,2021-03-10,29,9,123,1132,2.53,33.9,False,True,48.6,False,False
STZ,2021-02-10,2021-02-19,2021-02-19,10,9,339,469,6.4,5.7,False,True,53.0,False,False
AMAT,2021-02-11,2021-02-19,2021-02-19,9,8,354,662,4.9,10.2,False,True,72.2,False,False
DNN,2021-02-11,2021-02-16,2021-02-18,8,5,343,1211,6.13,13.8,False,True,56.0,False,False
NXPI,2021-02-11,2021-02-12,2021-02-17,7,1,161,493,17.73,8.2,False,True,9.1,False,False
FSR,2021-02-12,2021-02-12,2021-02-16,5,0,322,506,22.1,18.0,False,True,14.6,False,False
FUSE,2021-02-12,2021-02-12,2021-02-16,5,0,230,586,56.93,4.4,False,True,4.0,True,False
AACQ,2021-02-13,2021-02-13,2021-02-18,6,0,160,420,21.93,12.9,False,True,7.3,True,False
BFLY,2021-02-16,2021-02-17,2021-03-04,17,1,134,873,0.0,55.0,False,True,134.0,False,False
CTXR,2021-02-16,2021-02-22,2021-03-10,23,6,231,1985,2.13,8.3,False,True,108.5,False,False
CVX,2021-02-16,2021-02-19,2021-02-19,4,3,351,532,8.03,12.7,False,True,43.7,False,False
EH,2021-02-16,2021-02-17,2021-02-18,3,1,271,477,9.23,21.5,False,True,29.4,False,False
T,2021-02-16,2021-02-17,2021-02-23,8,1,119,350,8.77,7.0,False,True,13.6,False,False
EBON,2021-02-17,2021-02-18,2021-02-19,3,1,257,468,4.97,16.9,False,True,51.7,False,False
FSII,2021-02-17,2021-10-29,2021-11-23,280,254,120,14389,0.0,99.0,False,True,120.0,False,False
GSAH,2021-02-18,2021-02-19,2021-02-23,6,1,133,364,21.97,5.5,False,True,6.1,True,False
SFTW,2021-02-18,2021-03-25,2021-03-30,41,35,64,1014,2.07,8.0,False,True,30.9,False,False
MCD,2021-02-19,2021-02-19,2021-02-25,7,0,358,690,28.5,23.0,False,True,12.6,False,False
NVDA,2021-02-19,2021-02-19,2021-03-09,19,0,432,3004,94.97,6.7,False,True,4.5,True,False
UAL,2021-02-19,2021-02-19,2021-02-22,4,0,343,588,11.6,29.9,False,True,29.6,False,False
BA,2021-02-21,2021-02-22,2021-02-24,4,1,350,757,33.47,9.8,False,True,10.5,False,False
SDC,2021-02-22,2021-02-22,2021-03-04,11,0,75,304,9.27,6.4,False,True,8.1,False,False
OSK,2021-02-23,2021-02-23,2021-02-25,3,0,323,624,12.37,27.0,False,True,26.1,False,False
WKHS,2021-02-23,2021-02-23,2021-02-26,4,0,718,1751,68.07,11.0,False,True,10.5,False,False
RKT,2021-02-25,2021-03-03,2021-03-03,7,6,13394,31423,120.47,5.8,False,True,111.2,False,False
CHPT,2021-03-01,2021-03-31,2021-04-29,60,30,107,1639,0.0,68.0,False,True,107.0,False,False
IMCC,2021-03-01,2021-03-01,2021-05-18,79,0,160,5104,0.0,160.0,False,True,160.0,False,False
NSH,2021-03-01,2021-03-04,2021-03-30,30,3,52,675,2.6,25.3,False,True,20.0,False,False
VACQ,2021-03-01,2021-03-04,2021-03-29,29,3,107,1354,0.23,99.8,False,True,107.0,False,False
ASO,2021-03-02,2021-03-04,2021-03-10,9,2,189,787,5.43,6.5,False,True,34.8,False,False
POW,2021-03-03,2021-03-17,2021-03-31,29,14,67,746,0.0,30.0,False,True,67.0,False,False
SLGG,2021-03-03,2021-03-03,2021-03-05,3,0,318,689,1.27,140.3,False,True,250.4,False,False
UNFI,2021-03-04,2021-03-04,2021-03-12,9,0,73,417,3.7,15.1,False,True,19.7,False,False
EYES,2021-03-05,2021-03-09,2021-03-10,6,4,233,892,6.37,32.3,False,True,36.6,False,False
BOCH,2021-03-08,2021-03-08,2021-03-16,9,0,188,846,55.47,5.9,False,True,3.4,True,False
CBSH,2021-03-08,2021-03-08,2021-03-16,9,0,188,846,55.43,5.9,False,True,3.4,True,False
DASH,2021-03-08,2021-03-08,2021-03-10,3,0,306,702,50.37,10.1,False,True,6.1,True,False
HTBK,2021-03-08,2021-03-08,2021-03-16,9,0,188,846,55.43,5.9,False,True,3.4,True,False
SPSC,2021-03-08,2021-03-08,2021-03-16,9,0,188,846,55.5,5.9,False,True,3.4,True,False
GOEV,2021-03-11,2021-03-16,2021-03-22,12,5,240,1409,29.33,8.5,False,True,8.2,False,False
FNKO,2021-03-12,2021-03-24,2021-03-25,14,12,124,528,9.2,6.1,False,True,13.5,False,False
RIDE,2021-03-12,2021-03-12,2021-03-22,11,0,318,1363,43.3,8.0,False,True,7.3,True,False
PENN,2021-03-13,2021-03-13,2021-03-23,11,0,59,336,14.3,5.4,False,True,4.1,True,False
GPRO,2021-03-15,2021-03-16,2021-03-24,10,1,72,309,10.6,5.2,False,True,6.8,True,False
BABA,2021-03-16,2021-03-16,2021-03-18,3,0,163,378,57.4,4.7,False,True,2.8,True,False
PLUG,2021-03-17,2021-03-17,2021-03-19,3,0,451,774,80.33,6.7,False,True,5.6,True,False
UPST,2021-03-17,2021-03-18,2021-03-23,7,1,349,914,5.67,7.7,False,True,61.6,False,False
BIOT,2021-03-18,2021-04-13,2021-05-20,64,26,96,2247,0.0,46.0,False,True,96.0,False,False
SSB,2021-03-19,2021-03-25,2021-03-25,7,6,73,366,5.33,11.3,False,True,13.7,False,False
HOFV,2021-03-22,2021-03-24,2021-04-06,16,2,85,478,7.93,5.8,False,True,10.7,False,False
UPC,2021-03-23,2021-05-26,2022-02-10,325,64,107,12579,0.0,39.0,False,True,107.0,False,False
STPK,2021-03-24,2021-03-25,2021-03-30,7,1,78,321,22.67,4.4,False,True,3.4,True,False
BIDU,2021-03-25,2021-03-26,2021-03-30,6,1,136,421,9.7,4.3,False,True,14.0,False,False
DISCA,2021-03-26,2021-03-31,2021-04-01,7,5,420,1658,26.1,8.5,False,True,16.1,False,False
DISCK,2021-03-26,2021-03-28,2021-03-31,6,2,181,801,21.43,4.5,False,True,8.4,False,False
VIAC,2021-03-26,2021-03-29,2021-04-12,18,3,492,3455,23.37,14.8,False,True,21.1,False,False
DISCB,2021-03-28,2021-03-31,2021-04-01,5,3,478,1090,24.43,8.3,False,True,19.6,False,False
BLK,2021-03-29,2021-04-15,2021-04-23,26,17,496,5016,27.73,4.1,False,True,17.9,False,False
NFLX,2021-03-29,2021-03-29,2021-03-31,3,0,278,656,85.83,8.2,False,True,3.2,True,False
VIACA,2021-03-29,2021-04-01,2021-04-06,9,3,122,388,5.2,5.9,False,True,23.5,False,False
CHWY,2021-03-30,2021-03-30,2021-04-20,22,0,351,2198,59.73,8.9,False,True,5.9,True,False
CLF,2021-03-30,2021-03-31,2021-04-13,15,1,511,2165,61.77,6.8,False,True,8.3,False,False
ARVL,2021-03-31,2021-03-31,2021-05-06,37,0,35,478,2.83,4.5,False,True,12.4,False,False
MVIS,2021-03-31,2021-03-31,2021-04-05,6,0,413,1015,40.0,12.4,False,True,10.3,False,False
PSFE,2021-03-31,2021-05-11,2021-05-18,49,41,211,3380,0.0,135.0,False,True,211.0,False,False
RMO,2021-03-31,2021-04-06,2021-04-07,8,6,392,665,7.4,4.6,False,True,53.0,False,False
ASO,2021-04-05,2021-04-06,2021-04-12,8,1,815,3203,44.9,12.8,False,True,18.2,False,False
OCC,2021-04-05,2021-04-07,2021-04-08,4,2,227,495,2.97,16.1,False,True,76.4,False,False
CNXN,2021-04-06,2021-04-11,2021-07-22,108,5,162,6502,28.1,4.0,False,True,5.8,True,True
DOMO,2021-04-06,2021-04-20,2021-04-23,18,14,135,937,2.5,12.1,False,True,54.0,False,False
EBON,2021-04-06,2021-04-06,2021-04-16,11,0,80,485,10.33,5.0,False,True,7.7,True,False
MUDS,2021-04-06,2021-04-12,2021-05-06,31,6,53,636,0.0,49.0,False,True,53.0,False,False
RGP,2021-04-06,2021-04-11,2021-07-22,108,5,162,6502,28.13,4.1,False,True,5.8,True,True
ASTS,2021-04-07,2021-04-07,2021-04-26,20,0,118,911,0.0,118.0,False,True,118.0,False,False
HYLN,2021-04-07,2021-04-15,2021-04-30,24,8,87,685,11.63,6.1,False,True,7.5,True,False
JPM,2021-04-07,2021-04-16,2021-04-21,15,9,171,1139,17.9,4.2,False,True,9.6,False,False
ARC,2021-04-08,2021-04-23,2021-05-21,44,15,135,2013,19.03,5.4,False,True,7.1,True,False
BWAC,2021-04-08,2021-04-08,2021-06-30,84,0,31,1198,6.6,5.1,False,True,4.7,True,True
FUBO,2021-04-08,2021-04-09,2021-04-12,5,1,310,622,32.77,5.4,False,True,9.5,False,False
RBC,2021-04-08,2021-04-17,2021-04-18,11,9,274,562,6.6,7.3,False,True,41.5,False,False
SKLZ,2021-04-08,2021-04-23,2021-04-27,20,15,186,1042,16.5,4.1,False,True,11.3,False,False
WNEB,2021-04-09,2021-04-19,2021-04-30,22,10,34,435,9.37,4.4,False,True,3.6,True,False
BABA,2021-04-10,2021-04-12,2021-04-13,4,2,626,1458,58.37,8.7,False,True,10.7,False,False
MRNA,2021-04-10,2021-05-06,2021-05-07,28,26,100,1014,14.97,4.5,False,True,6.7,True,False
CMC,2021-04-11,2021-06-17,2021-06-25,76,67,137,3284,9.07,7.6,False,True,15.1,False,False
ASPC,2021-04-12,2021-04-15,2022-04-12,366,3,81,11761,0.0,49.0,False,True,81.0,False,False
NVDA,2021-04-12,2021-04-12,2021-04-15,4,0,495,1106,45.57,23.9,False,True,10.9,False,False
NVAX,2021-04-13,2021-04-13,2021-05-11,29,0,39,396,6.9,7.4,False,True,5.7,True,False
PFE,2021-04-13,2021-04-13,2021-04-23,11,0,95,513,26.0,6.5,False,True,3.7,True,False
SLGG,2021-04-13,2021-04-19,2021-04-21,9,6,172,631,7.87,6.2,False,True,21.9,False,False
SNR,2021-04-13,2021-04-13,2021-04-19,7,0,174,452,22.03,9.9,False,True,7.9,True,False
RIOT,2021-04-14,2021-04-14,2021-04-23,10,0,224,923,43.73,6.0,False,True,5.1,True,False
HRC,2021-04-15,2021-05-13,2021-05-27,43,28,45,933,8.47,4.3,False,True,5.3,True,False
PEAK,2021-04-15,2021-04-15,2021-05-18,34,0,32,309,2.5,12.9,False,True,12.8,False,False
SPCE,2021-04-15,2021-04-15,2021-04-21,7,0,187,536,29.17,9.0,False,True,6.4,True,False
THCB,2021-04-15,2021-04-15,2021-04-21,7,0,178,711,49.8,4.0,False,True,3.6,True,False
CLOV,2021-04-16,2021-04-19,2021-04-21,6,3,979,3188,7.1,70.8,False,True,137.9,False,False
GIK,2021-04-16,2021-04-16,2021-04-21,6,0,206,472,44.1,5.8,False,True,4.7,True,False
PINS,2021-04-16,2021-04-28,2021-05-06,21,12,166,947,14.63,11.8,False,True,11.3,False,False
CLNE,2021-04-19,2021-05-07,2021-05-26,38,18,69,929,5.9,12.6,False,True,11.7,False,False
PTON,2021-04-19,2021-04-19,2021-04-22,4,0,111,316,16.23,7.6,False,True,6.8,True,False
MVIS,2021-04-20,2021-04-26,2021-04-30,11,6,3341,16730,73.7,5.0,False,True,45.3,False,False
NFLX,2021-04-20,2021-04-21,2021-04-22,3,1,961,2093,104.03,14.5,False,True,9.2,False,False
WAT,2021-04-20,2021-04-20,2021-04-28,9,0,67,325,21.5,5.1,False,True,3.1,True,False
OCGN,2021-04-22,2021-04-23,2021-05-04,13,1,593,2622,25.77,7.0,False,True,23.0,False,False
SSB,2021-04-24,2021-04-26,2021-06-05,43,2,337,7342,13.07,5.7,False,True,25.8,False,False
ZEN,2021-04-24,2021-04-26,2021-06-09,47,2,331,7563,2.1,37.1,False,True,157.6,False,False
AMZN,2021-04-26,2021-04-29,2021-05-03,8,3,465,1358,58.23,4.6,False,True,8.0,True,False
AMD,2021-04-27,2021-04-28,2021-05-06,10,1,901,4180,164.63,5.8,False,True,5.5,True,False
GOOG,2021-04-27,2021-04-27,2021-04-30,4,0,139,346,20.83,14.2,False,True,6.7,True,False
GOOGL,2021-04-27,2021-04-28,2021-05-16,20,1,74,540,17.3,6.8,False,True,4.3,True,False
MSFT,2021-04-27,2021-04-27,2021-05-04,8,0,570,2490,165.63,6.3,False,True,3.4,True,False
VXRT,2021-04-27,2021-05-03,2021-05-06,10,6,207,992,1.0,63.5,False,True,207.0,False,False
ACB,2021-04-28,2021-05-07,2021-05-13,16,9,106,732,9.6,7.3,False,True,11.0,False,False
BTX,2021-04-28,2021-04-30,2021-05-03,6,2,337,897,1.67,43.1,False,True,201.8,False,False
TDOC,2021-04-28,2021-04-29,2021-05-14,17,1,53,335,5.9,6.6,False,True,9.0,False,False
XOM,2021-04-28,2021-05-10,2021-05-17,20,12,93,704,11.5,4.7,False,True,8.1,False,False
EDR,2021-04-29,2021-04-29,2021-05-07,9,0,108,461,0.0,108.0,False,True,108.0,False,False
NOK,2021-04-29,2021-04-29,2021-05-07,9,0,996,2669,68.77,26.2,False,True,14.5,False,False
GTES,2021-05-03,2021-05-04,2021-05-08,6,1,898,2183,34.93,19.5,False,True,25.7,False,False
TLRY,2021-05-03,2021-05-07,2021-05-10,8,4,638,1917,103.53,4.1,False,True,6.2,True,False
CLF,2021-05-04,2021-05-04,2021-05-21,18,0,458,4338,133.47,4.4,False,True,3.4,True,False
CRSR,2021-05-04,2021-05-05,2021-05-06,3,1,233,536,21.27,15.3,False,True,11.0,False,False
MT,2021-05-04,2021-05-10,2021-05-27,24,6,91,973,19.13,4.4,False,True,4.8,True,False
RKT,2021-05-04,2021-05-05,2021-05-07,4,1,1897,4426,99.1,8.1,False,True,19.1,False,False
BRK,2021-05-05,2021-05-06,2021-05-11,7,1,346,894,39.33,4.6,False,True,8.8,False,False
FCX,2021-05-05,2021-05-11,2021-05-13,9,6,110,462,7.83,7.0,False,True,14.0,False,False
FSLY,2021-05-05,2021-05-06,2021-05-07,3,1,257,508,7.47,23.0,False,True,34.4,False,False
PTON,2021-05-05,2021-05-05,2021-05-07,3,0,391,822,26.53,13.8,False,True,14.7,False,False
STIC,2021-05-05,2021-05-07,2021-05-19,15,2,59,387,7.43,6.3,False,True,7.9,True,False
ZIM,2021-05-05,2021-05-19,2021-05-20,16,14,139,804,5.23,4.2,False,True,26.6,False,False
HD,2021-05-06,2021-05-06,2021-05-18,13,0,66,371,17.43,6.5,False,True,3.8,True,False
NUE,2021-05-06,2021-05-10,2021-06-29,55,4,143,3099,22.47,4.5,False,True,6.4,True,False
UWMC,2021-05-06,2021-05-17,2021-05-19,14,11,935,3681,44.77,4.1,False,True,20.9,False,False
DKNG,2021-05-07,2021-05-07,2021-05-14,8,0,233,966,61.5,4.0,False,True,3.8,True,False
INO,2021-05-07,2021-05-10,2021-05-11,5,3,248,611,7.2,11.9,False,True,34.4,False,False
TETC,2021-05-07,2021-06-09,2021-07-18,73,33,87,2661,0.0,40.0,False,True,87.0,False,False
MRVI,2021-05-10,2021-05-17,2021-05-19,10,7,83,392,1.13,21.9,False,True,73.5,False,False
AMC,2021-05-11,2021-05-14,2021-05-18,8,3,7027,23152,964.0,4.1,False,True,7.3,True,False
PSTH,2021-05-12,2021-05-16,2021-05-16,5,4,313,549,15.2,12.7,False,True,20.6,False,False
TWTR,2021-05-12,2021-05-12,2021-05-19,8,0,1394,6337,587.33,4.4,False,True,2.4,True,False
ABNB,2021-05-13,2021-05-13,2021-05-17,5,0,140,345,24.2,6.3,False,True,5.8,True,False
CECE,2021-05-13,2021-05-13,2021-05-26,14,0,112,450,17.87,13.7,False,True,6.3,True,False
DIS,2021-05-13,2021-05-13,2021-05-17,5,0,205,527,34.4,9.4,False,True,6.0,True,False
GFL,2021-05-13,2021-05-13,2021-05-26,14,0,112,450,17.97,13.5,False,True,6.2,True,False
MARA,2021-05-13,2021-05-13,2021-05-19,7,0,141,396,39.2,5.4,False,True,3.6,True,False
NBA,2021-05-13,2021-05-13,2021-06-16,35,0,38,483,10.03,7.2,False,True,3.8,True,False
FSR,2021-05-14,2021-05-14,2021-05-20,7,0,77,353,19.23,4.2,False,True,4.0,True,False
DISCA,2021-05-16,2021-05-17,2021-05-20,5,1,247,605,34.37,4.1,False,True,7.2,True,False
DISCB,2021-05-16,2021-05-17,2021-05-28,13,1,159,731,29.53,4.1,False,True,5.4,True,False
DISCK,2021-05-17,2021-05-17,2021-05-28,12,0,165,677,30.4,12.8,False,True,5.4,True,False
IDEX,2021-05-17,2021-06-16,2021-06-17,32,30,97,703,5.0,6.1,False,True,19.4,False,False
KEN,2021-05-17,2021-05-17,2021-06-11,26,0,86,883,13.83,7.1,False,True,6.2,True,False
BGS,2021-05-18,2021-06-15,2021-06-15,29,28,167,777,12.13,6.8,False,True,13.8,False,False
HFFG,2021-05-18,2021-05-18,2021-06-02,16,0,45,306,11.83,7.0,False,True,3.8,True,False
HOPE,2021-05-18,2021-05-18,2021-06-17,31,0,42,345,7.8,8.8,False,True,5.4,True,False
MGM,2021-05-18,2021-05-26,2021-05-28,11,8,111,399,7.47,7.5,False,True,14.9,False,False
OCC,2021-05-18,2021-05-19,2021-05-20,3,1,195,477,16.67,9.8,False,True,11.7,False,False
RIDE,2021-05-18,2021-06-09,2021-06-17,31,22,546,4276,28.73,8.2,False,True,19.0,False,False
USFD,2021-05-18,2021-05-18,2021-06-02,16,0,45,306,11.9,7.1,False,True,3.8,True,False
AOS,2021-05-19,2021-05-19,2021-06-09,22,0,45,377,13.33,5.3,False,True,3.4,True,False
SPCE,2021-05-20,2021-05-24,2021-05-28,9,4,1284,5130,45.17,5.5,False,True,28.4,False,False
F,2021-05-21,2021-05-27,2021-06-17,28,6,79,693,6.97,5.2,False,True,11.3,False,False
NVDA,2021-05-21,2021-06-18,2021-07-23,64,28,474,10618,51.23,10.3,False,True,9.3,False,False
CPA,2021-05-22,2021-05-22,2021-06-02,12,0,54,310,14.93,6.3,False,True,3.6,True,False
TELL,2021-05-22,2021-06-03,2021-06-09,19,12,192,1354,14.17,4.5,False,True,13.5,False,False
RBLX,2021-05-24,2021-05-27,2021-05-28,5,3,465,1816,46.83,4.8,False,True,9.9,False,False
BB,2021-05-26,2021-06-03,2021-06-09,15,8,2265,9036,27.87,10.0,False,True,81.3,False,False
SDC,2021-05-26,2021-06-09,2021-06-10,16,14,266,835,3.73,8.1,False,True,71.3,False,False
SNDL,2021-05-26,2021-06-03,2021-06-09,15,8,1615,7395,55.23,8.8,False,True,29.2,False,False
AMC,2021-05-27,2021-06-03,2021-06-10,15,7,17697,113082,1663.8,8.3,False,True,10.6,False,False
BBBY,2021-05-27,2021-06-02,2021-06-03,8,6,587,1106,5.73,7.7,False,True,102.4,False,False
BYND,2021-05-27,2021-05-28,2021-05-29,3,1,397,890,14.37,29.6,False,True,27.6,False,False
GME,2021-05-27,2021-05-27,2021-06-10,15,0,16151,143912,6305.13,4.1,False,True,2.6,True,False
NKLA,2021-05-27,2021-05-27,2021-06-17,22,0,167,1394,43.43,6.0,False,True,3.8,True,False
AGM,2021-05-28,2021-06-09,2021-06-10,14,12,98,454,10.0,4.3,False,True,9.8,False,False
DAWN,2021-05-28,2021-06-14,2021-09-01,97,17,64,2003,0.97,6.4,False,True,64.0,False,False
GOED,2021-05-28,2021-05-28,2021-06-28,32,0,31,313,0.37,15.3,False,True,31.0,False,False
TLRY,2021-05-28,2021-06-09,2021-06-10,14,12,2062,9923,137.37,5.7,False,True,15.0,False,False
WKHS,2021-05-28,2021-06-09,2021-06-16,20,12,2905,15565,18.2,4.1,False,True,159.6,False,False
BERY,2021-06-01,2021-06-03,2021-06-09,9,2,219,859,7.5,10.0,False,True,29.2,False,False
BRY,2021-06-01,2021-06-03,2021-06-09,9,2,219,857,7.17,10.5,False,True,30.5,False,False
SOFI,2021-06-01,2021-06-08,2021-06-10,10,7,237,1034,0.0,138.0,False,True,237.0,False,False
AHT,2021-06-02,2021-06-08,2021-06-11,10,6,93,369,5.53,8.0,False,True,16.8,False,False
BARK,2021-06-02,2021-06-09,2021-06-14,13,7,297,886,0.0,61.0,False,True,297.0,False,False
CLNE,2021-06-02,2021-06-09,2021-06-18,17,7,5829,29728,20.33,8.0,False,True,286.7,False,False
CLOV,2021-06-02,2021-06-08,2021-06-11,10,6,8244,26945,133.6,5.7,False,True,61.7,False,False
EXPR,2021-06-02,2021-06-02,2021-06-10,9,0,139,649,40.53,5.5,False,True,3.4,True,False
GTT,2021-06-02,2021-06-03,2021-06-09,8,1,143,356,14.1,4.1,False,True,10.1,False,False
HITI,2021-06-02,2021-06-03,2021-06-30,29,1,38,424,0.0,32.0,False,True,38.0,False,False
NAKD,2021-06-02,2021-06-02,2021-06-09,8,0,230,875,15.6,16.4,False,True,14.7,False,False
NOK,2021-06-02,2021-06-03,2021-06-08,7,1,1511,4663,126.97,8.4,False,True,11.9,False,False
ATOS,2021-06-03,2021-06-25,2021-07-02,30,22,253,2572,7.47,8.9,False,True,33.9,False,False
BBY,2021-06-03,2021-06-09,2021-06-15,13,6,73,404,17.47,5.0,False,True,4.2,True,False
NGS,2021-06-03,2021-06-04,2021-06-22,20,1,44,502,10.37,5.4,False,True,4.2,True,False
RMED,2021-06-03,2021-06-07,2021-06-11,9,4,98,446,1.77,14.0,False,True,55.4,False,False
SENS,2021-06-03,2021-06-11,2021-06-14,12,8,1089,3708,5.93,25.6,False,True,183.6,False,False
AMCX,2021-06-04,2021-06-07,2021-06-25,22,3,87,695,16.0,12.9,False,True,5.4,True,False
BNGO,2021-06-04,2021-06-07,2021-06-09,6,3,559,1401,25.17,9.7,False,True,22.2,False,False
FGF,2021-06-04,2021-06-10,2021-06-22,19,6,180,1788,65.67,5.5,False,True,2.7,True,False
MVIS,2021-06-04,2021-06-04,2021-06-10,7,0,528,1643,112.03,5.1,False,True,4.7,True,False
NNDM,2021-06-04,2021-06-17,2021-06-28,25,13,140,641,11.87,5.4,False,True,11.8,False,False
RNG,2021-06-04,2021-06-04,2021-06-30,27,0,41,413,3.17,8.4,False,True,12.9,False,False
ATEN,2021-06-05,2021-06-07,2021-06-26,22,2,47,489,15.5,4.2,False,True,3.0,True,False
MSGN,2021-06-05,2021-06-07,2021-06-26,22,2,47,489,15.47,4.2,False,True,3.0,True,False
ASO,2021-06-07,2021-06-08,2021-06-17,11,1,377,1673,38.17,5.3,False,True,9.9,False,False
TCBI,2021-06-07,2021-06-09,2021-06-09,3,2,224,589,59.73,5.3,False,True,3.8,True,False
UONE,2021-06-07,2021-06-11,2021-06-15,9,4,98,498,6.6,4.6,False,True,14.8,False,False
WEN,2021-06-07,2021-06-08,2021-06-09,3,1,2344,3704,42.73,11.3,False,True,54.9,False,False
CLVS,2021-06-08,2021-06-09,2021-06-10,3,1,219,318,3.5,6.7,False,True,62.6,False,False
ELF,2021-06-08,2021-06-08,2021-06-16,9,0,69,414,31.73,4.1,False,True,2.2,True,False
FRX,2021-06-08,2021-06-25,2021-06-25,18,17,62,418,6.1,5.9,False,True,10.2,False,False
FSR,2021-06-08,2021-06-08,2021-06-11,4,0,130,329,31.67,4.3,False,True,4.1,True,False
GEO,2021-06-08,2021-06-09,2021-06-10,3,1,171,396,4.97,19.6,False,True,34.4,False,False
GOEV,2021-06-08,2021-06-15,2021-06-16,9,7,606,1894,14.23,36.0,False,True,42.6,False,False
MNMD,2021-06-08,2021-06-11,2021-06-16,9,3,101,441,22.6,4.4,False,True,4.5,True,False
MOVE,2021-06-08,2021-06-09,2021-06-14,7,1,84,328,9.47,4.5,False,True,8.9,False,False
TWNK,2021-06-08,2021-06-09,2021-06-14,7,1,261,714,3.93,10.2,False,True,66.4,False,False
WISH,2021-06-08,2021-06-09,2021-06-14,7,1,6986,19711,24.43,232.9,False,True,286.0,False,False
WOOF,2021-06-08,2021-06-14,2021-06-15,8,6,1902,3390,3.77,21.8,False,True,504.5,False,False
AMP,2021-06-09,2021-06-15,2021-07-01,23,6,43,418,9.43,4.7,False,True,4.6,True,False
BOCH,2021-06-09,2021-06-09,2021-07-06,28,0,190,1857,50.57,9.2,False,True,3.8,True,False
CBSH,2021-06-09,2021-06-09,2021-07-06,28,0,190,1856,50.6,9.2,False,True,3.8,True,False
CHWY,2021-06-09,2021-06-10,2021-06-16,8,1,284,1013,50.07,7.0,False,True,5.7,True,False
CLF,2021-06-09,2021-06-09,2021-06-15,7,0,3905,11921,160.37,37.3,False,True,24.3,False,False
CRSR,2021-06-09,2021-06-14,2021-06-15,7,5,2210,3922,26.3,4.9,False,True,84.0,False,False
DCRC,2021-06-09,2021-06-11,2021-06-16,8,2,213,1013,0.3,25.4,False,True,213.0,False,False
H,2021-06-09,2021-06-09,2021-06-30,22,0,34,344,1.57,18.5,False,True,21.7,False,False
HTBK,2021-06-09,2021-06-09,2021-07-06,28,0,190,1857,50.53,9.2,False,True,3.8,True,False
SPSC,2021-06-09,2021-06-09,2021-07-06,28,0,190,1856,50.53,9.2,False,True,3.8,True,False
SRNE,2021-06-09,2021-06-14,2021-06-17,9,5,84,315,5.8,5.6,False,True,14.5,False,False
STRA,2021-06-09,2021-06-09,2021-06-17,9,0,60,340,19.93,4.6,False,True,3.0,True,False
UUUU,2021-06-09,2021-06-09,2021-06-18,10,0,71,370,22.37,4.1,False,True,3.2,True,False
UWMC,2021-06-09,2021-06-09,2021-06-18,10,0,1384,6684,182.23,6.1,False,True,7.6,True,False
X,2021-06-09,2021-06-11,2021-06-17,9,2,85,317,16.07,4.1,False,True,5.3,True,False
OCGN,2021-06-10,2021-06-10,2021-06-15,6,0,234,561,27.47,8.5,False,True,8.5,False,False
PUBM,2021-06-10,2021-06-14,2021-06-17,8,4,77,326,4.8,14.1,False,True,16.0,False,False
SPRT,2021-06-10,2021-08-27,2021-09-14,97,78,897,10868,5.03,8.9,False,True,178.3,False,False
STLD,2021-06-10,2021-06-16,2021-07-09,30,6,98,1113,12.07,6.4,False,True,8.1,False,False
NIO,2021-06-11,2021-06-11,2021-06-17,7,0,347,1071,78.5,5.8,False,True,4.4,True,False
RAPT,2021-06-14,2021-06-14,2021-07-01,18,0,47,304,8.63,6.4,False,True,5.4,True,False
TRCH,2021-06-14,2021-06-21,2021-06-23,10,7,370,1585,4.83,19.8,False,True,76.6,False,False
ARVL,2021-06-15,2021-06-16,2021-06-17,3,1,260,519,7.93,31.6,False,True,32.8,False,False
CTXR,2021-06-15,2021-06-22,2021-07-06,22,7,94,779,9.73,6.9,False,True,9.7,False,False
KPLT,2021-06-15,2021-06-16,2021-07-06,22,1,37,314,1.1,10.5,False,True,33.6,False,False
PTRA,2021-06-15,2021-08-11,2021-08-12,59,57,166,1931,0.0,38.0,False,True,166.0,False,False
XOM,2021-06-15,2021-06-16,2021-07-07,23,1,107,1017,18.3,4.2,False,True,5.8,True,False
BAC,2021-06-16,2021-07-14,2021-07-19,34,28,85,838,7.83,5.6,False,True,10.9,False,False
JPM,2021-06-16,2021-07-13,2021-07-14,29,27,136,1361,19.7,9.3,False,True,6.9,True,False
PRPL,2021-06-17,2021-06-17,2021-06-29,13,0,106,579,4.93,18.5,False,True,21.5,False,False
BIG,2021-06-18,2021-06-22,2021-06-22,5,4,207,457,0.87,21.9,False,True,207.0,False,False
MBAC,2021-06-18,2021-06-26,2021-07-03,16,8,88,432,9.17,7.3,False,True,9.6,False,False
BA,2021-06-20,2021-06-20,2021-07-02,13,0,85,354,11.87,11.3,False,True,7.2,True,False
GSAT,2021-06-21,2021-06-22,2021-06-25,5,1,491,1211,6.8,13.8,False,True,72.2,False,False
DIS,2021-06-22,2021-07-12,2021-07-16,25,20,199,1017,13.0,4.2,False,True,15.3,False,False
KBH,2021-06-22,2021-06-23,2021-06-24,3,1,280,440,0.23,83.8,False,True,280.0,False,False
LZB,2021-06-24,2021-06-25,2021-06-28,5,1,228,450,1.33,29.2,False,True,171.4,False,False
PSFE,2021-06-24,2021-06-25,2021-06-28,5,1,980,1558,16.83,11.8,False,True,58.2,False,False
RIG,2021-06-24,2021-06-29,2021-07-09,16,5,77,560,5.63,4.7,False,True,13.7,False,False
SRNE,2021-06-24,2021-07-01,2021-07-01,8,7,115,408,17.03,5.1,False,True,6.8,True,False
TSLA,2021-06-24,2021-06-24,2021-06-28,5,0,2134,4862,591.63,6.6,False,True,3.6,True,False
BABA,2021-06-25,2021-06-25,2021-06-28,4,0,261,532,73.07,6.0,False,True,3.6,True,False
SPCE,2021-06-25,2021-06-25,2021-07-02,8,0,1345,4197,158.73,7.2,False,True,8.5,False,False
IEC,2021-06-27,2021-06-27,2021-07-14,18,0,58,416,17.6,6.7,False,True,3.3,True,False
BODY,2021-06-28,2021-06-28,2021-07-09,12,0,212,942,0.0,212.0,False,True,212.0,False,False
MMAT,2021-06-28,2021-07-14,2021-07-15,18,16,254,1138,0.0,130.0,False,True,254.0,False,False
MRIN,2021-06-28,2021-06-29,2021-07-13,16,1,180,1098,1.1,20.7,False,True,163.6,False,False
MU,2021-06-28,2021-06-30,2021-07-02,5,2,113,300,6.37,8.4,False,True,17.7,False,False
SOFI,2021-06-28,2021-06-29,2021-06-30,3,1,1509,2838,58.4,12.8,False,True,25.8,False,False
INTC,2021-06-29,2021-06-30,2021-07-05,7,1,173,616,48.23,5.3,False,True,3.6,True,False
WNEB,2021-06-29,2021-07-11,2021-07-12,14,12,156,724,18.67,13.5,False,True,8.4,False,False
XELA,2021-06-29,2021-07-21,2021-08-05,38,22,307,3577,6.27,7.9,False,True,49.0,False,False
ACQR,2021-06-30,2021-07-04,2021-07-05,6,4,212,639,15.2,5.6,False,True,13.9,False,False
DIDI,2021-06-30,2021-07-06,2021-07-09,10,6,287,1277,0.0,264.0,False,True,287.0,False,False
IHC,2021-06-30,2021-07-04,2021-07-05,6,4,212,639,15.17,5.5,False,True,14.0,False,False
NEGG,2021-06-30,2021-07-07,2021-07-08,9,7,1194,2061,0.87,119.4,False,True,1194.0,False,False
VERB,2021-06-30,2021-07-15,2021-07-16,17,15,72,324,0.63,27.9,False,True,72.0,False,False
ASTR,2021-07-01,2021-07-02,2021-07-09,9,1,93,382,0.0,72.0,False,True,93.0,False,False
AVPT,2021-07-02,2021-07-19,2021-07-22,21,17,147,731,0.0,54.0,False,True,147.0,False,False
AMZN,2021-07-06,2021-07-06,2021-07-14,9,0,338,1298,76.6,8.6,False,True,4.4,True,False
BABA,2021-07-08,2021-07-08,2021-07-13,6,0,326,938,99.5,4.3,False,True,3.3,True,False
LEGO,2021-07-08,2021-07-10,2021-07-11,4,2,215,613,8.53,7.7,False,True,25.2,False,False
WFC,2021-07-08,2021-07-08,2021-07-14,7,0,396,1048,26.27,21.6,False,True,15.1,False,False
SLI,2021-07-13,2021-07-13,2021-08-20,39,0,65,823,0.0,65.0,False,True,65.0,False,False
MOD,2021-07-14,2021-07-17,2021-07-18,5,3,145,428,7.53,9.5,False,True,19.3,False,False
NFLX,2021-07-14,2021-07-15,2021-07-22,9,1,1049,4010,65.87,10.2,False,True,15.9,False,False
FXLV,2021-07-15,2021-10-31,2021-11-16,125,108,89,3625,0.0,54.0,False,True,89.0,False,False
MRNA,2021-07-15,2021-07-20,2021-07-23,9,5,393,1247,13.53,7.1,False,True,29.0,False,False
PFE,2021-07-19,2021-08-23,2021-08-25,38,35,388,4202,15.53,10.1,False,True,25.0,False,False
SAVA,2021-07-21,2021-07-30,2021-08-03,14,9,74,432,5.77,8.1,False,True,12.8,False,False
ATVI,2021-07-22,2021-08-03,2021-08-04,14,12,119,430,2.47,13.0,False,True,48.2,False,False
INTC,2021-07-22,2021-07-22,2021-07-27,6,0,218,717,55.8,4.3,False,True,3.9,True,False
SNAP,2021-07-22,2021-07-23,2021-07-27,6,1,246,607,8.03,18.5,False,True,30.6,False,False
EDU,2021-07-23,2021-07-23,2021-07-28,6,0,113,311,2.43,43.0,False,True,46.5,False,False
REE,2021-07-23,2021-07-23,2021-08-11,20,0,44,354,0.0,44.0,False,True,44.0,False,False
TAL,2021-07-23,2021-07-23,2021-07-29,7,0,150,617,4.23,33.6,False,True,35.5,False,False
BABA,2021-07-26,2021-07-27,2021-07-28,3,1,499,1124,109.33,4.6,False,True,4.6,True,False
MVST,2021-07-26,2021-08-10,2021-08-13,19,15,982,5694,0.0,135.0,False,True,982.0,False,False
TSLA,2021-07-26,2021-07-26,2021-08-02,8,0,1339,5260,434.57,6.3,False,True,3.1,True,False
GTES,2021-07-28,2021-07-28,2021-08-10,14,0,75,500,27.87,4.7,False,True,2.7,True,False
PYPL,2021-07-28,2021-07-28,2021-08-04,8,0,138,553,27.73,8.4,False,True,5.0,True,False
HOOD,2021-07-29,2021-08-04,2021-08-06,9,6,3954,15253,0.0,3617.0,False,True,3954.0,False,False
NKLA,2021-07-29,2021-07-29,2021-08-03,6,0,379,950,20.57,36.8,False,True,18.4,False,False
VALE,2021-07-30,2021-08-18,2021-08-24,26,19,45,453,8.1,4.5,False,True,5.6,True,False
GXO,2021-08-03,2021-10-29,2021-11-05,95,87,87,1403,0.4,21.3,False,True,87.0,False,False
SKLZ,2021-08-03,2021-09-01,2021-09-01,30,29,460,1463,8.33,6.7,False,True,55.2,False,False
BNTX,2021-08-04,2021-08-09,2021-08-11,8,5,131,430,11.9,8.9,False,True,11.0,False,False
MRNA,2021-08-04,2021-08-09,2021-08-12,9,5,815,3201,73.93,5.0,False,True,11.0,False,False
MVIS,2021-08-04,2021-08-05,2021-08-06,3,1,339,620,23.77,5.6,False,True,14.3,False,False
SRNG,2021-08-04,2021-08-05,2021-08-23,20,1,38,356,8.23,4.5,False,True,4.6,True,False
ETH,2021-08-05,2021-08-05,2021-08-12,8,0,89,399,18.9,5.2,False,True,4.7,True,False
IEX,2021-08-05,2021-08-20,2021-08-21,17,15,392,3308,39.07,5.4,False,True,10.0,False,False
MCFE,2021-08-05,2021-08-06,2021-08-12,8,1,251,892,5.0,32.7,False,True,50.2,False,False
PLTR,2021-08-09,2021-08-12,2021-08-18,10,3,767,2962,94.8,5.1,False,True,8.1,False,False
COIN,2021-08-10,2021-08-10,2021-08-12,3,0,299,606,42.93,10.2,False,True,7.0,True,False
NUE,2021-08-10,2021-08-10,2021-08-13,4,0,190,474,24.9,8.0,False,True,7.6,True,False
UPST,2021-08-10,2021-08-11,2021-08-24,15,1,169,991,6.4,24.3,False,True,26.4,False,False
AMAT,2021-08-11,2021-08-20,2021-08-27,17,9,106,677,5.93,6.4,False,True,17.9,False,False
DASH,2021-08-12,2021-08-13,2021-08-21,10,1,82,320,10.6,7.7,False,True,7.7,True,False
PSFE,2021-08-12,2021-08-16,2021-08-17,6,4,167,322,11.97,4.1,False,True,14.0,False,False
WISH,2021-08-12,2021-08-13,2021-08-16,5,1,1005,2226,101.77,8.3,False,True,9.9,False,False
UWMC,2021-08-13,2021-08-16,2021-08-16,4,3,141,364,14.97,12.4,False,True,9.4,False,False
WMT,2021-08-16,2021-08-19,2021-08-19,4,3,107,336,34.83,4.3,False,True,3.1,True,False
NLIT,2021-08-18,2022-04-01,2022-04-21,247,226,75,6239,0.0,50.0,False,True,75.0,False,False
NAKD,2021-08-20,2021-08-28,2021-09-07,19,8,56,359,4.83,6.7,False,True,11.6,False,False
NVDA,2021-08-23,2021-08-23,2021-08-27,5,0,455,1331,98.77,4.4,False,True,4.6,True,False
BB,2021-08-24,2021-08-25,2021-09-09,17,1,77,524,16.33,4.3,False,True,4.7,True,False
CRWD,2021-08-24,2021-08-31,2021-09-01,9,7,82,312,5.57,11.9,False,True,14.7,False,False
GME,2021-08-24,2021-08-24,2021-08-26,3,0,5324,12957,2327.67,4.1,False,True,2.3,True,False
ASTS,2021-08-25,2021-08-26,2021-09-05,12,1,148,744,11.9,6.0,False,True,12.4,False,False
SAVA,2021-08-25,2021-08-25,2021-08-27,3,0,159,358,16.53,8.1,False,True,9.6,False,False
AFRM,2021-08-27,2021-08-27,2021-08-31,5,0,146,465,8.1,11.4,False,True,18.0,False,False
ATER,2021-08-27,2021-09-23,2021-10-20,55,27,694,14282,2.43,65.5,False,True,285.6,False,False
BBIG,2021-08-27,2021-09-01,2021-09-17,22,5,804,7910,4.2,83.0,False,True,191.4,False,False
IRNT,2021-08-27,2021-09-16,2021-09-17,22,20,2422,7342,0.0,63.0,False,True,2422.0,False,False
MMAT,2021-08-27,2021-09-03,2021-09-07,12,7,158,899,14.33,5.8,False,True,11.0,False,False
WKHS,2021-08-27,2021-09-01,2021-09-02,7,5,273,1060,42.67,4.6,False,True,6.4,True,False
BGFV,2021-08-30,2021-09-01,2021-09-09,11,2,89,431,1.43,29.1,False,True,62.2,False,False
TTCF,2021-08-30,2021-09-03,2021-09-03,5,4,182,729,9.63,12.3,False,True,18.9,False,False
VIH,2021-08-30,2021-09-03,2021-09-13,15,4,176,1223,1.23,15.8,False,True,143.1,False,False
WFC,2021-08-31,2021-08-31,2021-09-02,3,0,189,447,13.17,32.2,False,True,14.4,False,False
CHWY,2021-09-01,2021-09-01,2021-09-03,3,0,284,598,30.43,17.1,False,True,9.3,False,False
NFLX,2021-09-02,2021-09-03,2021-09-08,7,1,137,585,50.9,4.2,False,True,2.7,True,False
SII,2021-09-02,2021-09-10,2021-09-16,15,8,63,435,1.8,13.8,False,True,35.0,False,False
UEC,2021-09-02,2021-09-10,2021-09-16,15,8,490,3394,11.53,17.5,False,True,42.5,False,False
RKLB,2021-09-03,2021-09-09,2021-09-10,8,6,436,1273,19.83,5.9,False,True,22.0,False,False
CCJ,2021-09-07,2021-09-10,2021-09-14,8,3,389,1224,2.47,11.7,False,True,157.5,False,False
CEI,2021-09-07,2021-09-29,2021-10-08,32,22,514,3218,4.07,4.7,False,True,126.3,False,False
CLOV,2021-09-07,2021-09-07,2021-09-09,3,0,1228,2573,232.97,4.8,False,True,5.3,True,False
OPAD,2021-09-07,2021-09-16,2021-09-17,11,9,955,2037,1.5,11.1,False,True,636.7,False,False
REE,2021-09-07,2021-09-14,2021-09-27,21,7,95,750,13.13,7.2,False,True,7.2,True,False
ARC,2021-09-08,2021-09-29,2021-10-08,31,21,197,2062,21.83,4.5,False,True,9.0,False,False
LIDR,2021-09-09,2021-09-16,2021-09-16,8,7,157,310,0.33,44.7,False,True,157.0,False,False
AAPL,2021-09-10,2021-09-10,2021-09-15,6,0,1028,3690,270.03,8.1,False,True,3.8,True,False
CS,2021-09-10,2021-09-20,2021-09-24,15,10,47,308,11.77,5.2,False,True,4.0,True,False
TMC,2021-09-10,2021-09-16,2021-09-23,14,6,1288,4910,0.0,86.0,False,True,1288.0,False,False
OCGN,2021-09-13,2021-09-13,2021-09-24,12,0,91,349,7.23,17.0,False,True,12.6,False,False
SDC,2021-09-13,2021-09-17,2021-09-27,15,4,1949,11258,23.6,7.5,False,True,82.6,False,False
PROG,2021-09-14,2021-10-26,2021-11-23,71,42,1209,22364,8.5,8.9,False,True,142.2,False,False
ROAD,2021-09-14,2021-09-20,2021-10-05,22,6,110,890,24.73,4.0,False,True,4.4,True,False
BROS,2021-09-15,2021-09-15,2021-09-21,7,0,164,475,0.0,164.0,False,True,164.0,False,False
GREE,2021-09-15,2021-09-15,2021-09-17,3,0,195,361,0.0,195.0,False,True,195.0,False,False
IBKR,2021-09-15,2021-10-29,2021-10-30,46,44,142,1138,13.03,5.1,False,True,10.9,False,False
SBUX,2021-09-15,2021-09-15,2021-09-22,8,0,94,324,16.43,12.5,False,True,5.7,True,False
LILM,2021-09-16,2021-09-17,2021-09-19,4,1,216,471,0.37,85.0,False,True,216.0,False,False
RBC,2021-09-16,2021-09-16,2021-10-04,19,0,34,346,6.07,5.0,False,True,5.6,True,False
SPIR,2021-09-16,2021-09-22,2021-09-23,8,6,266,984,2.43,31.5,False,True,109.5,False,False
TELL,2021-09-16,2021-09-27,2021-10-09,24,11,57,542,8.43,5.1,False,True,6.8,True,False
ASTS,2021-09-17,2021-09-17,2021-09-20,4,0,191,396,34.57,4.3,False,True,5.5,True,False
HSBC,2021-09-17,2021-09-20,2021-09-23,7,3,113,338,3.7,4.9,False,True,30.5,False,False
VLTA,2021-09-17,2021-09-17,2021-09-21,5,0,152,314,3.3,33.1,False,True,46.1,False,False
APTM,2021-09-19,2022-08-17,2022-08-18,334,332,261,8709,1.13,8.3,False,True,231.0,False,False
DOW,2021-09-20,2021-09-20,2021-10-13,24,0,63,368,7.7,10.2,False,True,8.2,False,False
FDX,2021-09-21,2021-09-22,2021-09-30,10,1,101,373,6.43,13.7,False,True,15.7,False,False
HRC,2021-09-21,2021-09-21,2021-10-07,17,0,46,338,12.63,5.0,False,True,3.6,True,False
PRTH,2021-09-21,2021-09-29,2021-10-15,25,8,44,571,13.7,5.6,False,True,3.2,True,False
UPST,2021-09-21,2021-09-21,2021-09-23,3,0,167,372,30.23,5.7,False,True,5.5,True,False
GOEV,2021-09-22,2021-09-24,2021-09-27,6,2,763,2016,15.8,6.0,False,True,48.3,False,False
MRIN,2021-09-22,2021-09-24,2021-09-27,6,2,91,316,2.73,14.4,False,True,33.3,False,False
SOFI,2021-09-22,2021-09-22,2021-09-29,8,0,238,728,45.17,7.1,False,True,5.3,True,False
TOST,2021-09-22,2021-09-22,2021-10-13,22,0,66,536,0.0,66.0,False,True,66.0,False,False
KELYA,2021-09-27,2021-09-28,2021-10-20,24,1,50,314,6.2,12.2,False,True,8.1,False,False
KELYB,2021-09-27,2021-09-28,2021-10-20,24,1,50,313,6.2,12.2,False,True,8.1,False,False
NGS,2021-09-27,2021-09-28,2021-10-13,17,1,82,570,11.13,4.5,False,True,7.4,True,False
TSLA,2021-09-27,2021-10-25,2021-11-23,58,28,3434,69495,340.03,4.8,False,True,10.1,False,False
TWTR,2021-09-27,2021-09-28,2021-11-23,58,1,1748,33516,307.83,8.5,False,True,5.7,True,False
FAMI,2021-09-28,2021-09-30,2021-10-04,7,2,349,1003,2.67,20.0,False,True,130.7,False,False
DOLE,2021-09-29,2021-09-30,2021-10-01,3,1,236,403,0.47,60.3,False,True,236.0,False,False
COIN,2021-10-01,2021-11-09,2021-11-10,41,39,547,4581,31.97,4.7,False,True,17.1,False,False
MRK,2021-10-01,2021-10-01,2021-10-04,4,0,238,374,3.73,51.9,False,True,63.8,False,False
MRNA,2021-10-01,2021-10-01,2021-10-06,6,0,139,353,30.83,5.2,False,True,4.5,True,False
PXD,2021-10-04,2021-10-04,2021-10-11,8,0,142,637,57.83,4.7,False,True,2.5,True,False
TLRY,2021-10-04,2021-10-07,2021-10-08,5,3,443,1369,36.7,9.5,False,True,12.1,False,False
WISH,2021-10-04,2021-10-04,2021-10-07,4,0,286,830,72.47,5.3,False,True,3.9,True,False
IMCC,2021-10-05,2021-11-15,2021-11-29,56,41,119,1677,16.3,4.8,False,True,7.3,True,False
RIOT,2021-10-06,2021-10-15,2021-10-21,16,9,77,461,7.97,5.0,False,True,9.7,False,False
MOD,2021-10-07,2021-10-15,2021-10-15,9,8,101,385,4.17,30.5,False,True,24.2,False,False
LUV,2021-10-10,2021-10-11,2021-10-12,3,1,217,352,2.53,25.7,False,True,85.8,False,False
OCGN,2021-10-11,2021-10-12,2021-10-15,5,1,380,872,21.67,4.2,False,True,17.5,False,False
NET,2021-10-13,2021-11-04,2021-11-08,27,22,48,481,4.9,5.8,False,True,9.8,False,False
AGC,2021-10-14,2021-11-09,2021-11-12,30,26,240,2055,7.07,8.6,False,True,33.9,False,False
HUT,2021-10-15,2021-11-09,2021-11-19,36,25,51,553,6.2,4.9,False,True,8.2,False,False
IEX,2021-10-17,2021-10-25,2021-10-26,10,8,1083,1999,16.7,5.0,False,True,64.9,False,False
NFLX,2021-10-18,2021-10-19,2021-10-20,3,1,483,1013,52.07,7.4,False,True,9.3,False,False
SNAP,2021-10-18,2021-10-21,2021-10-25,8,3,671,1540,7.8,6.8,False,True,86.0,False,False
SHOP,2021-10-19,2021-11-13,2021-11-14,27,25,289,3261,11.17,16.6,False,True,25.9,False,False
BKKT,2021-10-20,2021-10-25,2021-10-26,7,5,623,1428,1.67,9.0,False,True,373.1,False,False
IBM,2021-10-20,2021-10-28,2021-10-28,9,8,111,375,6.27,7.2,False,True,17.7,False,False
PINS,2021-10-20,2021-10-20,2021-10-25,6,0,302,789,3.57,89.6,False,True,84.6,False,False
PYPL,2021-10-20,2021-11-09,2021-11-24,36,20,751,8120,13.57,43.1,False,True,55.3,False,False
DWAC,2021-10-21,2021-10-22,2021-10-26,6,1,2193,5898,2.8,127.7,False,True,783.2,False,False
GOOG,2021-10-21,2021-10-27,2021-11-05,16,6,101,810,19.37,4.4,False,True,5.2,True,False
GOOGL,2021-10-21,2021-10-27,2021-11-09,20,6,110,939,18.3,4.0,False,True,6.0,True,False
INTC,2021-10-21,2021-10-22,2021-11-22,33,1,354,4987,31.6,16.1,False,True,11.2,False,False
PHUN,2021-10-21,2021-10-22,2021-10-25,5,1,897,1842,0.27,82.7,False,True,897.0,False,False
BENE,2021-10-22,2021-10-22,2021-10-25,4,0,259,635,0.47,145.6,False,True,259.0,False,False
CLF,2021-10-22,2021-10-22,2021-11-08,18,0,506,3488,131.43,6.0,False,True,3.8,True,False
MARK,2021-10-22,2021-10-25,2021-10-26,5,3,390,904,4.5,33.7,False,True,86.7,False,False
ZEN,2021-10-22,2021-10-29,2021-12-03,43,7,92,1464,17.87,5.1,False,True,5.1,True,False
CNXN,2021-10-23,2021-10-23,2021-11-02,11,0,98,625,42.5,4.3,False,True,2.3,True,False
RGP,2021-10-23,2021-10-23,2021-11-02,11,0,98,626,42.6,4.3,False,True,2.3,True,False
SBUX,2021-10-24,2021-10-29,2021-11-15,23,5,79,638,12.87,4.9,False,True,6.1,True,False
GNUS,2021-10-25,2021-10-26,2021-10-27,3,1,154,358,0.7,96.3,False,True,154.0,False,False
METX,2021-10-25,2021-10-26,2021-11-10,17,1,165,1162,5.93,5.2,False,True,27.8,False,False
SSB,2021-10-25,2021-11-04,2021-11-24,31,10,88,1058,13.5,4.6,False,True,6.5,True,False
XPEV,2021-10-25,2021-11-23,2021-12-08,45,29,35,489,4.6,7.1,False,True,7.6,True,False
AMD,2021-10-26,2021-11-08,2021-11-11,17,13,886,4954,86.5,9.0,False,True,10.2,False,False
BRK,2021-10-26,2021-10-27,2021-10-28,3,1,581,1057,10.17,60.3,False,True,57.1,False,False
CRTX,2021-10-26,2021-11-02,2021-11-04,10,7,121,615,2.07,11.3,False,True,58.5,False,False
MSFT,2021-10-26,2022-01-25,2022-01-26,93,91,2753,24720,88.2,8.5,False,True,31.2,False,False
NVDA,2021-10-26,2021-11-04,2021-11-22,28,9,1500,10739,53.57,11.3,False,True,28.0,False,False
CHWY,2021-10-27,2021-10-29,2021-10-29,3,2,155,384,19.8,11.9,False,True,7.8,True,False
NKLA,2021-10-27,2021-11-04,2021-11-17,22,8,161,1173,16.13,4.0,False,True,10.0,False,False
ZIM,2021-10-27,2021-11-17,2021-11-22,27,21,366,2866,33.03,4.2,False,True,11.1,False,False
AAPL,2021-10-28,2021-10-28,2021-11-01,5,0,1172,3158,253.5,8.1,False,True,4.6,True,False
LCID,2021-10-28,2021-10-28,2021-11-01,5,0,703,1539,30.0,16.8,False,True,23.4,False,False
ON,2021-10-28,2021-11-12,2021-11-22,26,15,52,559,11.9,4.0,False,True,4.4,True,False
RBLX,2021-10-28,2021-11-09,2021-11-10,14,12,411,1255,10.8,4.0,False,True,38.1,False,False
BTBT,2021-10-29,2021-10-29,2021-11-18,21,0,39,382,3.9,7.6,False,True,10.0,False,False
BTTX,2021-10-29,2021-11-01,2021-11-04,7,3,241,680,0.0,81.0,False,True,241.0,False,False
COO,2021-10-29,2021-11-01,2021-11-02,5,3,128,351,3.97,25.4,False,True,32.2,False,False
FGF,2021-10-29,2021-10-29,2021-11-17,20,0,75,877,35.13,4.4,False,True,2.1,True,False
GME,2021-10-29,2021-10-29,2021-11-11,14,0,6020,51211,2367.1,5.6,False,True,2.5,True,False
NXPI,2021-10-29,2021-11-01,2021-11-19,22,3,52,366,7.0,6.1,False,True,7.4,True,False
CHGG,2021-11-01,2021-11-02,2021-11-04,4,1,331,663,1.17,70.2,False,True,282.9,False,False
NYC,2021-11-01,2021-11-04,2021-11-10,10,3,72,312,15.8,4.3,False,True,4.6,True,False
Z,2021-11-01,2021-11-03,2021-11-04,4,2,977,2157,19.73,6.4,False,True,49.5,False,False
ZG,2021-11-01,2021-11-03,2021-11-04,4,2,938,2043,19.5,6.0,False,True,48.1,False,False
ATVI,2021-11-02,2021-11-03,2021-11-05,4,1,194,404,5.0,22.3,False,True,38.8,False,False
BGFV,2021-11-02,2021-11-04,2021-11-16,15,2,226,1599,5.33,8.2,False,True,42.4,False,False
SAVA,2021-11-02,2021-11-04,2021-11-05,4,2,294,571,12.27,7.3,False,True,24.0,False,False
GPI,2021-11-03,2021-11-12,2021-11-17,15,9,103,459,13.43,4.3,False,True,7.7,True,False
PTON,2021-11-03,2021-11-04,2021-11-05,3,1,522,1080,9.13,5.6,False,True,57.2,False,False
QCOM,2021-11-03,2021-11-04,2021-11-05,3,1,150,312,12.13,8.0,False,True,12.4,False,False
REE,2021-11-03,2021-11-12,2021-11-18,16,9,109,538,16.13,4.4,False,True,6.8,True,False
BNTX,2021-11-04,2021-11-09,2021-11-10,7,5,162,552,7.13,9.7,False,True,22.7,False,False
PFE,2021-11-04,2021-11-05,2021-11-06,3,1,362,555,27.27,4.5,False,True,13.3,False,False
BMRA,2021-11-05,2021-11-05,2021-11-11,7,0,148,505,2.23,36.9,False,True,66.4,False,False
IOBT,2021-11-05,2021-12-23,2022-02-24,112,48,49,2391,0.0,38.0,False,True,49.0,False,False
DASH,2021-11-08,2021-11-09,2021-11-10,3,1,374,603,8.53,4.4,False,True,43.8,False,False
NEGG,2021-11-08,2021-11-08,2021-11-16,9,0,108,370,2.3,23.5,False,True,47.0,False,False
NIO,2021-11-08,2021-11-09,2021-11-22,15,1,153,799,30.13,5.0,False,True,5.1,True,False
PLTR,2021-11-08,2021-11-09,2021-11-11,4,1,751,1568,76.47,4.8,False,True,9.8,False,False
RIOT,2021-11-08,2021-11-09,2021-11-16,9,1,133,623,19.33,4.3,False,True,6.9,True,False
FUBO,2021-11-09,2021-11-09,2021-11-16,8,0,110,343,9.57,16.1,False,True,11.5,False,False
BYND,2021-11-10,2021-11-10,2021-11-12,3,0,183,377,9.63,19.8,False,True,19.0,False,False
DIS,2021-11-10,2021-11-11,2021-12-02,23,1,196,2173,27.07,7.7,False,True,7.2,True,False
RIVN,2021-11-10,2021-11-16,2021-11-19,10,6,634,2691,0.0,312.0,False,True,634.0,False,False
SNDL,2021-11-11,2021-11-12,2021-11-22,12,1,346,1405,26.57,4.5,False,True,13.0,False,False
GGPI,2021-11-12,2021-11-12,2021-11-18,7,0,135,632,9.77,14.5,False,True,13.8,False,False
CRWD,2021-11-15,2021-12-01,2021-12-03,19,16,89,364,5.1,8.4,False,True,17.5,False,False
GOEV,2021-11-16,2021-11-17,2021-11-30,15,1,336,1303,10.33,22.1,False,True,32.5,False,False
JPM,2021-11-16,2021-12-17,2021-12-20,35,31,110,1061,9.97,7.2,False,True,11.0,False,False
PIPP,2021-11-16,2021-11-17,2021-11-23,8,1,76,308,0.93,27.7,False,True,76.0,False,False
TALK,2021-11-16,2021-11-16,2021-11-30,15,0,63,342,2.83,35.7,False,True,22.3,False,False
WMT,2021-11-16,2021-11-16,2021-11-26,11,0,129,745,37.4,5.7,False,True,3.4,True,False
UWMC,2021-11-17,2021-11-19,2021-11-19,3,2,270,340,4.9,7.1,False,True,55.1,False,False
BABA,2021-11-18,2021-12-03,2021-12-06,19,15,710,3662,64.9,9.5,False,True,10.9,False,False
LGVN,2021-11-18,2021-11-24,2021-12-10,23,6,294,2812,0.03,32.0,False,True,294.0,False,False
FCCY,2021-11-19,2021-11-20,2021-11-22,4,1,415,998,5.37,107.9,False,True,77.3,False,False
RAVE,2021-11-22,2021-11-23,2021-11-29,8,1,141,384,1.27,36.6,False,True,111.0,False,False
BMTX,2021-11-23,2021-11-26,2021-12-02,10,3,103,666,5.13,11.5,False,True,20.1,False,False
ISPC,2021-11-23,2021-11-29,2021-11-30,8,6,384,1353,0.67,20.9,False,True,384.0,False,False
QLGN,2021-11-23,2021-11-29,2021-12-01,9,6,220,760,0.33,78.0,False,True,220.0,False,False
BFRI,2021-11-24,2021-11-29,2021-12-02,9,5,104,435,0.07,32.9,False,True,104.0,False,False
ACIU,2021-11-26,2021-11-26,2021-12-14,19,0,78,472,10.13,17.1,False,True,7.7,True,False
MRNA,2021-11-26,2021-11-30,2021-12-01,6,4,568,1666,42.47,5.7,False,True,13.4,False,False
VBIV,2021-11-26,2021-11-26,2021-12-02,7,0,333,1387,18.5,29.7,False,True,18.0,False,False
PTPI,2021-11-27,2021-11-29,2021-12-03,7,2,239,885,1.83,11.3,False,True,130.6,False,False
UPS,2021-11-27,2022-02-01,2022-02-03,69,66,143,2041,10.3,4.8,False,True,13.9,False,False
CRM,2021-11-29,2021-11-30,2021-12-01,3,1,159,316,9.8,6.5,False,True,16.2,False,False
PPSI,2021-11-29,2021-11-30,2021-12-10,12,1,631,2995,1.87,71.1,False,True,337.4,False,False
CRTX,2021-11-30,2021-12-01,2021-12-02,3,1,446,863,24.0,4.0,False,True,18.6,False,False
ARDX,2021-12-01,2021-12-02,2021-12-06,6,1,171,561,0.3,27.8,False,True,171.0,False,False
ESSC,2021-12-01,2021-12-14,2021-12-17,17,13,381,1866,0.43,19.7,False,True,381.0,False,False
CFVI,2021-12-02,2021-12-06,2021-12-09,8,4,176,704,0.0,130.0,False,True,176.0,False,False
DOCU,2021-12-02,2021-12-03,2021-12-04,3,1,779,1444,5.0,44.7,False,True,155.8,False,False
DWAC,2021-12-02,2021-12-08,2021-12-09,8,6,221,982,53.3,4.1,False,True,4.1,True,False
CHWY,2021-12-04,2021-12-09,2021-12-10,7,5,842,2206,22.4,10.0,False,True,37.6,False,False
GBNY,2021-12-06,2021-12-06,2021-12-20,15,0,42,359,16.77,4.3,False,True,2.5,True,False
LULU,2021-12-06,2021-12-09,2021-12-10,5,3,171,351,4.93,10.1,False,True,34.7,False,False
AVCT,2021-12-09,2021-12-22,2021-12-31,23,13,379,2263,0.03,45.0,False,True,379.0,False,False
SLDP,2021-12-09,2021-12-09,2021-12-16,8,0,118,326,0.0,118.0,False,True,118.0,False,False
FDX,2021-12-11,2021-12-16,2021-12-17,7,5,170,461,7.73,5.5,False,True,22.0,False,False
AMC,2021-12-13,2021-12-17,2021-12-20,8,4,539,2624,166.37,4.4,False,True,3.2,True,False
RELI,2021-12-13,2021-12-21,2021-12-22,10,8,113,403,0.23,31.8,False,True,113.0,False,False
BFRI,2021-12-21,2021-12-21,2021-12-29,9,0,172,815,33.9,4.4,False,True,5.1,True,False
IINN,2021-12-22,2021-12-30,2021-12-31,10,8,155,558,3.0,12.4,False,True,51.7,False,False
NXTD,2021-12-22,2021-12-27,2021-12-29,8,5,109,461,0.5,35.8,False,True,109.0,False,False
AUVI,2021-12-28,2021-12-28,2022-01-12,16,0,129,864,20.67,15.6,False,True,6.2,True,False
ISIG,2021-12-28,2021-12-30,2022-01-07,11,2,66,303,4.07,5.0,False,True,16.2,False,False
RBLX,2021-12-30,2021-12-31,2022-01-19,21,1,265,1898,27.33,6.6,False,True,9.7,False,False
NES,2021-12-31,2021-12-31,2022-01-11,12,0,84,339,1.87,36.2,False,True,44.9,False,False
ICE,2022-01-03,2022-01-11,2022-01-20,18,8,50,405,10.8,5.6,False,True,4.6,True,False
TLRY,2022-01-03,2022-01-10,2022-01-13,11,7,448,1403,28.93,4.1,False,True,15.5,False,False
TSLA,2022-01-03,2022-01-03,2022-01-14,12,0,2708,15257,731.37,7.1,False,True,3.7,True,False
TSM,2022-01-03,2022-01-13,2022-01-13,11,10,271,758,11.83,13.0,False,True,22.9,False,False
AMD,2022-01-04,2022-01-04,2022-01-10,7,0,288,1139,107.23,4.1,False,True,2.7,True,False
BAC,2022-01-04,2022-01-18,2022-01-26,23,14,48,443,8.67,5.0,False,True,5.5,True,False
BRK,2022-01-04,2022-01-05,2022-02-15,43,1,121,1457,17.43,4.8,False,True,6.9,True,False
F,2022-01-04,2022-01-04,2022-01-06,3,0,225,458,7.3,43.4,False,True,30.8,False,False
QCOM,2022-01-04,2022-02-02,2022-02-03,31,29,408,1142,10.3,4.1,False,True,39.6,False,False
WFC,2022-01-04,2022-01-16,2022-01-18,15,12,123,550,8.47,5.8,False,True,14.5,False,False
BYND,2022-01-05,2022-01-13,2022-01-14,10,8,196,636,5.4,7.5,False,True,36.3,False,False
UEC,2022-01-05,2022-01-05,2022-01-16,12,0,96,488,9.7,14.8,False,True,9.9,False,False
BRLI,2022-01-07,2022-01-08,2022-02-10,35,1,73,1460,31.03,5.0,False,True,2.4,True,False
DISCA,2022-01-07,2022-01-07,2022-02-25,50,0,86,1785,22.3,6.9,False,True,3.9,True,False
LCID,2022-01-07,2022-01-20,2022-01-21,15,13,301,1726,33.87,4.6,False,True,8.9,False,False
VIAC,2022-01-07,2022-01-14,2022-01-24,18,7,63,413,7.77,7.7,False,True,8.1,False,False
CSX,2022-01-10,2022-04-06,2022-04-29,110,86,217,10588,0.9,29.0,False,True,217.0,False,False
DASH,2022-01-11,2022-02-16,2022-02-17,38,36,264,960,7.5,6.7,False,True,35.2,False,False
SBUX,2022-01-11,2022-02-01,2022-02-03,24,21,200,1063,17.43,4.7,False,True,11.5,False,False
XOM,2022-01-11,2022-02-01,2022-02-15,36,21,87,904,9.03,4.6,False,True,9.6,False,False
CCMP,2022-01-12,2022-01-12,2022-01-27,16,0,47,414,18.53,4.2,False,True,2.5,True,False
DWAC,2022-01-12,2022-01-18,2022-01-20,9,6,292,1071,30.1,4.5,False,True,9.7,False,False
MP,2022-01-12,2022-01-12,2022-01-27,16,0,48,417,18.67,4.2,False,True,2.6,True,False
NGS,2022-01-12,2022-02-24,2022-03-10,58,43,126,2086,9.83,4.9,False,True,12.8,False,False
PATK,2022-01-12,2022-01-12,2022-01-26,15,0,59,332,8.63,8.4,False,True,6.8,True,False
BBIG,2022-01-13,2022-01-19,2022-02-09,28,6,402,4868,31.8,12.0,False,True,12.6,False,False
SPCE,2022-01-13,2022-01-13,2022-01-19,7,0,165,388,12.7,19.9,False,True,13.0,False,False
NFLX,2022-01-14,2022-01-21,2022-01-22,9,7,2333,5666,45.03,8.4,False,True,51.8,False,False
PIXY,2022-01-14,2022-01-25,2022-01-27,14,11,69,460,3.6,5.7,False,True,19.2,False,False
SOFI,2022-01-18,2022-01-20,2022-01-28,11,2,465,1876,47.63,6.7,False,True,9.8,False,False
STRA,2022-01-18,2022-02-24,2022-03-17,59,37,92,1528,14.47,5.6,False,True,6.4,True,False
WOW,2022-01-18,2022-01-18,2022-02-10,24,0,34,320,6.87,9.3,False,True,4.9,True,False
AMZN,2022-01-21,2022-02-03,2022-02-04,15,13,2241,4795,59.0,5.3,False,True,38.0,False,False
WEN,2022-01-21,2022-01-21,2022-02-03,14,0,84,636,24.17,4.8,False,True,3.5,True,False
TCBI,2022-01-22,2022-01-22,2022-02-04,14,0,133,739,28.73,9.5,False,True,4.6,True,False
DOW,2022-01-24,2022-01-24,2022-02-04,12,0,60,341,12.57,6.5,False,True,4.8,True,False
MTCH,2022-01-24,2022-02-02,2022-02-03,11,9,281,872,2.03,13.0,False,True,138.4,False,False
MCD,2022-01-25,2022-01-25,2022-02-02,9,0,55,330,15.93,4.5,False,True,3.5,True,False
KEY,2022-01-26,2022-01-28,2022-02-25,31,2,165,2692,2.03,92.5,False,True,81.3,False,False
STET,2022-01-26,2022-07-19,2022-08-05,192,174,59,4192,1.63,5.0,False,True,36.2,False,False
AAPL,2022-01-27,2022-01-27,2022-02-08,13,0,2518,10686,398.9,14.7,False,True,6.3,True,False
AMD,2022-01-27,2022-02-01,2022-02-02,7,5,1326,3820,132.27,5.1,False,True,10.0,False,False
SPOT,2022-01-29,2022-02-02,2022-02-07,10,4,611,2096,17.1,6.9,False,True,35.7,False,False
GOOG,2022-02-01,2022-02-02,2022-02-03,3,1,558,1146,38.63,21.5,False,True,14.4,False,False
GOOGL,2022-02-01,2022-02-02,2022-02-03,3,1,541,1092,34.3,24.4,False,True,15.8,False,False
PYPL,2022-02-01,2022-02-02,2022-02-03,3,1,1720,3227,62.63,28.4,False,True,27.5,False,False
FB,2022-02-02,2022-02-03,2022-02-09,8,1,137,467,4.13,18.2,False,True,33.2,False,False
PINS,2022-02-02,2022-02-03,2022-02-04,3,1,328,585,12.27,14.7,False,True,26.7,False,False
SNAP,2022-02-02,2022-02-03,2022-02-04,3,1,1054,1802,11.63,23.1,False,True,90.6,False,False
AMTD,2022-02-04,2022-02-04,2022-02-09,6,0,101,329,3.47,10.7,False,True,29.1,False,False
ARC,2022-02-04,2022-02-05,2022-02-06,3,1,211,573,20.87,23.0,False,True,10.1,False,False
SENS,2022-02-04,2022-02-11,2022-02-11,8,7,118,363,7.5,6.2,False,True,15.7,False,False
CHGG,2022-02-06,2022-02-07,2022-02-08,3,1,391,551,2.2,11.6,False,True,177.7,False,False
PFE,2022-02-07,2022-02-08,2022-02-09,3,1,269,513,24.43,10.8,False,True,11.0,False,False
RBLX,2022-02-10,2022-02-15,2022-02-16,7,5,1160,2695,57.5,4.8,False,True,20.2,False,False
SKYX,2022-02-10,2022-04-20,2022-05-30,110,69,106,4309,0.0,36.0,False,True,106.0,False,False
Z,2022-02-10,2022-02-10,2022-02-18,9,0,115,350,20.17,11.2,False,True,5.7,True,False
ZG,2022-02-10,2022-02-10,2022-02-18,9,0,109,333,19.8,10.8,False,True,5.5,True,False
CCMP,2022-02-11,2022-02-11,2022-02-24,14,0,66,491,25.3,4.8,False,True,2.6,True,False
LMT,2022-02-11,2022-02-24,2022-03-09,27,13,111,1194,12.77,9.7,False,True,8.7,False,False
MP,2022-02-11,2022-02-11,2022-02-24,14,0,66,494,25.5,4.7,False,True,2.6,True,False
MS,2022-02-12,2022-02-18,2022-02-18,7,6,147,372,13.83,7.6,False,True,10.6,False,False
RF,2022-02-15,2022-02-21,2022-02-24,10,6,184,531,5.63,10.3,False,True,32.7,False,False
UPST,2022-02-15,2022-02-15,2022-02-17,3,0,213,365,16.5,21.4,False,True,12.9,False,False
WAT,2022-02-16,2022-02-16,2022-03-03,16,0,48,357,14.27,4.6,False,True,3.4,True,False
PLTR,2022-02-17,2022-02-17,2022-02-24,8,0,713,2405,120.6,9.3,False,True,5.9,True,False
DKNG,2022-02-18,2022-02-18,2022-02-23,6,0,298,513,42.83,9.5,False,True,7.0,True,False
CS,2022-02-20,2022-02-21,2022-03-05,14,1,65,409,10.63,6.9,False,True,6.1,True,False
ACQR,2022-02-21,2022-02-21,2022-03-01,9,0,82,319,8.3,21.6,False,True,9.9,False,False
LNG,2022-02-22,2022-02-22,2022-03-09,16,0,47,368,6.63,8.0,False,True,7.1,True,False
UEC,2022-02-22,2022-03-09,2022-03-21,28,15,174,1736,13.27,4.1,False,True,13.1,False,False
CLOV,2022-02-23,2022-02-23,2022-02-28,6,0,141,316,18.53,11.5,False,True,7.6,True,False
NOG,2022-02-24,2022-03-07,2022-03-15,20,11,58,519,7.13,8.4,False,True,8.1,False,False
PXD,2022-02-24,2022-02-24,2022-03-09,14,0,191,1482,74.93,5.5,False,True,2.5,True,False
RKT,2022-02-24,2022-03-03,2022-03-04,9,7,104,434,8.57,4.4,False,True,12.1,False,False
TSM,2022-02-24,2022-02-28,2022-03-07,12,4,80,377,11.1,10.9,False,True,7.2,True,False
WTI,2022-02-24,2022-03-07,2022-03-15,20,11,90,614,12.8,4.4,False,True,7.0,True,False
FOSL,2022-02-28,2022-02-28,2022-03-12,13,0,73,458,10.13,13.3,False,True,7.2,True,False
MULN,2022-02-28,2022-03-21,2022-04-11,43,21,354,5920,3.93,21.7,False,True,90.1,False,False
SLI,2022-02-28,2022-04-23,2022-04-24,56,54,86,1306,12.07,5.7,False,True,7.1,True,False
UUUU,2022-02-28,2022-03-08,2022-03-14,15,8,81,575,10.4,8.3,False,True,7.8,True,False
SOFI,2022-03-01,2022-03-01,2022-03-03,3,0,255,554,42.47,7.6,False,True,6.0,True,False
AAPL,2022-03-02,2022-03-02,2022-03-08,7,0,1353,4915,387.33,4.1,False,True,3.5,True,False
CVX,2022-03-02,2022-03-08,2022-03-10,9,6,103,389,9.23,4.8,False,True,11.2,False,False
OXY,2022-03-02,2022-03-07,2022-03-10,9,5,109,491,4.1,10.8,False,True,26.6,False,False
INDO,2022-03-04,2022-03-07,2022-03-10,7,3,91,329,4.63,15.0,False,True,19.7,False,False
JPM,2022-03-04,2022-03-04,2022-03-17,14,0,61,509,17.23,5.4,False,True,3.5,True,False
CEI,2022-03-05,2022-03-08,2022-03-11,7,3,171,621,6.5,4.6,False,True,26.3,False,False
CHWY,2022-03-07,2022-03-31,2022-03-31,25,24,191,1197,15.37,11.1,False,True,12.4,False,False
PATK,2022-03-07,2022-03-17,2022-03-17,11,10,220,512,7.57,12.2,False,True,29.1,False,False
XOM,2022-03-07,2022-03-08,2022-03-11,5,1,166,502,23.63,6.5,False,True,7.0,True,False
TETC,2022-03-08,2022-03-08,2022-03-18,11,0,46,310,20.3,4.1,False,True,2.3,True,False
AMZN,2022-03-09,2022-03-10,2022-03-11,3,1,298,657,44.9,6.4,False,True,6.6,True,False
ZIM,2022-03-09,2022-03-22,2022-03-29,21,13,185,1691,25.83,7.6,False,True,7.2,True,False
HYMC,2022-03-10,2022-03-15,2022-03-19,10,5,171,532,0.83,10.1,False,True,171.0,False,False
BRK,2022-03-11,2022-03-26,2022-04-07,28,15,126,1119,23.47,4.9,False,True,5.4,True,False
KEYS,2022-03-12,2022-03-29,2022-03-29,18,17,249,567,0.43,35.6,False,True,249.0,False,False
BABA,2022-03-14,2022-03-16,2022-03-22,9,2,689,2284,64.33,5.3,False,True,10.7,False,False
NIO,2022-03-14,2022-03-24,2022-04-04,22,10,146,1108,19.9,5.2,False,True,7.3,True,False
GME,2022-03-17,2022-03-23,2022-04-13,28,6,9033,132240,2511.2,4.3,False,True,3.6,True,False
BBIG,2022-03-21,2022-03-30,2022-04-14,25,9,186,1695,23.1,9.2,False,True,8.1,False,False
NILE,2022-03-21,2022-04-10,2022-04-18,29,20,427,5788,2.23,21.4,False,True,191.5,False,False
IMCC,2022-03-22,2022-04-01,2022-04-05,15,10,85,569,9.63,4.1,False,True,8.8,False,False
NVDA,2022-03-22,2022-03-24,2022-04-28,38,2,446,6175,78.17,4.2,False,True,5.7,True,False
TLRY,2022-03-22,2022-03-25,2022-03-30,9,3,910,2942,9.13,12.6,False,True,99.7,False,False
AMC,2022-03-23,2022-03-29,2022-04-04,13,6,870,4728,121.73,5.5,False,True,7.1,True,False
DISCA,2022-03-23,2022-03-24,2022-03-30,8,1,166,628,30.8,5.4,False,True,5.4,True,False
DISCB,2022-03-23,2022-03-24,2022-03-30,8,1,166,624,30.03,6.1,False,True,5.5,True,False
DISCK,2022-03-23,2022-03-24,2022-03-30,8,1,168,630,30.33,5.8,False,True,5.5,True,False
FCN,2022-03-23,2022-03-25,2022-03-25,3,2,508,993,6.53,13.6,False,True,77.8,False,False
IEX,2022-03-23,2022-03-23,2022-04-01,10,0,207,925,12.8,22.3,False,True,16.2,False,False
LPL,2022-03-23,2022-03-23,2022-04-05,14,0,49,359,17.03,5.1,False,True,2.9,True,False
SNDL,2022-03-23,2022-03-25,2022-04-05,14,2,107,643,5.7,5.2,False,True,18.8,False,False
AMTD,2022-03-24,2022-03-24,2022-04-12,20,0,73,540,17.6,7.4,False,True,4.1,True,False
CNXN,2022-03-24,2022-03-25,2022-04-28,36,1,123,1703,30.0,5.3,False,True,4.1,True,False
RGP,2022-03-24,2022-03-25,2022-04-28,36,1,123,1705,30.03,5.3,False,True,4.1,True,False
GTES,2022-03-25,2022-04-23,2022-04-24,31,29,1384,2566,12.67,5.9,False,True,109.2,False,False
GOOG,2022-03-26,2022-03-26,2022-03-31,6,0,109,389,28.57,5.6,False,True,3.8,True,False
NEGG,2022-03-28,2022-04-06,2022-04-11,15,9,80,325,0.93,37.7,False,True,80.0,False,False
ATER,2022-03-29,2022-04-19,2022-04-29,32,21,816,10590,7.7,6.2,False,True,106.0,False,False
TWTR,2022-03-29,2022-04-14,2022-04-28,31,16,3918,42180,528.37,8.8,False,True,7.4,True,False
WASH,2022-03-29,2022-03-29,2022-04-15,18,0,88,400,16.2,15.2,False,True,5.4,True,False
AMD,2022-03-31,2022-05-03,2022-05-04,35,33,1001,8416,97.23,9.6,False,True,10.3,False,False
GFAI,2022-03-31,2022-04-10,2022-04-12,13,10,96,565,5.7,5.0,False,True,16.8,False,False
HMHC,2022-03-31,2022-04-06,2022-04-06,7,6,231,442,3.1,4.4,False,True,74.5,False,False
THCA,2022-03-31,2022-04-05,2022-04-11,12,5,54,382,0.23,51.8,False,True,54.0,False,False
SST,2022-04-04,2022-04-08,2022-04-14,11,4,786,4109,13.73,11.6,False,True,57.2,False,False
PHM,2022-04-07,2022-04-13,2022-04-18,12,6,1007,6326,0.13,89.9,False,True,1007.0,False,False
SBFM,2022-04-07,2022-04-11,2022-04-19,13,4,51,303,1.97,7.2,False,True,25.9,False,False
WMT,2022-04-07,2022-04-07,2022-04-12,6,0,83,350,28.87,5.8,False,True,2.9,True,False
APLD,2022-04-14,2022-08-18,2022-10-01,171,126,61,3539,0.63,9.3,False,True,61.0,False,False
NFLX,2022-04-18,2022-04-20,2022-04-21,4,2,5573,11193,51.47,6.1,False,True,108.3,False,False
DIS,2022-04-19,2022-05-11,2022-05-12,24,22,325,1745,12.5,10.5,False,True,26.0,False,False
MASS,2022-04-20,2022-04-20,2022-05-30,41,0,30,620,9.37,4.5,False,True,3.2,True,False
PYPL,2022-04-20,2022-04-27,2022-04-28,9,7,379,1629,32.2,12.9,False,True,11.8,False,False
SPOT,2022-04-20,2022-04-27,2022-04-29,10,7,84,493,11.07,6.4,False,True,7.6,True,False
TSLA,2022-04-20,2022-04-20,2022-05-03,14,0,3753,21911,760.27,10.4,False,True,4.9,True,False
GOOGL,2022-04-21,2022-04-26,2022-04-27,7,5,389,1227,36.8,4.1,False,True,10.6,False,False
RDBX,2022-04-21,2022-05-02,2022-05-03,13,11,221,682,4.2,7.4,False,True,52.6,False,False
ROKU,2022-04-21,2022-04-28,2022-04-28,8,7,205,373,3.7,5.8,False,True,55.4,False,False
SHOP,2022-04-21,2022-05-05,2022-05-12,22,14,291,1742,22.77,7.3,False,True,12.8,False,False
CCMP,2022-04-22,2022-04-22,2022-04-29,8,0,220,697,33.4,11.7,False,True,6.6,True,False
DOW,2022-04-22,2022-05-11,2022-05-24,33,19,43,671,9.23,5.9,False,True,4.7,True,False
GOOG,2022-04-22,2022-04-26,2022-04-27,6,4,495,1271,43.9,7.4,False,True,11.3,False,False
MP,2022-04-22,2022-04-22,2022-04-29,8,0,221,699,34.0,11.6,False,True,6.5,True,False
MSFT,2022-04-23,2022-04-26,2022-04-27,5,3,1197,2664,112.17,5.3,False,True,10.7,False,False
DWAC,2022-04-25,2022-04-25,2022-04-29,5,0,222,593,30.43,6.5,False,True,7.3,True,False
MARK,2022-04-25,2022-04-27,2022-05-02,8,2,89,440,5.63,7.7,False,True,15.8,False,False
KEY,2022-04-27,2022-05-26,2022-05-26,30,29,126,2144,1.7,37.0,False,True,74.1,False,False
MCD,2022-04-27,2022-04-28,2022-06-03,38,1,50,767,14.53,4.6,False,True,3.4,True,False
TDOC,2022-04-27,2022-04-28,2022-04-29,3,1,345,764,3.0,134.5,False,True,115.0,False,False
COKE,2022-04-28,2022-04-28,2022-05-07,10,0,106,308,10.67,13.3,False,True,9.9,False,False
INTC,2022-04-28,2022-04-28,2022-05-04,7,0,211,715,57.5,5.6,False,True,3.7,True,False
KO,2022-04-28,2022-04-28,2022-05-07,10,0,119,314,11.6,13.5,False,True,10.3,False,False
RIVN,2022-04-28,2022-05-11,2022-05-12,15,13,287,1275,14.7,7.0,False,True,19.5,False,False
CSCO,2022-04-29,2022-05-18,2022-05-20,22,19,233,705,4.5,8.8,False,True,51.8,False,False
BRK,2022-05-01,2022-05-06,2022-05-12,12,5,105,632,23.83,4.2,False,True,4.4,True,False
BRT,2022-05-01,2022-06-15,2022-06-23,54,45,35,676,4.73,9.7,False,True,7.4,True,False
Z,2022-05-01,2022-05-01,2022-05-27,27,0,64,855,16.13,7.5,False,True,4.0,True,False
ZG,2022-05-01,2022-05-01,2022-05-27,27,0,64,847,15.87,7.6,False,True,4.0,True,False
DASH,2022-05-04,2022-05-05,2022-05-11,8,1,144,399,13.27,4.3,False,True,10.9,False,False
DKNG,2022-05-05,2022-05-05,2022-05-12,8,0,95,351,15.07,8.4,False,True,6.3,True,False
OXY,2022-05-05,2022-05-10,2022-05-17,13,5,75,392,8.03,4.7,False,True,9.3,False,False
WISH,2022-05-05,2022-05-05,2022-05-12,8,0,63,316,22.47,4.2,False,True,2.8,True,False
BBIG,2022-05-06,2022-05-06,2022-05-19,14,0,239,1140,30.77,7.3,False,True,7.8,True,False
AFRM,2022-05-09,2022-05-12,2022-05-13,5,3,290,531,6.77,6.8,False,True,42.8,False,False
COIN,2022-05-09,2022-05-11,2022-05-13,5,2,987,2954,47.07,7.7,False,True,21.0,False,False
PLTR,2022-05-09,2022-05-09,2022-05-11,3,0,585,936,46.93,27.1,False,True,12.5,False,False
UPST,2022-05-09,2022-05-10,2022-05-11,3,1,618,1214,15.9,45.3,False,True,38.9,False,False
RBLX,2022-05-10,2022-05-10,2022-05-12,3,0,345,774,23.13,20.4,False,True,14.9,False,False
LUNA,2022-05-11,2022-05-12,2022-05-16,6,1,164,579,2.13,25.9,False,True,77.0,False,False
ASPC,2022-05-12,2022-05-12,2022-05-25,14,0,52,362,21.5,4.7,False,True,2.4,True,False
WMT,2022-05-16,2022-05-18,2022-05-19,4,2,762,1608,37.03,4.1,False,True,20.6,False,False
TGT,2022-05-17,2022-05-18,2022-05-19,3,1,646,871,6.83,11.8,False,True,94.6,False,False
BBY,2022-05-18,2022-05-24,2022-05-25,8,6,448,1335,8.93,10.0,False,True,50.2,False,False
COST,2022-05-18,2022-05-26,2022-05-26,9,8,349,910,11.8,26.0,False,True,29.6,False,False
ROST,2022-05-18,2022-05-19,2022-05-20,3,1,225,367,0.13,48.9,False,True,225.0,False,False
ZIM,2022-05-18,2022-05-18,2022-05-23,6,0,225,433,51.37,5.4,False,True,4.4,True,False
JWN,2022-05-23,2022-05-24,2022-05-25,3,1,354,480,2.83,4.5,False,True,125.1,False,False
CRM,2022-05-25,2022-05-31,2022-06-01,8,6,236,532,9.17,5.8,False,True,25.7,False,False
MSFT,2022-06-02,2022-06-02,2022-06-06,5,0,348,881,122.07,4.4,False,True,2.9,True,False
PHM,2022-06-04,2022-06-04,2022-06-09,6,0,117,368,25.43,4.7,False,True,4.6,True,False
WTI,2022-06-04,2022-06-04,2022-06-23,20,0,62,733,15.73,6.0,False,True,3.9,True,False
TCBI,2022-06-06,2022-06-06,2022-06-23,18,0,112,1136,41.87,4.2,False,True,2.7,True,False
UEC,2022-06-07,2022-06-07,2022-07-06,30,0,60,447,8.73,9.4,False,True,6.9,True,False
XOM,2022-06-07,2022-06-08,2022-06-23,17,1,75,638,17.77,4.5,False,True,4.2,True,False
NIO,2022-06-08,2022-06-08,2022-06-29,22,0,106,635,16.93,8.9,False,True,6.3,True,False
FOSL,2022-06-09,2022-06-11,2022-06-27,19,2,77,550,9.7,4.2,False,True,7.9,True,False
META,2022-06-09,2022-06-21,2022-06-30,22,12,168,942,0.0,37.0,False,True,168.0,False,False
RDBX,2022-06-10,2022-06-13,2022-06-17,8,3,360,1621,46.23,6.8,False,True,7.8,True,False
ACQR,2022-06-11,2022-07-04,2022-07-05,25,23,113,602,7.1,8.8,False,True,15.9,False,False
UUUU,2022-06-11,2022-06-11,2022-06-27,17,0,63,412,11.43,7.7,False,True,5.5,True,False
CELH,2022-06-13,2022-06-13,2022-06-18,6,0,204,402,2.03,129.1,False,True,100.5,False,False
COIN,2022-06-13,2022-06-13,2022-06-15,3,0,354,815,71.83,4.0,False,True,4.9,True,False
MSTR,2022-06-13,2022-06-13,2022-06-18,6,0,167,460,5.63,30.6,False,True,29.7,False,False
ABNB,2022-06-14,2022-06-17,2022-06-18,5,3,158,367,15.23,4.1,False,True,10.4,False,False
DIS,2022-06-14,2022-06-14,2022-07-02,19,0,58,365,13.1,5.8,False,True,4.4,True,False
FDX,2022-06-14,2022-06-23,2022-06-23,10,9,241,396,4.57,8.0,False,True,52.7,False,False
REV,2022-06-14,2022-06-22,2022-06-24,11,8,311,1199,2.87,8.9,False,True,108.4,False,False
ROAD,2022-06-15,2022-06-15,2022-06-22,8,0,72,347,27.0,4.2,False,True,2.7,True,False
BOOM,2022-06-16,2022-06-21,2022-06-27,12,5,192,668,8.9,6.0,False,True,21.6,False,False
BOXD,2022-06-22,2022-06-23,2022-06-30,9,1,95,307,5.9,11.9,False,True,16.1,False,False
BIOT,2022-06-23,2022-06-29,2022-07-19,27,6,53,397,10.47,4.5,False,True,5.1,True,False
IOBT,2022-06-23,2022-06-29,2022-07-19,27,6,53,397,10.47,4.5,False,True,5.1,True,False
SFT,2022-06-23,2022-06-23,2022-07-04,12,0,86,303,2.1,18.6,False,True,41.0,False,False
APRN,2022-06-24,2022-07-08,2022-07-08,15,14,123,758,1.6,12.3,False,True,76.9,False,False
NFLX,2022-06-24,2022-06-24,2022-06-27,4,0,197,496,82.4,4.4,False,True,2.4,True,False
EVFM,2022-06-27,2022-06-28,2022-07-21,25,1,79,799,0.23,57.8,False,True,79.0,False,False
ENDP,2022-06-28,2022-07-05,2022-07-13,16,7,40,308,1.27,14.4,False,True,31.5,False,False
AMD,2022-06-29,2022-06-29,2022-07-01,3,0,237,618,66.93,4.3,False,True,3.5,True,False
BBBY,2022-06-29,2022-07-05,2022-07-06,8,6,1288,3044,42.4,19.4,False,True,30.4,False,False
BBIG,2022-06-30,2022-06-30,2022-07-08,9,0,75,406,14.77,6.4,False,True,5.1,True,False
CVNA,2022-06-30,2022-06-30,2022-07-11,12,0,96,351,14.0,11.8,False,True,6.9,True,False
NVDA,2022-07-01,2022-07-01,2022-07-03,3,0,202,433,55.27,5.1,False,True,3.7,True,False
AMTD,2022-07-07,2022-08-03,2022-08-04,29,27,725,2435,12.13,6.8,False,True,59.8,False,False
GME,2022-07-07,2022-07-07,2022-07-14,8,0,7153,34686,2537.27,4.7,False,True,2.8,True,False
TWTR,2022-07-08,2022-07-09,2022-07-22,15,1,2661,14357,386.67,6.8,False,True,6.9,True,False
VERU,2022-07-11,2022-08-11,2022-08-22,43,31,61,688,1.17,15.6,False,True,52.1,False,False
ASPC,2022-07-12,2022-07-12,2022-08-02,22,0,60,538,18.37,5.9,False,True,3.3,True,False
MSFT,2022-07-12,2022-07-26,2022-07-28,17,14,813,3042,66.37,7.1,False,True,12.2,False,False
TLRY,2022-07-14,2022-08-17,2022-08-18,36,34,254,1605,11.33,8.8,False,True,22.4,False,False
BLK,2022-07-15,2022-07-20,2022-07-21,7,5,124,384,27.23,4.4,False,True,4.6,True,False
AAPL,2022-07-18,2022-07-28,2022-07-29,12,10,1648,6616,215.4,6.2,False,True,7.7,True,False
GOOG,2022-07-18,2022-07-26,2022-07-27,10,8,355,1114,25.27,5.5,False,True,14.0,False,False
GOOGL,2022-07-18,2022-07-26,2022-07-27,10,8,268,809,23.97,4.9,False,True,11.2,False,False
NFLX,2022-07-18,2022-07-19,2022-07-20,3,1,1571,2853,90.7,8.9,False,True,17.3,False,False
PRE,2022-07-18,2022-07-21,2022-07-22,5,3,136,491,1.83,74.9,False,True,74.3,False,False
XELA,2022-07-18,2022-07-22,2022-07-26,9,4,84,486,7.0,6.0,False,True,12.0,False,False
INTC,2022-07-19,2022-07-29,2022-08-02,15,10,558,2355,40.7,5.6,False,True,13.7,False,False
TBLT,2022-07-19,2022-07-22,2022-08-01,14,3,250,1173,5.0,4.7,False,True,50.0,False,False
SNAP,2022-07-20,2022-07-21,2022-07-22,3,1,709,1393,5.17,14.1,False,True,137.1,False,False
TSLA,2022-07-20,2022-07-20,2022-07-22,3,0,2106,5325,606.4,6.2,False,True,3.5,True,False
IEX,2022-07-22,2022-07-29,2022-07-30,9,7,176,537,12.77,10.1,False,True,13.8,False,False
SIGA,2022-07-23,2022-07-29,2022-08-05,14,6,181,1161,5.43,10.8,False,True,33.3,False,False
WMT,2022-07-25,2022-07-25,2022-07-27,3,0,654,1469,35.5,35.3,False,True,18.4,False,False
SNDL,2022-07-26,2022-07-26,2022-08-19,25,0,48,443,2.53,18.3,False,True,19.0,False,False
META,2022-07-27,2022-07-27,2022-07-29,3,0,318,548,37.13,11.0,False,True,8.6,False,False
BABA,2022-07-29,2022-08-04,2022-08-04,7,6,84,345,16.53,4.7,False,True,5.1,True,False
HKD,2022-07-29,2022-08-02,2022-08-04,7,4,1439,3359,0.9,15.7,False,True,1439.0,False,False
AMD,2022-08-01,2022-08-02,2022-08-04,4,1,903,1870,72.37,4.4,False,True,12.5,False,False
REV,2022-08-01,2022-08-02,2022-08-08,8,1,177,690,10.33,13.5,False,True,17.1,False,False
HOOD,2022-08-02,2022-08-03,2022-08-25,24,1,442,5059,110.87,4.2,False,True,4.0,True,False
AMC,2022-08-04,2022-08-05,2022-08-23,20,1,1120,9885,68.87,11.8,False,True,16.3,False,False
BLK,2022-08-04,2022-08-04,2022-08-10,7,0,142,404,32.73,4.5,False,True,4.3,True,False
COIN,2022-08-04,2022-08-04,2022-08-10,7,0,417,1168,66.5,6.6,False,True,6.3,True,False
CVNA,2022-08-04,2022-08-05,2022-08-11,8,1,126,373,12.97,7.5,False,True,9.7,False,False
FUBO,2022-08-04,2022-08-16,2022-08-17,14,12,641,1364,1.37,20.4,False,True,467.9,False,False
BBBY,2022-08-05,2022-08-18,2022-08-31,27,13,10792,88965,83.17,19.4,False,True,129.8,False,False
MEGL,2022-08-05,2022-08-05,2022-08-15,11,0,178,613,0.0,178.0,False,True,178.0,False,False
ARC,2022-08-06,2022-08-06,2022-08-19,14,0,70,508,24.93,4.2,False,True,2.8,True,False
JXN,2022-08-06,2022-08-26,2022-08-26,21,20,364,1298,5.83,8.4,False,True,62.4,False,False
RJAC,2022-08-06,2022-08-26,2022-08-26,21,20,364,1291,5.77,8.5,False,True,63.1,False,False
BBY,2022-08-07,2022-08-08,2022-08-31,25,1,225,1901,8.23,4.8,False,True,27.3,False,False
BACK,2022-08-08,2022-08-16,2022-08-26,19,8,121,713,0.0,62.0,False,True,121.0,False,False
BB,2022-08-08,2022-08-16,2022-09-09,33,8,34,415,6.2,6.5,False,True,5.5,True,False
CLOV,2022-08-08,2022-08-08,2022-08-24,17,0,77,459,7.23,9.2,False,True,10.7,False,False
WISH,2022-08-08,2022-08-16,2022-08-22,15,8,63,402,10.33,4.3,False,True,6.1,True,False
ASTS,2022-08-09,2022-08-11,2022-08-19,11,2,113,620,4.77,9.0,False,True,23.7,False,False
BNGO,2022-08-10,2022-08-11,2022-08-12,3,1,250,380,1.8,22.5,False,True,138.9,False,False
NVTA,2022-08-10,2022-08-10,2022-08-12,3,0,321,571,0.2,320.8,False,True,321.0,False,False
APRN,2022-08-15,2022-08-22,2022-09-22,39,7,331,4077,3.23,9.7,False,True,102.5,False,False
BBIG,2022-08-16,2022-08-18,2022-08-20,5,2,152,501,11.07,11.4,False,True,13.7,False,False
PRTY,2022-08-16,2022-08-17,2022-08-30,15,1,279,1793,2.4,50.2,False,True,116.2,False,False
WEBR,2022-08-16,2022-08-19,2022-08-19,4,3,602,1049,2.83,7.6,False,True,212.7,False,False
ZIM,2022-08-17,2022-08-17,2022-09-23,38,0,107,1114,14.63,10.6,False,True,7.3,True,False
CHWY,2022-08-18,2022-08-19,2022-08-21,4,1,177,416,11.13,17.0,False,True,15.9,False,False
GCT,2022-08-18,2022-08-19,2022-08-22,5,1,910,1609,0.0,148.0,False,True,910.0,False,False
STRA,2022-08-18,2022-08-31,2022-08-31,14,13,161,599,14.83,6.4,False,True,10.9,False,False
TWTR,2022-08-18,2022-08-18,2022-09-09,23,0,2728,21554,453.5,12.3,False,True,6.0,True,False
CBSH,2022-08-19,2022-08-23,2022-09-01,14,4,52,374,15.03,4.2,False,True,3.5,True,False
FGF,2022-08-19,2022-08-19,2022-08-25,7,0,76,309,32.37,4.2,False,True,2.3,True,False
HTBK,2022-08-19,2022-08-23,2022-09-01,14,4,52,374,15.03,4.2,False,True,3.5,True,False
OXY,2022-08-19,2022-08-19,2022-08-29,11,0,113,597,10.2,11.6,False,True,11.1,False,False
SPSC,2022-08-19,2022-08-23,2022-09-01,14,4,52,374,15.03,4.2,False,True,3.5,True,False
SKY,2022-08-20,2022-08-31,2022-09-06,18,11,91,703,6.3,14.5,False,True,14.4,False,False
AVYA,2022-08-23,2022-08-25,2022-09-07,16,2,88,601,2.13,16.8,False,True,41.3,False,False
BOOM,2022-08-24,2022-08-24,2022-08-29,6,0,228,449,14.7,25.7,False,True,15.5,False,False
NVDA,2022-08-24,2022-09-01,2022-09-02,10,8,895,3308,99.87,6.5,False,True,9.0,False,False
UEC,2022-08-24,2022-08-30,2022-09-09,17,6,186,1073,9.23,9.1,False,True,20.2,False,False
LNG,2022-08-25,2022-09-05,2022-09-14,21,11,43,349,5.4,5.6,False,True,8.0,True,False
GSAT,2022-08-26,2022-09-07,2022-09-08,14,12,382,931,3.3,6.4,False,True,115.8,False,False
POW,2022-08-26,2022-09-07,2022-09-21,27,12,50,447,10.2,4.8,False,True,4.9,True,False
AVCT,2022-08-29,2022-09-23,2022-10-04,37,25,155,2302,6.27,7.4,False,True,24.7,False,False
META,2022-08-31,2022-10-26,2022-10-31,62,56,1255,5739,18.17,5.2,False,True,69.1,False,False
SLI,2022-08-31,2022-09-20,2022-09-22,23,20,87,623,13.27,9.2,False,True,6.6,True,False
SBUX,2022-09-03,2022-09-13,2022-09-15,13,10,51,316,13.17,5.7,False,True,3.9,True,False
TCBI,2022-09-05,2022-09-07,2022-10-06,32,2,108,1083,26.03,4.4,False,True,4.1,True,False
DWAC,2022-09-06,2022-09-06,2022-09-08,3,0,291,501,13.03,30.9,False,True,22.3,False,False
NIO,2022-09-06,2022-09-07,2022-09-22,17,1,44,325,9.67,7.0,False,True,4.6,True,False
PXD,2022-09-06,2022-09-06,2022-09-08,3,0,144,368,54.87,4.1,False,True,2.6,True,False
AAPL,2022-09-07,2022-09-07,2022-09-12,6,0,1618,3294,338.8,9.0,False,True,4.8,True,False
SPR,2022-09-07,2022-09-07,2022-09-23,17,0,84,373,7.23,10.4,False,True,11.6,False,False
STRA,2022-09-07,2022-09-07,2022-09-13,7,0,190,491,29.43,5.5,False,True,6.5,True,False
NFLX,2022-09-13,2022-09-16,2022-09-17,5,3,721,1462,43.87,4.3,False,True,16.4,False,False
HKD,2022-09-14,2022-09-14,2022-09-16,3,0,327,735,28.03,9.7,False,True,11.7,False,False
BYND,2022-09-19,2022-09-20,2022-09-21,3,1,182,304,7.1,8.8,False,True,25.6,False,False
RUM,2022-09-19,2022-09-19,2022-09-21,3,0,174,364,0.0,174.0,False,True,174.0,False,False
MSFT,2022-09-20,2022-09-22,2022-09-30,11,2,284,1499,76.97,4.1,False,True,3.7,True,False
SAVA,2022-09-20,2022-09-22,2022-09-28,9,2,142,353,8.37,5.6,False,True,17.0,False,False
Z,2022-09-21,2022-10-18,2022-10-21,31,27,43,664,13.5,4.2,False,True,3.2,True,False
ZG,2022-09-21,2022-10-18,2022-10-21,31,27,43,661,13.3,4.2,False,True,3.2,True,False
CS,2022-09-23,2022-10-03,2022-10-04,12,10,1173,3033,6.13,5.8,False,True,191.4,False,False
DOW,2022-09-23,2022-09-23,2022-10-07,15,0,53,316,11.13,6.4,False,True,4.8,True,False
ELS,2022-09-24,2022-09-24,2022-10-11,18,0,43,319,12.63,7.0,False,True,3.4,True,False
BLK,2022-09-29,2022-10-13,2022-10-13,15,14,91,616,22.83,4.9,False,True,4.0,True,False
GTES,2022-10-04,2022-10-04,2022-11-12,40,0,36,733,12.67,6.2,False,True,2.8,True,False
TWTR,2022-10-04,2022-10-04,2022-10-07,4,0,2010,5093,445.73,7.9,False,True,4.5,True,False
AMD,2022-10-07,2022-10-07,2022-10-11,5,0,553,1153,84.33,8.3,False,True,6.6,True,False
PYPL,2022-10-08,2022-10-10,2022-10-11,4,2,709,1808,13.6,13.3,False,True,52.1,False,False
TSM,2022-10-08,2022-10-13,2022-10-24,17,5,67,412,5.77,6.9,False,True,11.6,False,False
MMAT,2022-10-09,2022-10-13,2022-10-14,6,4,161,449,1.13,10.4,False,True,142.5,False,False
INTC,2022-10-11,2022-10-11,2022-10-16,6,0,223,816,70.4,4.9,False,True,3.2,True,False
ON,2022-10-11,2022-10-16,2022-10-21,11,5,104,382,7.83,7.0,False,True,13.3,False,False
MCD,2022-10-13,2022-10-30,2022-11-03,22,17,66,478,10.87,5.7,False,True,6.1,True,False
YELL,2022-10-14,2022-10-21,2022-11-04,22,7,82,611,12.97,7.8,False,True,6.3,True,False
SHOP,2022-10-17,2022-10-27,2022-10-27,11,10,98,319,11.3,5.0,False,True,8.7,False,False
ABNB,2022-10-18,2022-10-18,2022-10-20,3,0,347,558,23.37,7.2,False,True,14.8,False,False
SNAP,2022-10-18,2022-10-20,2022-10-21,4,2,718,1132,5.7,6.3,False,True,126.0,False,False
MULN,2022-10-19,2022-10-25,2022-11-19,32,6,63,783,4.53,9.0,False,True,13.9,False,False
BABA,2022-10-24,2022-10-24,2022-10-26,3,0,280,537,13.8,39.7,False,True,20.3,False,False
AMZN,2022-10-25,2022-10-27,2022-10-28,4,2,918,1535,27.17,5.1,False,True,33.8,False,False
GOOG,2022-10-25,2022-10-26,2022-11-04,11,1,273,1216,20.33,21.1,False,True,13.4,False,False
GOOGL,2022-10-25,2022-10-26,2022-10-27,3,1,284,704,21.83,21.9,False,True,13.0,False,False
MSFT,2022-10-25,2022-10-25,2022-10-28,4,0,686,1807,83.33,23.7,False,True,8.2,False,False
SPOT,2022-10-25,2022-11-05,2022-11-07,14,11,78,329,7.47,10.4,False,True,10.4,False,False
SKYX,2022-10-26,2022-11-01,2022-11-18,24,6,106,1147,24.23,6.5,False,True,4.4,True,False
SOFI,2022-10-31,2022-11-01,2022-11-02,3,1,168,315,5.13,28.4,False,True,32.7,False,False
Z,2022-11-01,2022-11-01,2022-11-09,9,0,99,322,18.17,9.4,False,True,5.4,True,False
ZG,2022-11-01,2022-11-01,2022-11-09,9,0,99,320,18.17,9.5,False,True,5.4,True,False
COIN,2022-11-03,2022-11-03,2022-11-27,25,0,405,3343,23.17,24.5,False,True,17.5,False,False
CVNA,2022-11-03,2022-11-07,2022-11-11,9,4,186,1060,12.53,11.7,False,True,14.8,False,False
ASTS,2022-11-04,2022-11-14,2022-11-18,15,10,210,1018,3.73,23.3,False,True,56.3,False,False
DWAC,2022-11-07,2022-11-07,2022-11-20,14,0,142,909,7.63,17.6,False,True,18.6,False,False
PLTR,2022-11-07,2022-11-07,2022-11-16,10,0,123,450,19.13,9.3,False,True,6.4,True,False
AMC,2022-11-08,2022-11-08,2022-11-16,9,0,257,1028,49.4,7.5,False,True,5.2,True,False
BRC,2022-11-09,2022-11-09,2022-11-19,11,0,53,375,6.0,5.8,False,True,8.8,False,False
NEGG,2022-11-11,2022-11-11,2022-12-22,42,0,36,699,7.4,4.7,False,True,4.9,True,False
CNXN,2022-11-14,2022-11-14,2022-11-22,9,0,80,339,22.63,6.4,False,True,3.5,True,False
RGP,2022-11-14,2022-11-14,2022-11-22,9,0,80,339,22.63,6.4,False,True,3.5,True,False
TGT,2022-11-14,2022-11-16,2022-11-16,3,2,224,313,2.87,7.7,False,True,78.0,False,False
ICE,2022-11-20,2022-12-02,2022-12-26,37,12,82,797,6.3,8.0,False,True,13.0,False,False
COSM,2022-11-21,2022-11-29,2022-12-08,18,8,167,1269,4.53,4.1,False,True,36.9,False,False
COMS,2022-11-23,2022-12-01,2022-12-17,25,8,54,474,3.17,9.0,False,True,17.0,False,False
TCDA,2022-11-25,2022-11-30,2022-12-08,14,5,70,459,2.1,7.1,False,True,33.3,False,False
AAPL,2022-11-28,2022-11-29,2022-12-01,4,1,2023,4208,311.73,4.3,False,True,6.5,True,False
TLRY,2022-12-02,2022-12-05,2022-12-06,5,3,154,377,14.5,4.3,False,True,10.6,False,False
CVNA,2022-12-07,2022-12-07,2022-12-09,3,0,489,1121,41.9,11.4,False,True,11.7,False,False
BKNG,2022-12-12,2022-12-12,2022-12-27,16,0,62,444,10.47,4.2,False,True,5.9,True,False
GTES,2022-12-15,2022-12-28,2022-12-28,14,13,115,642,14.43,6.5,False,True,8.0,True,False
TSLA,2022-12-15,2022-12-28,2023-01-06,23,13,3647,42227,660.33,5.6,False,True,5.5,True,False
HOOD,2022-12-20,2022-12-20,2022-12-23,4,0,418,850,90.27,6.5,False,True,4.6,True,False
CAT,2022-12-21,2023-01-31,2023-01-31,42,41,61,707,5.57,6.0,False,True,11.0,False,False
TRKA,2022-12-21,2023-01-24,2023-02-06,48,34,60,1042,3.23,6.1,False,True,18.6,False,False
AMC,2022-12-22,2022-12-22,2022-12-27,6,0,371,758,36.87,13.1,False,True,10.1,False,False
LUV,2022-12-27,2022-12-27,2022-12-29,3,0,207,458,2.5,44.9,False,True,82.8,False,False
BABA,2023-01-04,2023-01-17,2023-01-17,14,13,564,1107,13.73,6.5,False,True,41.1,False,False
MSFT,2023-01-04,2023-01-24,2023-01-25,22,20,1265,4562,55.9,6.2,False,True,22.6,False,False
BBBY,2023-01-05,2023-01-13,2023-01-18,14,8,1388,5695,40.27,13.3,False,True,34.5,False,False
HKD,2023-01-05,2023-01-05,2023-01-09,5,0,263,818,1.83,143.4,False,True,143.7,False,False
PRTY,2023-01-06,2023-01-11,2023-01-17,12,5,92,370,1.87,17.5,False,True,49.2,False,False
APRN,2023-01-13,2023-01-17,2023-02-13,32,4,111,1775,12.73,6.7,False,True,8.7,False,False
GS,2023-01-16,2023-01-18,2023-01-28,13,2,59,376,13.03,5.2,False,True,4.5,True,False
GNS,2023-01-19,2023-01-20,2023-01-25,7,1,341,1179,1.63,59.3,False,True,209.2,False,False
GOOG,2023-01-20,2023-02-02,2023-02-15,27,13,249,1766,20.63,7.2,False,True,12.1,False,False
GOOGL,2023-01-20,2023-02-02,2023-02-16,28,13,192,1553,17.4,9.2,False,True,11.0,False,False
HLBZ,2023-01-20,2023-01-23,2023-01-26,7,3,263,1072,1.4,79.1,False,True,187.9,False,False
NVDA,2023-01-23,2023-02-23,2023-03-01,38,31,1289,7947,56.4,4.1,False,True,22.9,False,False
AMD,2023-01-24,2023-01-31,2023-02-02,10,7,507,1610,22.0,4.2,False,True,23.0,False,False
NVOS,2023-01-24,2023-01-26,2023-02-03,11,2,200,785,1.4,25.5,False,True,142.9,False,False
WMT,2023-01-24,2023-01-24,2023-02-03,11,0,59,358,23.83,4.6,False,True,2.5,True,False
INTC,2023-01-26,2023-01-27,2023-02-01,7,1,540,1630,22.63,35.6,False,True,23.9,False,False
NGS,2023-01-26,2023-01-26,2023-03-08,42,0,64,1222,14.87,6.3,False,True,4.3,True,False
PXD,2023-01-26,2023-01-26,2023-03-09,43,0,96,2285,36.5,5.1,False,True,2.6,True,False
LCID,2023-01-27,2023-01-27,2023-01-30,4,0,409,624,3.6,132.1,False,True,113.6,False,False
CVNA,2023-01-30,2023-02-02,2023-02-03,5,3,658,1691,30.17,6.2,False,True,21.8,False,False
SNAP,2023-01-30,2023-01-31,2023-02-01,3,1,434,615,5.53,10.2,False,True,78.5,False,False
META,2023-01-31,2023-02-02,2023-02-03,4,2,514,1263,23.27,5.9,False,True,22.1,False,False
PYPL,2023-01-31,2023-02-09,2023-02-10,11,9,391,885,11.9,5.4,False,True,32.9,False,False
MARA,2023-02-02,2023-02-02,2023-02-21,20,0,68,551,12.87,6.0,False,True,5.3,True,False
MASS,2023-02-02,2023-02-10,2023-02-23,22,8,60,383,8.8,11.7,False,True,6.8,True,False
SBUX,2023-02-02,2023-02-05,2023-02-05,4,3,308,446,11.53,18.8,False,True,26.7,False,False
NSC,2023-02-13,2023-02-16,2023-02-22,10,3,71,363,1.17,8.2,False,True,60.7,False,False
PLTR,2023-02-13,2023-02-13,2023-02-15,3,0,378,729,21.4,22.8,False,True,17.7,False,False
SI,2023-02-14,2023-02-15,2023-02-16,3,1,184,456,13.5,4.9,False,True,13.6,False,False
DKNG,2023-02-15,2023-02-16,2023-02-17,3,1,171,350,6.1,7.7,False,True,28.0,False,False
AMC,2023-02-27,2023-02-28,2023-03-01,3,1,328,619,43.0,6.9,False,True,7.6,True,False
TRKA,2023-02-27,2023-03-07,2023-03-09,11,8,635,2980,31.47,5.1,False,True,20.2,False,False
CRM,2023-03-01,2023-03-01,2023-03-03,3,0,200,407,4.33,65.5,False,True,46.2,False,False
NVOS,2023-03-06,2023-03-07,2023-03-08,3,1,205,462,18.07,7.9,False,True,11.3,False,False
BAC,2023-03-09,2023-03-13,2023-03-27,19,4,92,901,1.8,14.5,False,True,51.1,False,False
CS,2023-03-09,2023-03-15,2023-03-21,13,6,1052,4849,15.37,9.4,False,True,68.4,False,False
JPM,2023-03-09,2023-03-10,2023-03-21,13,1,300,2076,9.67,18.5,False,True,31.0,False,False
VLY,2023-03-09,2023-03-10,2023-03-14,6,1,665,2541,6.57,17.1,False,True,101.2,False,False
BLK,2023-03-10,2023-03-10,2023-03-19,10,0,83,333,22.83,4.2,False,True,3.6,True,False
FRC,2023-03-10,2023-03-20,2023-03-27,18,10,1183,7020,0.13,122.9,False,True,1183.0,False,False
WAL,2023-03-10,2023-03-13,2023-03-16,7,3,225,559,0.17,48.8,False,True,225.0,False,False
WFC,2023-03-10,2023-03-15,2023-03-20,11,5,203,1065,6.43,13.7,False,True,31.6,False,False
MKSI,2023-03-11,2023-03-13,2023-03-31,21,2,34,406,8.1,7.0,False,True,4.2,True,False
NATI,2023-03-11,2023-03-13,2023-03-31,21,2,34,407,8.2,7.4,False,True,4.1,True,False
AMTD,2023-03-13,2023-03-15,2023-03-28,16,2,45,369,14.77,4.3,False,True,3.0,True,False
BRLI,2023-03-13,2023-03-20,2023-04-02,21,7,39,450,12.63,4.9,False,True,3.1,True,False
GS,2023-03-13,2023-03-13,2023-03-23,11,0,91,394,12.8,10.6,False,True,7.1,True,False
PACW,2023-03-13,2023-03-13,2023-03-22,10,0,99,361,1.8,16.1,False,True,55.0,False,False
SCHW,2023-03-13,2023-03-13,2023-03-24,12,0,155,703,1.67,32.6,False,True,92.8,False,False
DB,2023-03-15,2023-03-24,2023-03-25,11,9,395,814,2.47,7.9,False,True,159.9,False,False
GME,2023-03-15,2023-03-22,2023-04-05,22,7,4333,36254,790.4,4.4,False,True,5.5,True,False
UBS,2023-03-15,2023-03-19,2023-03-21,7,4,1159,2916,4.53,13.8,False,True,255.8,False,False
AMD,2023-03-16,2023-03-16,2023-03-23,8,0,222,776,38.27,5.8,False,True,5.8,True,False
PXMD,2023-03-23,2023-03-29,2023-04-04,13,6,84,580,3.03,7.0,False,True,27.7,False,False
BABA,2023-03-28,2023-03-28,2023-03-30,3,0,191,370,12.8,19.3,False,True,14.9,False,False
XOM,2023-04-02,2023-04-03,2023-05-02,31,1,35,302,4.27,8.0,False,True,8.2,False,False
BLK,2023-04-06,2023-04-06,2023-04-14,9,0,125,436,24.6,6.4,False,True,5.1,True,False
NFLX,2023-04-17,2023-04-18,2023-04-19,3,1,957,1670,35.37,4.8,False,True,27.1,False,False
BKNG,2023-04-18,2023-04-19,2023-05-11,24,1,52,380,6.4,7.5,False,True,8.1,False,False
TSLA,2023-04-19,2023-04-19,2023-04-21,3,0,1890,4426,298.67,13.2,False,True,6.3,True,False
MSFT,2023-04-20,2023-04-26,2023-04-27,8,6,844,2323,76.97,4.6,False,True,11.0,False,False
AMZN,2023-04-21,2023-04-27,2023-04-28,8,6,656,1147,20.57,5.3,False,True,31.9,False,False
BBBY,2023-04-23,2023-04-24,2023-04-28,6,1,454,1821,50.93,13.6,False,True,8.9,False,False
FRC,2023-04-24,2023-04-24,2023-04-28,5,0,1312,5501,93.73,18.6,False,True,14.0,False,False
PACW,2023-04-25,2023-05-03,2023-05-05,11,8,454,1454,4.87,15.9,False,True,93.2,False,False
CMA,2023-04-26,2023-05-04,2023-05-05,10,8,100,365,2.9,23.5,False,True,34.5,False,False
INTC,2023-04-26,2023-04-27,2023-04-28,3,1,276,655,25.37,5.0,False,True,10.9,False,False
SOFI,2023-04-28,2023-05-01,2023-05-02,5,3,163,322,5.5,8.2,False,True,29.6,False,False
WFC,2023-04-29,2023-04-29,2023-05-07,9,0,68,310,13.33,6.2,False,True,5.1,True,False
CHGG,2023-05-01,2023-05-02,2023-05-03,3,1,236,442,1.0,55.0,False,True,236.0,False,False
HOOD,2023-05-01,2023-05-02,2023-05-03,3,1,807,1639,59.8,16.1,False,True,13.5,False,False
JPM,2023-05-01,2023-05-01,2023-05-04,4,0,513,1140,38.5,11.9,False,True,13.3,False,False
AMD,2023-05-02,2023-05-02,2023-05-10,9,0,574,1881,37.7,20.8,False,True,15.2,False,False
WAL,2023-05-02,2023-05-04,2023-05-05,4,2,518,934,10.33,5.1,False,True,50.1,False,False
CVNA,2023-05-04,2023-05-04,2023-05-11,8,0,98,455,6.27,21.6,False,True,15.6,False,False
NVOS,2023-05-05,2023-05-08,2023-05-25,21,3,54,393,5.73,7.1,False,True,9.4,False,False
PLTR,2023-05-08,2023-05-08,2023-05-11,4,0,226,501,12.1,22.2,False,True,18.7,False,False
PYPL,2023-05-08,2023-05-09,2023-05-13,6,1,391,1240,11.5,26.7,False,True,34.0,False,False
ABNB,2023-05-09,2023-05-09,2023-05-11,3,0,192,432,5.17,34.9,False,True,37.1,False,False
DIS,2023-05-10,2023-05-10,2023-05-18,9,0,94,338,5.33,17.5,False,True,17.6,False,False
PHM,2023-05-11,2023-05-17,2023-05-31,21,6,223,1529,6.47,5.9,False,True,34.5,False,False
WMT,2023-05-17,2023-05-18,2023-06-05,20,1,101,643,19.23,4.8,False,True,5.3,True,False
NVDA,2023-05-18,2023-05-25,2023-05-31,14,7,3099,13532,178.33,7.0,False,True,17.4,False,False
AVGO,2023-05-23,2023-06-01,2023-06-01,10,9,156,512,1.23,30.5,False,True,126.8,False,False
CRM,2023-05-30,2023-05-31,2023-06-01,3,1,264,430,6.13,7.9,False,True,43.1,False,False
TGT,2023-05-31,2023-06-01,2023-06-20,21,1,76,539,8.6,4.4,False,True,8.8,False,False
NIO,2023-06-02,2023-06-09,2023-06-16,15,7,71,377,5.37,8.2,False,True,13.2,False,False
COIN,2023-06-05,2023-06-06,2023-06-07,3,1,333,549,10.37,8.2,False,True,32.1,False,False
DOCU,2023-06-05,2023-06-08,2023-06-09,5,3,200,310,2.47,6.5,False,True,81.0,False,False
MVIS,2023-06-05,2023-06-07,2023-06-08,4,2,395,907,12.3,4.2,False,True,32.1,False,False
TIO,2023-06-06,2023-06-12,2023-06-17,12,6,60,304,3.03,7.5,False,True,19.8,False,False
GME,2023-06-07,2023-06-07,2023-06-15,9,0,2814,10982,727.37,9.6,False,True,3.9,True,False
ADBE,2023-06-08,2023-06-15,2023-06-16,9,7,532,1379,10.27,7.4,False,True,51.8,False,False
TSLA,2023-06-08,2023-07-19,2023-07-21,44,41,2121,25806,268.7,6.1,False,True,7.9,True,False
ORCL,2023-06-09,2023-06-12,2023-06-13,5,3,378,572,6.83,6.6,False,True,55.3,False,False
NKLA,2023-06-13,2023-06-15,2023-06-16,4,2,190,456,4.87,9.0,False,True,39.0,False,False
BLK,2023-06-14,2023-06-21,2023-06-21,8,7,161,374,9.73,6.7,False,True,16.5,False,False
SPCE,2023-06-15,2023-06-29,2023-06-29,15,14,394,1360,12.57,5.2,False,True,31.3,False,False
FXLV,2023-06-22,2023-06-23,2023-06-24,3,1,304,480,20.37,4.2,False,True,14.9,False,False
APTM,2023-06-26,2023-06-26,2023-07-17,22,0,48,378,13.8,7.0,False,True,3.5,True,False
RIVN,2023-06-29,2023-07-07,2023-07-13,15,8,474,1946,6.47,8.3,False,True,73.3,False,False
META,2023-07-05,2023-07-26,2023-07-27,23,21,322,1843,29.37,4.0,False,True,11.0,False,False
DAL,2023-07-10,2023-07-13,2023-07-14,5,3,231,509,7.97,4.4,False,True,29.0,False,False
COIN,2023-07-11,2023-07-13,2023-07-14,4,2,320,675,23.03,4.3,False,True,13.9,False,False
RKLB,2023-07-11,2023-07-18,2023-07-19,9,7,216,627,7.53,8.3,False,True,28.7,False,False
CVNA,2023-07-12,2023-07-19,2023-07-20,9,7,1013,2365,45.37,6.8,False,True,22.3,False,False
GOOG,2023-07-13,2023-07-25,2023-07-26,14,12,215,617,11.8,5.3,False,True,18.2,False,False
GOOGL,2023-07-13,2023-07-25,2023-07-26,14,12,153,519,11.37,6.8,False,True,13.5,False,False
PYPL,2023-07-13,2023-07-18,2023-07-19,7,5,226,1005,42.27,5.5,False,True,5.3,True,False
UPS,2023-07-13,2023-07-25,2023-07-26,14,12,140,707,8.3,4.7,False,True,16.9,False,False
DIS,2023-07-17,2023-07-18,2023-07-24,8,1,98,361,20.23,4.7,False,True,4.8,True,False
UPST,2023-07-17,2023-08-08,2023-08-10,25,22,124,811,4.7,6.1,False,True,26.4,False,False
MSFT,2023-07-18,2023-07-25,2023-07-27,10,7,967,3285,74.67,15.8,False,True,13.0,False,False
NFLX,2023-07-18,2023-07-19,2023-07-20,3,1,815,1599,43.4,6.4,False,True,18.8,False,False
SIRI,2023-07-20,2023-07-20,2023-07-24,5,0,191,416,3.87,23.6,False,True,49.4,False,False
AMC,2023-07-21,2023-07-24,2023-07-25,5,3,587,1333,15.57,24.8,False,True,37.7,False,False
OPY,2023-07-21,2023-07-23,2023-08-01,12,2,56,333,3.93,9.4,False,True,14.2,False,False
SNAP,2023-07-24,2023-07-25,2023-07-26,3,1,328,474,5.93,7.6,False,True,55.3,False,False
SPOT,2023-07-24,2023-07-26,2023-07-26,3,2,230,486,6.73,10.0,False,True,34.2,False,False
TUP,2023-07-24,2023-07-28,2023-08-04,12,4,238,1293,1.57,13.5,False,True,151.6,False,False
DISH,2023-07-25,2023-07-26,2023-07-28,4,1,376,976,1.47,74.3,False,True,255.8,False,False
RTX,2023-07-25,2023-07-25,2023-07-28,4,0,282,728,3.6,84.4,False,True,78.3,False,False
TLRY,2023-07-26,2023-07-27,2023-08-01,7,1,123,418,6.13,17.8,False,True,20.1,False,False
ENPH,2023-07-27,2023-07-27,2023-08-07,12,0,93,324,7.27,14.7,False,True,12.8,False,False
PLTR,2023-07-28,2023-07-31,2023-08-01,5,3,342,753,23.5,5.5,False,True,14.6,False,False
YELL,2023-07-31,2023-08-01,2023-08-12,13,1,194,738,10.6,21.6,False,True,18.3,False,False
AMD,2023-08-01,2023-08-01,2023-08-03,3,0,689,1733,51.57,22.7,False,True,13.4,False,False
TTOO,2023-08-01,2023-08-03,2023-08-11,11,2,281,1271,5.2,7.8,False,True,54.0,False,False
PYPL,2023-08-02,2023-08-03,2023-08-09,8,1,474,1716,72.1,5.2,False,True,6.6,True,False
RAD,2023-08-02,2023-08-04,2023-08-09,8,2,254,829,7.43,5.0,False,True,34.2,False,False
AAPL,2023-08-03,2023-08-03,2023-08-07,5,0,1860,3941,217.83,14.3,False,True,8.5,False,False
WE,2023-08-09,2023-08-10,2023-08-11,3,1,366,537,1.77,21.8,False,True,206.8,False,False
EBET,2023-08-10,2023-08-16,2023-08-21,12,6,139,536,0.8,17.3,False,True,139.0,False,False
NYC,2023-08-11,2023-09-06,2023-09-08,29,26,68,367,6.73,7.8,False,True,10.1,False,False
NVDA,2023-08-14,2023-08-23,2023-08-25,12,9,3316,12255,230.0,4.1,False,True,14.4,False,False
Z,2023-08-14,2023-08-14,2023-08-28,15,0,61,380,6.53,11.9,False,True,9.3,False,False
ZG,2023-08-14,2023-08-14,2023-09-03,21,0,60,445,6.47,11.7,False,True,9.3,False,False
WMT,2023-08-16,2023-08-17,2023-08-23,8,1,168,576,20.1,8.6,False,True,8.4,False,False
JXN,2023-08-17,2023-08-24,2023-08-25,9,7,374,1166,5.4,6.0,False,True,69.3,False,False
NVAX,2023-08-22,2023-09-06,2023-09-14,24,15,74,512,1.97,10.5,False,True,37.6,False,False
IMCC,2023-08-30,2023-09-11,2023-09-20,22,12,160,1085,6.23,12.1,False,True,25.7,False,False
INTC,2023-09-04,2023-09-04,2023-09-21,18,0,152,940,24.3,7.0,False,True,6.3,True,False
ABNB,2023-09-05,2023-09-06,2023-09-07,3,1,209,386,8.17,13.5,False,True,25.6,False,False
GME,2023-09-06,2023-09-06,2023-09-20,15,0,898,8102,333.0,5.3,False,True,2.7,True,False
AAPL,2023-09-07,2023-09-12,2023-09-14,8,5,1404,4811,168.03,5.3,False,True,8.4,False,False
CGC,2023-09-11,2023-09-11,2023-09-20,10,0,124,547,2.73,25.2,False,True,45.4,False,False
ORCL,2023-09-11,2023-09-11,2023-09-13,3,0,161,362,5.27,45.6,False,True,30.6,False,False
TSLA,2023-09-11,2023-09-11,2023-09-18,8,0,1198,3786,282.17,5.9,False,True,4.2,True,False
RIVN,2023-09-27,2023-10-05,2023-10-06,10,8,114,423,4.7,13.6,False,True,24.3,False,False
LMT,2023-10-07,2023-10-09,2023-10-17,11,2,146,539,4.63,7.9,False,True,31.5,False,False
TSLA,2023-10-18,2023-10-18,2023-10-20,3,0,1258,3115,290.1,7.7,False,True,4.3,True,False
ENPH,2023-10-19,2023-10-26,2023-11-02,15,7,94,485,4.53,22.9,False,True,20.8,False,False
INTC,2023-10-23,2023-10-26,2023-10-27,5,3,138,312,13.37,4.6,False,True,10.3,False,False
GOOG,2023-10-24,2023-10-25,2023-10-26,3,1,162,347,7.0,24.2,False,True,23.1,False,False
MSFT,2023-10-24,2023-10-24,2023-10-26,3,0,501,1043,63.77,13.1,False,True,7.9,True,False
AMZN,2023-10-25,2023-10-26,2023-10-27,3,1,366,611,22.9,6.8,False,True,16.0,False,False
SBUX,2023-11-02,2023-11-15,2023-11-19,18,13,56,329,8.57,7.6,False,True,6.5,True,False
BABA,2023-11-15,2023-11-16,2023-11-21,7,1,96,316,5.57,6.7,False,True,17.2,False,False
NEGG,2023-11-16,2023-12-05,2023-12-06,21,19,150,948,2.27,5.7,False,True,66.1,False,False
SAVE,2023-11-17,2023-11-17,2023-12-05,19,0,70,438,6.33,15.2,False,True,11.1,False,False
BBY,2023-11-20,2023-11-26,2023-11-27,8,6,178,415,5.03,9.3,False,True,35.4,False,False
NVDA,2023-11-20,2023-11-21,2023-11-22,3,1,1478,3088,178.17,4.1,False,True,8.3,False,False
COIN,2023-11-28,2023-12-04,2023-12-07,10,6,115,625,20.93,5.7,False,True,5.5,True,False
GME,2023-11-29,2023-12-07,2023-12-08,10,8,1356,7030,375.1,6.5,False,True,3.6,True,False
HOOD,2023-11-29,2024-03-27,2024-03-28,121,119,780,15300,56.77,4.7,False,True,13.7,False,False
BETS,2023-12-01,2023-12-05,2023-12-06,6,4,123,347,2.17,11.0,False,True,56.7,False,False
META,2023-12-01,2023-12-07,2023-12-11,11,6,140,446,13.87,5.6,False,True,10.1,False,False
MARA,2023-12-04,2023-12-28,2024-01-04,32,24,437,3096,10.17,7.9,False,True,43.0,False,False
AMD,2023-12-07,2023-12-07,2023-12-12,6,0,227,623,31.07,9.7,False,True,7.3,True,False
GOOG,2023-12-07,2023-12-07,2023-12-29,23,0,46,418,9.43,7.4,False,True,4.9,True,False
GOOGL,2023-12-07,2023-12-07,2023-12-25,19,0,43,309,8.57,6.8,False,True,5.0,True,False
FSR,2023-12-08,2023-12-08,2023-12-20,13,0,76,508,12.5,5.8,False,True,6.1,True,False
PFE,2023-12-13,2023-12-13,2023-12-24,12,0,106,400,11.6,7.6,False,True,9.1,False,False
FDX,2023-12-15,2023-12-20,2023-12-24,10,5,469,1689,3.0,5.9,False,True,156.3,False,False
NIO,2023-12-18,2023-12-18,2024-01-05,19,0,53,499,7.23,6.9,False,True,7.3,True,False
UPS,2023-12-20,2023-12-24,2023-12-24,5,4,127,318,6.8,6.4,False,True,18.7,False,False
INTC,2023-12-26,2023-12-26,2023-12-31,6,0,183,609,26.4,9.3,False,True,6.9,True,False
FGF,2024-01-03,2024-01-03,2024-01-25,23,0,33,425,13.67,4.9,False,True,2.4,True,False
ZIM,2024-01-04,2024-01-12,2024-01-16,13,8,159,840,9.63,4.3,False,True,16.5,False,False
BA,2024-01-06,2024-01-06,2024-01-10,5,0,875,2902,8.3,109.2,False,True,105.4,False,False
NVDA,2024-01-08,2024-02-21,2024-02-23,47,44,5192,52600,123.27,6.1,False,True,42.1,False,False
SAVE,2024-01-08,2024-01-16,2024-01-24,17,8,392,2076,11.3,5.0,False,True,34.7,False,False
BLK,2024-01-11,2024-01-11,2024-01-18,8,0,97,388,20.5,6.2,False,True,4.7,True,False
ICE,2024-01-12,2024-01-31,2024-01-31,20,19,69,436,5.0,7.7,False,True,13.8,False,False
UEC,2024-01-12,2024-01-12,2024-01-18,7,0,105,378,7.87,16.3,False,True,13.3,False,False
BABA,2024-01-14,2024-02-07,2024-02-07,25,24,485,1880,21.83,4.3,False,True,22.2,False,False
AMD,2024-01-16,2024-01-30,2024-01-31,16,14,1281,7147,63.33,7.3,False,True,20.2,False,False
DWAC,2024-01-16,2024-01-22,2024-01-24,9,6,399,1102,1.03,22.2,False,True,387.4,False,False
MASS,2024-01-16,2024-03-21,2024-03-25,70,65,56,885,7.2,8.3,False,True,7.8,True,True
MSFT,2024-01-16,2024-01-30,2024-01-31,16,14,1004,3366,69.6,4.3,False,True,14.4,False,False
TSLA,2024-01-16,2024-01-25,2024-02-06,22,9,2492,16774,281.0,4.6,False,True,8.9,False,False
TSM,2024-01-17,2024-01-18,2024-01-29,13,1,76,328,6.17,5.8,False,True,12.3,False,False
ICU,2024-01-18,2024-01-24,2024-01-26,9,6,142,552,6.67,5.0,False,True,21.3,False,False
SLI,2024-01-18,2024-01-19,2024-02-02,16,1,77,414,10.13,6.3,False,True,7.6,True,False
PYPL,2024-01-19,2024-01-25,2024-01-26,8,6,829,2418,29.67,23.6,False,True,27.9,False,False
SMCI,2024-01-19,2024-02-16,2024-02-23,36,28,3438,16447,3.77,53.6,False,True,911.9,False,False
NFLX,2024-01-22,2024-01-23,2024-01-29,8,1,791,2197,31.23,7.8,False,True,25.3,False,False
ROAD,2024-01-24,2024-01-24,2024-02-23,31,0,31,412,11.23,4.5,False,True,2.8,True,False
GOOG,2024-01-25,2024-01-30,2024-02-02,9,5,195,495,11.37,5.0,False,True,17.2,False,False
SOFI,2024-01-25,2024-01-29,2024-01-30,6,4,492,894,12.27,4.2,False,True,40.1,False,False
TCBI,2024-01-26,2024-01-31,2024-02-02,8,5,187,535,14.63,6.2,False,True,12.8,False,False
SBUX,2024-01-28,2024-01-30,2024-02-01,5,2,254,536,11.8,5.0,False,True,21.5,False,False
AMZN,2024-01-30,2024-02-01,2024-02-02,4,2,484,1032,36.77,5.4,False,True,13.2,False,False
GOOGL,2024-01-30,2024-01-30,2024-02-15,17,0,113,547,12.0,21.3,False,True,9.4,False,False
WEN,2024-01-30,2024-02-27,2024-05-03,95,28,60,2426,13.13,4.9,False,True,4.6,True,True
NYCB,2024-01-31,2024-02-07,2024-02-12,13,7,159,658,0.3,54.6,False,True,159.0,False,False
RKLB,2024-02-01,2024-02-27,2024-02-28,28,26,117,615,3.73,8.3,False,True,31.4,False,False
LLY,2024-02-02,2024-02-05,2024-02-08,7,3,300,923,8.07,4.7,False,True,37.2,False,False
MCD,2024-02-02,2024-02-06,2024-02-10,9,4,103,450,8.7,6.9,False,True,11.8,False,False
PLTR,2024-02-02,2024-02-06,2024-02-09,8,4,573,2234,12.83,7.5,False,True,44.7,False,False
SPOT,2024-02-02,2024-02-02,2024-02-06,5,0,241,647,4.83,62.6,False,True,49.9,False,False
SNAP,2024-02-05,2024-02-06,2024-02-07,3,1,496,800,4.4,6.6,False,True,112.7,False,False
ARM,2024-02-06,2024-02-08,2024-02-15,10,2,868,3516,6.83,5.8,False,True,127.1,False,False
DIS,2024-02-06,2024-02-07,2024-02-08,3,1,268,502,10.13,7.2,False,True,26.5,False,False
AFRM,2024-02-07,2024-02-08,2024-02-09,3,1,706,955,6.2,6.4,False,True,113.9,False,False
PINS,2024-02-07,2024-02-08,2024-02-09,3,1,506,704,3.5,7.4,False,True,144.6,False,False
DKNG,2024-02-08,2024-02-15,2024-02-16,9,7,481,1273,6.93,4.4,False,True,69.4,False,False
SHOP,2024-02-08,2024-02-13,2024-02-13,6,5,172,529,6.47,14.8,False,True,26.6,False,False
AMAT,2024-02-09,2024-02-15,2024-02-16,8,6,233,642,1.2,62.7,False,True,194.2,False,False
ANET,2024-02-09,2024-02-12,2024-02-13,5,3,231,383,1.03,31.7,False,True,224.3,False,False
CSCO,2024-02-09,2024-02-14,2024-02-15,7,5,263,574,8.77,4.5,False,True,30.0,False,False
DDOG,2024-02-09,2024-02-09,2024-02-16,8,0,75,385,13.4,7.7,False,True,5.6,True,False
CELH,2024-02-13,2024-02-29,2024-02-29,17,16,351,883,9.63,6.1,False,True,36.4,False,False
LUNR,2024-02-13,2024-02-23,2024-02-26,14,10,1051,3169,3.8,4.3,False,True,276.6,False,False
COIN,2024-02-14,2024-02-15,2024-02-16,3,1,418,749,21.9,7.1,False,True,19.1,False,False
BRK,2024-02-15,2024-02-26,2024-03-24,39,11,71,822,10.2,6.2,False,True,7.0,True,False
SOUN,2024-02-15,2024-02-29,2024-03-01,16,14,1219,4396,2.07,60.2,False,True,588.9,False,False
WMT,2024-02-16,2024-02-20,2024-02-27,12,4,207,813,25.6,4.5,False,True,8.1,False,False
PANW,2024-02-20,2024-02-21,2024-03-06,16,1,381,2556,7.97,42.6,False,True,47.8,False,False
CRWD,2024-02-21,2024-03-05,2024-03-06,15,13,794,1527,7.83,6.5,False,True,101.4,False,False
IOVA,2024-02-21,2024-02-28,2024-02-28,8,7,139,324,3.17,11.0,False,True,43.8,False,False
RIVN,2024-02-21,2024-02-21,2024-02-23,3,0,249,566,14.4,21.0,False,True,17.3,False,False
CVNA,2024-02-22,2024-02-22,2024-02-28,7,0,404,1235,8.7,54.0,False,True,46.4,False,False
WBD,2024-02-22,2024-02-23,2024-03-11,19,1,61,373,4.4,9.7,False,True,13.9,False,False
BMBL,2024-02-26,2024-02-27,2024-02-28,3,1,608,1115,0.87,137.4,False,True,608.0,False,False
CRM,2024-02-26,2024-02-28,2024-02-28,3,2,291,366,5.53,6.4,False,True,52.6,False,False
MARA,2024-02-26,2024-02-28,2024-02-29,4,2,968,2082,43.97,4.4,False,True,22.0,False,False
BYND,2024-02-27,2024-02-27,2024-02-29,3,0,375,746,4.53,64.7,False,True,82.8,False,False
BBAI,2024-02-28,2024-03-01,2024-03-08,10,2,440,2061,1.1,9.6,False,True,400.0,False,False
BETS,2024-02-28,2024-02-28,2024-03-06,8,0,101,399,3.4,26.8,False,True,29.7,False,False
MSTR,2024-02-28,2024-03-14,2024-03-19,21,15,410,2838,13.97,5.9,False,True,29.3,False,False
DELL,2024-02-29,2024-03-01,2024-03-02,3,1,236,493,3.73,29.0,False,True,63.3,False,False
GDC,2024-02-29,2024-03-05,2024-03-19,20,5,43,434,14.33,4.1,False,True,3.0,True,False
RILY,2024-02-29,2024-03-04,2024-03-15,16,4,78,470,6.93,5.8,False,True,11.3,False,False
ANF,2024-03-01,2024-03-06,2024-03-06,6,5,185,536,9.23,5.2,False,True,20.0,False,False
AVGO,2024-03-01,2024-03-07,2024-03-07,7,6,632,1027,12.03,6.7,False,True,52.5,False,False
COST,2024-03-01,2024-03-07,2024-03-08,8,6,549,1204,8.6,10.2,False,True,63.8,False,False
GTLB,2024-03-01,2024-03-04,2024-03-05,5,3,270,434,0.6,25.9,False,True,270.0,False,False
MRVL,2024-03-01,2024-03-07,2024-03-07,7,6,740,1130,3.57,27.6,False,True,207.3,False,False
TGT,2024-03-01,2024-03-05,2024-03-05,5,4,234,472,2.37,24.3,False,True,98.7,False,False
AAPL,2024-03-04,2024-03-05,2024-03-11,8,1,1115,5438,301.3,4.4,False,True,3.7,True,False
INTC,2024-03-04,2024-03-07,2024-03-13,10,3,409,2467,93.33,4.1,False,True,4.4,True,False
TSM,2024-03-04,2024-03-08,2024-03-19,16,4,1358,7298,33.77,6.5,False,True,40.2,False,False
EVA,2024-03-05,2024-03-06,2024-03-14,10,1,69,352,1.93,10.8,False,True,35.8,False,False
NFLX,2024-03-05,2024-03-06,2024-03-12,8,1,135,447,32.03,5.3,False,True,4.2,True,False
ORCL,2024-03-07,2024-03-11,2024-03-12,6,4,537,961,8.93,8.1,False,True,60.1,False,False
BA,2024-03-11,2024-03-12,2024-03-18,8,1,1079,3837,17.0,10.8,False,True,63.5,False,False
PATH,2024-03-12,2024-03-13,2024-03-14,3,1,326,478,5.33,5.5,False,True,61.2,False,False
TSLA,2024-03-14,2024-03-14,2024-03-18,5,0,1310,3258,450.9,4.2,False,True,2.9,True,False
FDX,2024-03-15,2024-03-21,2024-03-21,7,6,341,542,3.4,5.8,False,True,100.3,False,False
TLRY,2024-03-17,2024-04-09,2024-04-09,24,23,292,1402,4.5,8.0,False,True,64.9,False,False
DWAC,2024-03-19,2024-03-22,2024-03-25,7,3,1047,4062,10.33,26.9,False,True,101.4,False,False
KULR,2024-03-21,2024-04-02,2024-04-15,26,12,95,876,5.37,7.3,False,True,17.7,False,False
RDDT,2024-03-21,2024-03-21,2024-04-04,15,0,3885,21505,0.0,3885.0,False,True,3885.0,False,False
CGC,2024-03-22,2024-04-03,2024-04-08,18,12,70,511,1.77,32.2,False,True,39.5,False,False
IMCC,2024-03-22,2024-04-04,2024-04-09,19,13,110,607,8.9,6.5,False,True,12.4,False,False
DJT,2024-03-26,2024-03-26,2024-04-01,7,0,3019,6795,0.0,3019.0,False,True,3019.0,False,False
GME,2024-03-26,2024-03-26,2024-04-22,28,0,1398,14473,308.63,12.3,False,True,4.5,True,False
NKLA,2024-03-26,2024-03-28,2024-04-01,7,2,226,527,5.47,5.7,False,True,41.3,False,False
AZZ,2024-03-27,2024-04-02,2024-04-25,30,6,76,934,1.67,16.3,False,True,45.5,False,False
DXYZ,2024-03-27,2024-04-08,2024-04-09,14,12,193,586,0.03,39.0,False,True,193.0,False,False
PHAT,2024-03-31,2024-04-14,2024-05-05,36,14,56,608,0.7,20.1,False,True,56.0,False,False
GES,2024-04-01,2024-04-01,2024-04-03,3,0,154,330,0.77,86.3,False,True,154.0,False,False
RILY,2024-04-01,2024-04-03,2024-04-03,3,2,291,473,20.37,5.1,False,True,14.3,False,False
ALCC,2024-04-02,2024-04-08,2024-04-09,8,6,437,840,1.13,6.1,False,True,386.7,False,False
BB,2024-04-03,2024-04-03,2024-04-23,21,0,49,371,7.8,7.9,False,True,6.3,True,False
SPOT,2024-04-03,2024-04-09,2024-04-11,9,6,78,342,8.33,4.7,False,True,9.4,False,False
NFLX,2024-04-10,2024-04-18,2024-04-19,10,8,1185,2194,23.97,4.6,False,True,49.4,False,False
SMCI,2024-04-19,2024-04-19,2024-04-22,4,0,520,842,65.33,7.7,False,True,8.0,True,False
AGBA,2024-04-22,2024-04-22,2024-05-10,19,0,50,319,2.4,9.3,False,True,20.8,False,False
TSLA,2024-04-22,2024-04-23,2024-04-30,9,1,3692,14964,561.0,4.6,False,True,6.6,True,False
IBRX,2024-04-23,2024-04-29,2024-05-06,14,6,167,894,1.2,20.2,False,True,139.2,False,False
GOOG,2024-04-24,2024-04-25,2024-04-26,3,1,452,699,20.57,6.0,False,True,22.0,False,False
MSFT,2024-04-24,2024-04-25,2024-04-26,3,1,1332,2084,70.93,11.6,False,True,18.8,False,False
SNAP,2024-04-24,2024-04-25,2024-04-26,3,1,201,351,5.37,13.3,False,True,37.4,False,False
AMZN,2024-04-25,2024-04-30,2024-05-01,7,5,604,1329,37.8,5.0,False,True,16.0,False,False
INTC,2024-04-25,2024-04-25,2024-04-29,5,0,607,1288,112.5,5.2,False,True,5.4,True,False
PYPL,2024-04-26,2024-04-30,2024-04-30,5,4,214,402,11.43,4.5,False,True,18.7,False,False
SOFI,2024-04-26,2024-04-29,2024-04-29,4,3,334,558,10.43,16.0,False,True,32.0,False,False
SBUX,2024-04-30,2024-05-01,2024-05-02,3,1,617,1041,15.37,13.1,False,True,40.1,False,False
CVNA,2024-05-01,2024-05-01,2024-05-07,7,0,367,1089,6.5,97.6,False,True,56.5,False,False
BA,2024-05-02,2024-05-02,2024-05-09,8,0,554,1521,64.5,11.1,False,True,8.6,False,False
COIN,2024-05-02,2024-05-02,2024-05-06,5,0,207,383,25.17,16.2,False,True,8.2,False,False
PLTR,2024-05-03,2024-05-06,2024-05-07,5,3,805,1384,19.53,7.9,False,True,41.2,False,False
BRK,2024-05-04,2024-06-03,2024-06-04,32,30,949,1770,8.27,8.6,False,True,114.8,False,False
OCC,2024-05-04,2024-05-15,2024-05-17,14,11,76,301,2.57,9.0,False,True,29.6,False,False
CAT,2024-05-06,2024-06-03,2024-06-08,34,28,160,1886,5.77,8.0,False,True,27.7,False,False
AMC,2024-05-08,2024-05-14,2024-05-15,8,6,2733,5097,24.53,5.1,False,True,111.4,False,False
HOOD,2024-05-08,2024-05-14,2024-06-20,44,6,624,9230,113.63,4.3,False,True,5.5,True,False
NVAX,2024-05-10,2024-05-10,2024-05-15,6,0,113,323,0.47,112.5,False,True,113.0,False,False
BB,2024-05-13,2024-05-14,2024-05-15,3,1,300,531,9.9,5.5,False,True,30.3,False,False
ELS,2024-05-13,2024-05-13,2024-06-15,34,0,31,376,7.6,7.9,False,True,4.1,True,False
GME,2024-05-13,2024-06-07,2024-06-18,37,25,9307,105897,407.4,21.5,False,True,22.8,False,False
RDDT,2024-05-13,2024-06-03,2024-06-14,33,21,7193,86273,775.9,11.7,False,True,9.3,False,False
FFIE,2024-05-14,2024-05-17,2024-05-22,9,3,1087,4373,0.8,110.5,False,True,1087.0,False,False
HOLO,2024-05-14,2024-06-04,2024-06-12,30,21,119,947,2.8,17.8,False,True,42.5,False,False
SNDL,2024-05-14,2024-05-14,2024-05-16,3,0,309,462,11.03,22.0,False,True,28.0,False,False
UBS,2024-05-14,2024-05-25,2024-05-28,15,11,466,1350,6.43,8.4,False,True,72.5,False,False
CSCO,2024-05-15,2024-06-06,2024-06-07,24,22,68,455,4.97,10.4,False,True,13.7,False,False
ASTS,2024-05-16,2024-05-17,2024-05-21,6,1,107,323,1.83,11.6,False,True,58.5,False,False
GWAV,2024-05-16,2024-05-22,2024-05-23,8,6,185,935,1.9,28.4,False,True,97.4,False,False
BNED,2024-05-17,2024-05-22,2024-05-23,7,5,173,385,0.43,29.6,False,True,173.0,False,False
LULU,2024-05-20,2024-06-05,2024-06-06,18,16,312,1053,2.83,8.3,False,True,110.2,False,False
BDRX,2024-05-21,2024-05-21,2024-05-23,3,0,178,421,1.2,57.4,False,True,148.3,False,False
NVDA,2024-05-22,2024-06-20,2024-07-11,51,29,3998,70990,456.07,12.9,False,True,8.8,False,False
DELL,2024-05-23,2024-05-30,2024-05-31,9,7,390,799,2.7,6.4,False,True,144.4,False,False
CAVA,2024-05-24,2024-05-28,2024-05-30,7,4,215,581,5.27,6.9,False,True,40.8,False,False
ON,2024-05-28,2024-05-28,2024-06-26,30,0,34,483,8.2,4.6,False,True,4.1,True,False
SMFL,2024-05-28,2024-05-30,2024-05-31,4,2,146,378,2.6,17.1,False,True,56.2,False,False
CRM,2024-05-29,2024-05-30,2024-05-31,3,1,437,1039,3.3,89.9,False,True,132.4,False,False
CRWD,2024-05-30,2024-06-04,2024-06-05,7,5,344,683,3.83,13.5,False,True,89.8,False,False
HPE,2024-05-30,2024-06-04,2024-06-05,7,5,216,529,1.9,37.3,False,True,113.7,False,False
ORCL,2024-05-30,2024-06-11,2024-06-13,15,12,114,385,5.57,8.0,False,True,20.5,False,False
KDLY,2024-05-31,2024-06-07,2024-08-29,91,7,97,5845,0.0,70.0,False,True,97.0,False,False
BACK,2024-06-03,2024-06-03,2024-06-06,4,0,216,350,20.27,4.8,False,True,10.7,False,False
MS,2024-06-03,2024-06-04,2024-06-06,4,1,181,484,3.87,47.1,False,True,46.8,False,False
BLK,2024-06-05,2024-06-05,2024-06-20,16,0,92,523,10.1,18.1,False,True,9.1,False,False
GRND,2024-06-05,2024-06-14,2024-06-17,13,9,322,1171,3.83,6.0,False,True,84.1,False,False
FGF,2024-06-07,2024-06-07,2024-06-20,14,0,74,511,20.9,8.2,False,True,3.5,True,False
AAPL,2024-06-10,2024-06-11,2024-06-18,9,1,2140,8392,201.1,12.8,False,True,10.6,False,False
AVGO,2024-06-10,2024-06-13,2024-06-25,16,3,275,1562,6.83,6.8,False,True,40.3,False,False
LLY,2024-06-10,2024-07-18,2024-07-19,40,38,81,892,6.63,5.9,False,True,12.2,False,False
TSLA,2024-06-13,2024-06-13,2024-06-17,5,0,1769,3631,334.4,8.6,False,True,5.3,True,False
ARM,2024-06-14,2024-06-18,2024-06-26,13,4,108,592,20.23,4.2,False,True,5.3,True,False
MU,2024-06-17,2024-06-26,2024-06-27,11,9,191,590,5.0,6.3,False,True,38.2,False,False
CSCO,2024-06-18,2024-06-19,2024-06-21,4,1,82,304,16.63,4.4,False,True,4.9,True,False
HPE,2024-06-18,2024-06-18,2024-06-20,3,0,420,729,41.47,6.5,False,True,10.1,False,False
CMG,2024-06-25,2024-07-09,2024-07-10,16,14,69,416,9.47,4.9,False,True,7.3,True,False
AMZN,2024-06-26,2024-08-01,2024-08-05,41,36,537,4588,44.23,4.3,False,True,12.1,False,False
CHWY,2024-06-27,2024-07-01,2024-07-01,5,4,1548,2792,25.57,38.6,False,True,60.5,False,False
NKE,2024-06-27,2024-06-28,2024-07-01,5,1,323,832,4.17,45.5,False,True,77.5,False,False
MAXN,2024-07-02,2024-07-12,2024-07-20,19,10,82,802,2.63,11.1,False,True,31.2,False,False
SIRI,2024-07-03,2024-07-08,2024-07-18,16,5,62,360,5.27,8.8,False,True,11.8,False,False
META,2024-07-05,2024-07-31,2024-08-01,28,26,402,2066,21.3,9.2,False,True,18.9,False,False
MSTR,2024-07-05,2024-08-05,2024-08-08,35,31,47,622,10.7,4.4,False,True,4.4,True,False
JPM,2024-07-07,2024-07-11,2024-07-17,11,4,77,342,9.47,6.6,False,True,8.1,False,False
SBUX,2024-07-08,2024-07-19,2024-07-20,13,11,90,367,10.67,4.5,False,True,8.4,False,False
LHX,2024-07-18,2024-07-21,2024-07-24,7,3,168,479,5.43,6.8,False,True,30.9,False,False
COIN,2024-07-19,2024-08-01,2024-08-05,18,13,67,455,14.33,4.0,False,True,4.7,True,False
CRWD,2024-07-19,2024-07-19,2024-07-23,5,0,2295,5096,8.73,404.2,False,True,262.9,False,False
MSFT,2024-07-19,2024-07-30,2024-07-31,13,11,1227,4004,94.63,12.3,False,True,13.0,False,False
SERV,2024-07-19,2024-07-25,2024-07-31,13,6,43,309,0.67,24.8,False,True,43.0,False,False
SKYX,2024-07-19,2024-08-05,2024-08-13,26,17,103,691,18.4,4.1,False,True,5.6,True,False
GOOG,2024-07-22,2024-07-23,2024-07-26,5,1,289,768,19.93,4.9,False,True,14.5,False,False
GOOGL,2024-07-23,2024-07-23,2024-07-25,3,0,332,634,20.3,27.2,False,True,16.4,False,False
DIS,2024-07-24,2024-08-07,2024-08-09,17,14,106,484,7.37,5.5,False,True,14.4,False,False
ASTS,2024-07-25,2024-08-15,2024-08-21,28,21,1483,8008,29.87,10.9,False,True,49.6,False,False
GDC,2024-07-28,2024-07-28,2024-08-15,19,0,51,397,14.53,6.4,False,True,3.5,True,False
AMD,2024-07-30,2024-07-30,2024-08-07,9,0,953,4475,98.03,14.0,False,True,9.7,False,False
LUMN,2024-07-30,2024-08-06,2024-08-08,10,7,332,895,0.9,18.0,False,True,332.0,False,False
NVDA,2024-07-30,2024-07-30,2024-08-08,10,0,2376,14971,767.43,4.2,False,True,3.1,True,False
SBUX,2024-07-30,2024-07-30,2024-08-02,4,0,184,348,24.0,8.6,False,True,7.7,True,False
ARM,2024-07-31,2024-07-31,2024-08-05,6,0,184,554,17.03,12.0,False,True,10.8,False,False
AAPL,2024-08-01,2024-08-01,2024-08-06,6,0,1479,4729,209.9,12.3,False,True,7.0,True,False
HIMS,2024-08-01,2024-08-05,2024-08-08,8,4,268,711,18.77,8.2,False,True,14.3,False,False
INTC,2024-08-01,2024-08-02,2024-08-05,5,1,3755,10843,123.6,19.7,False,True,30.4,False,False
HOOD,2024-08-05,2024-08-05,2024-08-08,4,0,761,1789,88.07,22.7,False,True,8.6,False,False
PLTR,2024-08-05,2024-08-05,2024-08-16,12,0,329,1125,28.47,17.6,False,True,11.6,False,False
RKLB,2024-08-08,2024-08-16,2024-08-22,15,8,926,3706,9.13,13.1,False,True,101.4,False,False
WMT,2024-08-08,2024-08-15,2024-08-21,14,7,320,1010,18.23,4.8,False,True,17.6,False,False
CSCO,2024-08-13,2024-08-14,2024-08-15,3,1,223,359,8.37,5.5,False,True,26.6,False,False
SBUX,2024-08-13,2024-08-13,2024-08-15,3,0,830,1599,30.0,22.1,False,True,27.7,False,False
CLOV,2024-08-14,2024-08-19,2024-08-22,9,5,389,1386,4.0,13.0,False,True,97.2,False,False
JXN,2024-08-15,2024-08-23,2024-08-23,9,8,336,1194,5.1,8.8,False,True,65.9,False,False
SIRI,2024-08-15,2024-08-21,2024-08-28,14,6,84,416,10.83,5.1,False,True,7.8,True,False
LUNR,2024-08-16,2024-08-20,2024-08-22,7,4,912,1852,2.9,6.1,False,True,314.5,False,False
CAVA,2024-08-21,2024-08-22,2024-08-23,3,1,173,355,3.43,14.9,False,True,50.4,False,False
UEC,2024-08-22,2024-09-02,2024-09-03,13,11,83,335,6.6,12.4,False,True,12.6,False,False
BA,2024-08-24,2024-08-24,2024-08-27,4,0,335,981,48.7,8.6,False,True,6.9,True,False
CHWY,2024-08-26,2024-08-28,2024-08-28,3,2,305,493,16.73,4.0,False,True,18.2,False,False
NVDA,2024-08-28,2024-08-28,2024-09-03,7,0,4408,11019,1084.1,6.0,False,True,4.1,True,False
DLTR,2024-08-29,2024-09-04,2024-09-05,8,6,154,429,1.1,39.2,False,True,140.0,False,False
AVGO,2024-09-04,2024-09-05,2024-09-06,3,1,414,632,17.5,7.4,False,True,23.7,False,False
ORCL,2024-09-05,2024-09-09,2024-09-16,12,4,252,827,5.27,5.7,False,True,47.8,False,False
GME,2024-09-10,2024-09-11,2024-09-13,4,1,2061,5525,442.03,7.4,False,True,4.7,True,False
DJT,2024-09-11,2024-09-11,2024-09-25,15,0,273,1332,34.0,10.2,False,True,8.0,False,False
INTC,2024-09-16,2024-09-16,2024-09-23,8,0,805,3416,249.7,5.1,False,True,3.2,True,False
QCOM,2024-09-20,2024-09-20,2024-09-23,4,0,192,421,4.33,58.9,False,True,44.3,False,False
BABA,2024-09-24,2024-10-02,2024-10-09,16,8,191,1332,8.87,11.9,False,True,21.5,False,False
NFLX,2024-09-24,2024-10-17,2024-10-18,25,23,489,1370,11.6,4.4,False,True,42.2,False,False
META,2024-09-25,2024-10-04,2024-10-09,15,9,96,491,16.7,5.4,False,True,5.7,True,False
RKLB,2024-09-25,2024-09-27,2024-10-08,14,2,250,1248,35.23,4.4,False,True,7.1,True,False
MSTR,2024-09-27,2024-11-21,2024-11-26,61,55,2531,12675,10.63,6.4,False,True,238.1,False,False
NIO,2024-09-27,2024-09-30,2024-10-08,12,3,192,715,9.93,8.2,False,True,19.3,False,False
CLOV,2024-10-02,2024-10-03,2024-10-04,3,1,168,358,6.97,10.0,False,True,24.1,False,False
CELH,2024-10-07,2024-10-10,2024-10-16,10,3,114,434,7.7,4.1,False,True,14.8,False,False
HOOD,2024-10-09,2024-10-30,2024-10-31,23,21,807,3571,62.37,4.6,False,True,12.9,False,False
AMD,2024-10-10,2024-10-29,2024-10-30,21,19,937,2807,38.3,13.4,False,True,24.5,False,False
DJT,2024-10-14,2024-10-15,2024-10-16,3,1,457,931,58.93,4.5,False,True,7.8,True,False
SOFI,2024-10-14,2024-10-29,2024-10-30,17,15,191,676,8.37,9.0,False,True,22.8,False,False
ASML,2024-10-15,2024-10-15,2024-10-17,3,0,375,777,4.3,112.6,False,True,87.2,False,False
DRUG,2024-10-15,2024-10-15,2024-10-21,7,0,240,686,0.47,183.4,False,True,240.0,False,False
TSM,2024-10-15,2024-10-17,2024-10-17,3,2,428,668,9.37,8.7,False,True,45.7,False,False
LHX,2024-10-16,2024-11-06,2024-11-07,23,21,232,1193,10.6,8.5,False,True,21.9,False,False
OKLO,2024-10-16,2024-10-21,2024-10-29,14,5,130,853,5.67,19.7,False,True,22.9,False,False
SMR,2024-10-16,2024-10-16,2024-10-21,6,0,113,323,6.23,14.6,False,True,18.1,False,False
UEC,2024-10-16,2024-10-16,2024-10-20,5,0,227,628,14.43,14.3,False,True,15.7,False,False
MCD,2024-10-21,2024-10-22,2024-10-23,3,1,252,554,8.53,10.0,False,True,29.5,False,False
SAVE,2024-10-21,2024-10-23,2024-10-31,11,2,84,328,7.3,4.4,False,True,11.5,False,False
ACHR,2024-10-22,2024-12-02,2024-12-05,45,41,1164,7397,7.4,9.0,False,True,157.3,False,False
BA,2024-10-23,2024-10-24,2024-10-28,6,1,155,464,43.47,4.2,False,True,3.6,True,False
CVNA,2024-10-23,2024-10-30,2024-10-31,9,7,479,1050,12.87,8.9,False,True,37.2,False,False
COIN,2024-10-28,2024-11-11,2024-11-21,25,14,289,1777,13.17,4.4,False,True,21.9,False,False
DJT,2024-10-28,2024-11-06,2024-11-08,12,9,1054,5438,87.03,4.1,False,True,12.1,False,False
GOOGL,2024-10-28,2024-10-29,2024-10-31,4,1,203,470,22.1,4.2,False,True,9.2,False,False
GOOG,2024-10-29,2024-10-29,2024-10-31,3,0,234,472,23.13,12.7,False,True,10.1,False,False
META,2024-10-29,2024-10-30,2024-10-31,3,1,441,723,26.4,5.0,False,True,16.7,False,False
RDDT,2024-10-29,2025-02-13,2025-07-02,247,107,2605,217559,561.7,8.2,False,True,4.6,True,True
AMZN,2024-10-30,2024-10-31,2024-11-01,3,1,359,699,39.73,5.4,False,True,9.0,False,False
SKYX,2024-10-30,2024-10-30,2024-11-21,23,0,40,499,17.77,4.6,False,True,2.3,True,False
SMCI,2024-10-30,2024-10-30,2024-11-06,8,0,709,2801,34.13,15.2,False,True,20.8,False,False
INTC,2024-10-31,2024-10-31,2024-11-04,5,0,922,2131,95.77,22.4,False,True,9.6,False,False
HIMS,2024-11-04,2024-11-05,2024-11-29,26,1,95,938,12.03,7.3,False,True,7.9,True,False
PLTR,2024-11-04,2024-11-05,2024-11-25,22,1,444,3628,58.67,9.9,False,True,7.6,True,False
GME,2024-11-06,2024-11-06,2024-11-29,24,0,695,11301,277.5,4.3,False,True,2.5,True,False
IONQ,2024-11-06,2024-11-07,2024-12-20,45,1,73,1095,9.97,4.2,False,True,7.3,True,False
MP,2024-11-06,2024-11-26,2024-11-27,22,20,46,401,11.4,6.6,False,True,4.0,True,False
ASTS,2024-11-07,2024-11-14,2024-11-15,9,7,589,1683,44.9,4.6,False,True,13.1,False,False
FGF,2024-11-07,2024-12-14,2024-12-20,44,37,38,982,15.47,4.2,False,True,2.5,True,False
LUNR,2024-11-07,2024-11-14,2024-11-15,9,7,1304,3074,26.03,6.3,False,True,50.1,False,False
MARA,2024-11-11,2024-11-12,2024-11-13,3,1,274,567,7.63,16.1,False,True,35.9,False,False
RKLB,2024-11-11,2024-11-13,2024-11-14,4,2,956,2194,41.43,8.4,False,True,23.1,False,False
QUBT,2024-11-14,2025-01-08,2025-01-16,64,55,445,4216,7.5,5.6,False,True,59.3,False,False
WMT,2024-11-18,2024-11-19,2024-11-21,4,1,410,1085,23.13,13.2,False,True,17.7,False,False
NVDA,2024-11-20,2024-11-20,2024-11-27,8,0,1839,6571,424.3,6.9,False,True,4.3,True,False
RCAT,2024-11-20,2024-11-25,2024-12-04,15,5,71,447,2.13,9.4,False,True,33.3,False,False
KULR,2024-11-22,2024-12-02,2024-12-06,15,10,135,864,7.23,5.4,False,True,18.7,False,False
IOBT,2024-11-25,2024-11-25,2024-12-31,37,0,44,724,11.13,4.9,False,True,4.0,True,False
RGTI,2024-11-25,2025-01-08,2025-01-15,52,44,458,3302,2.5,15.4,False,True,183.2,False,False
OPTT,2024-11-26,2024-12-02,2024-12-03,8,6,110,414,1.47,13.8,False,True,74.8,False,False
CABA,2024-11-28,2024-12-02,2024-12-02,5,4,166,426,0.5,19.0,False,True,166.0,False,False
RXRX,2024-11-29,2024-12-02,2024-12-10,12,3,72,359,4.67,6.4,False,True,15.4,False,False
INTC,2024-12-02,2024-12-02,2024-12-12,11,0,423,2257,106.67,4.5,False,True,4.0,True,False
AAPL,2024-12-03,2024-12-03,2024-12-20,18,0,291,2708,101.17,5.2,False,True,2.9,True,False
UNH,2024-12-04,2024-12-04,2024-12-18,15,0,247,1086,1.87,127.3,False,True,132.1,False,False
SOUN,2024-12-05,2024-12-05,2024-12-19,15,0,202,1214,18.1,12.4,False,True,11.2,False,False
AVGO,2024-12-06,2024-12-13,2024-12-17,12,7,587,2091,8.07,5.8,False,True,72.7,False,False
PLTR,2024-12-06,2024-12-06,2024-12-16,11,0,451,2594,128.0,4.0,False,True,3.5,True,False
AMD,2024-12-09,2025-02-04,2025-02-05,59,57,2064,16426,81.7,6.5,False,True,25.3,False,False
GOOG,2024-12-10,2024-12-11,2024-12-23,14,1,219,1120,27.8,5.7,False,True,7.9,True,False
GOOGL,2024-12-10,2024-12-11,2024-12-19,10,1,134,711,23.13,6.5,False,True,5.8,True,False
ADBE,2024-12-11,2024-12-12,2024-12-13,3,1,153,330,4.5,23.5,False,True,34.0,False,False
LAES,2024-12-16,2024-12-16,2025-01-21,37,0,32,468,2.37,5.6,False,True,13.5,False,False
MU,2024-12-16,2024-12-18,2024-12-20,5,2,122,301,6.93,5.5,False,True,17.6,False,False
RCAT,2024-12-16,2024-12-16,2024-12-31,16,0,145,852,20.53,8.8,False,True,7.1,True,False
CTM,2024-12-19,2024-12-26,2025-01-08,21,7,270,2143,10.27,4.1,False,True,26.3,False,False
MVST,2024-12-19,2025-01-10,2025-01-11,24,22,194,1320,3.87,4.6,False,True,50.1,False,False
POET,2024-12-19,2024-12-26,2025-01-04,17,7,63,305,3.27,12.2,False,True,19.3,False,False
TLRY,2024-12-20,2024-12-23,2024-12-27,8,3,265,855,5.43,6.0,False,True,48.8,False,False
AMPX,2024-12-26,2025-01-01,2025-01-14,20,6,46,412,4.93,5.8,False,True,9.3,False,False
BBAI,2024-12-26,2024-12-26,2025-01-08,14,0,89,595,12.13,9.1,False,True,7.3,True,False
KULR,2024-12-26,2024-12-26,2025-01-03,9,0,544,2016,64.3,10.9,False,True,8.5,False,False
LODE,2024-12-26,2024-12-30,2025-01-02,8,4,432,1912,22.3,9.1,False,True,19.4,False,False
RVSN,2024-12-26,2024-12-31,2025-01-16,22,5,397,3251,0.83,15.5,False,True,397.0,False,False
OPTT,2024-12-27,2024-12-30,2025-01-08,13,3,333,1982,26.0,4.2,False,True,12.8,False,False
REKR,2024-12-27,2024-12-30,2025-01-11,16,3,80,531,1.77,20.9,False,True,45.2,False,False
HOLO,2024-12-30,2024-12-31,2025-01-02,4,1,119,311,3.3,17.9,False,True,36.1,False,False
LPSN,2024-12-30,2024-12-31,2025-01-03,5,1,163,474,2.5,10.3,False,True,65.2,False,False
CRKN,2024-12-31,2024-12-31,2025-01-21,22,0,81,556,7.27,9.6,False,True,11.1,False,False
XTIA,2024-12-31,2025-01-07,2025-01-08,9,7,354,877,3.8,20.6,False,True,93.2,False,False
OTLY,2025-01-01,2025-01-02,2025-01-09,9,1,123,401,1.9,16.5,False,True,64.7,False,False
CVNA,2025-01-02,2025-01-03,2025-01-16,15,1,482,2911,16.8,17.1,False,True,28.7,False,False
MSFT,2025-01-03,2025-01-03,2025-01-06,4,0,195,542,66.57,4.7,False,True,2.9,True,False
KSS,2025-01-05,2025-01-06,2025-01-15,11,1,89,348,6.43,8.6,False,True,13.8,False,False
ARBE,2025-01-06,2025-01-07,2025-01-10,5,1,254,647,1.33,32.5,False,True,191.0,False,False
DJT,2025-01-06,2025-01-13,2025-01-23,18,7,730,3777,12.57,5.5,False,True,58.1,False,False
FUBO,2025-01-06,2025-01-07,2025-01-08,3,1,289,506,0.37,123.6,False,True,289.0,False,False
META,2025-01-06,2025-01-29,2025-01-30,25,23,483,2364,21.63,4.4,False,True,22.3,False,False
RIME,2025-01-06,2025-01-07,2025-01-08,3,1,407,659,3.17,24.2,False,True,128.4,False,False
SKYX,2025-01-06,2025-01-22,2025-02-26,52,16,63,1468,18.73,4.7,False,True,3.4,True,False
TSM,2025-01-06,2025-01-16,2025-01-16,11,10,292,654,11.57,5.1,False,True,25.2,False,False
SEGG,2025-01-07,2025-01-27,2025-04-25,109,20,58,2236,3.47,6.2,False,True,16.7,False,False
GCTK,2025-01-08,2025-01-08,2025-01-15,8,0,378,1095,1.57,73.4,False,True,240.8,False,False
IONQ,2025-01-08,2025-01-08,2025-01-15,8,0,168,379,21.2,11.4,False,True,7.9,True,False
AAPL,2025-01-16,2025-01-30,2025-01-31,16,14,1123,6342,131.57,8.4,False,True,8.5,False,False
DAWN,2025-01-16,2025-01-16,2025-02-13,29,0,36,334,4.83,11.7,False,True,7.5,True,False
INTC,2025-01-17,2025-01-30,2025-02-01,16,13,791,4347,119.07,7.3,False,True,6.6,True,False
ICE,2025-01-21,2025-01-21,2025-05-22,122,0,40,1695,3.87,8.6,False,True,10.3,False,False
ORCL,2025-01-21,2025-01-22,2025-01-27,7,1,331,1101,5.67,50.7,False,True,58.4,False,False
RKLB,2025-01-21,2025-01-21,2025-01-24,4,0,358,761,65.43,7.3,False,True,5.5,True,False
VST,2025-01-21,2025-01-27,2025-01-31,11,6,111,398,5.0,7.8,False,True,22.2,False,False
AMZN,2025-01-22,2025-02-06,2025-02-07,17,15,565,1792,36.37,4.5,False,True,15.5,False,False
OKLO,2025-01-22,2025-02-07,2025-02-08,18,16,189,1315,16.17,4.1,False,True,11.7,False,False
SBUX,2025-01-26,2025-01-28,2025-01-29,4,2,207,490,8.5,14.6,False,True,24.4,False,False
ASML,2025-01-27,2025-01-29,2025-01-29,3,2,238,445,14.87,15.7,False,True,16.0,False,False
AVGO,2025-01-27,2025-01-27,2025-02-05,10,0,126,621,24.83,5.6,False,True,5.1,True,False
BABA,2025-01-27,2025-01-29,2025-01-31,5,2,274,666,9.43,12.2,False,True,29.1,False,False
GDC,2025-01-27,2025-04-11,2025-04-23,87,74,130,2876,13.43,4.6,False,True,9.7,False,False
MSFT,2025-01-27,2025-01-29,2025-01-31,5,2,731,2145,83.87,5.5,False,True,8.7,False,False
NBIS,2025-01-27,2025-02-20,2025-02-24,29,24,286,1862,15.13,7.1,False,True,18.9,False,False
NVDA,2025-01-27,2025-01-27,2025-01-31,5,0,6211,16527,505.77,16.8,False,True,12.3,False,False
DEI,2025-01-28,2025-01-31,2025-02-12,16,3,143,971,9.7,4.2,False,True,14.7,False,False
TSLA,2025-01-29,2025-01-29,2025-02-13,16,0,2388,18510,485.27,5.9,False,True,4.9,True,False
HIMS,2025-01-31,2025-02-24,2025-02-25,26,24,368,2133,7.23,9.1,False,True,50.9,False,False
MP,2025-02-01,2025-02-02,2025-02-17,17,1,67,465,17.33,5.3,False,True,3.9,True,False
COST,2025-02-03,2025-03-06,2025-03-07,33,31,51,486,7.63,7.5,False,True,6.7,True,False
ELF,2025-02-03,2025-02-06,2025-02-07,5,3,195,380,7.43,4.3,False,True,26.2,False,False
PLTR,2025-02-03,2025-02-04,2025-02-12,10,1,1307,6484,73.03,28.6,False,True,17.9,False,False
GOOG,2025-02-04,2025-02-04,2025-02-07,4,0,473,1168,40.8,24.8,False,True,11.6,False,False
GOOGL,2025-02-04,2025-02-04,2025-02-18,15,0,316,1567,36.13,14.1,False,True,8.7,False,False
UBER,2025-02-04,2025-02-05,2025-02-12,9,1,150,567,12.3,7.5,False,True,12.2,False,False
BB,2025-02-05,2025-02-19,2025-02-19,15,14,66,345,4.47,8.8,False,True,14.8,False,False
BBAI,2025-02-05,2025-02-05,2025-02-14,10,0,338,1648,20.87,16.5,False,True,16.2,False,False
CYN,2025-02-05,2025-02-11,2025-02-11,7,6,858,1633,5.5,5.3,False,True,156.0,False,False
SMCI,2025-02-05,2025-02-19,2025-02-26,22,14,919,6572,25.37,6.0,False,True,36.2,False,False
BYD,2025-02-06,2025-03-18,2025-04-02,56,40,244,2861,10.23,4.4,False,True,23.9,False,False
CELH,2025-02-07,2025-02-20,2025-02-21,15,13,427,1100,6.2,4.4,False,True,68.9,False,False
COIN,2025-02-12,2025-02-13,2025-02-14,3,1,423,682,26.5,4.2,False,True,16.0,False,False
HOOD,2025-02-12,2025-02-12,2025-02-14,3,0,685,1342,136.57,11.4,False,True,5.0,True,False
MRNA,2025-02-13,2025-02-14,2025-02-24,12,1,55,301,11.83,4.0,False,True,4.6,True,False
CNSP,2025-02-14,2025-02-14,2025-02-18,5,0,342,468,1.5,97.5,False,True,228.0,False,False
SOBR,2025-02-14,2025-02-18,2025-02-19,6,4,552,1101,2.4,61.8,False,True,230.0,False,False
GME,2025-02-18,2025-02-18,2025-02-25,8,0,887,3936,347.1,4.4,False,True,2.6,True,False
LUNR,2025-02-18,2025-02-18,2025-02-28,11,0,318,2006,61.37,6.6,False,True,5.2,True,False
RIVN,2025-02-18,2025-02-20,2025-02-21,4,2,241,447,11.17,7.3,False,True,21.6,False,False
WMT,2025-02-19,2025-02-20,2025-02-25,7,1,539,1284,45.4,4.3,False,True,11.9,False,False
BRK,2025-02-22,2025-04-04,2025-04-14,52,41,96,1653,11.03,6.1,False,True,8.7,False,False
MTX,2025-02-25,2025-03-04,2025-03-06,10,7,119,554,9.57,5.6,False,True,12.4,False,False
PHX,2025-02-25,2025-03-04,2025-03-06,10,7,118,551,9.53,5.6,False,True,12.4,False,False
STRA,2025-03-02,2025-03-07,2025-03-12,11,5,150,757,22.3,11.7,False,True,6.7,True,False
CTM,2025-03-03,2025-03-03,2025-03-05,3,0,251,479,22.37,7.9,False,True,11.2,False,False
CBSH,2025-03-04,2025-03-05,2025-03-11,8,1,81,306,10.57,10.9,False,True,7.7,True,False
HTBK,2025-03-04,2025-03-05,2025-03-11,8,1,81,306,10.57,10.9,False,True,7.7,True,False
SPSC,2025-03-04,2025-03-05,2025-03-11,8,1,81,306,10.93,10.4,False,True,7.4,True,False
RGTI,2025-03-05,2025-03-06,2025-03-14,10,1,73,311,11.83,7.8,False,True,6.2,True,False
NFLX,2025-03-07,2025-03-07,2025-03-11,5,0,145,316,33.87,6.9,False,True,4.3,True,False
TSLA,2025-03-10,2025-03-11,2025-04-09,31,1,5838,68698,951.97,5.2,False,True,6.1,True,False
ADBE,2025-03-12,2025-03-12,2025-03-14,3,0,154,315,3.87,41.8,False,True,39.8,False,False
QBTS,2025-03-13,2025-03-14,2025-03-20,8,1,97,377,6.9,6.8,False,True,14.1,False,False
NWTG,2025-03-17,2025-04-07,2025-04-08,23,21,101,547,4.43,6.8,False,True,22.8,False,False
CBSH,2025-03-20,2025-03-20,2025-03-24,5,0,177,365,18.3,8.2,False,True,9.7,False,False
DASH,2025-03-20,2025-03-23,2025-03-24,5,3,99,336,9.9,5.3,False,True,10.0,False,False
HTBK,2025-03-20,2025-03-20,2025-03-24,5,0,177,365,18.3,8.2,False,True,9.7,False,False
SPSC,2025-03-20,2025-03-20,2025-03-24,5,0,177,365,18.3,8.2,False,True,9.7,False,False
GME,2025-03-25,2025-03-26,2025-04-17,24,1,1492,14975,258.6,5.7,False,True,5.8,True,False
CRWV,2025-03-27,2025-03-28,2025-04-02,7,1,375,729,2.2,11.3,False,True,170.5,False,False
GPI,2025-03-27,2025-03-27,2025-04-10,15,0,63,311,12.3,8.7,False,True,5.1,True,False
ASPC,2025-03-28,2025-03-28,2025-03-31,4,0,1396,2802,11.47,344.1,False,True,121.7,False,False
ATGL,2025-03-28,2025-03-28,2025-03-31,4,0,1396,2802,11.5,341.2,False,True,121.4,False,False
WMT,2025-03-28,2025-04-09,2025-04-12,16,12,341,1934,48.67,4.2,False,True,7.0,True,False
LHX,2025-03-29,2025-03-29,2025-04-22,25,0,121,1438,16.73,9.7,False,True,7.2,True,False
JPM,2025-03-31,2025-03-31,2025-04-16,17,0,64,437,10.1,8.9,False,True,6.3,True,False
NMAX,2025-03-31,2025-04-01,2025-04-02,3,1,582,1103,0.1,135.9,False,True,582.0,False,False
BLK,2025-04-01,2025-04-07,2025-04-11,11,6,65,383,14.57,4.3,False,True,4.5,True,False
APLD,2025-04-02,2025-04-03,2025-04-17,16,1,110,886,17.3,8.8,False,True,6.4,True,False
DAY,2025-04-02,2025-04-07,2025-04-10,9,5,121,524,17.67,9.1,False,True,6.8,True,False
NXPI,2025-04-02,2025-04-13,2025-04-14,13,11,176,877,6.83,16.3,False,True,25.8,False,False
NYC,2025-04-02,2025-04-08,2025-05-08,37,6,34,576,8.93,5.7,False,True,3.8,True,False
AAPL,2025-04-03,2025-04-09,2025-04-14,12,6,1371,7724,153.93,7.3,False,True,8.9,False,False
ACIU,2025-04-03,2025-04-09,2025-04-17,15,6,70,442,8.17,7.7,False,True,8.6,False,False
CNL,2025-04-03,2025-04-09,2025-04-23,21,6,55,525,9.73,5.0,False,True,5.7,True,False
DOW,2025-04-03,2025-04-04,2025-04-10,8,1,74,400,8.87,6.1,False,True,8.3,False,False
MP,2025-04-03,2025-04-09,2025-04-24,22,6,221,2172,32.23,9.3,False,True,6.9,True,False
MSFT,2025-04-03,2025-04-03,2025-04-09,7,0,165,781,60.53,4.4,False,True,2.7,True,False
OBK,2025-04-03,2025-04-09,2025-04-19,17,6,62,437,6.23,5.4,False,True,10.0,False,False
ON,2025-04-03,2025-04-13,2025-04-16,14,10,134,692,10.0,6.6,False,True,13.4,False,False
PB,2025-04-03,2025-04-07,2025-04-23,21,4,69,674,12.43,5.9,False,True,5.6,True,False
PENG,2025-04-03,2025-04-09,2025-04-10,8,6,107,612,0.9,58.6,False,True,107.0,False,False
UPC,2025-04-03,2025-04-07,2025-04-23,21,4,58,695,18.5,4.2,False,True,3.1,True,False
VS,2025-04-03,2025-04-09,2025-04-23,21,6,59,590,17.27,4.2,False,True,3.4,True,False
WNEB,2025-04-03,2025-04-16,2025-04-23,21,13,39,404,8.67,4.1,False,True,4.5,True,False
BABA,2025-04-07,2025-04-09,2025-04-16,10,2,133,603,17.0,4.0,False,True,7.8,True,False
MTX,2025-04-07,2025-04-15,2025-04-24,18,8,168,1189,13.07,6.5,False,True,12.9,False,False
PHX,2025-04-07,2025-04-15,2025-04-24,18,8,168,1191,13.07,6.6,False,True,12.9,False,False
SXTP,2025-04-07,2025-04-08,2025-04-22,16,1,41,358,10.03,4.8,False,True,4.1,True,False
WAT,2025-04-07,2025-04-09,2025-04-25,19,2,62,382,9.8,5.8,False,True,6.3,True,False
GXO,2025-04-08,2025-04-09,2025-05-06,29,1,45,612,8.57,5.2,False,True,5.3,True,False
SUNE,2025-04-08,2025-04-15,2025-04-16,9,7,215,611,3.63,5.1,False,True,59.2,False,False
DJT,2025-04-09,2025-04-09,2025-04-11,3,0,397,906,33.67,17.3,False,True,11.8,False,False
FRGT,2025-04-09,2025-05-02,2025-05-12,34,23,48,578,4.7,7.3,False,True,10.2,False,False
MKSI,2025-04-09,2025-04-09,2025-04-30,22,0,41,377,11.37,7.1,False,True,3.6,True,False
STRA,2025-04-09,2025-04-09,2025-04-13,5,0,120,369,35.07,4.5,False,True,3.4,True,False
BULL,2025-04-10,2025-04-14,2025-04-15,6,4,487,937,0.0,33.0,False,True,487.0,False,False
GOLD,2025-04-11,2025-04-16,2025-04-24,14,5,52,305,6.8,5.1,False,True,7.6,True,False
BA,2025-04-15,2025-04-15,2025-04-24,10,0,392,966,28.73,8.5,False,True,13.6,False,False
NFLX,2025-04-15,2025-04-17,2025-04-22,8,2,636,1636,39.63,6.6,False,True,16.0,False,False
NVDA,2025-04-15,2025-04-16,2025-04-17,3,1,1499,3716,435.33,4.3,False,True,3.4,True,False
HTZ,2025-04-16,2025-04-17,2025-04-21,6,1,173,407,1.03,83.3,False,True,168.0,False,False
LLY,2025-04-17,2025-05-12,2025-05-15,29,25,74,480,3.9,13.7,False,True,19.0,False,False
ASTS,2025-04-20,2025-04-20,2025-05-13,24,0,71,474,6.93,14.1,False,True,10.2,False,False
CCAQ,2025-04-21,2025-04-21,2025-05-23,33,0,31,324,0.0,31.0,False,True,31.0,False,False
TSLA,2025-04-22,2025-04-22,2025-04-25,4,0,5723,13765,1321.8,5.3,False,True,4.3,True,False
GOOG,2025-04-24,2025-04-24,2025-04-30,7,0,334,972,44.23,11.0,False,True,7.6,True,False
WOLF,2025-04-24,2025-04-28,2025-05-13,20,4,200,1820,11.83,6.8,False,True,16.9,False,False
AMZN,2025-04-29,2025-05-01,2025-05-02,4,2,573,1001,44.9,4.8,False,True,12.8,False,False
HIMS,2025-04-29,2025-05-06,2025-05-14,16,7,202,1088,6.9,30.7,False,True,29.3,False,False
META,2025-04-29,2025-04-30,2025-05-01,3,1,315,563,27.03,4.0,False,True,11.7,False,False
KIDZ,2025-05-01,2025-05-02,2025-05-05,5,1,137,344,0.3,110.7,False,True,137.0,False,False
PLTR,2025-05-02,2025-05-05,2025-05-06,5,3,1105,2224,72.97,4.6,False,True,15.1,False,False
BRK,2025-05-03,2025-05-05,2025-05-05,3,2,157,389,26.9,6.0,False,True,5.8,True,False
CVNA,2025-05-07,2025-05-07,2025-05-19,13,0,115,558,15.67,13.0,False,True,7.3,True,False
GOOG,2025-05-07,2025-05-07,2025-05-14,8,0,667,1623,59.23,7.9,False,True,11.3,False,False
NBIS,2025-05-07,2025-05-20,2025-05-21,15,13,107,358,1.77,15.0,False,True,60.5,False,False
COIN,2025-05-08,2025-05-15,2025-05-16,9,7,205,723,7.63,8.0,False,True,26.9,False,False
KULR,2025-05-13,2025-05-14,2025-06-06,25,1,45,427,6.43,6.1,False,True,7.0,True,False
UNH,2025-05-13,2025-05-15,2025-05-21,9,2,2931,11099,51.87,9.8,False,True,56.5,False,False
CRWV,2025-05-14,2025-06-04,2025-06-05,23,21,387,2442,4.83,28.6,False,True,80.1,False,False
WMT,2025-05-15,2025-05-17,2025-05-18,4,2,1874,3187,90.87,6.3,False,True,20.6,False,False
MCO,2025-05-16,2025-05-17,2025-05-19,4,1,242,707,0.37,188.6,False,True,242.0,False,False
QUBT,2025-05-16,2025-06-11,2025-06-18,34,26,73,697,5.8,10.3,False,True,12.6,False,False
QBTS,2025-05-20,2025-05-20,2025-05-27,8,0,155,531,7.23,12.4,False,True,21.4,False,False
BULL,2025-05-22,2025-05-22,2025-06-04,14,0,184,809,36.0,10.1,False,True,5.1,True,False
BYD,2025-05-26,2025-05-27,2025-06-11,17,1,102,652,17.03,7.6,False,True,6.0,True,False
RKLB,2025-05-27,2025-06-09,2025-06-10,15,13,240,1031,15.9,8.7,False,True,15.1,False,False
AVGO,2025-05-28,2025-06-05,2025-06-06,10,8,238,649,6.03,6.7,False,True,39.5,False,False
APLD,2025-06-02,2025-06-04,2025-06-09,8,2,172,616,18.13,12.6,False,True,9.5,False,False
LULU,2025-06-03,2025-06-05,2025-06-06,4,2,183,434,2.43,9.6,False,True,75.3,False,False
ASTS,2025-06-04,2025-06-24,2025-06-30,27,20,231,1961,15.13,8.2,False,True,15.3,False,False
CRCL,2025-06-05,2025-06-20,2025-06-30,26,15,425,3091,1.4,46.5,False,True,303.6,False,False
TSLA,2025-06-05,2025-06-05,2025-06-11,7,0,3827,10730,634.6,8.4,False,True,6.0,True,False
HOOD,2025-06-06,2025-06-06,2025-06-13,8,0,499,1679,110.43,7.2,False,True,4.5,True,False
ICE,2025-06-08,2025-07-03,2025-07-11,34,25,89,857,12.27,4.5,False,True,7.3,True,False
ADBE,2025-06-10,2025-06-12,2025-06-13,4,2,223,334,4.7,4.2,False,True,47.4,False,False
INTC,2025-06-10,2025-06-10,2025-06-17,8,0,178,534,30.2,8.5,False,True,5.9,True,False
NCNA,2025-06-10,2025-06-11,2025-06-12,3,1,144,366,14.93,4.7,False,True,9.6,False,False
HCTI,2025-06-11,2025-06-12,2025-06-17,7,1,161,467,8.07,10.6,False,True,20.0,False,False
ORCL,2025-06-11,2025-06-13,2025-06-16,6,2,153,549,9.23,25.8,False,True,16.6,False,False
TMC,2025-06-11,2025-06-18,2025-06-26,16,7,80,372,5.27,7.2,False,True,15.2,False,False
LMT,2025-06-13,2025-06-13,2025-06-22,10,0,145,445,5.4,22.2,False,True,26.9,False,False
AMD,2025-06-16,2025-06-16,2025-07-02,17,0,377,2419,54.23,9.2,False,True,7.0,True,False
COIN,2025-06-18,2025-06-18,2025-07-02,15,0,116,748,19.83,6.7,False,True,5.8,True,False
GOOG,2025-06-23,2025-06-30,2025-07-01,9,7,241,1171,53.87,4.6,False,True,4.5,True,False
BBAI,2025-06-24,2025-08-11,2025-08-12,50,48,311,1837,9.07,5.4,False,True,34.3,False,False
HOOD,2025-06-30,2025-06-30,2025-07-03,4,0,525,1750,139.37,4.1,False,True,3.8,True,False
SOFI,2025-06-30,2025-07-08,2025-07-18,19,8,73,539,7.83,10.6,False,True,9.3,False,False
BURU,2025-07-01,2025-07-21,2025-07-22,22,20,130,784,9.37,5.1,False,True,13.9,False,False
WOLF,2025-07-01,2025-07-07,2025-07-09,9,6,131,359,7.4,7.3,False,True,17.7,False,False
CLBR,2025-07-07,2025-07-07,2025-07-16,10,0,172,912,36.43,5.0,False,True,4.7,True,False
IXHL,2025-07-10,2025-07-24,2025-07-31,22,14,584,4616,8.5,4.1,False,True,68.7,False,False
MP,2025-07-10,2025-07-10,2025-08-08,30,0,86,968,17.0,7.5,False,True,5.1,True,False
NBIS,2025-07-14,2025-07-14,2025-07-31,18,0,57,432,11.9,6.1,False,True,4.8,True,False
OPEN,2025-07-14,2025-07-21,2025-07-24,11,7,1077,4189,3.53,11.4,False,True,305.1,False,False
RKLB,2025-07-14,2025-07-17,2025-07-23,10,3,376,1607,44.07,4.5,False,True,8.5,False,False
CTM,2025-07-15,2025-08-08,2025-08-18,35,24,78,855,7.5,5.9,False,True,10.4,False,False
NVDA,2025-07-15,2025-07-15,2025-07-17,3,0,1367,2293,253.67,6.2,False,True,5.4,True,False
PEW,2025-07-15,2025-07-16,2025-07-17,3,1,662,1056,0.0,127.0,False,True,662.0,False,False
UUUU,2025-07-15,2025-08-06,2025-08-08,25,22,57,668,5.3,7.2,False,True,10.8,False,False
ABAT,2025-07-17,2025-07-17,2025-07-25,9,0,57,305,1.43,25.3,False,True,39.9,False,False
CVNA,2025-07-17,2025-07-21,2025-07-24,8,4,118,600,20.2,5.6,False,True,5.8,True,False
LCID,2025-07-17,2025-07-23,2025-07-23,7,6,186,518,2.2,61.7,False,True,84.5,False,False
AIRE,2025-07-21,2025-07-21,2025-07-24,4,0,261,412,0.57,168.4,False,True,261.0,False,False
CLOV,2025-07-21,2025-07-23,2025-07-23,3,2,787,864,2.7,12.4,False,True,291.5,False,False
KSS,2025-07-21,2025-07-22,2025-07-23,3,1,1446,2132,6.33,22.1,False,True,228.4,False,False
OPTT,2025-07-21,2025-07-24,2025-07-25,5,3,222,702,4.97,10.4,False,True,44.7,False,False
PUMP,2025-07-21,2025-07-23,2025-08-08,19,2,60,372,7.37,7.6,False,True,8.1,False,False
RAYA,2025-07-21,2025-07-23,2025-07-24,4,2,381,855,0.0,36.0,False,True,381.0,False,False
RKT,2025-07-21,2025-07-23,2025-07-23,3,2,1900,3097,2.77,16.6,False,True,685.9,False,False
WEN,2025-07-21,2025-07-23,2025-07-23,3,2,470,585,11.5,6.7,False,True,40.9,False,False
GLXY,2025-07-22,2025-07-23,2025-07-29,8,1,90,338,4.3,9.3,False,True,20.9,False,False
NCNA,2025-07-22,2025-07-22,2025-08-11,21,0,77,791,7.6,6.9,False,True,10.1,False,False
AVGO,2025-07-23,2025-07-23,2025-08-07,16,0,68,355,12.13,7.7,False,True,5.6,True,False
GOOGL,2025-07-23,2025-07-23,2025-07-31,9,0,414,1165,55.73,11.6,False,True,7.4,True,False
HCTI,2025-07-23,2025-07-24,2025-07-25,3,1,484,1001,10.63,12.6,False,True,45.5,False,False
APLD,2025-07-24,2025-07-31,2025-08-01,9,7,122,400,17.1,4.0,False,True,7.1,True,False
OKLO,2025-07-24,2025-08-11,2025-08-13,21,18,102,473,12.17,8.6,False,True,8.4,False,False
UNH,2025-07-24,2025-07-29,2025-08-06,14,5,1044,5595,107.07,4.3,False,True,9.8,False,False
BMNR,2025-07-25,2025-07-25,2025-07-29,5,0,125,324,12.03,10.2,False,True,10.4,False,False
MBOT,2025-07-26,2025-07-26,2025-08-14,20,0,38,306,3.97,4.8,False,True,9.6,False,False
NVNI,2025-07-27,2025-07-29,2025-08-01,6,2,223,756,2.2,5.7,False,True,101.4,False,False
SMCI,2025-07-28,2025-08-05,2025-08-06,10,8,310,790,14.3,8.5,False,True,21.7,False,False
AMD,2025-07-29,2025-08-05,2025-08-11,14,7,1204,4932,103.83,6.0,False,True,11.6,False,False
GME,2025-07-29,2025-07-29,2025-07-31,3,0,656,1804,242.33,4.2,False,True,2.7,True,False
LLY,2025-07-29,2025-08-07,2025-08-08,11,9,270,581,3.63,7.9,False,True,74.4,False,False
NVO,2025-07-29,2025-07-29,2025-08-08,11,0,230,1063,6.27,49.6,False,True,36.7,False,False
MSFT,2025-07-30,2025-07-30,2025-08-01,3,0,637,1506,65.57,21.0,False,True,9.7,False,False
PANW,2025-07-30,2025-08-18,2025-08-18,20,19,169,549,2.73,11.5,False,True,61.9,False,False
AAPL,2025-07-31,2025-08-06,2025-08-08,9,6,1104,4886,134.43,12.5,False,True,8.2,False,False
AMZN,2025-07-31,2025-07-31,2025-08-06,7,0,466,1199,35.6,22.0,False,True,13.1,False,False
COIN,2025-07-31,2025-07-31,2025-08-11,12,0,146,503,26.63,7.9,False,True,5.5,True,False
BTAI,2025-08-04,2025-08-04,2025-08-18,15,0,93,460,1.7,16.3,False,True,54.7,False,False
PLTR,2025-08-04,2025-08-04,2025-08-12,9,0,904,3222,117.63,13.4,False,True,7.7,True,False
ONDS,2025-08-06,2025-08-12,2025-08-18,13,6,61,319,6.57,4.9,False,True,9.3,False,False
INTC,2025-08-07,2025-08-07,2025-08-26,20,0,795,6774,100.03,5.9,False,True,7.9,True,False
NBIS,2025-08-07,2025-08-07,2025-08-13,7,0,148,374,19.0,9.6,False,True,7.8,True,False
CGTX,2025-08-12,2025-08-25,2025-08-28,17,13,82,640,8.13,4.2,False,True,10.1,False,False
CRWV,2025-08-12,2025-08-14,2025-08-20,9,2,235,1115,24.23,11.4,False,True,9.7,False,False
JACS,2025-08-18,2025-08-22,2025-08-22,5,4,377,1281,13.63,4.9,False,True,27.7,False,False
JXN,2025-08-18,2025-08-22,2025-08-22,5,4,377,1281,13.63,4.9,False,True,27.7,False,False
RBLX,2025-08-18,2025-08-18,2025-08-21,4,0,160,380,18.5,5.5,False,True,8.6,False,False
WMT,2025-08-20,2025-08-21,2025-08-22,3,1,364,680,26.93,15.4,False,True,13.5,False,False
CBRL,2025-08-21,2025-08-27,2025-08-27,7,6,96,377,0.67,55.3,False,True,96.0,False,False
NVDA,2025-08-27,2025-08-27,2025-08-29,3,0,2936,5000,402.03,14.0,False,True,7.3,True,False
IREN,2025-08-28,2025-10-07,2025-10-24,58,40,209,2793,3.77,8.2,False,True,55.4,False,False
AVGO,2025-09-02,2025-09-05,2025-09-05,4,3,404,831,13.37,4.3,False,True,30.2,False,False
GOOG,2025-09-02,2025-09-03,2025-09-09,8,1,319,1047,57.1,6.1,False,True,5.6,True,False
GOOGL,2025-09-02,2025-09-03,2025-10-09,38,1,230,2690,47.77,6.4,False,True,4.8,True,False
LDI,2025-09-08,2025-09-17,2025-09-18,11,9,445,1802,1.03,26.0,False,True,432.0,False,False
NBIS,2025-09-08,2025-09-09,2025-09-10,3,1,534,1089,17.1,22.1,False,True,31.2,False,False
ORCL,2025-09-08,2025-09-10,2025-09-11,4,2,1621,3205,14.57,9.1,False,True,111.3,False,False
AAPL,2025-09-09,2025-09-09,2025-09-11,3,0,734,1347,116.27,10.0,False,True,6.3,True,False
ASST,2025-09-09,2025-09-10,2025-09-22,14,1,123,560,4.6,14.7,False,True,26.7,False,False
GME,2025-09-09,2025-09-10,2025-09-18,10,1,1658,6825,197.13,13.6,False,True,8.4,False,False
RZLV,2025-09-09,2025-10-01,2025-10-13,35,22,95,1124,12.3,5.9,False,True,7.7,True,False
AIRE,2025-09-10,2025-09-12,2025-09-15,6,2,136,355,2.97,6.7,False,True,45.8,False,False
HOOD,2025-09-10,2025-09-10,2025-09-12,3,0,670,1253,141.6,6.3,False,True,4.7,True,False
RDDT,2025-09-10,2025-10-22,2025-11-25,77,42,2651,80605,628.67,5.5,False,True,4.2,True,True
ATCH,2025-09-11,2025-09-18,2025-09-29,19,7,409,3351,3.93,5.0,False,True,104.1,False,False
NFLX,2025-09-11,2025-10-21,2025-10-22,42,40,403,2050,17.43,4.2,False,True,23.1,False,False
OPEN,2025-09-11,2025-09-11,2025-09-17,7,0,249,763,48.33,6.1,False,True,5.2,True,False
TSLA,2025-09-12,2025-09-15,2025-10-07,26,3,1325,11086,215.33,5.1,False,True,6.2,True,False
GPUS,2025-09-15,2025-09-29,2025-09-29,15,14,292,785,0.97,26.7,False,True,292.0,False,False
OKLO,2025-09-15,2025-09-19,2025-09-25,11,4,451,1502,8.17,9.4,False,True,55.2,False,False
BBAI,2025-09-16,2025-09-23,2025-09-24,9,7,107,323,5.3,13.6,False,True,20.2,False,False
DVLT,2025-09-16,2025-09-19,2025-09-29,14,3,280,1537,0.87,20.6,False,True,280.0,False,False
NUAI,2025-09-17,2025-09-26,2025-09-30,14,9,406,1950,1.0,41.3,False,True,406.0,False,False
NVNI,2025-09-17,2025-09-30,2025-10-02,16,13,159,877,5.27,12.9,False,True,30.2,False,False
QBTS,2025-09-17,2025-10-23,2025-10-24,38,36,62,524,1.9,12.9,False,True,32.6,False,False
SNAP,2025-09-17,2025-09-22,2025-09-23,7,5,298,741,14.47,5.9,False,True,20.6,False,False
CYCU,2025-09-18,2025-09-25,2025-09-26,9,7,108,350,1.67,14.9,False,True,64.7,False,False
STRA,2025-09-18,2025-10-15,2025-11-07,51,27,45,1163,12.47,4.8,False,True,3.6,True,False
GAP,2025-09-19,2025-09-19,2025-10-27,39,0,38,487,2.83,6.5,False,True,13.4,False,False
QUBT,2025-09-19,2025-10-23,2025-10-25,37,34,147,1238,9.0,4.3,False,True,16.3,False,False
YAAS,2025-09-19,2025-09-24,2025-09-26,8,5,94,354,0.53,40.1,False,True,94.0,False,False
KVUE,2025-09-22,2025-09-22,2025-09-25,4,0,156,338,2.47,19.0,False,True,63.2,False,False
PLUG,2025-09-22,2025-10-03,2025-10-09,18,11,102,577,2.4,4.5,False,True,42.5,False,False
LAC,2025-09-23,2025-09-24,2025-10-03,11,1,243,878,1.13,62.7,False,True,215.0,False,False
SLI,2025-09-23,2025-09-24,2025-10-01,9,1,107,433,3.23,15.3,False,True,33.1,False,False
ABAT,2025-09-24,2025-10-15,2025-10-17,24,21,249,875,3.3,6.0,False,True,75.5,False,False
DFLI,2025-09-24,2025-09-29,2025-10-03,10,5,795,3717,2.33,11.0,False,True,341.2,False,False
MTX,2025-09-24,2025-10-14,2025-10-16,23,20,249,1383,5.47,5.3,False,True,45.5,False,False
UUUU,2025-09-24,2025-10-14,2025-10-22,29,20,245,1705,16.3,5.0,False,True,15.0,False,False
CIFR,2025-09-25,2025-09-25,2025-10-16,22,0,71,564,5.27,10.4,False,True,13.5,False,False
IBM,2025-09-25,2025-09-25,2025-10-13,19,0,62,352,10.57,8.5,False,True,5.9,True,False
PSTV,2025-09-25,2025-10-06,2025-10-08,14,11,225,1528,2.6,36.4,False,True,86.5,False,False
ROAD,2025-09-26,2025-10-15,2025-10-15,20,19,37,309,11.5,4.2,False,True,3.2,True,False
BURU,2025-09-29,2025-10-03,2025-10-09,11,4,769,3600,4.63,12.1,False,True,166.1,False,False
TCBI,2025-10-01,2025-10-03,2025-10-22,22,2,48,336,10.2,4.8,False,True,4.7,True,False
FEMY,2025-10-02,2025-10-06,2025-10-09,8,4,225,828,0.63,17.4,False,True,225.0,False,False
ONDS,2025-10-02,2025-10-06,2025-10-15,14,4,58,405,15.0,5.5,False,True,3.9,True,False
SHOT,2025-10-02,2025-10-03,2025-10-06,5,1,496,936,3.3,4.4,False,True,150.3,False,False
USAR,2025-10-02,2025-10-13,2025-10-15,14,11,111,539,2.43,9.8,False,True,45.7,False,False
MOBX,2025-10-03,2025-10-06,2025-10-07,5,3,225,468,1.17,64.8,False,True,192.3,False,False
PLTR,2025-10-03,2025-10-03,2025-10-13,11,0,212,1150,77.23,4.9,False,True,2.7,True,False
AMD,2025-10-06,2025-10-06,2025-10-08,3,0,1783,2978,60.47,26.7,False,True,29.5,False,False
CRML,2025-10-06,2025-10-06,2025-10-15,10,0,99,402,3.37,17.3,False,True,29.4,False,False
PYPL,2025-10-06,2025-10-10,2025-10-16,11,4,71,436,9.67,4.4,False,True,7.3,True,False
PCSA,2025-10-07,2025-10-08,2025-10-09,3,1,303,697,5.17,15.9,False,True,58.6,False,False
POET,2025-10-07,2025-10-08,2025-10-10,4,1,871,2333,6.6,89.7,False,True,132.0,False,False
SCWO,2025-10-07,2025-10-09,2025-10-10,4,2,649,1562,0.43,67.6,False,True,649.0,False,False
UAMY,2025-10-07,2025-10-13,2025-10-27,21,6,103,653,3.83,6.1,False,True,26.9,False,False
ASTS,2025-10-08,2025-10-08,2025-10-15,8,0,270,892,45.3,5.1,False,True,6.0,True,False
BULL,2025-10-08,2025-10-08,2025-10-14,7,0,238,588,47.03,8.0,False,True,5.1,True,False
GOLD,2025-10-08,2025-10-17,2025-11-04,28,9,76,624,6.13,6.4,False,True,12.4,False,False
PATH,2025-10-08,2025-10-09,2025-10-10,3,1,646,1157,21.2,4.5,False,True,30.5,False,False
RKLB,2025-10-08,2025-10-10,2025-10-15,8,2,214,668,33.47,4.7,False,True,6.4,True,False
YYAI,2025-10-08,2025-10-08,2025-10-13,6,0,281,828,0.93,54.8,False,True,281.0,False,False
MP,2025-10-10,2025-10-12,2025-10-16,7,2,75,416,12.1,10.6,False,True,6.2,True,False
NKLR,2025-10-10,2025-10-15,2025-10-22,13,5,65,346,0.3,29.6,False,True,65.0,False,False
WWR,2025-10-13,2025-10-14,2025-10-17,5,1,109,324,2.93,19.2,False,True,37.2,False,False
BRK,2025-10-14,2025-11-02,2025-11-26,44,19,53,936,8.23,7.2,False,True,6.4,True,False
BYND,2025-10-14,2025-10-22,2025-10-24,11,8,4583,12632,2.8,11.5,False,True,1636.8,False,False
HOOD,2025-10-20,2025-10-20,2025-10-22,3,0,579,987,146.17,4.4,False,True,4.0,True,False
AIRE,2025-10-21,2025-10-22,2025-10-23,3,1,526,1026,1.77,138.8,False,True,297.2,False,False
DNUT,2025-10-21,2025-10-22,2025-10-23,3,1,294,431,3.8,10.3,False,True,77.4,False,False
GOOG,2025-10-21,2025-10-29,2025-10-30,10,8,413,1385,42.67,4.1,False,True,9.7,False,False
NOK,2025-10-23,2025-10-28,2025-10-29,7,5,585,814,7.27,4.4,False,True,80.5,False,False
ASST,2025-10-24,2025-10-27,2025-10-28,5,3,725,1715,5.57,46.7,False,True,130.2,False,False
FGL,2025-10-28,2025-11-04,2025-11-10,14,7,68,316,1.57,10.0,False,True,43.3,False,False
MSAI,2025-10-28,2025-10-31,2025-11-03,7,3,216,604,0.57,20.6,False,True,216.0,False,False
MSFT,2025-10-28,2025-10-29,2025-11-07,11,1,681,2671,75.6,7.8,False,True,9.0,False,False
NVDA,2025-10-28,2025-11-19,2025-11-26,30,22,3632,27463,295.77,8.3,False,True,12.3,False,False
UNH,2025-10-28,2025-10-28,2025-11-03,7,0,341,766,42.0,9.7,False,True,8.1,False,False
GOOGL,2025-10-29,2025-10-29,2025-10-31,3,0,236,518,51.37,6.8,False,True,4.6,True,False
META,2025-10-29,2025-10-30,2025-11-25,28,1,839,7961,36.07,22.0,False,True,23.3,False,False
DASH,2025-10-30,2025-10-31,2025-11-06,8,1,88,305,5.53,16.4,False,True,15.9,False,False
MSTR,2025-10-30,2025-12-01,2025-12-02,34,32,389,3433,24.13,4.2,False,True,16.1,False,False
SNAP,2025-10-31,2025-11-05,2025-11-07,8,5,195,625,22.97,4.1,False,True,8.5,False,False
PLTR,2025-11-03,2025-11-04,2025-11-05,3,1,956,2161,82.57,17.9,False,True,11.6,False,False
PFE,2025-11-04,2025-11-04,2025-11-25,22,0,43,309,6.43,7.6,False,True,6.7,True,False
Z,2025-11-04,2025-11-04,2025-11-14,11,0,150,640,6.6,31.9,False,True,22.7,False,False
ZG,2025-11-04,2025-11-04,2025-11-14,11,0,150,636,6.47,31.4,False,True,23.2,False,False
DUOL,2025-11-05,2025-11-06,2025-11-10,6,1,126,337,2.8,32.6,False,True,45.0,False,False
NVO,2025-11-05,2025-11-06,2025-11-11,7,1,141,485,21.97,5.8,False,True,6.4,True,False
CRWV,2025-11-10,2025-11-11,2025-11-14,5,1,285,861,21.83,20.9,False,True,13.1,False,False
NBIS,2025-11-11,2025-11-11,2025-11-14,4,0,379,1286,89.43,5.2,False,True,4.2,True,False
BMNR,2025-11-17,2025-11-21,2025-12-10,24,4,35,329,8.27,4.8,False,True,4.2,True,False
AVGO,2025-11-24,2025-12-11,2025-12-17,24,17,600,2325,16.63,7.4,False,True,36.1,False,False
INTC,2025-11-28,2025-11-28,2025-12-04,7,0,150,650,37.9,5.1,False,True,4.0,True,False
SMX,2025-11-28,2025-12-05,2025-12-08,11,7,250,602,2.03,11.2,False,True,123.2,False,False
ADBE,2025-12-04,2025-12-10,2025-12-11,8,6,99,340,13.13,5.2,False,True,7.5,True,False
ASTS,2025-12-04,2025-12-04,2025-12-11,8,0,157,440,22.57,9.6,False,True,7.0,True,False
CVNA,2025-12-05,2025-12-08,2025-12-12,8,3,265,1055,11.3,13.0,False,True,23.5,False,False
NFLX,2025-12-05,2025-12-05,2025-12-10,6,0,1037,2952,42.63,41.3,False,True,24.3,False,False
WBD,2025-12-05,2025-12-05,2025-12-10,6,0,224,652,6.43,35.5,False,True,34.8,False,False
FLWS,2025-12-09,2025-12-09,2025-12-16,8,0,126,399,1.57,53.8,False,True,80.3,False,False
LULU,2025-12-10,2025-12-11,2025-12-12,3,1,187,317,8.83,4.7,False,True,21.2,False,False
ORCL,2025-12-10,2025-12-11,2025-12-17,8,1,1036,3274,58.77,19.8,False,True,17.6,False,False
RKLB,2025-12-11,2025-12-22,2025-12-26,16,11,357,1875,30.13,4.4,False,True,11.8,False,False
TLRY,2025-12-12,2025-12-12,2025-12-19,8,0,86,336,3.13,27.5,False,True,27.5,False,False
TSLA,2025-12-15,2025-12-16,2025-12-22,8,1,1402,5351,213.3,5.8,False,True,6.6,True,False
MU,2025-12-17,2025-12-17,2026-01-08,23,0,120,873,13.17,13.7,False,True,9.1,False,False
ASTS,2025-12-24,2026-01-16,2026-01-22,30,23,568,3661,41.8,4.7,False,True,13.6,False,False
SLS,2025-12-29,2026-01-05,2026-01-07,10,7,154,752,6.7,4.7,False,True,23.0,False,False
ONDS,2025-12-31,2026-01-08,2026-02-05,37,8,101,1473,19.03,5.1,False,True,5.3,True,False
PLTR,2026-01-02,2026-02-02,2026-02-05,35,31,532,3815,49.77,4.8,False,True,10.7,False,False
SNDK,2026-01-02,2026-01-30,2026-02-05,35,28,798,4951,3.47,12.1,False,True,230.0,False,False
TSM,2026-01-02,2026-01-15,2026-01-15,14,13,166,413,8.57,5.1,False,True,19.4,False,False
CVX,2026-01-03,2026-01-05,2026-01-05,3,2,268,597,3.8,51.4,False,True,70.5,False,False
NOEM,2026-01-03,2026-01-03,2026-06-06,155,0,37,1860,6.8,9.4,False,True,5.4,True,True
STRA,2026-01-03,2026-01-20,2026-02-05,34,17,45,814,12.23,5.5,False,True,3.7,True,False
UEC,2026-01-03,2026-01-26,2026-02-06,35,23,55,777,6.1,7.6,False,True,9.0,False,False
MTX,2026-01-04,2026-01-19,2026-02-05,33,15,64,901,7.23,7.3,False,True,8.9,False,False
OKLO,2026-01-05,2026-01-09,2026-01-11,7,4,165,529,13.93,9.0,False,True,11.8,False,False
RDW,2026-01-05,2026-01-27,2026-01-27,23,22,68,304,5.47,4.9,False,True,12.4,False,False
UUUU,2026-01-05,2026-01-28,2026-02-04,31,23,74,752,6.23,5.0,False,True,11.9,False,False
AAPL,2026-01-06,2026-01-29,2026-02-05,31,23,948,5855,68.87,4.9,False,True,13.8,False,False
AMD,2026-01-06,2026-02-04,2026-02-05,31,29,615,3064,34.57,5.4,False,True,17.8,False,False
SOFI,2026-01-06,2026-01-06,2026-01-16,11,0,93,350,13.03,12.0,False,True,7.1,True,False
APLD,2026-01-07,2026-01-07,2026-01-09,3,0,282,502,20.97,21.8,False,True,13.4,False,False
ICE,2026-01-07,2026-01-24,2026-01-29,23,17,252,2029,8.2,16.3,False,True,30.7,False,False
INTC,2026-01-07,2026-01-22,2026-01-23,17,15,939,3285,39.43,4.2,False,True,23.8,False,False
META,2026-01-12,2026-01-28,2026-01-29,18,16,543,2461,42.53,4.1,False,True,12.8,False,False
PYPL,2026-01-12,2026-02-03,2026-02-04,24,22,932,2304,10.8,4.4,False,True,86.3,False,False
ADBE,2026-01-13,2026-01-13,2026-01-21,9,0,64,346,8.23,6.8,False,True,7.8,True,False
JPM,2026-01-13,2026-01-13,2026-02-05,24,0,75,577,11.57,6.8,False,True,6.5,True,False
IBRX,2026-01-14,2026-01-16,2026-01-23,10,2,294,1153,1.53,17.0,False,True,192.2,False,False
POET,2026-01-14,2026-01-14,2026-01-23,10,0,67,339,15.8,4.1,False,True,4.2,True,False
NFLX,2026-01-20,2026-01-20,2026-01-23,4,0,786,1877,86.0,15.8,False,True,9.1,False,False
EXE,2026-01-21,2026-01-21,2026-02-08,19,0,37,362,11.5,6.7,False,True,3.2,True,False
MSFT,2026-01-21,2026-01-29,2026-02-12,23,8,1663,9808,63.73,6.5,False,True,26.1,False,False
BNAI,2026-01-23,2026-01-26,2026-01-30,8,3,111,332,3.0,5.4,False,True,37.0,False,False
GME,2026-01-26,2026-02-03,2026-02-10,16,8,812,7278,187.93,4.4,False,True,4.3,True,False
RDDT,2026-01-27,2026-02-06,2026-02-13,18,10,1541,16086,525.37,6.0,False,True,2.9,True,False
TSLA,2026-01-28,2026-01-29,2026-02-05,9,1,1279,5494,209.17,8.6,False,True,6.1,True,False
WDC,2026-01-28,2026-01-29,2026-02-04,8,1,134,470,5.47,6.0,False,True,24.5,False,False
BULL,2026-01-29,2026-01-29,2026-02-11,14,0,75,431,17.9,7.4,False,True,4.2,True,False
GTES,2026-01-29,2026-01-31,2026-02-06,9,2,88,435,4.5,7.8,False,True,19.6,False,False
ORCL,2026-01-29,2026-02-02,2026-02-09,12,4,200,941,25.3,4.8,False,True,7.9,True,False
APP,2026-01-30,2026-02-11,2026-02-12,14,12,135,417,5.07,6.6,False,True,26.6,False,False
UPC,2026-01-30,2026-02-05,2026-02-16,18,6,36,319,10.13,4.7,False,True,3.6,True,False
WEN,2026-01-30,2026-02-03,2026-03-12,42,4,51,942,8.57,5.2,False,True,6.0,True,False
MSTR,2026-01-31,2026-02-05,2026-02-06,7,5,876,2151,42.0,6.5,False,True,20.9,False,False
HOOD,2026-02-02,2026-02-10,2026-02-13,12,8,600,3723,101.77,6.2,False,True,5.9,True,False
SMCI,2026-02-02,2026-02-03,2026-02-04,3,1,327,478,12.6,4.2,False,True,26.0,False,False
CRM,2026-02-03,2026-02-25,2026-02-26,24,22,141,928,8.9,6.4,False,True,15.8,False,False
GOOG,2026-02-03,2026-02-04,2026-02-06,4,1,608,1244,46.7,4.2,False,True,13.0,False,False
WMT,2026-02-03,2026-02-19,2026-02-27,25,16,191,1548,21.27,9.9,False,True,9.0,False,False
AVGO,2026-02-04,2026-02-04,2026-02-06,3,0,160,308,25.0,7.3,False,True,6.4,True,False
GOOGL,2026-02-04,2026-02-04,2026-02-11,8,0,394,969,41.73,15.7,False,True,9.4,False,False
COIN,2026-02-05,2026-02-12,2026-02-13,9,7,204,601,10.77,6.5,False,True,18.9,False,False
HIMS,2026-02-05,2026-02-09,2026-02-10,6,4,245,662,10.27,10.4,False,True,23.9,False,False
DOW,2026-02-06,2026-02-12,2026-02-24,19,6,143,966,3.77,10.2,False,True,37.9,False,False
WBD,2026-02-17,2026-02-27,2026-02-27,11,10,139,385,8.87,4.3,False,True,15.7,False,False
NVO,2026-02-23,2026-02-23,2026-02-25,3,0,245,379,21.7,5.2,False,True,11.3,False,False
NVDA,2026-02-25,2026-02-25,2026-02-27,3,0,2492,5122,265.47,16.5,False,True,9.4,False,False
RBNE,2026-02-26,2026-03-02,2026-03-10,13,4,82,371,7.3,5.5,False,True,11.2,False,False
YCY,2026-02-28,2026-03-09,2026-03-12,13,9,187,618,9.83,7.8,False,True,19.0,False,False
EONR,2026-03-02,2026-03-09,2026-03-18,17,7,254,1403,1.43,24.8,False,True,177.6,False,False
LNG,2026-03-02,2026-03-19,2026-03-19,18,17,214,707,2.3,18.2,False,True,93.0,False,False
TPET,2026-03-02,2026-03-03,2026-03-12,11,1,71,406,0.13,53.9,False,True,71.0,False,False
MOBX,2026-03-03,2026-03-03,2026-03-10,8,0,162,537,2.77,16.3,False,True,58.5,False,False
NGS,2026-03-03,2026-03-19,2026-04-06,35,16,69,819,7.3,4.2,False,True,9.5,False,False
ORCL,2026-03-06,2026-03-10,2026-03-11,6,4,586,1271,34.6,4.7,False,True,16.9,False,False
TCBI,2026-03-06,2026-03-24,2026-04-07,33,18,73,757,13.27,4.5,False,True,5.5,True,False
WTI,2026-03-06,2026-04-02,2026-04-07,33,27,176,1500,8.23,8.1,False,True,21.4,False,False
STRA,2026-03-09,2026-03-09,2026-03-16,8,0,140,601,17.9,13.6,False,True,7.8,True,False
MU,2026-03-16,2026-03-18,2026-03-19,4,2,218,453,20.67,4.9,False,True,10.5,False,False
NBIS,2026-03-16,2026-03-16,2026-03-18,3,0,217,490,29.37,6.0,False,True,7.4,True,False
VCX,2026-03-19,2026-03-25,2026-03-27,9,6,136,388,1.63,11.7,False,True,83.4,False,False
ICE,2026-03-21,2026-03-21,2026-03-26,6,0,111,336,12.67,13.3,False,True,8.8,False,False
DJT,2026-03-23,2026-03-31,2026-04-21,30,8,52,715,12.67,4.9,False,True,4.1,True,False
GME,2026-03-24,2026-03-24,2026-03-31,8,0,340,1925,132.6,4.4,False,True,2.6,True,False
GLND,2026-03-26,2026-04-09,2026-04-17,23,14,76,619,0.43,12.5,False,True,76.0,False,False
INTC,2026-03-31,2026-04-24,2026-05-12,43,24,1281,10960,22.63,4.2,False,True,56.6,False,False
UEC,2026-03-31,2026-04-08,2026-04-17,18,8,226,991,22.27,4.7,False,True,10.1,False,False
TSLA,2026-04-02,2026-04-22,2026-04-23,22,20,1060,6021,107.77,5.8,False,True,9.8,False,False
PLTR,2026-04-08,2026-04-10,2026-04-13,6,2,629,1407,34.47,4.3,False,True,18.2,False,False
AMZN,2026-04-09,2026-04-29,2026-04-30,22,20,346,1582,25.73,4.6,False,True,13.4,False,False
CAR,2026-04-13,2026-04-23,2026-04-29,17,10,779,2948,2.63,5.8,False,True,296.2,False,False
ASTS,2026-04-14,2026-04-20,2026-04-20,7,6,481,1022,23.97,10.2,False,True,20.1,False,False
BULL,2026-04-14,2026-04-15,2026-05-08,25,1,78,596,13.77,4.2,False,True,5.7,True,False
HIMS,2026-04-15,2026-04-21,2026-04-23,9,6,57,300,8.67,4.7,False,True,6.6,True,False
HOOD,2026-04-15,2026-04-28,2026-04-30,16,13,499,2173,71.83,4.6,False,True,6.9,True,False
AMD,2026-04-16,2026-04-24,2026-04-27,12,8,677,2135,24.77,8.6,False,True,27.3,False,False
ADBE,2026-04-17,2026-04-21,2026-04-29,13,4,76,456,13.97,4.1,False,True,5.4,True,False
MSTR,2026-04-17,2026-04-20,2026-05-10,24,3,79,663,11.57,7.6,False,True,6.8,True,False
IPGP,2026-04-19,2026-04-19,2026-06-03,46,0,35,602,4.27,8.0,False,True,8.2,False,False
MRVL,2026-04-19,2026-04-27,2026-04-28,10,8,116,385,5.63,4.6,False,True,20.6,False,False
AAPL,2026-04-20,2026-04-30,2026-05-01,12,10,886,3195,74.77,10.3,False,True,11.8,False,False
POET,2026-04-20,2026-04-27,2026-04-28,9,7,915,1733,3.97,15.9,False,True,230.5,False,False
ON,2026-04-23,2026-05-11,2026-06-11,50,18,70,1631,8.7,4.4,False,True,8.0,False,False
NVDA,2026-04-24,2026-05-20,2026-06-02,40,26,2469,20471,138.27,7.0,False,True,17.9,False,False
NXPI,2026-04-24,2026-06-02,2026-06-09,47,39,55,1145,7.5,7.4,False,True,7.3,True,False
QCOM,2026-04-24,2026-04-29,2026-04-30,7,5,160,406,2.03,14.2,False,True,78.8,False,False
GOOGL,2026-04-27,2026-04-29,2026-05-06,10,2,224,783,18.73,5.5,False,True,12.0,False,False
SEGG,2026-04-28,2026-05-28,2026-05-29,32,30,85,805,10.57,4.7,False,True,8.0,False,False
GOOG,2026-04-29,2026-04-29,2026-05-05,7,0,314,849,24.7,22.9,False,True,12.7,False,False
NOK,2026-04-29,2026-05-13,2026-05-14,16,14,141,874,7.87,11.0,False,True,17.9,False,False
JPM,2026-04-30,2026-05-01,2026-05-02,3,1,177,311,11.8,6.7,False,True,15.0,False,False
SNDK,2026-04-30,2026-05-05,2026-05-15,16,5,627,5014,84.93,4.1,False,True,7.4,True,False
XRX,2026-04-30,2026-05-04,2026-05-05,6,4,185,519,0.9,39.4,False,True,185.0,False,False
EBAY,2026-05-01,2026-05-04,2026-05-13,13,3,124,636,0.1,37.9,False,True,124.0,False,False
GME,2026-05-01,2026-05-12,2026-05-15,15,11,2653,16695,152.07,7.3,False,True,17.4,False,False
SOUN,2026-05-01,2026-05-04,2026-05-08,8,3,231,1008,4.57,36.7,False,True,50.5,False,False
BRK,2026-05-02,2026-05-12,2026-05-18,17,10,45,385,9.5,4.1,False,True,4.7,True,False
CHWY,2026-05-04,2026-05-12,2026-05-13,10,8,60,322,1.87,19.2,False,True,32.1,False,False
AMD,2026-05-05,2026-05-05,2026-05-08,4,0,1176,2801,111.67,7.9,False,True,10.5,False,False
MU,2026-05-05,2026-05-27,2026-06-09,36,22,371,3728,20.77,8.6,False,True,17.9,False,False
SMCI,2026-05-05,2026-05-05,2026-05-08,4,0,170,364,9.73,16.5,False,True,17.5,False,False
IREN,2026-05-06,2026-05-07,2026-05-08,3,1,252,390,8.1,8.8,False,True,31.1,False,False
RKLB,2026-05-07,2026-05-08,2026-05-14,8,1,460,1613,35.17,6.4,False,True,13.1,False,False
CSCO,2026-05-09,2026-05-13,2026-05-15,7,4,256,633,4.63,6.6,False,True,55.3,False,False
CBRS,2026-05-11,2026-05-14,2026-05-14,4,3,365,470,0.0,32.0,False,True,365.0,False,False
RDDT,2026-05-12,2026-05-12,2026-06-04,24,0,1757,22424,656.43,4.7,False,True,2.7,True,False
NBIS,2026-05-13,2026-05-13,2026-05-15,3,0,355,637,41.9,10.0,False,True,8.5,False,False
SLS,2026-05-13,2026-05-20,2026-06-01,20,7,76,415,4.87,6.2,False,True,15.6,False,False
OTAI,2026-05-15,2026-06-12,2026-06-17,34,28,238,2153,1.97,21.7,False,True,120.8,False,False
CXAI,2026-05-20,2026-06-04,2026-06-09,21,15,109,503,0.7,12.9,False,True,109.0,False,False
INTU,2026-05-20,2026-05-20,2026-05-22,3,0,175,328,2.2,82.6,False,True,79.5,False,False
QUBT,2026-05-21,2026-05-21,2026-06-04,15,0,64,360,7.03,10.6,False,True,9.1,False,False
UEC,2026-05-21,2026-05-21,2026-05-29,9,0,107,439,11.37,16.1,False,True,9.4,False,False
BB,2026-05-22,2026-05-26,2026-06-04,14,4,59,438,7.63,8.9,False,True,7.7,True,False
DELL,2026-05-22,2026-05-28,2026-06-01,11,6,393,965,5.5,5.7,False,True,71.5,False,False
RDW,2026-05-22,2026-05-27,2026-06-12,22,5,97,596,6.3,4.4,False,True,15.4,False,False
CRSR,2026-05-26,2026-05-28,2026-05-29,4,2,789,1385,1.13,20.9,False,True,698.2,False,False
LUNR,2026-05-26,2026-05-26,2026-05-29,4,0,348,697,19.1,16.5,False,True,18.2,False,False
LFVN,2026-05-27,2026-06-05,2026-06-17,22,9,73,769,4.17,6.0,False,True,17.5,False,False
MRVL,2026-05-27,2026-06-03,2026-06-05,10,7,1021,2946,17.87,8.0,False,True,57.1,False,False
HPE,2026-05-28,2026-06-01,2026-06-02,6,4,713,1217,3.37,11.7,False,True,211.6,False,False
HUBC,2026-05-28,2026-05-29,2026-06-03,7,1,146,445,0.7,43.5,False,True,146.0,False,False
ONDS,2026-05-28,2026-05-28,2026-06-03,7,0,147,326,12.73,8.4,False,True,11.5,False,False
SKYX,2026-05-28,2026-05-28,2026-06-12,16,0,47,373,21.53,4.4,False,True,2.2,True,False
SPCE,2026-05-28,2026-06-01,2026-06-02,6,4,3594,8191,4.57,14.9,False,True,786.4,False,False
ASTS,2026-05-29,2026-05-29,2026-06-02,5,0,658,1374,122.83,4.5,False,True,5.4,True,False
AVGO,2026-05-29,2026-06-03,2026-06-05,8,5,1404,3458,18.13,6.5,False,True,77.4,False,False
CRWD,2026-05-29,2026-06-03,2026-06-04,7,5,130,322,6.37,4.5,False,True,20.4,False,False
IBM,2026-05-29,2026-06-01,2026-06-03,6,3,218,601,16.4,5.4,False,True,13.3,False,False
ORCL,2026-05-29,2026-06-10,2026-06-11,14,12,834,1872,25.43,4.9,False,True,32.8,False,False
WMT,2026-05-30,2026-05-31,2026-06-05,7,1,197,594,24.13,4.1,False,True,8.2,False,False
GOOG,2026-06-01,2026-06-01,2026-06-04,4,0,187,580,42.97,7.6,False,True,4.4,True,False
GOOGL,2026-06-01,2026-06-02,2026-06-04,4,1,127,405,34.13,4.8,False,True,3.7,True,False
MSTR,2026-06-02,2026-06-04,2026-06-08,7,2,170,664,21.2,7.5,False,True,8.0,False,False
ADBE,2026-06-11,2026-06-11,2026-06-14,4,0,488,907,24.73,31.1,False,True,19.7,False,False
HOOD,2026-06-12,2026-06-12,2026-06-17,6,0,722,1348,110.1,11.4,False,True,6.6,True,False
TSLA,2026-06-12,2026-06-12,2026-06-17,6,0,941,2935,215.43,10.1,False,True,4.4,True,False
NFLX,2026-06-16,2026-06-22,2026-06-30,15,6,217,1378,37.5,5.3,True,True,5.8,True,False
WDC,2026-06-16,2026-06-18,2026-06-30,15,2,92,500,5.0,11.9,True,True,18.4,False,False
INTC,2026-06-18,2026-06-18,2026-06-22,5,0,289,791,86.7,5.1,False,True,3.3,True,False
MSFT,2026-06-18,2026-06-25,2026-06-30,13,7,1426,7910,366.1,4.0,True,True,3.9,True,False
GOOG,2026-06-22,2026-06-22,2026-06-25,4,0,239,501,50.2,4.2,False,True,4.8,True,False
GOOGL,2026-06-22,2026-06-22,2026-06-30,9,0,211,653,38.53,5.4,True,True,5.5,True,False
WEN,2026-06-24,2026-06-24,2026-06-30,7,0,2819,6537,23.87,228.6,True,True,118.1,False,False
SLS,2026-06-25,2026-06-29,2026-06-30,6,4,130,401,10.27,6.5,True,True,12.7,False,False
