ticker,fecha_inicio,fecha_pico,fecha_fin,duracion_dias,menciones_evento,amplitud,regimen_lento,ret_encendido_pico,ret_pico_fin,ret_max_evento,vol_ratio_evento,desfase_precio_dias,desfase_volumen_dias
MSFT,2020-01-17,2020-02-11,2020-02-21,36,24283,34.3,False,0.1099,-0.0317,0.1356,1.52,-1,13
NFLX,2020-01-21,2020-01-21,2020-01-28,8,1276,8.8,False,-0.0046,0.0308,0.0397,2.68,3,1
SPCE,2020-01-22,2020-01-22,2020-01-29,8,3396,12.0,False,0.1399,-0.1085,0.1399,2.61,0,0
DEAC,2020-01-23,2020-01-28,2020-01-31,9,624,72.3,False,0.0568,-0.0365,0.0568,1.1,0,0
AAPL,2020-01-28,2020-01-28,2020-02-03,7,3427,4.7,False,0.0283,-0.0284,0.0526,1.34,9,1
SBUX,2020-01-28,2020-01-28,2020-01-31,4,361,6.1,False,-0.0015,-0.0426,0.0566,1.95,-5,1
PENN,2020-01-29,2020-01-29,2020-02-26,29,402,35.0,False,0.1072,0.0221,0.4605,3.46,15,0
PYPL,2020-01-29,2020-01-29,2020-02-28,31,432,4.0,False,0.0012,-0.0743,0.0634,1.14,21,30
DIS,2020-01-31,2020-02-04,2020-02-05,6,1349,21.8,False,0.0502,-0.0232,0.0502,2.06,0,1
GOOG,2020-01-31,2020-02-03,2020-02-04,5,357,12.6,False,0.0207,-0.0262,0.0207,2.01,0,1
GOOGL,2020-01-31,2020-02-03,2020-02-11,12,578,12.8,False,0.0195,0.0185,0.0443,1.54,11,1
TSLA,2020-02-03,2020-02-04,2020-02-06,4,16803,9.8,False,0.3635,-0.1557,0.3635,2.45,0,0
AMTD,2020-02-04,2020-03-02,2020-03-19,45,2156,16.8,False,-0.0835,-0.2775,0.0705,1.36,-11,-4
PTON,2020-02-05,2020-02-05,2020-02-07,3,407,7.8,False,-0.023,-0.148,0.0,2.0,-1,1
ACB,2020-02-06,2020-02-06,2020-02-14,9,742,6.4,False,-0.056,-0.2105,0.0094,1.2,-2,8
NOK,2020-02-06,2020-02-07,2020-02-19,14,1003,18.8,False,0.0844,-0.0389,0.0943,1.96,4,0
TWTR,2020-02-06,2020-02-06,2020-02-13,8,1446,4.6,False,0.1503,-0.0325,0.1503,2.59,0,0
UBER,2020-02-06,2020-02-06,2020-02-11,6,347,17.8,False,0.0076,0.1127,0.1212,2.41,5,1
SHOP,2020-02-07,2020-02-12,2020-02-13,7,825,21.6,False,0.1232,0.0032,0.1341,2.14,6,0
GTES,2020-02-10,2020-02-12,2020-02-20,11,400,9.8,False,0.0304,-0.025,0.0624,1.23,-7,-7
NVDA,2020-02-10,2020-02-13,2020-02-28,19,2563,15.5,False,0.0763,-0.0026,0.2508,2.69,6,15
ENPH,2020-02-12,2020-02-19,2020-02-21,10,394,25.7,False,0.4428,0.0327,0.4899,2.41,2,0
SPCE,2020-02-12,2020-02-18,2020-02-27,16,17287,11.2,False,0.381,-0.2749,0.7024,4.65,1,2
ROKU,2020-02-13,2020-02-14,2020-02-19,7,546,11.8,False,-0.0581,-0.0283,0.0055,3.01,-1,0
INO,2020-02-14,2020-03-09,2020-03-12,28,3041,58.4,False,1.5466,-0.0336,2.6503,5.27,-3,-3
WMT,2020-02-14,2020-02-18,2020-02-18,5,360,5.0,False,0.0186,0.0,0.0186,1.74,0,0
AMD,2020-02-18,2020-02-20,2020-02-28,11,6162,6.5,False,0.0354,-0.2059,0.0649,1.48,-1,12
GRPN,2020-02-18,2020-02-19,2020-02-20,3,320,69.2,False,-0.3993,0.0,0.0777,10.84,-1,0
ALLY,2020-02-19,2020-02-20,2020-02-21,3,1322,830.0,False,-0.0821,-0.0316,0.0256,3.13,-6,-1
CRM,2020-02-20,2020-02-25,2020-02-26,7,324,19.1,False,-0.0601,-0.0132,0.0025,2.09,-5,1
AMRN,2020-02-21,2020-02-25,2020-02-26,6,471,79.7,False,-0.0207,-0.0703,0.0179,1.88,-7,1
BRK,2020-02-21,2020-02-21,2020-03-02,11,527,9.5,False,0.0039,-0.0552,0.0055,2.21,-2,3
GOLD,2020-02-21,2020-02-24,2020-03-03,12,401,22.3,False,0.0607,-0.064,0.0607,2.0,0,4
LULU,2020-02-21,2020-03-19,2020-03-26,35,637,15.1,False,-0.4127,0.2967,0.0,2.6,-28,1
WEN,2020-02-21,2020-02-21,2020-03-29,38,584,5.7,False,0.0146,-0.4123,0.0146,3.25,0,26
DOW,2020-02-24,2020-03-12,2020-04-18,55,4440,16.7,False,-0.5099,0.4119,0.0095,2.14,-21,5
GILD,2020-02-24,2020-02-27,2020-03-23,29,1955,15.0,False,0.0425,-0.0007,0.1509,2.08,8,0
MRNA,2020-02-24,2020-02-27,2020-02-28,5,911,76.2,False,0.435,-0.0088,0.6391,8.49,4,-1
AAL,2020-02-25,2020-03-16,2020-03-19,24,4722,159.2,False,-0.3745,-0.3536,0.1202,4.51,-25,8
APT,2020-02-25,2020-02-28,2020-02-29,5,975,38.1,False,1.9412,0.0,2.5364,7.87,-1,-1
RCL,2020-02-25,2020-03-10,2020-03-16,21,2312,60.0,False,-0.4652,-0.4206,0.1365,5.05,-19,0
VBIV,2020-02-25,2020-02-28,2020-04-29,65,2587,10.7,False,-0.1549,0.075,0.1197,2.19,52,52
CODX,2020-02-26,2020-02-27,2020-02-29,4,324,45.2,False,2.6987,-0.1711,3.1275,4.99,4,-1
CUK,2020-02-26,2020-04-02,2020-04-20,55,2029,17.2,False,-0.7778,0.4813,0.1623,4.97,-41,0
DAL,2020-02-26,2020-02-27,2020-03-19,23,2919,72.6,False,-0.0531,-0.5536,0.1372,4.16,-6,26
MGM,2020-02-26,2020-03-10,2020-03-26,30,2915,64.6,False,-0.2546,-0.3531,0.1255,4.17,-18,10
UAL,2020-02-26,2020-02-27,2020-03-06,10,1076,123.6,False,-0.0798,-0.1977,0.1054,2.36,-6,8
ACIU,2020-02-27,2020-03-14,2020-04-29,63,3194,8.0,False,-0.3611,0.5739,0.0807,0.82,41,24
CLX,2020-02-27,2020-02-28,2020-03-19,22,465,9.9,False,-0.0512,0.203,0.1776,3.02,18,18
CZR,2020-02-27,2020-03-17,2020-03-20,23,1345,183.0,False,-0.6062,0.0686,0.0826,3.76,-22,-18
IBIO,2020-02-27,2020-02-28,2020-03-10,13,607,26.1,False,6.3353,-0.4163,6.3353,4.48,0,0
ICBK,2020-02-27,2020-02-29,2020-04-11,45,1474,26.7,False,-0.0613,-0.2411,0.0244,3.15,-5,9
JBLU,2020-02-27,2020-02-28,2020-03-16,19,398,55.0,False,-0.0783,-0.3276,0.132,3.4,-4,17
LUV,2020-02-27,2020-03-06,2020-03-24,27,871,27.9,False,-0.0648,-0.1765,0.1065,2.68,-11,13
MAR,2020-02-27,2020-03-18,2020-04-17,51,1125,20.5,False,-0.4691,0.3205,0.1218,4.23,-23,0
NFLX,2020-02-27,2020-04-21,2020-04-22,56,8533,37.6,False,0.1439,-0.0286,0.158,1.81,-5,0
PXD,2020-02-27,2020-07-06,2020-08-19,175,6773,6.1,True,-0.2133,0.0613,0.0835,1.68,-133,-119
WYNN,2020-02-27,2020-03-23,2020-03-26,29,881,9.4,False,-0.4802,0.2421,0.0851,2.44,-28,-3
WASH,2020-02-29,2020-02-29,2020-03-03,4,616,32.2,False,,,0.1139,1.12,-5,-1
LVS,2020-03-01,2020-03-16,2020-03-26,26,1866,35.4,False,-0.3073,0.1973,0.0317,1.85,-20,2
COST,2020-03-02,2020-03-05,2020-03-06,5,360,21.2,False,0.1231,-0.014,0.1409,2.58,-1,-3
GCP,2020-03-02,2020-04-16,2020-05-06,66,1511,10.5,False,-0.1341,0.0154,0.0827,1.28,-43,-43
IBKR,2020-03-02,2020-03-31,2020-04-08,38,821,5.0,False,-0.1552,0.047,0.0613,1.49,-29,-25
OPK,2020-03-05,2020-03-06,2020-03-13,9,1228,335.0,False,0.3976,-0.181,0.3976,13.04,0,7
SIX,2020-03-05,2020-03-13,2020-03-19,15,1142,35.9,False,-0.2826,-0.3264,0.0666,1.88,-11,0
BAC,2020-03-06,2020-03-11,2020-03-24,19,1816,33.6,False,-0.1535,-0.0723,0.0967,1.94,-9,12
DB,2020-03-06,2020-03-12,2020-03-20,15,317,13.7,False,-0.2865,0.0416,0.1084,1.35,-10,-1
JPM,2020-03-06,2020-04-14,2020-04-14,40,2029,115.9,False,-0.1621,0.0,0.0662,2.07,-43,-33
LYV,2020-03-06,2020-03-12,2020-03-23,18,1087,65.9,False,-0.3472,0.0312,0.0779,2.74,-8,0
SEAS,2020-03-06,2020-03-06,2020-03-30,25,570,38.7,False,-0.0247,-0.4496,0.2335,2.41,-4,19
BOH,2020-03-07,2020-03-29,2020-03-30,24,343,8.4,False,-0.2453,0.0196,0.1077,2.03,-27,-4
HAL,2020-03-08,2020-04-20,2020-04-29,53,872,83.0,False,-0.4162,0.4443,0.2204,2.48,-48,-42
XOM,2020-03-08,2020-03-09,2020-03-18,11,674,11.5,False,-0.1222,-0.2088,0.0992,2.04,-5,4
DIS,2020-03-09,2020-03-12,2020-03-19,11,6908,22.6,False,-0.2035,0.034,0.0339,1.99,-8,6
TCBI,2020-03-09,2020-05-10,2020-05-18,71,3640,19.3,False,-0.3404,0.004,0.1311,2.24,-67,-19
AYTU,2020-03-10,2020-04-27,2020-04-28,50,1185,85.0,False,4.8046,-0.1287,4.8908,45.44,-48,-48
BA,2020-03-11,2020-03-17,2020-05-03,54,12085,17.6,False,-0.4626,0.0744,0.1356,5.3,-11,8
GME,2020-03-11,2020-04-14,2020-04-20,41,3593,40.9,False,0.4066,-0.0571,0.4066,1.6,0,0
WWE,2020-03-11,2020-03-12,2020-03-18,8,1666,92.9,False,-0.2139,0.0482,0.0367,1.17,-6,1
PUMP,2020-03-12,2020-03-20,2020-03-20,9,875,10.1,False,-0.4894,0.0,0.0718,2.81,-11,-4
Z,2020-03-12,2020-03-12,2020-03-25,14,1035,15.3,False,-0.1436,0.1227,0.094,1.45,-2,6
ZG,2020-03-12,2020-03-23,2020-03-25,14,879,15.7,False,-0.2723,0.2568,0.1034,1.75,-13,-5
GOOG,2020-03-13,2020-04-28,2020-04-29,48,1735,33.0,False,0.1065,0.0874,0.2097,1.22,2,-43
GTES,2020-03-13,2020-03-13,2020-03-19,7,399,6.7,False,-0.0062,-0.1055,0.1785,1.57,-3,7
NCLH,2020-03-13,2020-03-16,2020-04-05,24,654,8.0,False,0.1337,-0.2267,1.1244,3.83,-6,22
STRA,2020-03-13,2020-04-20,2020-04-22,41,684,11.1,False,0.0337,-0.0035,0.1149,1.28,-38,-34
VERY,2020-03-13,2020-03-13,2020-04-06,25,566,4.8,False,-0.0896,-0.2483,0.1961,1.83,-4,7
WMT,2020-03-13,2020-03-13,2020-03-26,14,1868,5.8,False,0.0966,-0.0375,0.1781,1.7,5,5
GS,2020-03-15,2020-03-15,2020-03-25,11,399,5.6,False,,,0.0405,1.51,-5,3
APRN,2020-03-17,2020-03-19,2020-03-19,3,1336,140.7,False,2.7539,0.0,3.2539,18.87,-1,-1
LYFT,2020-03-17,2020-03-20,2020-03-25,9,1001,52.6,False,0.1124,0.3141,0.5659,1.41,6,-1
MCD,2020-03-17,2020-03-17,2020-03-26,10,499,3.6,False,-0.0093,0.1337,0.1887,2.01,-4,0
ROAD,2020-03-17,2020-04-10,2020-05-13,58,1526,7.8,False,0.3373,-0.2385,0.4759,0.9,19,-24
HLT,2020-03-18,2020-03-19,2020-03-26,9,311,16.2,False,-0.1049,0.2614,0.2129,1.8,-6,-1
SBUX,2020-03-18,2020-03-19,2020-04-09,23,2098,5.3,False,0.0412,0.2031,0.2526,1.41,21,-1
ULTA,2020-03-18,2020-03-20,2020-03-25,8,1216,121.0,False,-0.0423,0.296,0.3393,1.86,-7,0
UBER,2020-03-19,2020-03-19,2020-03-24,6,982,14.9,False,0.3826,0.2879,0.8974,1.54,7,0
PENN,2020-03-20,2020-03-20,2020-03-30,11,310,6.7,False,0.2956,0.4778,1.3908,2.81,5,0
ZM,2020-03-23,2020-03-23,2020-05-01,40,524,7.0,False,0.2222,-0.1316,0.2952,1.18,31,32
MFA,2020-03-25,2020-03-25,2020-04-18,25,500,31.7,False,2.1667,0.5614,9.0,7.16,-5,1
CHWY,2020-03-28,2020-04-02,2020-04-03,7,365,25.5,False,-0.0304,-0.0482,0.0509,1.58,-3,6
MRO,2020-03-30,2020-04-09,2020-04-30,32,871,11.7,False,0.1705,0.4854,0.7386,1.18,21,0
LK,2020-04-02,2020-04-02,2020-04-06,5,435,96.2,False,-0.7557,-0.3141,0.0378,14.16,-2,0
NRZ,2020-04-03,2020-04-05,2020-04-10,8,312,4.9,False,-0.2183,0.7267,0.4014,1.79,-6,-2
WTI,2020-04-09,2020-04-20,2020-04-21,13,1558,28.5,False,-0.0142,0.0096,0.2736,1.29,3,3
AMC,2020-04-11,2020-04-17,2020-04-21,11,950,8.0,False,0.2308,0.0156,0.2692,1.87,-9,0
AMZN,2020-04-13,2020-04-30,2020-05-01,19,6667,23.0,False,0.2111,-0.076,0.2111,1.04,0,-14
WFC,2020-04-13,2020-04-14,2020-04-16,4,445,13.0,False,-0.091,-0.109,0.0,1.03,-5,0
AMD,2020-04-14,2020-04-28,2020-05-01,18,8310,9.0,False,0.0897,-0.1014,0.1184,0.94,-8,-7
BAC,2020-04-14,2020-04-14,2020-04-17,4,706,6.2,False,-0.0079,-0.019,0.0393,0.83,-5,-5
MA,2020-04-14,2020-04-30,2020-05-07,24,322,5.0,False,0.0442,0.0127,0.0773,0.66,-1,-14
SPCE,2020-04-14,2020-04-14,2020-04-16,3,1676,9.7,False,0.2309,-0.0384,0.2924,2.25,1,0
TSLA,2020-04-14,2020-05-01,2020-05-14,31,38173,5.8,False,0.0774,0.1455,0.2588,0.94,7,0
ATVI,2020-04-15,2020-05-05,2020-05-06,22,2817,106.6,False,0.083,0.0633,0.1925,0.87,6,1
CHK,2020-04-15,2020-04-30,2020-05-01,17,559,11.1,False,-0.3331,-0.144,0.5221,7.95,-6,-6
INTC,2020-04-15,2020-04-23,2020-04-24,10,1749,29.2,False,-0.0267,0.0037,0.0188,0.76,6,1
ROKU,2020-04-15,2020-04-16,2020-04-21,7,625,20.1,False,0.2015,-0.0347,0.2207,1.88,4,0
BABA,2020-04-16,2020-05-22,2020-05-29,44,6798,43.9,False,-0.0407,0.0385,0.0502,1.33,12,0
GILD,2020-04-16,2020-04-17,2020-04-23,8,3723,46.6,False,0.1254,-0.0739,0.1254,2.0,0,0
GOOGL,2020-04-16,2020-04-28,2020-04-29,14,642,12.8,False,-0.0197,0.0889,0.0711,0.83,2,1
MSFT,2020-04-16,2020-04-29,2020-05-08,23,10625,4.9,False,0.0323,0.0409,0.0865,0.61,12,-8
NOK,2020-04-16,2020-04-16,2020-04-30,15,331,5.2,False,0.0712,0.0347,0.1146,0.99,15,0
NVDA,2020-04-16,2020-04-16,2020-04-27,12,736,3.3,False,0.0494,0.0081,0.0627,0.76,13,0
WORK,2020-04-16,2020-04-16,2020-04-24,9,420,3.3,False,0.0482,-0.113,0.0482,1.09,0,0
AAPL,2020-04-17,2020-04-30,2020-05-01,15,6678,7.2,False,0.0248,-0.0161,0.0486,0.71,6,1
DEAC,2020-04-17,2020-04-23,2020-04-23,7,437,59.7,False,0.0895,0.0,0.092,1.27,-3,-6
MRNA,2020-04-17,2020-04-17,2020-04-27,11,347,7.2,False,0.1539,0.0256,0.2732,1.76,3,4
SHOP,2020-04-17,2020-04-21,2020-04-24,8,1603,15.7,False,0.1113,0.0995,0.2218,2.04,3,0
DPZ,2020-04-18,2020-04-22,2020-04-23,6,1169,108.9,False,0.0572,-0.0368,0.0572,1.31,0,1
DHT,2020-04-20,2020-05-05,2020-05-07,18,1346,66.3,False,-0.0989,-0.0307,0.1161,1.33,-14,-8
EURN,2020-04-20,2020-05-07,2020-05-12,23,1854,108.1,False,-0.0617,-0.0469,0.1356,1.45,-10,-17
FRO,2020-04-20,2020-04-28,2020-05-05,16,670,29.1,False,0.0906,-0.2225,0.1406,1.59,-6,-1
NAT,2020-04-20,2020-04-28,2020-04-30,11,3894,651.3,False,0.8213,-0.1798,0.8213,7.73,0,0
PINS,2020-04-20,2020-05-05,2020-05-06,17,609,94.4,False,0.1926,-0.1485,0.2281,1.51,-1,1
SNAP,2020-04-20,2020-04-22,2020-04-23,4,2900,70.8,False,0.3105,-0.0558,0.3105,3.25,0,0
STNG,2020-04-20,2020-05-05,2020-05-11,22,1535,99.1,False,0.0765,-0.1694,0.3495,2.42,-8,-14
XOM,2020-04-20,2020-04-20,2020-04-23,4,765,5.7,False,-0.0472,0.0551,0.0405,0.81,8,1
BYND,2020-04-21,2020-04-27,2020-04-28,8,832,16.6,False,0.2592,-0.0011,0.3749,3.36,-3,-3
DFS,2020-04-22,2020-04-23,2020-05-01,10,334,4.3,False,0.0152,0.1881,0.3385,1.04,6,0
INO,2020-04-22,2020-04-24,2020-04-29,8,733,19.4,False,0.4737,-0.0583,0.4737,4.22,0,0
PFE,2020-04-23,2020-04-28,2020-04-29,7,387,23.6,False,0.0458,0.0055,0.0582,0.85,2,0
CLX,2020-04-24,2020-04-24,2020-05-01,8,310,15.6,False,0.0038,0.0108,0.0714,1.09,11,7
UPS,2020-04-24,2020-04-28,2020-04-30,7,323,15.3,False,-0.0304,-0.0184,0.0312,1.39,-1,0
HOG,2020-04-27,2020-04-28,2020-04-29,3,670,37.5,False,0.1687,0.1164,0.3048,2.39,1,0
UAVS,2020-04-27,2020-04-30,2020-05-05,9,1615,349.2,False,1.1018,-0.1034,2.3338,8.31,-1,0
VISL,2020-04-27,2020-04-30,2020-05-05,9,341,44.6,False,0.7,-0.0882,0.7,5.27,-1,0
ENPH,2020-04-28,2020-05-05,2020-05-28,31,822,8.5,False,0.1924,0.2576,0.8017,1.63,14,-5
HTZ,2020-04-29,2020-05-04,2020-05-07,9,566,26.0,False,-0.282,-0.1504,0.0,2.03,-6,-5
NCLH,2020-04-29,2020-05-05,2020-05-14,16,655,11.4,False,-0.1459,-0.0376,0.2536,2.27,-6,0
BOCH,2020-04-30,2020-05-19,2020-05-27,28,836,4.6,False,-0.142,0.194,0.0245,0.72,8,-6
CBSH,2020-04-30,2020-05-19,2020-05-27,28,836,4.6,False,-0.0928,0.1388,0.0331,0.92,8,-4
HTBK,2020-04-30,2020-05-19,2020-05-27,28,836,4.6,False,-0.2297,0.2247,0.0,0.64,-20,-7
MARK,2020-04-30,2020-05-12,2020-06-10,42,2390,30.4,False,3.3418,0.3457,6.8522,6.13,15,0
SPSC,2020-04-30,2020-05-19,2020-05-27,28,836,4.6,False,0.1018,0.1396,0.2692,0.89,13,-4
TTI,2020-04-30,2020-04-30,2020-05-05,6,442,152.0,False,0.4872,0.1209,0.667,4.51,5,0
GRUB,2020-05-01,2020-05-12,2020-05-13,13,1062,49.5,False,0.2637,-0.0373,0.2637,3.14,0,0
MVIS,2020-05-01,2020-05-05,2020-05-12,12,3262,437.6,False,2.7153,-0.2923,2.7153,12.59,0,0
BRK,2020-05-02,2020-05-03,2020-05-18,17,910,4.4,False,,,0.0393,0.7,-4,-4
CHGG,2020-05-02,2020-05-05,2020-05-07,6,1193,76.2,False,0.3673,0.0254,0.4903,8.89,3,0
LUV,2020-05-04,2020-05-04,2020-05-06,3,408,4.3,False,-0.0571,-0.0954,0.0691,1.61,-4,-5
W,2020-05-04,2020-05-05,2020-05-08,5,868,35.8,False,0.3541,0.1337,0.5532,1.65,6,0
BYND,2020-05-05,2020-05-06,2020-05-12,8,1426,9.2,False,0.3263,0.0849,0.4389,3.29,6,0
DIS,2020-05-05,2020-05-20,2020-06-04,31,8641,7.9,False,0.1622,0.0314,0.2336,1.18,19,-14
HEAR,2020-05-05,2020-05-07,2020-05-08,4,552,63.1,False,0.1536,-0.1819,0.1536,2.3,0,1
IZEA,2020-05-05,2020-05-06,2020-05-18,14,1455,317.0,False,0.3709,0.1525,0.8571,3.57,8,0
PTON,2020-05-05,2020-05-06,2020-05-07,3,1551,40.6,False,0.1218,0.1601,0.3619,4.1,6,1
PYPL,2020-05-05,2020-05-07,2020-05-07,3,1029,21.6,False,0.183,0.0,0.183,2.09,0,0
RTTR,2020-05-05,2020-05-05,2020-05-20,16,640,88.0,False,0.8768,-0.2922,1.1173,5.67,7,0
ZNGA,2020-05-05,2020-05-06,2020-05-07,3,510,59.0,False,0.0643,-0.039,0.0643,1.55,0,1
CSOD,2020-05-06,2020-05-08,2020-05-12,7,1802,135.7,False,0.097,-0.0411,0.097,1.11,0,4
DBX,2020-05-06,2020-05-07,2020-05-08,3,925,258.2,False,0.0926,-0.0005,0.145,2.69,4,0
FSLY,2020-05-06,2020-05-07,2020-05-12,7,394,51.1,False,0.4767,0.1048,0.737,4.21,8,0
GNUS,2020-05-06,2020-06-04,2020-06-08,34,7149,1541.0,False,20.764,-0.2493,24.1586,79.19,-1,-1
KTOV,2020-05-06,2020-05-08,2020-05-29,24,1970,192.0,False,0.0451,0.0372,0.3544,3.51,12,0
NET,2020-05-06,2020-05-07,2020-05-08,3,377,76.6,False,0.2044,-0.1104,0.2044,2.39,0,1
SDC,2020-05-06,2020-05-12,2020-05-13,8,1700,92.0,False,0.1985,-0.0457,0.3615,1.67,-1,0
TWLO,2020-05-06,2020-05-07,2020-05-08,3,565,192.5,False,0.466,0.0515,0.6324,7.36,5,0
UBER,2020-05-06,2020-05-07,2020-05-12,7,522,18.2,False,0.1019,0.0475,0.1763,2.02,6,5
CSCO,2020-05-07,2020-05-11,2020-05-13,7,4227,102.2,False,0.0527,-0.0316,0.095,1.22,7,3
DDOG,2020-05-07,2020-05-11,2020-05-14,8,616,149.6,False,0.1961,0.1706,0.5047,4.65,8,1
LOGI,2020-05-07,2020-05-11,2020-05-12,6,1117,189.3,False,0.0359,0.0149,0.0787,4.94,2,1
PENN,2020-05-07,2020-05-28,2020-06-09,34,1707,13.3,False,1.0044,0.029,1.3719,2.38,7,-7
RIOT,2020-05-07,2020-05-08,2020-05-14,8,369,63.9,False,0.4567,0.2324,0.7953,5.94,6,6
VTIQ,2020-05-07,2020-05-13,2020-05-14,8,3019,523.7,False,1.2989,-0.1488,1.2989,16.0,0,0
ZOM,2020-05-07,2020-05-08,2020-05-11,5,314,34.7,False,0.177,0.0477,0.3541,3.91,-1,-1
BIOC,2020-05-08,2020-05-11,2020-05-13,6,317,32.5,False,0.0695,0.0448,0.1204,0.76,1,2
BOX,2020-05-08,2020-05-27,2020-05-28,21,934,186.0,False,0.1649,-0.0076,0.1851,1.78,2,1
CRM,2020-05-08,2020-05-12,2020-05-28,21,2406,45.8,False,0.045,0.0201,0.0752,1.12,-1,17
DOCU,2020-05-08,2020-06-04,2020-06-05,29,1809,54.6,False,0.19,-0.003,0.2579,1.68,6,-6
FET,2020-05-08,2020-05-08,2020-05-13,6,437,129.0,False,0.1987,-0.1171,0.3767,0.78,3,3
HD,2020-05-08,2020-05-18,2020-05-20,13,724,6.8,False,0.0693,-0.0292,0.0693,1.48,0,-3
TGT,2020-05-08,2020-05-19,2020-05-20,13,783,33.1,False,0.0865,-0.0287,0.1044,1.22,-1,1
WMT,2020-05-08,2020-05-19,2020-05-20,13,3381,9.1,False,0.0251,0.004,0.0473,1.23,-1,0
ICBK,2020-05-09,2020-05-12,2020-05-13,5,523,13.4,False,-0.0246,-0.1188,0.0183,1.93,6,1
ACB,2020-05-11,2020-05-18,2020-05-22,12,1411,18.3,False,1.1218,-0.0637,1.159,20.24,3,-3
AMC,2020-05-11,2020-05-11,2020-05-13,3,855,9.0,False,0.2976,-0.1353,0.2976,4.52,0,0
NVAX,2020-05-11,2020-05-12,2020-05-18,8,589,56.8,False,1.126,0.4304,2.0411,4.83,6,0
TTNP,2020-05-11,2020-05-15,2020-05-15,5,306,80.0,False,-0.0984,0.0,0.1311,1.65,-3,-8
VEL,2020-05-11,2020-05-11,2020-06-04,25,398,5.0,False,0.0329,0.621,1.0822,1.56,25,-3
DKNG,2020-05-12,2020-05-12,2020-05-20,9,3210,10.4,False,0.0752,0.1289,0.2138,2.01,8,3
JCP,2020-05-13,2020-05-18,2020-05-18,6,737,13.4,False,-0.0855,0.0,0.188,7.62,-3,-3
VBIV,2020-05-14,2020-05-19,2020-05-26,13,1353,7.2,False,0.3966,-0.08,0.3966,1.47,0,-4
BIDU,2020-05-15,2020-05-18,2020-05-21,7,509,53.0,False,0.1205,0.0227,0.1459,3.21,3,1
HPQ,2020-05-15,2020-05-19,2020-05-28,14,1110,130.1,False,0.153,-0.1028,0.1923,1.45,1,9
LOW,2020-05-15,2020-05-19,2020-05-20,6,311,13.2,False,0.0587,0.001,0.1074,2.06,3,1
NVDA,2020-05-15,2020-05-21,2020-05-27,13,3000,10.8,False,0.0927,-0.0285,0.124,1.87,1,6
PCG,2020-05-15,2020-05-28,2020-05-29,15,1032,42.7,False,0.0523,0.0154,0.1054,1.82,-10,-2
SRNE,2020-05-15,2020-05-15,2020-05-19,5,1487,671.0,False,1.5802,-0.1982,1.5802,59.13,0,0
DLTR,2020-05-17,2020-05-28,2020-05-28,12,403,50.8,False,0.3007,0.0,0.3037,1.9,1,0
CGC,2020-05-18,2020-05-29,2020-05-29,12,686,24.0,False,0.0952,0.0,0.3695,2.08,-1,0
GSX,2020-05-18,2020-05-18,2020-05-26,9,362,10.4,False,-0.0731,-0.0554,0.0816,2.93,-5,0
HEXO,2020-05-18,2020-06-08,2020-06-11,25,473,97.0,False,1.2406,-0.2039,1.2406,8.06,0,0
HUYA,2020-05-18,2020-05-20,2020-05-21,4,1528,341.3,False,0.1179,-0.1076,0.1179,2.8,0,1
MRNA,2020-05-18,2020-05-19,2020-05-20,3,1749,33.2,False,0.0747,0.0251,0.1996,3.55,-1,-1
TTWO,2020-05-18,2020-05-20,2020-05-21,4,430,31.4,False,0.1079,-0.0589,0.1079,3.27,0,1
COST,2020-05-19,2020-05-28,2020-05-28,10,764,34.8,False,0.0225,0.0,0.0225,1.07,0,1
DELL,2020-05-19,2020-05-28,2020-05-29,11,573,105.0,False,0.0411,0.0891,0.1339,1.89,1,1
SPOT,2020-05-19,2020-05-19,2020-05-25,7,798,25.6,False,0.0842,0.0865,0.194,2.63,2,1
APHA,2020-05-21,2020-06-09,2020-06-10,21,557,12.3,False,0.3939,-0.0277,0.3939,1.47,0,-18
DCAR,2020-05-21,2020-05-21,2020-05-28,8,386,39.7,False,0.1553,-0.3462,0.1942,3.04,5,7
ESTC,2020-05-21,2020-06-03,2020-06-04,15,631,60.4,False,0.1829,-0.0383,0.188,3.09,-2,0
LULU,2020-05-21,2020-06-11,2020-06-12,23,1118,12.7,False,0.1925,-0.0382,0.253,1.78,-8,1
CHWY,2020-05-22,2020-06-09,2020-06-10,20,1199,26.9,False,0.2817,-0.0365,0.2817,1.03,0,0
COTY,2020-05-22,2020-06-08,2020-06-11,21,1302,123.6,False,0.8649,-0.2625,0.8649,2.4,0,-10
HTZ,2020-05-22,2020-05-26,2020-05-28,7,1591,11.3,False,-0.8192,0.8378,0.0326,6.11,-8,1
XSPA,2020-05-22,2020-06-04,2020-06-26,36,5800,63.8,False,2.675,-0.2789,3.5841,3.7,1,-13
CRWD,2020-05-26,2020-06-02,2020-06-04,10,1147,42.3,False,0.122,0.0404,0.1931,3.09,1,1
LTM,2020-05-26,2020-06-09,2020-06-09,15,340,68.0,False,0.2442,0.0,0.2442,14.88,0,-6
MGM,2020-05-26,2020-06-08,2020-06-11,17,11419,37.1,False,0.4943,-0.2492,0.4943,1.38,0,-4
MNLO,2020-05-26,2020-05-29,2020-06-04,10,401,34.2,False,0.067,-0.0753,0.1205,2.3,-1,0
WORK,2020-05-26,2020-06-04,2020-06-05,11,2332,19.2,False,0.1965,-0.1418,0.2583,2.56,-1,1
KR,2020-05-27,2020-06-18,2020-06-19,24,1723,73.1,False,0.014,0.0135,0.0609,1.43,-22,0
SPCE,2020-05-27,2020-05-27,2020-06-01,6,1317,4.3,False,0.0729,0.0,0.0729,1.25,0,7
DKNG,2020-05-28,2020-06-02,2020-06-08,12,10011,7.4,False,0.1741,-0.0792,0.2432,1.86,-1,0
FMCI,2020-05-28,2020-06-12,2020-06-18,22,2585,70.2,False,0.2178,0.395,0.7275,6.42,5,0
GAN,2020-05-28,2020-06-01,2020-06-08,12,950,40.3,False,0.4745,-0.1724,0.4745,2.89,0,0
TWTR,2020-05-28,2020-05-29,2020-06-05,9,4798,4.9,False,-0.0635,0.1259,0.108,1.18,10,0
CLDR,2020-05-29,2020-06-03,2020-06-09,12,616,62.4,False,0.2653,-0.0323,0.2653,5.77,0,6
EXPR,2020-05-29,2020-05-29,2020-06-26,29,399,2.9,False,-0.0297,-0.2755,0.2624,1.41,10,21
NERV,2020-05-29,2020-05-29,2020-06-05,8,304,60.0,False,-0.7246,0.0566,0.0913,28.52,-3,0
NOK,2020-05-29,2020-06-17,2020-06-19,22,996,17.0,False,0.125,-0.0181,0.1531,1.52,-9,-6
DGLY,2020-05-30,2020-06-09,2020-06-17,19,4843,942.0,False,4.0893,-0.2544,4.0893,43.82,0,-1
AAXN,2020-05-31,2020-06-09,2020-06-17,18,721,64.2,False,0.32,-0.0541,0.3593,2.43,1,-8
PFE,2020-06-01,2020-07-01,2020-07-02,32,2730,22.3,False,-0.1165,0.0228,0.0,1.63,-33,-30
VISL,2020-06-01,2020-06-04,2020-06-08,8,444,17.8,False,2.8828,-0.1316,2.8828,5.88,0,0
NBRV,2020-06-02,2020-06-18,2020-06-22,21,1521,57.3,False,0.114,-0.0918,0.4597,2.83,-20,1
SOLO,2020-06-02,2020-06-04,2020-06-11,10,1825,123.3,False,0.0702,0.2951,1.2281,10.52,5,5
BUD,2020-06-03,2020-06-03,2020-06-10,8,824,9.9,False,0.0966,-0.0142,0.1684,1.34,5,0
LVS,2020-06-03,2020-06-04,2020-06-10,8,464,6.7,False,0.0954,-0.0111,0.1643,1.54,4,0
NIO,2020-06-03,2020-06-09,2020-06-22,20,871,25.7,False,0.4213,0.1123,0.5809,2.83,13,-6
ORCL,2020-06-03,2020-06-16,2020-06-17,15,886,13.3,False,0.0246,-0.0562,0.0345,1.27,6,3
SAVE,2020-06-03,2020-06-04,2020-06-11,9,765,10.3,False,0.4507,-0.235,0.764,2.4,4,0
SPG,2020-06-03,2020-06-09,2020-06-11,9,570,10.4,False,0.3628,-0.1683,0.5051,1.97,-1,-4
DAL,2020-06-04,2020-06-05,2020-06-11,8,1286,5.4,False,0.1999,-0.2037,0.2986,1.72,3,-1
IVR,2020-06-04,2020-06-08,2020-06-10,7,3311,134.2,False,1.3711,-0.2174,1.3711,5.23,0,0
JFK,2020-06-04,2020-06-04,2020-07-04,31,513,10.9,False,0.007,0.0089,0.0307,4.12,15,25
LUV,2020-06-04,2020-06-05,2020-06-11,8,985,4.4,False,0.0483,-0.1401,0.1145,1.48,3,0
MFA,2020-06-04,2020-06-09,2020-06-16,13,717,34.4,False,0.5825,-0.0847,0.7526,3.23,-1,-4
UAL,2020-06-04,2020-06-05,2020-06-16,13,957,8.3,False,0.2602,-0.0518,0.447,1.75,3,-1
BA,2020-06-05,2020-06-05,2020-06-17,13,3055,4.6,False,0.1146,-0.0627,0.2507,2.46,3,6
CHK,2020-06-05,2020-06-08,2020-06-10,6,1079,76.0,False,3.9765,-0.7596,3.9765,6.7,0,0
HTZ,2020-06-05,2020-06-08,2020-06-18,14,8689,12.6,False,2.6867,-0.6745,2.6867,3.72,0,0
MITT,2020-06-05,2020-06-08,2020-06-10,6,363,51.8,False,1.7527,-0.1757,1.7527,3.86,0,0
MRO,2020-06-05,2020-06-08,2020-06-09,5,632,38.8,False,0.3531,-0.0913,0.3531,1.49,0,0
NCLH,2020-06-05,2020-06-08,2020-06-17,13,1389,6.2,False,0.3711,-0.2852,0.3711,1.36,0,2
NRZ,2020-06-05,2020-06-09,2020-06-10,6,828,32.4,False,0.0363,-0.0736,0.0775,1.25,-1,-1
OXY,2020-06-05,2020-06-08,2020-06-10,6,898,38.8,False,0.5691,-0.1492,0.5691,2.62,0,0
PUMP,2020-06-05,2020-06-05,2020-06-18,14,655,4.4,False,0.1237,-0.1195,0.3357,1.18,3,-1
RCL,2020-06-05,2020-06-05,2020-06-16,12,566,6.6,False,0.2037,-0.0999,0.3021,1.45,3,0
SHIP,2020-06-05,2020-06-05,2020-06-09,5,406,9.7,False,0.2344,0.1567,0.5238,4.6,3,3
VAL,2020-06-05,2020-06-08,2020-06-09,5,303,58.5,False,5.1725,-0.379,5.1725,13.59,0,0
XOM,2020-06-05,2020-06-08,2020-06-17,13,1164,8.9,False,0.1149,-0.1482,0.1149,1.38,0,11
BAC,2020-06-08,2020-06-10,2020-06-12,5,528,6.3,False,-0.0537,-0.0684,0.0153,1.13,-2,1
BYND,2020-06-08,2020-06-08,2020-06-12,5,529,4.4,False,0.2167,-0.1091,0.2167,1.2,0,0
GME,2020-06-08,2020-06-09,2020-06-10,3,1446,54.7,False,0.1981,0.0222,0.2246,3.45,1,1
IZEA,2020-06-08,2020-06-12,2020-06-13,6,1933,15.1,False,1.8671,0.0,3.7008,6.92,-1,-3
MCD,2020-06-08,2020-06-08,2020-06-25,18,358,2.6,False,0.0278,-0.0981,0.0278,1.03,0,11
USFD,2020-06-08,2020-06-08,2020-06-12,5,330,4.9,False,0.0808,-0.2009,0.0808,1.32,0,0
WFC,2020-06-08,2020-06-10,2020-06-12,5,1048,8.0,False,-0.0619,-0.0586,0.0521,1.18,-2,-5
IDEX,2020-06-09,2020-06-26,2020-07-01,23,6890,368.4,False,1.3548,0.1815,4.3065,15.63,-4,-4
INTC,2020-06-09,2020-06-19,2020-06-23,15,1158,8.7,False,-0.0636,0.005,0.0105,1.32,-14,0
OPES,2020-06-09,2020-06-17,2020-06-19,11,1322,357.0,False,0.5712,0.0547,0.7144,17.58,1,0
SNE,2020-06-09,2020-06-11,2020-06-11,3,393,42.6,False,-0.0174,0.0,0.0284,1.23,-1,0
AMTD,2020-06-10,2020-06-10,2020-06-22,13,858,2.3,False,-0.0503,-0.044,0.0669,1.1,-5,16
MSFT,2020-06-10,2020-06-22,2020-06-26,17,7555,6.4,False,0.0567,-0.0211,0.0785,1.13,9,4
SBUX,2020-06-10,2020-06-12,2020-06-12,3,382,5.1,False,-0.0727,0.0,0.0144,2.36,-4,-1
TSLA,2020-06-10,2020-06-10,2020-06-12,3,4824,3.7,False,0.0897,-0.0876,0.0897,1.47,0,0
DOW,2020-06-11,2020-06-11,2020-06-15,5,466,5.7,False,-0.0991,0.0693,0.0532,1.23,-3,0
TCBI,2020-06-11,2020-06-26,2020-07-07,27,2832,8.5,False,-0.1483,-0.0327,0.1182,1.0,-18,0
APT,2020-06-15,2020-06-18,2020-06-25,11,459,41.5,False,0.2818,0.1643,0.534,3.4,6,1
ROKU,2020-06-16,2020-06-16,2020-06-19,4,667,16.7,False,0.1239,0.0637,0.2074,2.03,6,2
UONE,2020-06-16,2020-06-19,2020-06-19,4,824,218.0,False,4.5505,0.0,4.5505,26.15,0,-1
UONEK,2020-06-16,2020-06-17,2020-06-19,4,617,226.0,False,0.8151,0.566,1.8425,453.72,2,0
BYFC,2020-06-17,2020-06-19,2020-06-19,3,471,233.0,False,1.3147,0.0,1.3147,1864.26,0,0
FSLY,2020-06-17,2020-06-23,2020-06-29,13,2038,42.3,False,0.4171,0.0296,0.6152,3.79,3,0
GRAF,2020-06-17,2020-07-02,2020-07-12,26,579,25.1,False,0.7775,-0.0209,0.7775,85.63,0,0
PYPL,2020-06-18,2020-07-29,2020-07-30,43,3378,15.9,False,0.1268,0.0428,0.2045,1.07,6,1
SPOT,2020-06-18,2020-06-18,2020-06-29,12,1749,7.9,False,0.1274,0.1769,0.3586,3.92,14,1
SHLL,2020-06-19,2020-06-22,2020-06-30,12,979,239.0,False,0.7896,0.5003,2.1155,134.72,7,7
CJJD,2020-06-22,2020-06-26,2020-06-27,6,1008,32.1,False,0.2368,0.0,0.2632,0.86,-2,-3
KTOV,2020-06-22,2020-06-23,2020-07-01,10,2187,18.2,False,0.4411,0.0977,1.2144,13.27,2,0
AAPL,2020-06-23,2020-06-23,2020-06-25,3,2732,5.4,False,0.0213,-0.0046,0.0213,1.32,0,-4
FLIR,2020-06-23,2020-06-26,2020-07-08,16,793,44.8,False,-0.0171,0.0182,0.0606,0.95,6,-4
INO,2020-06-23,2020-06-25,2020-07-01,9,1382,33.3,False,1.0425,-0.3686,1.0712,6.66,4,-2
MRK,2020-06-23,2020-06-25,2020-06-30,8,409,10.6,False,-0.0023,0.0099,0.0264,0.74,7,-6
PLUG,2020-06-23,2020-06-24,2020-07-09,17,662,12.8,False,0.3591,0.1823,0.7917,2.92,12,0
GNC,2020-06-24,2020-06-25,2020-06-26,3,1162,47.1,False,-0.1805,-0.0707,0.0944,4.2,-6,0
PTON,2020-06-24,2020-07-13,2020-07-20,27,1937,9.7,False,0.1221,0.0508,0.2476,0.96,-3,-17
WKHS,2020-06-24,2020-07-02,2020-07-10,17,890,24.9,False,2.0086,-0.274,2.0086,13.1,0,-2
JPM,2020-06-25,2020-06-25,2020-06-28,4,535,4.7,False,0.0349,-0.0548,0.0349,1.32,0,1
CLSK,2020-06-26,2020-06-26,2020-06-30,5,592,57.1,False,0.1943,0.0278,0.5403,9.85,3,3
ZOM,2020-06-26,2020-06-26,2020-07-06,11,322,6.6,False,0.0457,-0.291,0.1293,2.51,3,6
LCA,2020-06-29,2020-06-30,2020-07-10,12,617,129.0,False,0.6204,-0.1609,0.6204,66.32,0,-1
AYRO,2020-06-30,2020-07-06,2020-07-09,10,372,28.9,False,0.7657,0.1439,1.0726,24.58,2,0
FDX,2020-06-30,2020-06-30,2020-07-02,3,414,17.5,False,0.0421,0.1088,0.1783,4.02,7,1
UPS,2020-06-30,2020-07-30,2020-07-30,31,1751,99.1,False,0.2921,0.0,0.3219,1.05,5,0
AMZN,2020-07-01,2020-07-30,2020-08-05,36,14431,8.4,False,0.1062,0.0502,0.169,1.41,7,1
BYFC,2020-07-02,2020-07-06,2020-07-07,6,1365,17.5,False,0.469,-0.2892,0.469,1.4,0,-6
TSLA,2020-07-02,2020-07-13,2020-07-24,23,61565,9.1,False,0.3371,-0.0535,0.4674,1.65,7,0
BABA,2020-07-06,2020-07-09,2020-07-14,9,1922,13.3,False,0.1699,-0.0497,0.1699,1.84,0,-1
GSAT,2020-07-06,2020-07-06,2020-07-10,5,471,200.0,False,0.3986,-0.1709,0.3986,4.9,0,0
NIO,2020-07-06,2020-07-08,2020-07-17,12,6076,23.7,False,0.3731,-0.139,0.597,3.25,2,0
CHGG,2020-07-07,2020-07-13,2020-07-23,17,648,10.3,False,-0.0114,0.0592,0.0796,0.58,7,0
EBAY,2020-07-07,2020-07-09,2020-07-29,23,896,30.0,False,0.0543,-0.0792,0.0552,0.86,1,12
LVGO,2020-07-07,2020-07-07,2020-07-20,14,819,9.7,False,0.2078,0.207,0.4579,1.78,14,0
NVAX,2020-07-07,2020-07-17,2020-07-22,16,981,16.0,False,0.7685,0.0424,0.8435,1.31,5,-10
UAVS,2020-07-07,2020-07-07,2020-07-20,14,423,6.0,False,0.2969,0.8795,1.6719,7.05,9,0
WMT,2020-07-07,2020-07-08,2020-07-15,9,9824,47.9,False,0.0467,0.0608,0.112,1.93,8,-1
NVDA,2020-07-08,2020-09-01,2020-09-08,63,15725,21.7,False,0.4001,-0.1381,0.4533,1.11,1,3
SPAQ,2020-07-09,2020-07-13,2020-07-17,9,1022,32.8,False,0.3932,0.0259,0.5449,57.35,-3,0
SPCE,2020-07-09,2020-07-17,2020-07-28,20,3410,9.1,False,0.4324,-0.0079,0.5211,2.17,5,0
BNGO,2020-07-10,2020-07-10,2020-07-24,15,718,17.8,False,0.0838,0.6792,0.8231,4.42,12,7
NFLX,2020-07-10,2020-07-16,2020-07-17,8,5745,27.7,False,0.0387,-0.0652,0.0807,3.25,-6,1
NOVN,2020-07-10,2020-07-21,2020-07-28,19,679,7.7,False,1.4788,-0.3638,1.4788,2.19,0,0
W,2020-07-10,2020-07-10,2020-07-13,4,1296,33.1,False,-0.0226,-0.0579,0.0,0.97,-1,3
GTES,2020-07-11,2020-07-15,2020-07-16,6,382,7.0,False,0.0664,-0.0009,0.0915,1.28,6,0
DPZ,2020-07-13,2020-07-15,2020-07-17,5,341,25.2,False,0.0386,-0.0567,0.0386,1.82,0,1
MRNA,2020-07-13,2020-07-15,2020-07-20,8,3885,37.8,False,0.2813,0.0307,0.5149,4.53,2,2
TSM,2020-07-13,2020-07-16,2020-07-17,5,332,15.6,False,0.0429,-0.0029,0.0733,1.66,6,-7
BOXL,2020-07-14,2020-07-17,2020-07-20,7,670,19.7,False,1.3376,-0.2044,1.6752,12.82,-1,-1
VBIV,2020-07-14,2020-07-20,2020-07-22,9,1294,6.3,False,0.5803,-0.0308,0.6237,1.8,-3,-5
APHA,2020-07-15,2020-07-28,2020-07-29,15,613,19.1,False,0.2739,-0.1917,0.2739,2.23,0,1
ATVI,2020-07-15,2020-08-04,2020-08-05,22,5116,225.1,False,0.0837,-0.0246,0.0886,0.92,2,0
AZN,2020-07-15,2020-07-20,2020-07-20,6,6009,130.3,False,0.0871,0.0,0.1319,5.17,-3,0
OXM,2020-07-15,2020-07-20,2020-07-21,7,433,36.8,False,-0.0335,0.0535,0.0768,0.85,-5,-5
HMHC,2020-07-16,2020-07-17,2020-07-21,6,713,258.0,False,0.573,-0.2464,0.573,20.41,0,0
NAK,2020-07-16,2020-07-24,2020-07-27,12,1564,55.6,False,0.3662,-0.1134,0.6479,5.26,-2,0
PHUN,2020-07-17,2020-07-17,2020-07-20,4,427,124.8,False,0.1275,-0.0893,0.1275,1.73,0,-2
ATNM,2020-07-20,2020-08-03,2020-08-11,23,611,26.8,False,0.5,-0.4633,0.5,2.54,0,-13
AMD,2020-07-22,2020-07-24,2020-08-06,16,11580,8.3,False,0.2175,0.2494,0.5212,2.23,13,0
GOLD,2020-07-22,2020-08-17,2020-08-19,29,990,15.5,False,0.0673,-0.0382,0.0673,1.6,0,0
MSFT,2020-07-22,2020-07-22,2020-07-24,3,4117,4.7,False,0.0144,-0.0494,0.0144,1.55,0,1
PFE,2020-07-22,2020-07-22,2020-07-28,7,1103,5.0,False,0.051,0.0119,0.07,1.68,7,0
AUY,2020-07-23,2020-07-27,2020-07-28,6,771,73.4,False,0.1054,-0.0045,0.112,2.02,2,0
INTC,2020-07-23,2020-07-24,2020-07-31,9,7670,36.9,False,-0.1713,-0.0565,0.0016,3.78,-4,0
BUD,2020-07-24,2020-07-29,2020-07-30,7,392,17.7,False,0.0394,0.0243,0.0647,1.09,1,1
TSM,2020-07-24,2020-07-27,2020-07-30,7,803,11.3,False,0.2357,-0.0399,0.2357,3.27,0,-3
MARA,2020-07-27,2020-08-03,2020-08-10,15,617,22.1,False,2.6827,0.1593,3.8942,15.09,3,0
CVS,2020-07-28,2020-08-05,2020-08-05,9,1111,55.0,False,0.0292,0.0,0.0502,1.19,5,0
KODK,2020-07-28,2020-07-29,2020-07-30,3,1950,1262.0,False,11.6718,-0.1015,11.6718,1053.03,0,-1
GOOGL,2020-07-29,2020-07-30,2020-08-06,9,402,4.6,False,0.0231,-0.0217,0.0231,1.17,0,1
PRPL,2020-07-29,2020-08-04,2020-08-05,8,4042,124.5,False,0.1828,-0.008,0.2422,2.35,-1,0
TDOC,2020-07-29,2020-08-05,2020-08-06,9,574,86.9,False,-0.0502,0.0519,0.1727,4.16,-1,0
AAPL,2020-07-30,2020-09-15,2020-09-23,56,88768,8.3,False,0.2157,-0.0729,0.4118,1.6,-14,-46
OSTK,2020-07-30,2020-08-07,2020-09-04,37,811,12.9,False,0.7065,-0.3497,1.0138,1.53,13,0
CLX,2020-07-31,2020-08-03,2020-08-03,4,442,22.7,False,0.003,0.0,0.028,3.17,1,0
ETSY,2020-07-31,2020-08-05,2020-08-06,7,450,44.9,False,0.2059,-0.0359,0.2059,2.72,0,1
JMIA,2020-07-31,2020-08-03,2020-08-04,5,307,15.4,False,0.6575,-0.2248,0.6575,5.61,0,1
NOK,2020-07-31,2020-07-31,2020-08-03,4,383,5.0,False,0.0742,0.0586,0.1461,2.64,4,0
TTWO,2020-08-02,2020-08-03,2020-08-04,3,390,41.7,False,0.0223,0.0587,0.0823,3.33,1,1
DBX,2020-08-03,2020-08-06,2020-08-10,8,306,15.3,False,0.0229,-0.144,0.0229,2.03,0,1
DDOG,2020-08-03,2020-08-06,2020-08-07,5,384,14.5,False,-0.041,-0.1636,0.0193,2.29,-3,1
TRVN,2020-08-03,2020-08-07,2020-08-11,9,743,50.2,False,0.0259,0.1513,0.3491,7.54,3,3
TWLO,2020-08-03,2020-08-04,2020-08-05,3,366,19.5,False,0.0229,-0.0199,0.0321,1.72,-1,3
DIS,2020-08-04,2020-08-04,2020-08-06,3,747,6.9,False,0.0081,0.1154,0.1244,3.06,2,1
HCAC,2020-08-04,2020-08-18,2020-08-26,23,795,12.4,False,-0.0358,0.0467,0.057,2.54,-14,0
NKLA,2020-08-04,2020-08-04,2020-08-10,7,2730,3.7,False,0.0644,0.1537,0.2598,1.66,9,6
SRNE,2020-08-04,2020-08-10,2020-08-12,9,461,23.5,False,0.9263,-0.3406,0.9263,4.77,0,-6
AAL,2020-08-05,2020-08-05,2020-08-11,7,1059,6.0,False,0.095,0.0932,0.2206,1.61,5,1
FSLY,2020-08-05,2020-08-06,2020-08-07,3,1597,6.9,False,-0.2284,-0.115,0.0,2.25,-2,0
TGT,2020-08-05,2020-08-19,2020-08-19,15,638,46.5,False,0.1822,0.0,0.1822,2.17,0,0
AYX,2020-08-06,2020-08-07,2020-08-13,8,328,42.4,False,-0.3206,-0.091,0.0,7.26,-2,0
CSCO,2020-08-07,2020-08-12,2020-08-14,8,853,19.3,False,0.0069,-0.1164,0.0069,1.99,0,1
IDEX,2020-08-10,2020-08-10,2020-08-14,5,394,3.0,False,0.092,-0.2528,0.092,1.21,0,0
BBY,2020-08-20,2020-08-25,2020-08-25,6,306,9.7,False,0.0061,0.0,0.0483,2.38,-1,0
CRM,2020-08-24,2020-08-26,2020-08-27,4,1647,77.3,False,0.3122,0.0147,0.3552,6.37,6,0
LCA,2020-08-24,2020-09-23,2020-09-30,38,897,6.1,False,0.04,-0.0471,0.2497,1.51,-14,-14
LULU,2020-08-24,2020-09-09,2020-09-10,18,1016,22.5,False,-0.1215,-0.0121,0.0801,1.91,-7,0
SHLL,2020-08-24,2020-09-28,2020-10-01,39,3986,8.3,False,0.6048,-0.0644,0.8673,2.95,-26,-35
BIGC,2020-08-25,2020-08-25,2020-08-27,3,499,10.3,False,0.3687,0.3546,0.854,5.58,2,1
GRAF,2020-08-25,2020-09-29,2020-09-29,36,883,11.4,False,0.2871,0.0,0.5824,2.62,-20,-27
NIO,2020-08-25,2020-08-26,2020-08-31,7,2473,9.1,False,0.3654,-0.069,0.3654,3.2,0,0
SWBI,2020-08-25,2020-08-25,2020-09-04,11,411,8.7,False,0.0383,0.0521,0.2695,2.41,7,10
XOM,2020-08-25,2020-08-25,2020-09-01,8,327,4.5,False,-0.0317,-0.0355,0.0,1.45,-1,3
ADBE,2020-08-26,2020-09-15,2020-09-16,22,960,18.3,False,0.0273,-0.0435,0.1019,2.05,-13,1
CRWD,2020-08-26,2020-09-02,2020-09-02,8,906,39.3,False,0.2509,0.0,0.2652,2.92,-1,0
NFLX,2020-08-26,2020-08-26,2020-09-01,7,991,5.8,False,0.1161,0.0165,0.1345,1.95,6,0
ORCL,2020-08-27,2020-08-27,2020-09-03,8,793,12.6,False,-0.0054,-0.0014,0.0268,1.44,6,4
WMT,2020-08-27,2020-09-01,2020-09-03,8,4168,5.9,False,0.1292,-0.0207,0.1299,3.03,1,-5
WORK,2020-08-27,2020-09-08,2020-09-10,15,2559,14.9,False,-0.0301,-0.1166,0.1346,2.61,-7,1
CHWY,2020-08-28,2020-09-01,2020-09-11,15,1965,20.4,False,0.2206,-0.225,0.2324,2.19,1,10
DOCU,2020-08-31,2020-09-01,2020-09-04,5,1890,20.1,False,0.2488,-0.1955,0.2488,6.67,0,2
GME,2020-08-31,2020-09-22,2020-10-01,32,3870,36.6,False,0.9592,-0.0748,0.9592,3.26,0,-22
TSLA,2020-08-31,2020-09-01,2020-09-08,9,39535,4.4,False,0.0731,-0.3049,0.1257,1.43,-1,-1
COST,2020-09-01,2020-09-02,2020-09-08,8,432,31.7,False,0.0322,-0.0557,0.0322,1.31,0,1
FDX,2020-09-01,2020-09-15,2020-09-16,16,3298,25.2,False,0.0766,0.0576,0.1386,1.58,1,1
PTON,2020-09-01,2020-09-10,2020-09-15,15,5121,20.7,False,0.1445,-0.0262,0.1891,6.18,-1,1
KCAC,2020-09-03,2020-09-03,2020-09-16,14,415,89.0,False,0.874,-0.0043,1.25,248.72,1,0
NKLA,2020-09-08,2020-09-14,2020-10-01,24,21804,24.5,False,0.0068,-0.3263,0.4079,4.71,-6,17
SPCE,2020-09-08,2020-09-08,2020-09-15,8,439,4.2,False,0.093,0.0172,0.1124,1.28,1,0
IPOB,2020-09-10,2020-09-15,2020-09-21,12,353,16.0,False,0.4732,-0.1259,0.4732,32.55,0,0
DKNG,2020-09-14,2020-09-14,2020-09-18,5,924,5.1,False,0.1727,0.1392,0.336,2.82,4,0
LAC,2020-09-15,2020-09-22,2020-10-02,18,1281,139.9,False,0.1092,0.6261,0.946,5.24,13,10
NAV,2020-09-15,2020-09-30,2020-10-29,45,1079,4.4,False,0.0121,-0.0163,0.0421,1.98,9,16
SBE,2020-09-16,2020-09-24,2020-10-08,23,1138,143.0,False,0.1923,0.1814,0.4928,28.34,6,0
VALE,2020-09-17,2020-09-22,2020-09-23,7,2567,349.5,False,-0.082,0.0009,0.025,1.89,-5,1
GHC,2020-09-20,2020-09-22,2020-09-22,3,337,25.8,False,-0.0415,0.0,0.0256,1.12,-6,-4
GHM,2020-09-20,2020-09-22,2020-09-22,3,337,25.9,False,-0.0163,0.0,0.075,0.84,-6,-4
ACB,2020-09-22,2020-10-09,2020-10-21,30,420,9.2,False,-0.2041,-0.0358,0.1582,4.18,-17,0
NKE,2020-09-22,2020-09-22,2020-09-24,3,335,22.5,False,0.0309,0.0674,0.1212,3.45,1,1
HCAC,2020-09-23,2020-09-23,2020-10-06,14,496,4.0,False,-0.0664,-0.0495,0.0252,0.61,-5,0
AAL,2020-09-25,2020-09-25,2020-10-08,14,799,4.0,False,0.0442,0.0704,0.1215,1.14,14,7
SPCE,2020-09-28,2020-09-28,2020-10-06,9,935,7.5,False,0.2483,0.0254,0.3445,2.26,10,0
BYND,2020-09-29,2020-09-29,2020-10-21,23,565,5.5,False,0.0949,0.0739,0.2885,0.93,10,0
NIO,2020-09-29,2020-09-29,2020-10-05,7,1248,5.2,False,0.1085,0.0355,0.1568,1.26,2,1
DDOG,2020-09-30,2020-09-30,2020-10-14,15,365,31.4,False,0.1236,0.1115,0.2854,1.72,13,0
REGN,2020-10-02,2020-10-08,2020-10-08,7,683,95.9,False,0.0559,0.0,0.0701,2.67,5,-3
AMD,2020-10-05,2020-10-08,2020-10-13,9,5029,7.8,False,0.0576,-0.0142,0.0598,1.0,-1,1
APHA,2020-10-05,2020-10-08,2020-10-15,11,533,21.1,False,0.2857,-0.1534,0.4444,4.55,4,7
PLUG,2020-10-05,2020-10-07,2020-10-21,17,750,11.9,False,0.2889,-0.1846,0.3034,1.47,2,1
FSLY,2020-10-07,2020-10-14,2020-10-16,10,2987,42.8,False,0.2268,-0.3126,0.283,3.52,-1,1
JKS,2020-10-08,2020-10-21,2020-10-23,16,650,50.9,False,0.2272,-0.0615,0.5659,4.94,-1,0
JMIA,2020-10-08,2020-10-16,2020-10-28,21,500,33.5,False,0.7843,0.1603,1.1137,5.53,10,0
NOK,2020-10-10,2020-10-19,2020-10-20,11,750,26.0,False,0.0372,0.0048,0.067,0.98,4,2
JPM,2020-10-12,2020-10-14,2020-10-15,4,369,4.4,False,-0.0097,0.015,0.0123,0.98,-2,-1
AMC,2020-10-13,2020-10-19,2020-11-03,22,1136,19.8,False,-0.1324,-0.339,0.0147,3.19,-11,0
CHGG,2020-10-13,2020-10-26,2020-10-27,15,614,48.2,False,0.0463,-0.1105,0.0503,1.37,-6,1
NIO,2020-10-14,2020-10-14,2020-10-19,6,3791,13.1,False,0.2257,0.0426,0.3173,3.63,2,0
SNAP,2020-10-15,2020-10-23,2020-10-30,16,3636,60.7,False,0.5802,-0.0876,0.5802,5.27,0,-2
HTZ,2020-10-16,2020-10-16,2020-10-19,4,1154,32.8,False,1.4272,-0.132,1.4272,79.16,0,0
PTON,2020-10-16,2020-10-16,2020-10-21,6,1607,5.8,False,-0.0374,-0.0535,0.0,0.8,-1,0
FDX,2020-10-19,2020-10-19,2020-10-28,10,940,4.1,False,-0.0067,-0.078,0.0124,1.13,1,9
CRSR,2020-10-20,2020-10-20,2020-10-22,3,317,9.1,False,0.1451,0.0457,0.2856,2.25,7,0
GOOG,2020-10-20,2020-10-29,2020-10-30,11,447,8.6,False,0.0213,0.0343,0.1398,1.3,6,1
GOOGL,2020-10-20,2020-10-29,2020-10-30,11,310,6.8,False,0.0176,0.038,0.1411,1.36,6,1
PINS,2020-10-20,2020-10-28,2020-10-29,10,1326,37.1,False,0.0749,0.2692,0.3643,2.38,1,1
ETSY,2020-10-21,2020-10-28,2020-10-29,9,311,6.0,False,-0.0356,-0.0517,0.0247,1.36,-9,1
PYPL,2020-10-21,2020-10-21,2020-10-23,3,414,7.2,False,0.055,-0.0471,0.055,1.62,0,0
INTC,2020-10-22,2020-10-22,2020-10-24,3,2096,14.2,False,0.0075,-0.1058,0.0202,2.77,-3,1
UPS,2020-10-26,2020-10-28,2020-10-28,3,1036,6.2,False,-0.0938,0.0,0.0063,1.99,-6,0
ACB,2020-10-27,2020-11-06,2020-11-11,16,2716,74.6,False,1.225,-0.2176,1.5477,6.78,3,0
BABA,2020-11-03,2020-11-20,2020-12-07,35,13794,13.4,False,-0.129,-0.0249,0.0055,2.15,-22,-10
CGC,2020-11-04,2020-11-06,2020-11-09,6,420,7.6,False,0.1486,0.046,0.2014,2.8,3,0
GRWG,2020-11-04,2020-11-27,2020-12-05,32,676,9.5,False,0.9448,-0.016,0.9448,1.39,0,-15
XPEV,2020-11-04,2020-11-12,2020-11-13,10,2569,122.4,False,1.014,-0.0613,1.014,9.56,0,0
NIO,2020-11-05,2020-11-13,2020-11-18,14,28958,14.5,False,0.1816,0.0112,0.4686,2.15,10,0
APHA,2020-11-06,2020-11-09,2020-11-09,4,427,6.2,False,0.0147,0.0,0.0366,3.33,4,-3
CVS,2020-11-06,2020-11-17,2020-11-18,13,408,23.4,False,0.0933,-0.0118,0.1964,2.07,-1,0
PLTR,2020-11-06,2020-11-27,2020-12-08,33,83563,180.6,False,1.3283,0.0336,1.4453,4.39,-2,0
SNDL,2020-11-06,2020-11-09,2020-11-09,4,374,77.8,False,1.0841,0.0,1.0841,24.37,0,0
TLRY,2020-11-06,2020-11-09,2020-11-09,4,386,16.6,False,0.2916,0.0,0.2916,6.53,0,-3
BNTX,2020-11-09,2020-11-09,2020-11-20,12,354,18.1,False,0.1391,-0.007,0.2257,2.76,1,0
BOCH,2020-11-09,2021-02-04,2021-02-10,94,5505,23.0,False,0.3703,-0.0029,0.425,1.11,-27,-28
CBSH,2020-11-09,2021-02-04,2021-02-10,94,5505,23.0,False,0.1281,0.0285,0.1811,1.17,5,-43
CUK,2020-11-09,2020-11-09,2020-12-21,43,428,7.7,False,0.4102,0.0684,0.7164,1.61,25,0
DOCU,2020-11-09,2020-12-03,2020-12-04,26,752,30.0,False,-0.0029,0.0529,0.0498,1.54,1,1
DOW,2020-11-09,2020-11-24,2020-11-25,17,612,13.5,False,0.197,-0.0225,0.197,1.15,0,-15
HTBK,2020-11-09,2021-02-04,2021-02-10,94,5505,23.0,False,0.3062,0.0129,0.3869,1.61,-21,-48
IVR,2020-11-09,2020-11-09,2020-12-07,29,333,8.6,False,0.0801,0.0968,0.216,3.28,15,15
MGM,2020-11-09,2020-11-23,2020-12-16,38,505,6.6,False,0.1876,0.1847,0.4382,1.01,25,-14
NVDA,2020-11-09,2020-11-18,2020-12-02,24,2771,5.6,False,-0.0778,0.0086,0.0,1.23,-12,-8
PFE,2020-11-09,2020-11-09,2020-11-18,10,3242,32.9,False,0.0769,-0.0735,0.0769,2.98,0,0
RKT,2020-11-09,2020-11-10,2020-11-11,3,2144,14.8,False,0.0136,-0.025,0.0629,2.38,6,0
SPSC,2020-11-09,2021-02-04,2021-02-10,94,5510,23.0,False,0.1725,0.018,0.2742,1.26,-28,-31
TDOC,2020-11-09,2020-11-09,2020-11-20,12,338,5.4,False,-0.1366,0.1237,0.0115,1.67,-4,0
VBIV,2020-11-09,2020-11-16,2020-12-23,45,4555,10.5,False,0.1266,0.2472,0.4768,1.59,36,14
KNDI,2020-11-12,2020-11-20,2020-12-02,21,915,55.8,False,0.9389,-0.306,1.4003,4.96,3,0
MRNA,2020-11-12,2020-11-16,2020-11-16,5,1087,35.6,False,0.1881,0.0,0.1881,4.76,0,0
SOLO,2020-11-12,2020-11-20,2020-11-24,13,2231,101.8,False,1.8674,-0.2202,1.8674,7.49,0,-7
TGT,2020-11-12,2020-11-18,2020-11-25,14,384,9.5,False,0.0448,0.0777,0.1261,1.95,7,0
KCAC,2020-11-13,2020-11-13,2020-11-25,13,366,9.9,False,0.3636,0.2051,0.6434,4.56,12,0
NIU,2020-11-13,2020-11-23,2020-11-24,12,330,11.3,False,0.0195,0.0191,0.1265,2.74,-4,0
WMT,2020-11-14,2020-11-16,2020-11-19,6,913,4.8,False,0.0126,-0.0021,0.0126,1.88,0,1
BLNK,2020-11-16,2020-11-23,2020-11-25,10,1343,114.6,False,2.466,-0.2481,2.466,13.33,0,0
FCEL,2020-11-16,2020-11-23,2020-11-24,9,1632,230.0,False,2.0,-0.1029,2.4,11.47,4,0
PLUG,2020-11-16,2020-11-16,2020-11-25,10,1072,7.1,False,0.067,0.0464,0.1468,1.36,7,1
RIOT,2020-11-17,2020-11-18,2020-11-24,8,719,73.1,False,0.2805,0.2971,0.7634,4.95,5,-1
SBE,2020-11-17,2020-11-23,2020-11-25,9,1801,18.2,False,0.8725,0.0252,1.0401,6.32,4,1
TSLA,2020-11-17,2020-12-18,2020-12-23,37,79553,7.3,False,0.7031,-0.0705,0.7031,2.0,0,0
CIIC,2020-11-18,2020-11-19,2020-11-24,7,2129,662.0,False,0.5814,0.5982,1.5274,94.92,5,0
CRSR,2020-11-18,2020-11-25,2020-12-02,15,6193,20.0,False,0.3333,-0.1916,0.5969,1.91,-1,0
FUBO,2020-11-18,2020-12-01,2020-12-03,16,390,15.0,False,0.2345,0.006,0.3389,1.82,7,-14
MARA,2020-11-18,2020-11-24,2020-12-01,14,469,22.5,False,0.5839,0.2607,1.0258,2.57,6,6
MS,2020-11-18,2020-12-02,2020-12-03,16,430,33.7,False,0.0886,0.0006,0.1053,0.92,2,-8
WORK,2020-11-18,2020-11-25,2020-12-02,15,2025,40.9,False,0.5221,0.0494,0.6395,4.77,6,0
AYRO,2020-11-19,2020-11-20,2020-11-23,5,485,72.5,False,0.908,0.3103,1.5,33.32,3,0
FIII,2020-11-19,2020-12-11,2020-12-28,40,793,71.0,False,0.2745,0.1289,0.449,35.63,12,0
GTES,2020-11-19,2020-11-24,2020-12-01,13,457,9.6,False,0.0136,-0.0157,0.0144,0.88,1,-8
HCAC,2020-11-19,2020-11-24,2020-12-21,33,2885,26.6,False,0.0791,0.7417,1.1215,9.17,16,13
JMIA,2020-11-19,2020-11-25,2020-12-02,14,1086,12.1,False,0.8373,-0.1306,0.8373,1.82,0,0
PIC,2020-11-19,2020-12-21,2020-12-21,33,1065,19.6,False,0.8663,0.0,0.8663,5.05,0,0
GIK,2020-11-20,2020-12-11,2020-12-28,39,2441,229.0,False,0.1814,0.1614,0.386,37.55,12,12
GMHI,2020-11-20,2020-12-01,2020-12-02,13,346,60.0,False,0.6038,0.0588,0.7358,7.74,-1,-11
IDEX,2020-11-20,2020-11-23,2020-11-25,6,317,28.7,False,1.1833,0.0344,1.625,20.9,1,1
LGVW,2020-11-20,2020-11-24,2020-11-27,8,805,253.0,False,0.6481,0.0185,0.7617,307.92,1,-4
THCB,2020-11-20,2020-11-24,2020-11-24,5,2662,911.0,False,0.0867,0.0,0.1879,10.49,3,3
DBX,2020-11-21,2020-12-14,2020-12-14,24,929,59.1,False,0.2254,0.0,0.2554,1.41,3,0
APXT,2020-11-23,2020-11-27,2020-11-27,5,1646,1028.0,False,0.399,0.0,0.5084,119.21,3,0
BBY,2020-11-23,2021-01-28,2021-02-04,74,4060,37.5,False,-0.0573,0.0136,0.0243,1.41,-66,-65
MGNI,2020-11-23,2020-11-25,2020-11-27,5,580,184.3,False,0.2894,0.0258,0.3227,1.63,2,-6
NBAC,2020-11-23,2020-11-25,2020-11-25,3,409,132.1,False,1.1941,0.0,1.1941,103.51,0,0
THCA,2020-11-23,2020-11-25,2020-12-03,11,568,107.0,False,0.0114,0.0262,0.0649,164.79,6,6
NKLA,2020-11-24,2020-11-30,2020-12-03,10,4008,10.2,False,-0.306,-0.0701,0.1731,3.23,-6,0
NVAX,2020-11-24,2020-11-30,2020-12-02,9,361,14.7,False,0.4844,-0.1005,0.4844,2.37,0,0
RMG,2020-11-24,2020-12-24,2020-12-29,36,749,35.3,False,2.0088,-0.2059,2.0088,7.01,0,4
THC,2020-11-24,2020-11-27,2020-12-03,10,1026,88.0,False,0.0055,0.0012,0.0575,0.49,7,-4
VALE,2020-11-24,2020-12-17,2020-12-23,30,1608,37.4,False,0.3063,-0.0232,0.3169,1.11,1,-23
CRM,2020-11-25,2020-12-02,2020-12-22,28,5258,62.7,False,-0.1536,0.0471,0.0,2.7,-8,0
FCN,2020-11-25,2020-11-25,2020-12-21,27,335,5.6,False,-0.0055,0.0627,0.0675,0.61,23,9
IBKR,2020-11-25,2021-01-28,2021-01-29,66,3689,139.4,False,0.2035,-0.0365,0.3242,1.55,-20,1
IPOB,2020-11-25,2020-12-08,2020-12-20,26,737,4.3,False,0.3413,0.173,0.5733,1.81,10,-1
LCA,2020-11-25,2020-12-03,2020-12-29,35,720,6.1,False,0.2101,0.2867,0.6029,2.78,25,15
NGA,2020-11-25,2020-12-01,2020-12-28,34,1303,38.4,False,0.1559,0.3773,0.6112,11.3,23,-1
SNOW,2020-11-25,2020-12-04,2020-12-23,29,1118,6.6,False,0.3743,-0.1446,0.3825,3.85,4,11
SRAC,2020-11-25,2020-11-27,2020-11-27,3,333,16.3,False,0.2279,0.0,0.2558,6.52,5,0
NAV,2020-11-26,2021-03-04,2021-03-09,104,12916,26.7,False,0.0018,-0.0005,0.007,0.49,-85,-94
APHA,2020-11-27,2020-11-30,2020-12-04,8,2864,19.0,False,0.1954,0.0131,0.2111,1.41,4,0
CRSP,2020-11-27,2020-12-21,2021-02-22,88,3707,16.2,False,0.5167,-0.1695,0.9095,3.06,24,0
GME,2020-11-27,2020-11-30,2020-12-09,13,20672,18.9,False,0.1227,-0.1751,0.1485,2.15,8,0
LMND,2020-11-27,2020-12-10,2020-12-31,35,1273,12.3,False,0.4614,0.2287,0.9708,3.27,13,-7
AMD,2020-11-30,2020-11-30,2020-12-23,24,4948,3.4,False,0.0627,-0.012,0.1139,1.03,15,0
CHWY,2020-11-30,2020-12-08,2020-12-29,30,2082,11.6,False,0.066,0.1487,0.4477,1.78,13,1
DMYD,2020-11-30,2020-12-08,2020-12-22,23,636,84.0,False,0.0536,0.3707,0.5086,4.58,16,1
FUSE,2020-11-30,2021-01-29,2021-02-03,66,3180,38.4,False,0.1443,0.0569,0.2395,17.43,10,-32
GIX,2020-11-30,2020-11-30,2020-12-10,11,458,23.3,False,0.0,0.0224,0.0839,7.39,7,7
PSTH,2020-11-30,2020-11-30,2020-12-08,9,1761,8.4,False,0.0404,-0.015,0.0404,3.8,0,0
BB,2020-12-01,2020-12-01,2020-12-07,7,785,68.7,False,0.1925,0.1786,0.4514,29.63,3,0
SPLK,2020-12-02,2020-12-04,2020-12-09,8,326,36.7,False,-0.2197,-0.034,0.0,7.42,-3,-1
FSLY,2020-12-04,2020-12-04,2020-12-08,5,670,11.9,False,0.0708,0.105,0.1832,3.62,4,0
GHIV,2020-12-04,2020-12-10,2021-01-21,49,5326,142.0,False,0.1198,0.0123,0.3566,21.56,18,13
INTC,2020-12-04,2020-12-04,2020-12-08,5,453,2.9,False,0.0195,-0.0249,0.0195,1.11,0,-3
SBUX,2020-12-04,2020-12-04,2020-12-21,18,434,3.3,False,0.0217,0.0065,0.0527,0.99,6,6
SUMO,2020-12-04,2020-12-07,2020-12-08,5,329,26.3,False,-0.0534,0.1805,0.1559,5.76,-3,0
VLDR,2020-12-04,2020-12-08,2020-12-22,19,2056,71.4,False,0.3893,0.3138,0.8253,6.37,14,14
TIGR,2020-12-06,2021-02-12,2021-03-06,91,4661,10.4,False,4.4392,-0.356,5.6642,3.54,4,-9
BFT,2020-12-07,2020-12-14,2021-01-13,38,4724,158.3,False,0.3757,0.1177,0.5377,30.28,30,-7
IPOC,2020-12-07,2021-01-07,2021-01-07,32,1312,16.1,False,0.5243,0.0,0.6242,6.15,-10,-1
SPCE,2020-12-07,2020-12-14,2020-12-18,12,3302,5.6,False,-0.079,-0.0994,0.1761,1.98,-7,0
UEC,2020-12-07,2020-12-08,2020-12-16,10,323,18.9,False,0.2231,0.1554,0.5207,3.62,9,-1
PENN,2020-12-08,2021-02-05,2021-02-12,67,1361,12.6,False,0.7818,-0.0783,0.7818,1.22,0,-49
TCBI,2020-12-08,2020-12-11,2020-12-12,5,476,7.8,False,0.0049,0.0,0.0396,0.63,5,-7
GLSI,2020-12-09,2020-12-09,2020-12-11,3,537,264.0,False,9.9835,-0.0193,12.8919,363.56,1,0
ROKU,2020-12-09,2020-12-17,2020-12-28,20,550,7.1,False,0.0763,0.0332,0.1778,1.06,6,0
SLS,2020-12-10,2020-12-11,2020-12-14,5,368,142.0,False,0.3099,-0.2007,1.7637,57.68,-1,-1
DIS,2020-12-11,2020-12-11,2020-12-14,4,930,21.2,False,0.1359,-0.0365,0.1359,5.64,0,0
FDX,2020-12-14,2020-12-17,2020-12-21,8,693,12.7,False,0.0096,-0.0695,0.0202,2.36,-8,1
SWI,2020-12-14,2020-12-18,2020-12-21,8,580,150.0,False,-0.3979,0.1368,0.0,16.7,-7,3
VSPR,2020-12-14,2020-12-23,2021-01-11,29,480,16.3,False,0.0423,0.0027,0.1268,1.09,5,-14
BTWN,2020-12-15,2020-12-15,2020-12-29,15,525,49.5,False,0.2256,0.176,0.5542,5.5,13,0
CLF,2020-12-15,2020-12-17,2020-12-23,9,447,15.2,False,0.0618,0.0201,0.0831,0.83,6,-7
ENPH,2020-12-15,2021-01-06,2021-01-26,43,1609,9.9,False,0.4019,-0.0789,0.4735,1.69,1,0
MT,2020-12-15,2020-12-16,2020-12-22,8,635,134.0,False,0.0964,-0.0069,0.1077,1.38,1,-1
MVIS,2020-12-15,2020-12-23,2020-12-28,14,646,40.9,False,1.1246,0.009,1.9617,9.49,-1,-1
THBR,2020-12-15,2020-12-16,2021-01-08,25,631,80.0,False,0.0182,0.262,0.3522,66.26,12,12
TLRY,2020-12-15,2020-12-16,2020-12-17,3,652,27.5,False,0.2659,-0.0397,0.2659,2.15,0,0
NPA,2020-12-16,2021-01-14,2021-01-26,42,2081,155.0,False,0.4012,-0.0201,0.5717,60.8,5,-29
TDOC,2020-12-16,2020-12-17,2020-12-29,14,445,4.1,False,0.0036,0.011,0.0679,1.15,6,-1
CCMP,2020-12-17,2021-01-11,2021-01-13,28,701,2.4,False,0.0836,0.036,0.1482,1.19,3,-5
FUBO,2020-12-17,2020-12-22,2021-01-05,20,1474,12.6,False,1.0875,-0.5592,1.0875,5.93,0,14
MARA,2020-12-17,2020-12-17,2020-12-30,14,925,7.2,False,0.1507,0.1489,0.6974,1.47,5,0
CRWD,2020-12-18,2020-12-18,2020-12-28,11,533,7.9,False,0.0999,0.0432,0.214,1.49,4,0
FEYE,2020-12-18,2020-12-18,2020-12-23,6,725,42.1,False,0.3373,0.2501,0.6718,9.63,5,0
INTC,2020-12-18,2020-12-18,2020-12-21,4,589,3.6,False,-0.063,-0.0232,0.0093,2.52,-2,0
TXG,2020-12-19,2020-12-19,2021-02-15,59,1770,15.0,False,,,0.2875,0.78,55,18
AAPL,2020-12-21,2020-12-22,2021-03-12,82,78559,5.0,True,0.0413,-0.0823,0.1303,1.06,35,-4
OCGN,2020-12-22,2020-12-23,2021-01-05,15,1127,212.0,False,7.8435,0.0654,9.4422,20.9,12,0
BABA,2020-12-24,2020-12-24,2020-12-30,7,6871,12.1,False,-0.1334,0.0738,0.0166,5.82,-3,0
BNGO,2020-12-24,2021-01-04,2021-01-05,13,1734,187.5,False,8.2903,-0.3125,8.2903,33.24,0,-5
JACK,2020-12-24,2021-01-04,2021-01-14,22,325,12.3,False,-0.0266,0.0651,0.0781,0.94,15,-7
BBBY,2020-12-29,2021-01-06,2021-01-07,10,812,47.1,False,0.1204,-0.1094,0.1468,2.27,6,1
PACB,2020-12-29,2021-01-08,2021-01-12,15,333,8.8,False,0.3424,-0.0944,0.3797,1.3,6,0
REGI,2020-12-29,2021-01-07,2021-03-21,83,3886,5.7,True,0.1881,-0.234,0.5341,0.99,34,69
ACB,2021-01-04,2021-01-06,2021-01-07,4,488,16.5,False,0.2359,-0.0078,0.2708,2.48,6,0
CHEK,2021-01-04,2021-01-05,2021-01-06,3,375,208.0,False,2.7609,-0.104,2.7609,42.05,0,-1
GOLD,2021-01-04,2021-01-29,2021-02-01,29,1584,66.9,False,-0.018,0.0076,0.0874,1.35,-22,-25
ZOM,2021-01-04,2021-01-12,2021-01-14,11,1581,53.8,False,4.6375,-0.2231,4.6375,7.02,0,-1
SNDL,2021-01-05,2021-01-28,2021-02-03,30,39522,1085.9,False,0.5,0.4667,1.3273,3.09,11,0
TNXP,2021-01-05,2021-01-13,2021-01-14,10,718,46.8,False,0.3985,-0.0435,0.3985,2.61,0,-2
WKHS,2021-01-05,2021-01-26,2021-02-10,37,2138,23.5,False,0.5023,0.1952,0.93,1.67,9,0
XOM,2021-01-05,2021-01-15,2021-01-15,11,391,3.2,False,0.154,0.0,0.2123,1.32,-1,-10
NVDA,2021-01-06,2021-01-09,2021-01-21,16,1864,3.9,False,-0.0095,0.0445,0.0345,1.35,12,-3
SPWR,2021-01-06,2021-01-28,2021-02-09,35,1197,17.1,False,1.1378,-0.0713,1.1831,1.78,1,-22
TWTR,2021-01-06,2021-01-28,2021-02-02,28,43359,39.5,False,-0.0429,0.0471,0.0538,1.87,8,-17
IPOD,2021-01-07,2021-01-27,2021-02-25,50,1476,10.7,False,0.0583,0.0,0.3408,2.52,-6,-6
IPOF,2021-01-07,2021-01-07,2021-03-12,65,3386,8.5,False,0.0811,-0.0627,0.3193,1.96,28,46
PLUG,2021-01-07,2021-01-12,2021-01-26,20,6748,17.0,False,0.8863,0.1085,1.0909,2.28,14,1
PTE,2021-01-07,2021-01-08,2021-01-13,7,448,124.0,False,0.7778,-0.1288,0.7778,17.86,0,0
SRPT,2021-01-07,2021-01-11,2021-01-20,14,664,171.0,False,-0.4607,0.078,0.015,8.71,-4,-3
ACEV,2021-01-08,2021-01-08,2021-02-16,40,527,25.6,False,-0.0467,0.1215,0.0733,4.01,40,0
AUVI,2021-01-08,2021-01-28,2021-02-11,35,2508,19.9,False,0.0544,1.7401,3.1234,37.87,12,12
FTIV,2021-01-08,2021-02-12,2021-03-04,56,3282,4.1,False,0.0082,-0.0883,0.1353,0.51,-21,-29
GCP,2021-01-08,2021-01-28,2021-02-11,35,2468,19.0,False,-0.0222,0.0837,0.0729,0.77,12,-22
PSTH,2021-01-08,2021-01-08,2021-01-12,5,1602,6.6,False,0.0724,-0.0242,0.0871,2.06,7,0
TSLA,2021-01-08,2021-01-08,2021-01-12,5,24775,4.3,False,0.0784,-0.0347,0.0784,1.1,0,0
TSM,2021-01-08,2021-01-14,2021-01-26,19,1782,14.7,False,0.0413,0.0016,0.1048,2.63,7,0
CCIV,2021-01-11,2021-01-12,2021-02-05,26,14625,356.5,False,0.4108,1.4488,2.4546,51.44,24,3
CCX,2021-01-11,2021-01-12,2021-02-25,46,1796,35.3,False,0.0019,-0.0447,0.0152,1.48,8,-5
CCXI,2021-01-11,2021-02-23,2021-02-25,46,1591,90.8,False,0.0583,-0.0086,0.0895,0.82,6,-27
MARA,2021-01-11,2021-01-11,2021-01-14,4,710,4.6,False,-0.1148,0.0462,0.0,1.21,-3,-4
SNR,2021-01-11,2021-01-28,2021-02-08,29,1058,15.7,False,0.0037,0.0788,0.0827,0.7,11,15
ACTC,2021-01-12,2021-01-12,2021-01-14,3,397,39.1,False,1.0673,0.0016,1.388,54.42,7,0
FCEL,2021-01-12,2021-01-12,2021-01-28,17,2071,6.3,False,0.2095,0.1538,0.3956,1.07,16,1
GEVO,2021-01-12,2021-01-27,2021-02-02,22,1330,28.0,False,1.3228,-0.0605,1.6218,1.62,-2,-8
GSAH,2021-01-12,2021-01-29,2021-02-04,24,647,9.3,False,0.023,0.0562,0.1327,3.16,-4,-10
NGA,2021-01-12,2021-01-13,2021-01-21,10,858,6.6,False,0.2207,-0.0395,0.3915,2.45,2,1
SOLO,2021-01-12,2021-02-04,2021-02-05,25,420,11.7,False,0.3112,-0.0833,0.3112,1.52,0,-23
GME,2021-01-13,2021-01-28,2021-02-04,23,865463,124.2,False,8.7043,-0.7237,16.419,8.57,-1,-6
INTC,2021-01-13,2021-01-21,2021-01-22,10,3104,13.6,False,0.1732,-0.0929,0.1732,1.8,0,-8
NFLX,2021-01-13,2021-01-19,2021-02-12,31,7535,12.3,False,0.0152,0.1091,0.1863,1.78,1,1
NNDM,2021-01-13,2021-01-22,2021-02-10,29,1475,14.2,False,0.5309,0.089,0.7787,1.18,18,-8
BB,2021-01-14,2021-01-27,2021-02-01,19,31069,208.2,False,2.3737,-0.4171,2.3737,12.12,0,0
BERY,2021-01-14,2021-01-27,2021-02-01,19,1458,115.8,False,-0.0857,0.0169,0.0643,1.24,9,9
BLK,2021-01-14,2021-02-03,2021-02-08,26,6224,117.0,False,-0.0714,0.0033,0.0,1.28,-21,-20
BRLI,2021-01-14,2021-01-30,2021-02-05,23,2729,19.5,False,-0.0317,0.0178,0.0,0.53,-17,-17
BRY,2021-01-14,2021-01-27,2021-02-01,19,1394,114.4,False,-0.129,-0.0097,0.0359,0.61,-15,-15
BYND,2021-01-14,2021-01-26,2021-01-27,14,577,16.6,False,0.4905,0.0281,0.5323,2.84,1,0
ELF,2021-01-14,2021-01-29,2021-02-09,27,1416,12.8,False,-0.0473,0.0671,0.0512,0.84,-10,6
FTOC,2021-01-14,2021-02-03,2021-02-12,30,1955,25.6,False,0.3662,-0.0785,0.3662,10.85,0,0
NOK,2021-01-14,2021-01-27,2021-01-29,16,151527,3570.6,False,0.6457,-0.3038,0.6457,11.44,0,0
SENS,2021-01-14,2021-02-16,2021-03-04,50,4273,205.8,False,4.924,-0.4896,4.924,4.57,0,-28
SPCE,2021-01-14,2021-01-14,2021-01-19,6,1236,8.3,False,0.1985,-0.0418,0.2438,2.33,8,0
TRCH,2021-01-14,2021-02-16,2021-03-04,50,862,20.2,False,2.0426,-0.5058,2.0426,3.84,0,-6
ZNTE,2021-01-14,2021-01-21,2021-01-27,14,448,28.2,False,0.187,-0.0692,0.237,4.81,1,0
AMC,2021-01-15,2021-01-28,2021-02-03,20,504049,4304.9,False,2.9587,0.0394,8.1284,13.27,-1,-1
ELY,2021-01-15,2021-01-20,2021-02-11,28,1052,32.5,False,0.0695,0.0598,0.1734,1.34,19,22
EXPR,2021-01-15,2021-01-27,2021-01-28,14,4595,192.6,False,6.4609,-0.5079,6.4609,18.85,0,-2
INVH,2021-01-15,2021-01-19,2021-01-28,14,467,87.4,False,0.0169,-0.0146,0.0508,1.03,13,-5
LUMN,2021-01-15,2021-01-26,2021-01-27,13,675,54.4,False,0.2889,0.0528,0.3569,2.26,1,1
SPOT,2021-01-15,2021-01-29,2021-02-05,22,1804,19.9,False,-0.0797,-0.0134,0.0176,1.79,-8,5
TELL,2021-01-15,2021-01-27,2021-02-05,22,3262,113.7,False,0.7412,0.1351,1.3235,3.94,-2,-12
WEN,2021-01-15,2021-01-27,2021-02-12,29,1567,8.3,False,-0.0096,0.0184,0.0441,1.5,-8,12
AUPH,2021-01-19,2021-01-23,2021-01-27,9,644,47.6,False,0.1165,0.0801,0.4072,3.83,2,2
PUMP,2021-01-19,2021-02-03,2021-02-03,16,16340,1271.1,False,0.0546,0.0,0.2389,1.07,5,2
VERY,2021-01-19,2021-01-29,2021-02-03,16,3042,49.5,False,0.0595,0.0169,0.2262,0.9,7,7
ANTM,2021-01-20,2021-01-30,2021-02-02,14,1644,117.1,False,-0.0825,0.0068,0.0084,1.53,-15,-3
CLII,2021-01-20,2021-01-22,2021-02-01,13,696,7.4,False,0.6641,-0.0468,0.6694,38.87,4,0
F,2021-01-20,2021-01-21,2021-01-26,7,599,58.8,False,0.1507,-0.0295,0.1507,2.08,0,0
GSAT,2021-01-20,2021-01-28,2021-01-29,10,592,51.1,False,0.2256,-0.0708,0.4859,2.1,-8,-8
INSE,2021-01-20,2021-01-30,2021-02-04,16,2012,32.1,False,-0.1004,0.0427,0.1684,1.43,10,10
AMD,2021-01-21,2021-01-21,2021-02-19,30,14635,4.7,False,0.0313,-0.0213,0.0672,1.08,5,6
ATOS,2021-01-21,2021-02-04,2021-02-05,16,2564,111.5,False,1.8117,-0.1016,1.8117,4.01,0,-9
CNXN,2021-01-21,2021-01-28,2021-02-04,15,1654,16.6,False,-0.0597,0.0227,0.0226,1.41,-3,1
IBM,2021-01-21,2021-01-21,2021-02-01,12,521,11.9,False,0.0121,-0.0844,0.0121,2.94,0,1
LIVE,2021-01-21,2021-01-27,2021-02-03,14,4145,165.5,False,0.4565,-0.0738,0.4565,0.99,0,-1
RGP,2021-01-21,2021-01-28,2021-02-04,15,1659,16.6,False,-0.0514,0.0398,0.0233,0.96,11,-9
SPB,2021-01-21,2021-01-28,2021-02-04,15,1251,16.7,False,-0.04,0.0458,0.0357,1.12,11,8
SPPI,2021-01-21,2021-01-28,2021-02-06,17,1366,16.5,False,-0.1222,0.0613,0.0,1.13,-8,11
BRO,2021-01-22,2021-01-27,2021-02-05,15,1566,35.1,False,-0.0712,0.0157,0.0057,1.57,-2,-1
CASH,2021-01-22,2021-01-28,2021-02-02,12,3253,188.2,False,0.0276,0.0342,0.1114,0.84,7,7
CRSR,2021-01-22,2021-02-09,2021-02-16,26,7133,8.9,False,0.217,-0.1043,0.2521,2.12,-1,-13
DISCB,2021-01-22,2021-01-28,2021-02-11,21,871,10.4,False,0.0614,0.1941,0.2938,1.56,19,-1
DISCK,2021-01-22,2021-01-28,2021-02-11,21,875,10.6,False,0.0774,0.1168,0.2573,2.11,15,-1
DOOR,2021-01-22,2021-01-28,2021-02-05,15,1362,145.5,False,-0.0572,0.0603,0.0334,1.08,11,-1
EAT,2021-01-22,2021-01-28,2021-01-29,8,2596,294.4,False,-0.0317,-0.0164,0.0346,1.99,-3,-1
FAST,2021-01-22,2021-01-29,2021-02-05,15,1503,72.5,False,-0.0535,0.0375,0.0468,1.1,-10,-9
FLY,2021-01-22,2021-01-28,2021-02-02,12,1873,48.2,False,0.0195,-0.0171,0.0851,0.45,8,8
HEAR,2021-01-22,2021-01-29,2021-02-05,15,1677,41.3,False,0.1974,-0.0157,0.2691,1.26,12,12
PLTR,2021-01-22,2021-01-22,2021-01-27,6,15875,3.4,False,0.254,0.1971,0.5012,3.49,5,3
RIDE,2021-01-22,2021-01-28,2021-02-04,14,4784,49.8,False,0.0546,0.0825,0.1508,0.76,12,-2
RTP,2021-01-22,2021-02-24,2021-03-10,48,1340,11.3,False,-0.0182,-0.1842,0.1451,5.04,-8,0
SHIP,2021-01-22,2021-01-27,2021-02-02,12,1586,90.3,False,0.0495,-0.0189,0.198,1.49,-2,2
SKY,2021-01-22,2021-01-28,2021-02-04,14,1416,36.0,False,-0.0851,0.2038,0.187,1.44,11,5
SON,2021-01-22,2021-01-29,2021-02-02,12,383,29.7,False,-0.0493,0.014,0.0115,1.25,-9,0
STAY,2021-01-22,2021-01-28,2021-02-02,12,5171,183.3,False,-0.0245,-0.0252,0.0052,0.91,-8,5
WAT,2021-01-22,2021-02-04,2021-02-05,15,1277,29.3,False,0.056,-0.0104,0.0739,1.62,-2,-2
WORK,2021-01-22,2021-01-27,2021-02-01,11,2664,41.2,False,-0.0087,0.0109,0.0193,1.02,9,0
WOW,2021-01-22,2021-01-28,2021-02-05,15,1255,42.5,False,0.0027,-0.0205,0.0448,0.81,13,11
TR,2021-01-23,2021-01-27,2021-01-29,7,700,267.0,False,0.4217,-0.0763,0.4217,15.66,0,0
GS,2021-01-24,2021-01-31,2021-02-01,9,934,17.7,False,-0.063,0.0131,0.0166,1.02,-12,-12
ACRX,2021-01-25,2021-01-25,2021-02-10,17,366,54.0,False,0.2618,0.0954,0.4503,1.03,15,0
AIN,2021-01-25,2021-01-29,2021-02-02,9,1092,73.7,False,-0.0938,0.0364,0.0185,1.26,-9,-2
AMCX,2021-01-25,2021-01-27,2021-02-01,8,1995,33.3,False,-0.0225,0.0704,0.2116,4.7,-1,0
ATEN,2021-01-25,2021-01-28,2021-02-05,12,1303,16.3,False,0.0101,0.0569,0.1806,1.02,12,13
BBBY,2021-01-25,2021-01-27,2021-01-29,5,6030,18.9,False,0.7507,-0.332,0.7507,4.06,0,0
BGS,2021-01-25,2021-01-27,2021-03-23,58,1242,6.6,False,0.3661,-0.1995,0.3661,1.46,0,-2
BOOM,2021-01-25,2021-01-27,2021-02-05,12,1249,46.7,False,-0.0271,0.1506,0.1446,1.74,13,2
CALM,2021-01-25,2021-01-28,2021-02-02,9,545,97.0,False,0.0398,-0.017,0.0652,0.84,-1,-1
CARE,2021-01-25,2021-01-28,2021-02-04,11,1027,104.8,False,-0.0832,0.0569,0.0195,1.03,-8,-1
CUZ,2021-01-25,2021-01-28,2021-02-02,9,734,32.5,False,-0.0363,0.016,0.0275,1.2,-8,4
DARE,2021-01-25,2021-01-29,2021-02-02,9,572,39.0,False,-0.226,-0.0686,0.0274,0.44,-9,-9
ERIC,2021-01-25,2021-02-01,2021-02-02,9,809,32.9,False,0.0778,0.0024,0.115,3.72,3,-5
ESTA,2021-01-25,2021-01-28,2021-01-31,7,2540,154.3,False,-0.0259,-0.0196,0.0368,0.37,8,-7
FAT,2021-01-25,2021-01-28,2021-02-02,9,610,43.5,False,0.0837,0.0094,0.3067,0.84,8,7
FIZZ,2021-01-25,2021-01-27,2021-02-01,8,491,25.6,False,0.8439,-0.2751,0.8439,6.88,0,0
GNUS,2021-01-25,2021-01-27,2021-01-28,4,2064,189.8,False,0.949,-0.3562,0.949,8.17,0,0
GOGO,2021-01-25,2021-01-27,2021-01-28,4,391,212.0,False,0.1337,-0.0561,0.2046,4.62,-1,-2
GTES,2021-01-25,2021-01-28,2021-02-03,10,1804,17.7,False,-0.0054,0.0054,0.0709,1.4,-2,-2
HES,2021-01-25,2021-02-02,2021-02-03,10,2057,165.2,False,-0.0909,0.0712,0.0389,1.21,-13,-8
HOME,2021-01-25,2021-01-29,2021-02-04,11,721,33.1,False,-0.0225,-0.0254,0.0389,0.83,-3,-8
HOPE,2021-01-25,2021-01-28,2021-02-05,12,1472,51.0,False,-0.0709,0.0217,0.0,1.03,-6,1
INFO,2021-01-25,2021-02-01,2021-02-05,12,737,54.7,False,0.003,0.011,0.0384,0.98,9,8
IVR,2021-01-25,2021-01-27,2021-02-04,11,447,20.8,False,0.1882,-0.1017,0.1882,2.48,0,-1
JOB,2021-01-25,2021-01-29,2021-02-01,8,1019,130.0,False,-0.1102,0.0575,0.1417,0.38,7,-9
KOSS,2021-01-25,2021-01-28,2021-01-29,5,1838,1018.0,False,11.5629,0.5253,18.1617,16.61,1,-2
MAC,2021-01-25,2021-01-27,2021-02-01,8,2082,38.5,False,0.5705,-0.374,0.5705,5.74,0,0
MARK,2021-01-25,2021-02-02,2021-02-03,10,1194,101.7,False,0.2627,0.2081,0.7333,1.75,6,1
MSGN,2021-01-25,2021-01-28,2021-02-05,12,1310,16.3,False,0.1151,0.0322,0.1883,1.84,-1,0
NP,2021-01-25,2021-01-29,2021-02-01,8,362,30.9,False,-0.0596,0.0232,0.0137,1.15,-9,-2
PEAK,2021-01-25,2021-01-28,2021-02-02,9,392,64.6,False,-0.0056,0.011,0.0169,1.02,7,7
RKT,2021-01-25,2021-01-27,2021-02-09,16,2588,7.7,False,0.1471,-0.0761,0.1566,1.93,-2,-2
SAVE,2021-01-25,2021-01-27,2021-02-05,12,2470,96.6,False,-0.0802,0.1745,0.1811,1.43,14,7
SGRY,2021-01-25,2021-01-27,2021-02-05,12,1045,18.5,False,-0.0126,0.2117,0.3325,3.87,5,1
SPRQ,2021-01-25,2021-01-25,2021-02-04,11,362,47.5,False,0.2134,-0.0858,0.2134,10.92,0,0
TOWN,2021-01-25,2021-01-27,2021-01-29,5,359,30.3,False,-0.0832,-0.0165,0.0,0.91,-5,-5
TRIT,2021-01-25,2021-01-27,2021-02-05,12,383,12.6,False,0.0774,-0.0995,0.1198,2.27,-1,-2
VXRT,2021-01-25,2021-02-03,2021-02-11,18,2195,332.7,False,0.3796,-0.1208,2.2675,7.0,-1,0
AGO,2021-01-26,2021-01-28,2021-02-05,11,752,51.3,False,0.0108,0.0061,0.0227,0.76,12,-7
ALOT,2021-01-26,2021-01-27,2021-02-02,8,616,58.6,False,0.0477,-0.0187,0.0486,1.11,1,-1
ARC,2021-01-26,2021-01-31,2021-02-10,16,968,11.7,False,-0.0297,0.148,0.1634,1.03,12,9
BEAT,2021-01-26,2021-01-28,2021-02-03,9,984,72.9,False,-0.0032,-0.0026,0.0,1.63,-3,1
BKNG,2021-01-26,2021-02-19,2021-02-19,25,769,59.5,False,0.1361,0.0,0.2106,1.13,5,-25
CKX,2021-01-26,2021-01-29,2021-02-12,18,683,8.2,False,0.0028,0.0253,0.087,0.67,12,-1
CLVS,2021-01-26,2021-01-27,2021-02-08,14,759,161.8,False,0.0051,0.3023,0.3089,2.07,12,1
CRY,2021-01-26,2021-01-28,2021-02-03,9,768,94.8,False,-0.0341,0.005,0.0377,0.97,11,-6
DDS,2021-01-26,2021-01-27,2021-01-29,4,305,54.1,False,0.0908,-0.0767,0.1982,2.42,-1,0
DFS,2021-01-26,2021-02-19,2021-02-19,25,1291,33.1,False,0.0546,0.0,0.0999,1.0,5,-29
ELS,2021-01-26,2021-02-01,2021-02-12,18,896,5.7,False,-0.0108,-0.004,0.0122,0.95,-6,-10
EYES,2021-01-26,2021-01-27,2021-02-02,8,506,41.6,False,0.1388,-0.1176,0.1866,1.93,-1,-1
FNKO,2021-01-26,2021-01-30,2021-02-08,14,591,11.8,False,-0.0173,0.1556,0.1357,1.18,9,-3
FOLD,2021-01-26,2021-01-29,2021-01-29,4,907,293.2,False,-0.0749,0.0,0.0318,0.77,-7,4
GBNY,2021-01-26,2021-01-28,2021-02-05,11,1307,22.5,False,-0.002,-0.0061,0.0153,0.12,-2,-6
GMBL,2021-01-26,2021-02-04,2021-02-14,20,1124,9.3,False,0.081,0.8138,1.3922,4.96,6,4
GPRO,2021-01-26,2021-01-27,2021-02-05,11,919,32.4,False,0.0948,-0.1356,0.1885,2.75,5,9
IDEX,2021-01-26,2021-01-28,2021-01-28,3,1056,55.9,False,-0.0173,0.0,0.0767,1.01,5,-3
INO,2021-01-26,2021-02-01,2021-02-03,9,1343,65.6,False,0.7449,-0.1415,0.7449,3.57,0,0
KIDS,2021-01-26,2021-01-27,2021-02-02,8,542,61.4,False,0.1078,-0.0694,0.1078,1.52,0,0
LAND,2021-01-26,2021-01-29,2021-02-02,8,365,31.0,False,-0.0703,0.0451,0.0018,1.11,7,-3
LGND,2021-01-26,2021-01-28,2021-02-09,15,873,73.3,False,0.2281,0.1265,0.3834,4.25,12,-1
MIND,2021-01-26,2021-01-27,2021-02-03,9,495,40.4,False,0.0047,0.0141,0.0708,1.34,8,1
MSFT,2021-01-26,2021-01-26,2021-02-05,11,4340,4.0,False,0.0122,0.0425,0.062,1.4,14,1
MVIS,2021-01-26,2021-01-27,2021-01-28,3,351,13.5,False,0.0248,-0.0256,0.1228,0.99,-1,-1
NBA,2021-01-26,2021-01-29,2021-02-04,10,494,17.9,False,-0.0049,0.0302,0.0437,1.5,10,5
OEG,2021-01-26,2021-01-30,2021-02-01,7,897,72.2,False,-0.0214,0.0797,0.1811,0.96,-4,-5
ONTO,2021-01-26,2021-01-28,2021-02-02,8,535,59.7,False,-0.0271,0.0605,0.0378,1.6,7,4
OPK,2021-01-26,2021-01-27,2021-02-02,8,366,39.0,False,0.1076,-0.0522,0.1932,2.38,5,0
PLAN,2021-01-26,2021-01-28,2021-02-04,10,1230,80.0,False,-0.0123,0.1271,0.2019,1.23,11,-1
PLUS,2021-01-26,2021-01-28,2021-01-29,4,869,165.0,False,-0.0518,-0.0301,0.0097,1.41,-6,-1
PXD,2021-01-26,2021-02-19,2021-02-19,25,3977,11.6,False,0.0356,0.0,0.1603,0.84,5,-22
RACE,2021-01-26,2021-01-29,2021-02-10,16,666,7.2,False,-0.0094,-0.0049,0.0325,1.8,3,5
RBC,2021-01-26,2021-01-28,2021-01-29,4,1437,115.4,False,-0.0548,-0.004,0.0025,0.96,-7,5
RCKY,2021-01-26,2021-01-29,2021-02-06,12,455,10.3,False,0.0153,0.0592,0.0793,0.99,10,-4
ROAD,2021-01-26,2021-01-27,2021-02-09,15,974,7.7,False,-0.0561,-0.0483,0.0409,1.3,-6,6
ROCK,2021-01-26,2021-01-29,2021-02-04,10,617,29.7,False,-0.0633,0.0517,0.0149,0.66,10,11
SBUX,2021-01-26,2021-01-30,2021-02-02,8,821,11.3,False,-0.0642,0.05,0.0293,1.81,6,-3
SIRI,2021-01-26,2021-01-27,2021-01-31,6,508,46.7,False,0.1337,-0.0888,0.1337,2.71,0,0
SKM,2021-01-26,2021-01-26,2021-02-12,18,310,4.3,False,-0.0216,-0.0268,0.0,0.73,-1,3
SKT,2021-01-26,2021-01-27,2021-01-31,6,618,156.6,False,0.3036,-0.1361,0.3036,4.74,0,0
SPCE,2021-01-26,2021-01-28,2021-02-04,10,6911,14.3,False,0.1975,0.2693,0.5867,3.11,6,-1
SRNE,2021-01-26,2021-01-27,2021-02-01,7,868,45.5,False,0.6412,-0.0394,0.6412,2.71,0,0
STRA,2021-01-26,2021-02-03,2021-03-16,50,2149,6.3,False,-0.0227,-0.0276,0.0575,0.87,8,-13
TTOO,2021-01-26,2021-02-05,2021-02-05,11,481,87.7,False,0.4692,0.0,0.7962,2.67,3,0
VLY,2021-01-26,2021-01-31,2021-02-10,16,968,7.8,False,-0.0659,0.1538,0.0778,1.41,10,10
XSPA,2021-01-26,2021-01-28,2021-02-02,8,1461,90.9,False,0.1633,-0.0219,0.2194,2.34,-1,0
AAL,2021-01-27,2021-01-28,2021-01-29,3,2611,128.5,False,0.1655,-0.0514,0.1655,3.87,0,0
ACH,2021-01-27,2021-01-29,2021-02-02,7,811,73.2,False,-0.0794,0.068,0.0229,1.41,-7,-2
ACIU,2021-01-27,2021-01-28,2021-02-12,17,588,5.7,False,-0.0972,0.3361,0.3196,7.9,20,14
ADCT,2021-01-27,2021-01-28,2021-02-19,24,1166,6.5,False,-0.1105,0.0279,0.0062,1.3,-3,7
AG,2021-01-27,2021-01-30,2021-02-01,6,1621,438.0,False,0.268,0.2208,0.5479,3.83,2,2
AME,2021-01-27,2021-01-28,2021-02-05,10,377,78.0,False,0.0131,0.0193,0.0672,1.97,12,7
APPS,2021-01-27,2021-01-28,2021-02-04,9,638,25.6,False,-0.0139,0.2638,0.4858,1.54,12,7
AXDX,2021-01-27,2021-01-31,2021-02-03,8,332,45.5,False,-0.145,0.0614,0.2496,3.91,-4,-4
BAND,2021-01-27,2021-01-28,2021-02-03,8,341,13.1,False,0.0494,0.0135,0.0861,1.37,7,-1
BBW,2021-01-27,2021-01-28,2021-01-29,3,771,140.3,False,0.0692,0.1,0.4214,37.99,-1,-1
BRK,2021-01-27,2021-02-19,2021-02-19,24,1311,20.2,False,0.0435,0.0,0.0739,1.5,5,4
BRPA,2021-01-27,2021-01-28,2021-02-09,14,353,10.4,False,0.5096,-0.2713,0.7531,1.18,5,12
CCCC,2021-01-27,2021-01-28,2021-02-19,24,1170,6.5,False,-0.0484,0.1897,0.2234,0.86,13,26
CCMP,2021-01-27,2021-05-05,2021-05-05,99,7017,35.1,False,0.1083,0.0,0.2226,0.88,-29,-47
CECE,2021-01-27,2021-01-27,2021-03-04,37,800,4.1,False,-0.0535,0.1542,0.249,1.35,40,36
CIDM,2021-01-27,2021-02-08,2021-02-10,15,521,27.7,False,0.5778,-0.0516,0.5852,0.89,1,-4
CMCSA,2021-01-27,2021-01-29,2021-02-01,6,328,16.0,False,-0.0104,0.0117,0.0301,1.35,-1,-1
CNK,2021-01-27,2021-01-27,2021-02-09,14,712,26.0,False,0.0491,-0.1117,0.0491,1.39,0,0
COKE,2021-01-27,2021-01-27,2021-02-12,17,431,3.5,False,-0.0088,0.0166,0.0288,0.97,13,21
COST,2021-01-27,2021-02-04,2021-02-04,9,576,31.8,False,-0.025,0.0,0.0,0.99,-9,0
CPA,2021-01-27,2021-01-30,2021-02-27,32,572,6.1,False,-0.0003,0.1848,0.2136,1.22,31,33
CTRM,2021-01-27,2021-01-28,2021-01-29,3,2645,97.8,False,0.5621,0.0162,0.8182,2.41,4,-1
CUK,2021-01-27,2021-01-28,2021-02-03,8,530,24.7,False,0.0346,0.0561,0.1649,1.4,11,-3
CVS,2021-01-27,2021-02-19,2021-02-19,24,1141,29.7,False,-0.0513,0.0,0.0,1.11,-24,-3
DBX,2021-01-27,2021-01-27,2021-02-12,17,351,5.5,False,0.0928,0.0103,0.1189,1.07,9,0
DOW,2021-01-27,2021-01-29,2021-02-03,8,329,6.2,False,-0.0689,0.0665,0.0316,1.44,-7,0
ESI,2021-01-27,2021-01-28,2021-02-10,15,710,10.1,False,0.0254,-0.0098,0.0501,0.94,15,14
ETH,2021-01-27,2021-01-30,2021-02-28,33,5298,22.8,False,-0.0339,0.0833,0.0711,1.27,31,-1
FOSL,2021-01-27,2021-01-28,2021-02-24,29,766,4.9,False,0.1589,0.0628,0.8704,2.06,-1,-1
FOX,2021-01-27,2021-01-28,2021-02-03,8,318,30.4,False,-0.0832,-0.048,0.0,1.37,-2,-1
FRG,2021-01-27,2021-01-30,2021-02-11,16,361,7.7,False,0.0381,-0.0041,0.0607,1.12,5,-3
FRO,2021-01-27,2021-01-28,2021-02-04,9,330,26.6,False,-0.0397,0.0671,0.1025,1.1,11,1
FTHM,2021-01-27,2021-01-28,2021-02-10,15,410,8.9,False,-0.0222,0.137,0.3529,0.83,15,-3
FUBO,2021-01-27,2021-01-27,2021-02-04,9,2408,7.3,False,0.0644,0.092,0.1931,0.78,5,0
GFL,2021-01-27,2021-01-27,2021-03-04,37,808,4.4,False,-0.0258,0.116,0.1368,1.32,35,28
GRA,2021-01-27,2021-01-28,2021-02-11,16,452,6.6,False,-0.0005,0.0169,0.0343,0.78,11,1
GROW,2021-01-27,2021-01-29,2021-01-29,3,399,119.0,False,0.0335,0.0,0.1359,1.54,5,0
GRUB,2021-01-27,2021-02-01,2021-02-11,16,581,9.1,False,0.0118,-0.0658,0.0496,0.96,-10,2
GTHX,2021-01-27,2021-01-28,2021-02-19,24,1294,7.4,False,0.0763,0.1919,0.5549,2.23,14,19
GTIM,2021-01-27,2021-01-29,2021-02-11,16,849,9.5,False,-0.0411,0.2571,0.2911,0.85,10,14
GTT,2021-01-27,2021-01-28,2021-02-01,6,330,15.6,False,0.0151,0.0106,0.2203,2.08,-1,-1
IEC,2021-01-27,2021-01-31,2021-02-05,10,498,7.6,False,-0.1811,0.013,0.0,0.92,-5,-4
IHC,2021-01-27,2021-01-29,2021-02-02,7,328,9.6,False,-0.0425,0.013,0.05,1.24,-7,-3
ING,2021-01-27,2021-01-29,2021-01-29,3,444,104.8,False,-0.0403,0.0,0.0185,1.39,-7,-2
JAGX,2021-01-27,2021-01-28,2021-01-29,3,413,12.7,False,-0.1043,-0.0342,0.0215,0.47,-3,0
JAN,2021-01-27,2021-01-30,2021-02-01,6,596,18.5,False,0.3969,0.0433,1.014,4.94,-2,-2
JCS,2021-01-27,2021-01-28,2021-02-01,6,303,15.1,False,-0.0674,-0.0021,0.1233,1.4,7,-2
KEY,2021-01-27,2021-02-03,2021-02-03,8,721,231.8,False,0.0349,0.0,0.0836,1.12,5,-7
LPL,2021-01-27,2021-01-28,2021-02-08,13,932,11.1,False,-0.0278,0.0138,0.0383,2.16,15,1
MAX,2021-01-27,2021-01-29,2021-02-02,7,387,17.2,False,0.0159,0.0364,0.0713,1.18,5,-3
MCD,2021-01-27,2021-01-27,2021-02-05,10,440,3.5,False,-0.0389,0.027,0.0028,1.32,13,0
MIST,2021-01-27,2021-01-28,2021-02-11,16,371,8.5,False,-0.06,0.0838,0.1062,1.2,6,7
MKSI,2021-01-27,2021-01-30,2021-02-26,31,828,7.3,False,-0.1074,0.0432,0.0447,1.86,-8,9
MOD,2021-01-27,2021-02-04,2021-02-04,9,342,30.9,False,0.0418,0.0,0.1246,0.74,4,1
NAK,2021-01-27,2021-01-28,2021-02-01,6,576,66.8,False,0.2552,0.2373,0.553,4.27,4,4
NAKD,2021-01-27,2021-01-28,2021-01-29,3,21389,2425.2,False,2.5486,0.1871,3.2124,3.96,1,0
NATI,2021-01-27,2021-01-30,2021-02-26,31,823,7.3,False,-0.0496,0.0725,0.0693,0.81,12,-5
NCLH,2021-01-27,2021-02-19,2021-02-19,24,791,78.4,False,0.1348,0.0,0.3216,1.18,5,5
NDLS,2021-01-27,2021-01-29,2021-02-05,10,350,12.0,False,-0.0342,0.0514,0.0958,1.15,12,12
NVAX,2021-01-27,2021-01-29,2021-02-10,15,1089,19.9,False,0.7375,0.3504,1.516,2.93,10,0
NYC,2021-01-27,2021-01-30,2021-02-02,7,901,13.3,False,-0.0194,0.0114,0.0163,0.39,5,-5
OSS,2021-01-27,2021-01-27,2021-02-16,21,441,6.6,False,-0.0458,0.9307,1.1069,2.69,23,6
PATK,2021-01-27,2021-01-31,2021-02-05,10,631,17.0,False,-0.013,0.0943,0.1325,1.0,10,-6
PPL,2021-01-27,2021-01-28,2021-02-02,7,583,67.4,False,-0.0042,-0.0103,0.0,1.17,-2,-3
PRTH,2021-01-27,2021-01-28,2021-02-12,17,962,8.7,False,0.0506,-0.021,0.1,1.01,20,7
PRTY,2021-01-27,2021-01-29,2021-02-01,6,456,86.0,False,-0.011,0.0223,0.2118,1.36,7,0
PTCT,2021-01-27,2021-01-28,2021-02-19,24,1166,6.5,False,-0.0786,0.0303,0.0451,1.35,11,8
PYPL,2021-01-27,2021-02-19,2021-02-24,29,4139,9.0,False,0.1905,-0.0727,0.2647,1.67,-3,-15
RACA,2021-01-27,2021-01-28,2021-02-19,24,1165,6.4,False,-0.0408,0.1037,0.206,1.94,14,13
RAPT,2021-01-27,2021-01-28,2021-02-19,24,1165,6.5,False,-0.0492,0.0333,0.0686,0.53,15,-1
RPAY,2021-01-27,2021-01-28,2021-02-02,7,1503,121.8,False,-0.0426,0.0553,0.0364,1.18,8,1
SBAC,2021-01-27,2021-01-28,2021-02-01,6,303,15.1,False,-0.0275,0.0312,0.0159,1.03,5,6
SOS,2021-01-27,2021-03-03,2021-03-04,37,5630,133.1,False,2.8538,-0.153,5.0377,5.59,-14,0
STEP,2021-01-27,2021-01-29,2021-02-05,10,416,35.8,False,-0.0375,0.0612,0.071,0.73,12,12
TCBI,2021-01-27,2021-01-29,2021-02-03,8,1326,14.3,False,-0.052,0.081,0.0668,0.85,10,-7
TCRR,2021-01-27,2021-01-28,2021-02-19,24,1167,6.5,False,-0.0434,0.1091,0.0805,0.9,11,-1
TGTX,2021-01-27,2021-01-28,2021-02-19,24,1187,6.4,False,-0.0391,-0.016,0.0859,1.01,8,8
THCB,2021-01-27,2021-02-01,2021-02-02,7,1127,9.7,False,0.7073,-0.1265,0.7073,3.67,0,0
THO,2021-01-27,2021-01-28,2021-02-05,10,415,33.3,False,0.0052,-0.0038,0.0611,1.48,12,0
TMBR,2021-01-27,2021-01-27,2021-02-26,31,347,13.0,False,-0.1293,0.4062,1.0816,1.13,20,15
TRIP,2021-01-27,2021-01-29,2021-02-03,8,348,17.5,False,-0.0529,0.1127,0.1095,1.24,10,-2
TRVG,2021-01-27,2021-01-27,2021-01-29,3,331,194.0,False,0.519,-0.21,0.519,22.99,0,0
TXMD,2021-01-27,2021-02-08,2021-02-17,22,1059,115.4,False,0.451,-0.1667,0.6667,4.3,1,3
VBIV,2021-01-27,2021-02-02,2021-02-16,21,3005,5.1,False,0.2127,0.0183,0.3714,1.46,7,-1
VEL,2021-01-27,2021-01-27,2021-03-26,59,1123,5.3,False,0.0,0.2347,0.2917,1.32,51,50
VGAC,2021-01-27,2021-02-04,2021-02-05,10,499,24.1,False,0.293,-0.0912,0.293,4.83,0,0
VS,2021-01-27,2021-01-30,2021-02-12,17,1847,15.9,False,-0.0343,0.4485,0.5171,0.32,18,11
VTVT,2021-01-27,2021-01-28,2021-02-19,24,1205,6.5,False,-0.061,0.37,0.338,6.0,6,5
WBS,2021-01-27,2021-01-28,2021-02-04,9,348,27.5,False,-0.0506,0.0387,0.0139,0.84,12,-3
WFC,2021-01-27,2021-01-28,2021-01-30,4,701,15.4,False,-0.0182,-0.0302,0.0408,0.99,7,-1
WISH,2021-01-27,2021-01-28,2021-02-02,7,507,9.9,False,0.0498,0.0246,0.1509,0.8,4,-3
WNEB,2021-01-27,2021-01-29,2021-02-05,10,557,14.8,False,0.0079,0.1279,0.1918,1.67,12,7
WTI,2021-01-27,2021-06-21,2021-07-15,170,3463,7.8,True,0.9016,-0.1422,1.0779,1.06,10,-108
ZEAL,2021-01-27,2021-01-29,2021-02-02,7,1095,53.6,False,-0.1331,0.0317,0.0111,4.43,-7,5
ZNGA,2021-01-27,2021-02-11,2021-02-12,17,951,27.8,False,0.1553,-0.0317,0.1553,1.1,0,0
ZOM,2021-01-27,2021-02-08,2021-02-12,17,5784,9.7,False,1.7557,-0.0481,1.7557,0.73,0,-3
ALGN,2021-01-28,2021-02-19,2021-02-19,23,986,38.4,False,0.1758,0.0,0.2174,1.35,-14,-15
ASX,2021-01-28,2021-01-30,2021-02-22,26,603,14.4,False,-0.0263,0.1922,0.269,1.46,13,18
BCRX,2021-01-28,2021-01-30,2021-02-02,6,1051,162.3,False,-0.0274,0.2359,0.3527,3.82,2,2
CVLB,2021-01-28,2021-02-10,2021-02-12,16,1370,7.1,False,0.9665,-0.0416,0.9697,2.41,7,-9
DISCA,2021-01-28,2021-01-28,2021-02-11,15,736,6.7,False,-0.065,0.1104,0.0896,0.91,15,-1
EVOL,2021-01-28,2021-01-28,2021-02-20,24,376,4.9,False,-0.0722,0.5268,0.575,1.8,19,19
GENE,2021-01-28,2021-02-05,2021-02-12,16,361,6.3,False,-0.0891,0.08,0.2267,0.26,12,12
GTE,2021-01-28,2021-01-28,2021-02-02,6,821,144.0,False,0.3208,0.0063,0.3727,14.02,4,0
HD,2021-01-28,2021-01-28,2021-03-17,49,1212,6.2,False,0.0146,0.0071,0.0549,1.24,50,27
HFFG,2021-01-28,2021-02-08,2021-03-18,50,957,4.7,False,0.0098,-0.0414,0.0258,0.83,32,39
HIHO,2021-01-28,2021-01-29,2021-02-05,9,316,12.2,False,0.0458,-0.0396,0.1983,1.5,-3,-3
HIMS,2021-01-28,2021-01-28,2021-03-01,33,487,26.5,False,0.2729,-0.0809,0.8801,1.46,11,4
JPM,2021-01-28,2021-01-31,2021-02-01,5,1284,14.7,False,0.0063,0.0074,0.0813,0.84,4,-4
LTC,2021-01-28,2021-02-02,2021-02-25,29,1173,35.2,False,0.0069,0.0436,0.0726,0.99,9,-4
LUV,2021-01-28,2021-02-19,2021-02-19,23,849,47.9,False,0.1961,0.0,0.3429,1.11,5,5
MASS,2021-01-28,2021-01-31,2021-03-02,34,1174,4.0,False,0.0272,0.0,0.3979,0.96,16,32
MTX,2021-01-28,2021-01-28,2021-03-23,55,907,6.9,False,0.0067,0.1546,0.2671,1.28,48,50
NYT,2021-01-28,2021-01-31,2021-01-31,4,1357,117.6,False,-0.0984,0.0,0.0211,1.71,-5,-4
OBNK,2021-01-28,2021-02-13,2021-02-24,28,929,9.8,False,0.141,0.0559,0.2217,1.2,16,-16
OCGN,2021-01-28,2021-02-08,2021-02-09,13,4143,43.5,False,8.5241,-0.2024,8.5241,5.22,0,0
PFE,2021-01-28,2021-02-19,2021-02-19,23,1935,11.2,False,-0.0497,0.0,0.0295,1.09,-24,-17
PHX,2021-01-28,2021-01-28,2021-03-23,55,878,6.8,False,-0.0034,0.034,0.2407,0.8,28,11
TTWO,2021-01-28,2021-01-29,2021-02-13,17,433,9.7,False,0.0259,-0.0029,0.0919,1.53,10,11
USCR,2021-01-28,2021-02-04,2021-02-12,16,793,6.0,False,0.1384,0.0358,0.2,0.54,12,-8
USFD,2021-01-28,2021-02-08,2021-03-18,50,976,4.7,False,0.1575,-0.003,0.2662,1.09,32,31
WASH,2021-01-28,2021-01-31,2021-02-04,8,1102,9.6,False,0.003,0.0503,0.0789,0.95,9,-2
ALJJ,2021-01-29,2021-01-30,2021-03-16,47,616,5.8,False,-0.0488,0.3077,0.6504,14.45,17,17
ALUS,2021-01-29,2021-02-03,2021-02-17,20,488,64.5,False,0.3848,-0.0765,0.45,24.01,5,-5
MRNA,2021-01-29,2021-01-29,2021-02-09,12,822,3.5,False,0.0853,0.0367,0.1657,0.92,10,0
PHUN,2021-01-29,2021-02-01,2021-02-02,5,319,54.8,False,0.6402,-0.0669,0.6402,4.13,0,-6
PRPL,2021-01-29,2021-01-30,2021-02-16,19,588,4.6,False,-0.0409,0.146,0.1285,0.76,20,-3
SLS,2021-01-29,2021-02-03,2021-02-04,7,319,33.8,False,0.7091,0.0426,0.8455,15.14,5,0
VET,2021-01-29,2021-02-05,2021-02-21,24,1974,81.9,False,0.1013,0.104,0.4912,0.84,19,18
AMP,2021-01-30,2021-02-19,2021-02-19,21,1296,107.9,False,0.1345,0.0,0.173,0.93,5,0
GOOG,2021-01-30,2021-02-02,2021-02-05,7,633,5.6,False,0.05,0.0885,0.1429,1.34,3,1
GOOGL,2021-01-30,2021-02-02,2021-02-05,7,477,6.2,False,0.0502,0.0884,0.1431,1.39,3,1
MDWT,2021-01-30,2021-01-30,2021-03-12,42,510,4.8,False,,,0.037,0.69,-5,-5
BCH,2021-01-31,2021-01-31,2021-02-22,23,361,11.7,False,,,0.1257,1.25,16,1
MGM,2021-02-01,2021-02-01,2021-02-10,10,355,10.7,False,0.0249,0.246,0.277,0.93,9,9
MORN,2021-02-01,2021-02-10,2021-02-10,10,1643,66.5,False,0.046,0.0,0.0783,1.01,2,-9
OSK,2021-02-01,2021-02-10,2021-02-17,17,341,40.0,False,0.0729,0.0091,0.1276,0.78,12,-13
THC,2021-02-01,2021-02-01,2021-03-01,29,761,7.5,False,0.073,0.0426,0.1377,1.03,32,9
UUUU,2021-02-01,2021-02-01,2021-02-23,23,863,3.1,False,0.1237,0.2763,0.6132,1.42,15,4
AEZS,2021-02-02,2021-02-08,2021-02-10,9,520,88.8,False,3.7714,-0.4281,3.7714,5.99,0,0
DKNG,2021-02-02,2021-02-02,2021-02-11,10,1753,4.7,False,0.0855,-0.002,0.1689,1.06,3,0
PINS,2021-02-02,2021-02-04,2021-02-11,10,741,13.4,False,0.1007,0.1181,0.2606,2.13,12,1
SAVA,2021-02-02,2021-02-04,2021-02-05,4,1405,185.0,False,1.759,-0.2937,2.8256,12.03,-1,-2
SNAP,2021-02-02,2021-02-04,2021-02-05,4,514,10.7,False,0.0257,0.0914,0.1219,2.15,4,1
APHA,2021-02-03,2021-02-10,2021-02-11,9,15485,34.9,False,0.7843,-0.3582,0.7843,2.74,0,0
CBD,2021-02-03,2021-02-10,2021-02-24,22,937,9.3,False,0.066,0.0223,0.0898,0.88,6,19
CGC,2021-02-03,2021-02-10,2021-02-11,9,1490,15.9,False,0.2506,-0.2208,0.2506,2.07,0,0
CRON,2021-02-03,2021-02-11,2021-02-12,10,683,12.6,False,0.0705,0.0099,0.37,2.33,-1,-1
FLT,2021-02-03,2021-02-08,2021-02-11,9,366,24.5,False,0.0138,0.0284,0.0631,1.27,8,-3
QCOM,2021-02-03,2021-02-19,2021-02-19,17,1196,24.8,False,-0.1204,0.0,0.0,2.04,-17,-15
TLRY,2021-02-03,2021-02-10,2021-02-11,9,17688,33.4,False,1.7207,-0.4968,1.7207,2.67,0,1
TYME,2021-02-03,2021-02-03,2021-02-09,7,344,51.8,False,0.9396,-0.0765,0.9396,32.58,0,0
CLOV,2021-02-04,2021-02-04,2021-02-09,6,1098,15.0,False,-0.1233,0.076,0.0014,3.58,-2,0
MLM,2021-02-04,2021-02-19,2021-02-19,16,664,54.1,False,0.1406,0.0,0.1787,0.7,5,-9
PTON,2021-02-04,2021-02-04,2021-02-22,19,729,6.3,False,0.0704,-0.2017,0.0704,1.48,0,1
SKLZ,2021-02-04,2021-02-04,2021-02-09,6,322,6.1,False,0.2469,0.0716,0.3981,2.04,1,0
AGTC,2021-02-05,2021-02-16,2021-02-23,19,709,97.0,False,0.7973,-0.3296,0.8241,6.22,1,0
GPI,2021-02-05,2021-02-12,2021-02-16,12,409,2.6,False,0.0689,-0.0118,0.1016,0.73,-4,-8
ON,2021-02-05,2021-02-12,2021-02-16,12,1223,17.2,False,0.0829,0.0141,0.0987,0.84,7,-11
VFF,2021-02-05,2021-02-11,2021-02-11,7,1021,88.1,False,0.0856,0.0,0.3159,1.48,-1,0
UEC,2021-02-06,2021-02-06,2021-02-18,13,1893,12.7,False,,,0.3736,2.05,13,10
ASRT,2021-02-08,2021-02-22,2021-03-12,33,1625,29.0,False,0.2527,-0.0977,0.4021,1.63,-6,-12
DIS,2021-02-08,2021-02-19,2021-02-24,17,2275,7.5,False,0.0137,0.0755,0.0903,1.63,5,-7
MSTR,2021-02-08,2021-02-09,2021-02-17,10,473,15.6,False,0.5793,-0.2601,0.5793,1.84,0,0
MVIS,2021-02-08,2021-02-11,2021-02-17,10,2001,15.6,False,0.5867,0.0786,1.0555,1.4,5,0
NGAC,2021-02-08,2021-02-22,2021-03-03,24,627,49.5,False,0.3317,-0.2469,0.3317,11.07,0,0
SNPR,2021-02-08,2021-02-08,2021-03-11,32,1275,8.5,False,0.3364,-0.3039,0.3364,5.05,0,0
ZSAN,2021-02-08,2021-02-09,2021-02-10,3,607,111.3,False,0.8091,-0.1106,0.8091,8.03,0,0
GSAT,2021-02-09,2021-02-10,2021-02-12,4,842,12.6,False,0.9512,0.0333,1.0894,3.49,7,0
HIMX,2021-02-09,2021-02-09,2021-02-19,11,343,6.5,False,0.0119,-0.0144,0.0556,1.3,7,0
KTRA,2021-02-09,2021-02-17,2021-02-18,10,304,71.0,False,0.1905,0.0,0.3048,2.25,-7,-8
MO,2021-02-09,2021-02-09,2021-02-28,20,413,7.8,False,0.0091,0.0055,0.05,0.98,24,23
RIOT,2021-02-09,2021-02-17,2021-02-23,15,3688,17.2,False,1.3757,-0.3736,1.3757,2.14,0,1
ACIC,2021-02-10,2021-02-10,2021-03-03,22,502,60.7,False,0.2171,-0.1798,0.5249,20.3,8,0
CMPS,2021-02-10,2021-02-11,2021-02-16,7,443,27.3,False,0.1176,-0.0464,0.1878,2.58,8,0
FRX,2021-02-10,2021-02-19,2021-03-10,29,1132,48.6,False,0.3058,-0.2085,0.4442,34.95,3,0
STZ,2021-02-10,2021-02-19,2021-02-19,10,469,53.0,False,-0.0426,0.0,0.026,1.82,-8,4
AMAT,2021-02-11,2021-02-19,2021-02-19,9,662,72.2,False,0.1283,0.0,0.1599,1.49,5,0
DNN,2021-02-11,2021-02-16,2021-02-18,8,1211,56.0,False,0.5265,-0.1477,0.547,25.15,1,0
NXPI,2021-02-11,2021-02-12,2021-02-17,7,493,9.1,False,0.0345,-0.0242,0.0401,0.75,4,-2
FSR,2021-02-12,2021-02-12,2021-02-16,5,506,14.6,False,0.2299,0.0247,0.2604,4.78,4,0
FUSE,2021-02-12,2021-02-12,2021-02-16,5,586,4.0,False,-0.05,0.0492,0.0139,7.6,-4,0
AACQ,2021-02-13,2021-02-13,2021-02-18,6,420,7.3,False,,,0.2422,8.49,3,4
CTXR,2021-02-16,2021-02-22,2021-03-10,23,1985,108.5,False,0.6544,-0.1911,0.7206,9.18,1,-3
CVX,2021-02-16,2021-02-19,2021-02-19,4,532,43.7,False,0.0351,0.0,0.1163,1.29,5,5
EH,2021-02-16,2021-02-17,2021-02-18,3,477,29.4,False,-0.3736,-0.2128,0.0,7.16,-5,0
T,2021-02-16,2021-02-17,2021-02-23,8,350,13.6,False,0.0267,-0.0132,0.0267,0.94,0,9
EBON,2021-02-17,2021-02-18,2021-02-19,3,468,51.7,False,0.4327,-0.0204,0.4327,9.25,0,0
GSAH,2021-02-18,2021-02-19,2021-02-23,6,364,6.1,False,0.2048,-0.14,0.2048,3.56,0,0
SFTW,2021-02-18,2021-03-25,2021-03-30,41,1014,30.9,False,-0.0466,-0.0144,0.3689,13.9,-34,-35
MCD,2021-02-19,2021-02-19,2021-02-25,7,690,12.6,False,-0.0148,-0.0061,0.0,0.96,-1,7
NVDA,2021-02-19,2021-02-19,2021-03-09,19,3004,4.5,False,0.0066,-0.1612,0.0338,1.59,-3,6
UAL,2021-02-19,2021-02-19,2021-02-22,4,588,29.6,False,0.0683,0.0348,0.2224,1.62,5,3
BA,2021-02-21,2021-02-22,2021-02-24,4,757,10.5,False,-0.0211,0.0773,0.0546,2.05,2,2
SDC,2021-02-22,2021-02-22,2021-03-04,11,304,8.1,False,0.0252,-0.1311,0.0261,0.81,-5,11
OSK,2021-02-23,2021-02-23,2021-02-25,3,624,26.1,False,0.0614,-0.0102,0.0936,5.82,1,0
WKHS,2021-02-23,2021-02-23,2021-02-26,4,1751,10.5,False,-0.4746,-0.0179,0.0517,3.92,-4,1
RKT,2021-02-25,2021-03-03,2021-03-03,7,31423,111.2,False,0.3784,0.0,1.0472,11.99,-1,-1
NSH,2021-03-01,2021-03-04,2021-03-30,30,675,20.0,False,-0.0325,-0.0168,0.0497,11.64,-3,-3
VACQ,2021-03-01,2021-03-04,2021-03-29,29,1354,107.0,False,0.1054,0.0459,0.361,31.81,-3,-3
ASO,2021-03-02,2021-03-04,2021-03-10,9,787,34.8,False,0.0625,-0.0421,0.1164,1.61,4,4
SLGG,2021-03-03,2021-03-03,2021-03-05,3,689,250.4,False,0.2993,0.1324,1.1995,66.63,1,1
UNFI,2021-03-04,2021-03-04,2021-03-12,9,417,19.7,False,0.0528,0.3104,0.3817,3.59,7,6
EYES,2021-03-05,2021-03-09,2021-03-10,6,892,36.6,False,9.8252,-0.2487,9.8252,251.36,0,-4
BOCH,2021-03-08,2021-03-08,2021-03-16,9,846,3.4,False,0.0632,0.0711,0.1726,2.75,7,0
CBSH,2021-03-08,2021-03-08,2021-03-16,9,846,3.4,False,0.0232,0.0079,0.0465,0.76,4,11
DASH,2021-03-08,2021-03-08,2021-03-10,3,702,6.1,False,-0.1193,0.0177,0.0,3.26,-3,1
HTBK,2021-03-08,2021-03-08,2021-03-16,9,846,3.4,False,0.0485,0.1167,0.2336,1.23,11,11
SPSC,2021-03-08,2021-03-08,2021-03-16,9,846,3.4,False,-0.0399,0.0786,0.0412,0.59,7,-3
GOEV,2021-03-11,2021-03-16,2021-03-22,12,1409,8.2,False,0.1978,-0.0084,0.218,2.36,-1,3
FNKO,2021-03-12,2021-03-24,2021-03-25,14,528,13.5,False,0.2551,0.0826,0.3588,19.22,1,0
RIDE,2021-03-12,2021-03-12,2021-03-22,11,1363,7.3,False,-0.1654,-0.0981,0.0,2.45,-1,0
PENN,2021-03-13,2021-03-13,2021-03-23,11,336,4.1,False,,,0.046,2.65,2,6
GPRO,2021-03-15,2021-03-16,2021-03-24,10,309,6.8,False,0.1935,-0.1052,0.2595,1.81,3,0
BABA,2021-03-16,2021-03-16,2021-03-18,3,378,2.8,False,-0.0145,0.0419,0.0457,1.1,-5,0
PLUG,2021-03-17,2021-03-17,2021-03-19,3,774,5.6,False,-0.0785,-0.0267,0.1071,2.17,-5,0
UPST,2021-03-17,2021-03-18,2021-03-23,7,914,61.6,False,0.9166,0.0295,1.7455,7.55,4,0
SSB,2021-03-19,2021-03-25,2021-03-25,7,366,13.7,False,-0.0987,0.0,0.0072,1.39,-10,-6
HOFV,2021-03-22,2021-03-24,2021-04-06,16,478,10.7,False,0.4,-0.2,0.6875,5.59,5,-2
STPK,2021-03-24,2021-03-25,2021-03-30,7,321,3.4,False,0.0391,-0.0295,0.095,0.65,-6,0
BIDU,2021-03-25,2021-03-26,2021-03-30,6,421,14.0,False,-0.1278,0.0461,0.1126,5.21,-4,0
DISCA,2021-03-26,2021-03-31,2021-04-01,7,1658,16.1,False,-0.2474,-0.0035,0.2926,4.76,-9,-5
DISCK,2021-03-26,2021-03-28,2021-03-31,6,801,8.4,False,-0.2955,0.0259,0.2684,3.2,-6,-2
VIAC,2021-03-26,2021-03-29,2021-04-12,18,3455,21.1,False,-0.3216,-0.1164,0.5123,3.81,-7,-3
DISCB,2021-03-28,2021-03-31,2021-04-01,5,1090,19.6,False,1.4768,-0.1315,1.4768,142.24,0,0
BLK,2021-03-29,2021-04-15,2021-04-23,26,5016,17.9,False,0.0805,-0.0057,0.084,0.8,12,-20
NFLX,2021-03-29,2021-03-29,2021-03-31,3,656,3.2,False,0.0116,0.015,0.0642,0.76,7,-4
VIACA,2021-03-29,2021-04-01,2021-04-06,9,388,23.5,False,-0.041,-0.0116,0.4209,3.14,-8,-3
CHWY,2021-03-30,2021-03-30,2021-04-20,22,2198,5.9,False,0.0194,-0.0421,0.1082,1.68,14,1
CLF,2021-03-30,2021-03-31,2021-04-13,15,2165,8.3,False,0.2391,-0.1328,0.2391,1.46,0,0
MVIS,2021-03-31,2021-03-31,2021-04-05,6,1015,10.3,False,0.5069,-0.1542,0.5069,2.91,0,0
RMO,2021-03-31,2021-04-06,2021-04-07,8,665,53.0,False,0.2343,-0.1836,0.2343,9.5,0,0
ASO,2021-04-05,2021-04-06,2021-04-12,8,3203,18.2,False,0.0723,0.0369,0.1119,2.59,6,2
OCC,2021-04-05,2021-04-07,2021-04-08,4,495,76.4,False,-0.0108,0.0354,0.0323,0.92,2,1
CNXN,2021-04-06,2021-04-11,2021-07-22,108,6502,5.8,True,-0.0461,-0.0274,0.0421,0.87,45,40
DOMO,2021-04-06,2021-04-20,2021-04-23,18,937,54.0,False,0.0202,0.087,0.1633,0.5,8,-1
EBON,2021-04-06,2021-04-06,2021-04-16,11,485,7.7,False,-0.1291,-0.1284,0.1071,1.24,-5,10
MUDS,2021-04-06,2021-04-12,2021-05-06,31,636,53.0,False,0.2616,0.3074,0.7859,80.3,21,-6
RGP,2021-04-06,2021-04-11,2021-07-22,108,6502,5.8,True,0.0325,0.1001,0.177,0.9,106,102
HYLN,2021-04-07,2021-04-15,2021-04-30,24,685,7.5,False,-0.1759,0.1654,0.0249,1.63,-7,-8
JPM,2021-04-07,2021-04-16,2021-04-21,15,1139,9.6,False,0.005,-0.018,0.0245,0.84,-7,-2
ARC,2021-04-08,2021-04-23,2021-05-21,44,2013,7.1,False,-0.0044,-0.0578,0.0177,0.48,-18,10
BWAC,2021-04-08,2021-04-08,2021-06-30,84,1198,4.7,True,-0.004,-0.003,0.003,0.36,1,49
FUBO,2021-04-08,2021-04-09,2021-04-12,5,622,9.5,False,0.1239,-0.0841,0.1239,3.73,0,0
RBC,2021-04-08,2021-04-17,2021-04-18,11,562,41.5,False,0.0137,0.0,0.0364,0.57,6,3
SKLZ,2021-04-08,2021-04-23,2021-04-27,20,1042,11.3,False,0.0145,0.0952,0.1815,2.11,3,-1
WNEB,2021-04-09,2021-04-19,2021-04-30,22,435,3.6,False,-0.0244,0.0112,0.039,0.51,-13,-14
BABA,2021-04-10,2021-04-12,2021-04-13,4,1458,10.7,False,0.0927,-0.0087,0.0927,2.3,0,0
MRNA,2021-04-10,2021-05-06,2021-05-07,28,1014,6.7,False,0.1389,0.0165,0.32,1.68,-3,0
CMC,2021-04-11,2021-06-17,2021-06-25,76,3284,15.1,False,0.0175,0.0308,0.1444,0.72,-9,1
NVDA,2021-04-12,2021-04-12,2021-04-15,4,1106,10.9,False,0.0562,0.061,0.1206,2.41,3,0
NVAX,2021-04-13,2021-04-13,2021-05-11,29,396,5.7,False,0.1082,-0.2901,0.467,1.7,14,20
PFE,2021-04-13,2021-04-13,2021-04-23,11,513,3.7,False,0.0051,0.0404,0.0692,1.16,8,3
SLGG,2021-04-13,2021-04-19,2021-04-21,9,631,21.9,False,-0.0728,0.0036,0.1557,0.24,-11,-6
SNR,2021-04-13,2021-04-13,2021-04-19,7,452,7.9,False,0.0088,-0.0407,0.0088,1.06,0,-4
RIOT,2021-04-14,2021-04-14,2021-04-23,10,923,5.1,False,-0.1536,-0.2329,0.0,1.56,-1,0
HRC,2021-04-15,2021-05-13,2021-05-27,43,933,5.3,False,-0.0235,0.0007,0.0242,0.94,-15,-13
PEAK,2021-04-15,2021-04-15,2021-05-18,34,309,12.8,False,0.0197,0.0075,0.0563,0.79,15,27
SPCE,2021-04-15,2021-04-15,2021-04-21,7,536,6.4,False,-0.1357,-0.0347,0.0075,2.13,-2,0
THCB,2021-04-15,2021-04-15,2021-04-21,7,711,3.6,False,-0.064,0.0065,0.0674,1.32,-3,1
CLOV,2021-04-16,2021-04-19,2021-04-21,6,3188,137.9,False,0.3156,-0.0641,0.3156,11.48,0,-3
GIK,2021-04-16,2021-04-16,2021-04-21,6,472,4.7,False,-0.1033,0.0022,0.0,1.92,-1,0
PINS,2021-04-16,2021-04-28,2021-05-06,21,947,11.3,False,-0.2144,-0.1072,0.0,1.95,-13,0
CLNE,2021-04-19,2021-05-07,2021-05-26,38,929,11.7,False,-0.2083,-0.0884,0.0637,1.88,-23,-18
PTON,2021-04-19,2021-04-19,2021-04-22,4,316,6.8,False,-0.0728,-0.0581,0.0318,2.22,-4,0
MVIS,2021-04-20,2021-04-26,2021-04-30,11,16730,45.3,False,1.5181,-0.4232,1.5181,7.79,0,0
NFLX,2021-04-20,2021-04-21,2021-04-22,3,2093,9.2,False,-0.0821,-0.0002,0.0,4.06,-2,0
WAT,2021-04-20,2021-04-20,2021-04-28,9,325,3.1,False,-0.0085,0.0141,0.0257,0.67,3,13
OCGN,2021-04-22,2021-04-23,2021-05-04,13,2622,23.0,False,0.4815,0.2991,1.4123,8.14,10,0
SSB,2021-04-24,2021-04-26,2021-06-05,43,7342,25.8,False,0.0013,0.0778,0.0937,0.87,25,4
ZEN,2021-04-24,2021-04-26,2021-06-09,47,7563,157.6,False,0.0407,-0.1109,0.0531,1.19,2,4
AMZN,2021-04-26,2021-04-29,2021-05-03,8,1358,8.0,False,0.039,-0.0244,0.039,1.88,0,0
AMD,2021-04-27,2021-04-28,2021-05-06,10,4180,5.5,False,-0.0163,-0.073,0.0,1.42,-2,0
GOOG,2021-04-27,2021-04-27,2021-04-30,4,346,6.7,False,-0.0084,0.0446,0.0443,1.64,2,1
GOOGL,2021-04-27,2021-04-28,2021-05-16,20,540,4.3,False,0.0213,-0.0342,0.0359,1.32,1,0
MSFT,2021-04-27,2021-04-27,2021-05-04,8,2490,3.4,False,0.0016,-0.0541,0.0016,1.31,0,1
VXRT,2021-04-27,2021-05-03,2021-05-06,10,992,207.0,False,0.3234,-0.1359,0.7789,26.54,-3,-6
ACB,2021-04-28,2021-05-07,2021-05-13,16,732,11.0,False,0.0397,-0.1775,0.0572,0.78,-9,7
BTX,2021-04-28,2021-04-30,2021-05-03,6,897,201.8,False,1.0,0.5763,2.1526,6.43,3,0
TDOC,2021-04-28,2021-04-29,2021-05-14,17,335,9.0,False,-0.1005,-0.1825,0.0006,2.17,-3,0
XOM,2021-04-28,2021-05-10,2021-05-17,20,704,8.1,False,0.1094,-0.0062,0.1094,1.33,0,1
NOK,2021-04-29,2021-04-29,2021-05-07,9,2669,14.5,False,0.1119,0.0921,0.2143,2.68,8,0
GTES,2021-05-03,2021-05-04,2021-05-08,6,2183,25.7,False,0.0041,0.0144,0.0209,0.63,6,8
TLRY,2021-05-03,2021-05-07,2021-05-10,8,1917,6.2,False,-0.1178,-0.0705,0.0534,2.04,-9,0
CLF,2021-05-04,2021-05-04,2021-05-21,18,4338,3.4,False,0.1181,-0.113,0.1741,1.51,7,0
CRSR,2021-05-04,2021-05-05,2021-05-06,3,536,11.0,False,0.0169,-0.036,0.0251,3.52,-6,-1
MT,2021-05-04,2021-05-10,2021-05-27,24,973,4.8,False,0.0838,-0.0095,0.1203,1.17,22,0
RKT,2021-05-04,2021-05-05,2021-05-07,4,4426,19.1,False,0.0133,-0.2066,0.0178,3.69,-6,1
BRK,2021-05-05,2021-05-06,2021-05-11,7,894,8.8,False,0.0325,-0.0112,0.0428,1.59,4,0
FCX,2021-05-05,2021-05-11,2021-05-13,9,462,14.0,False,0.1423,-0.0632,0.1423,1.83,0,-1
FSLY,2021-05-05,2021-05-06,2021-05-07,3,508,34.4,False,-0.2864,-0.0102,0.0772,5.69,-6,0
PTON,2021-05-05,2021-05-05,2021-05-07,3,822,14.7,False,-0.1456,0.0144,0.0171,7.11,-5,0
STIC,2021-05-05,2021-05-07,2021-05-19,15,387,7.9,False,-0.03,-0.008,0.0309,1.97,-7,17
ZIM,2021-05-05,2021-05-19,2021-05-20,16,804,26.6,False,0.146,-0.0374,0.146,1.72,0,0
HD,2021-05-06,2021-05-06,2021-05-18,13,371,3.8,False,0.0167,-0.0617,0.0273,1.26,4,12
NUE,2021-05-06,2021-05-10,2021-06-29,55,3099,6.4,False,0.0912,-0.0658,0.1929,1.11,22,22
UWMC,2021-05-06,2021-05-17,2021-05-19,14,3681,20.9,False,0.041,0.0296,0.0795,2.32,1,0
DKNG,2021-05-07,2021-05-07,2021-05-14,8,966,3.8,False,-0.0669,-0.0729,0.1,2.41,-4,0
INO,2021-05-07,2021-05-10,2021-05-11,5,611,34.4,False,0.0246,-0.027,0.0522,0.9,-3,0
MRVI,2021-05-10,2021-05-17,2021-05-19,10,392,73.5,False,0.0336,0.0039,0.0565,0.95,3,-7
AMC,2021-05-11,2021-05-14,2021-05-18,8,23152,7.3,False,0.3326,0.0809,0.4405,3.91,4,-1
PSTH,2021-05-12,2021-05-16,2021-05-16,5,549,20.6,False,0.1021,0.0,0.1321,2.65,2,-4
TWTR,2021-05-12,2021-05-12,2021-05-19,8,6337,2.4,False,-0.0412,0.0438,0.079,0.81,12,12
ABNB,2021-05-13,2021-05-13,2021-05-17,5,345,5.8,False,-0.0321,-0.0239,0.0462,5.84,-3,4
CECE,2021-05-13,2021-05-13,2021-05-26,14,450,6.3,False,0.0396,0.0177,0.2008,1.31,4,4
DIS,2021-05-13,2021-05-13,2021-05-17,5,527,6.0,False,0.0028,-0.0463,0.0363,2.8,-3,1
GFL,2021-05-13,2021-05-13,2021-05-26,14,450,6.2,False,0.0166,0.0343,0.0681,0.59,14,14
MARA,2021-05-13,2021-05-13,2021-05-19,7,396,3.6,False,-0.1396,0.1043,0.2175,1.16,-3,0
NBA,2021-05-13,2021-05-13,2021-06-16,35,483,3.8,False,-0.0005,0.009,0.0135,0.6,26,39
FSR,2021-05-14,2021-05-14,2021-05-20,7,353,4.0,False,0.0553,0.1743,0.2603,1.38,10,0
DISCA,2021-05-16,2021-05-17,2021-05-20,5,605,7.2,False,-0.0505,-0.0591,0.0318,3.87,-6,0
DISCB,2021-05-16,2021-05-17,2021-05-28,13,731,5.4,False,0.1383,-0.1282,0.1383,1.46,0,0
DISCK,2021-05-17,2021-05-17,2021-05-28,12,677,5.4,False,0.0309,-0.0518,0.0309,1.66,0,0
IDEX,2021-05-17,2021-06-16,2021-06-17,32,703,19.4,False,0.2398,0.0066,0.374,1.4,-7,-7
KEN,2021-05-17,2021-05-17,2021-06-11,26,883,6.2,False,0.0074,0.0771,0.1107,0.66,7,23
BGS,2021-05-18,2021-06-15,2021-06-15,29,777,13.8,False,0.1656,0.0,0.1745,1.66,-13,-13
HFFG,2021-05-18,2021-05-18,2021-06-02,16,306,3.8,False,0.0032,-0.0435,0.0032,0.62,0,-4
HOPE,2021-05-18,2021-05-18,2021-06-17,31,345,5.4,False,-0.0203,-0.0544,0.0,1.04,-1,31
MGM,2021-05-18,2021-05-26,2021-05-28,11,399,14.9,False,0.1061,0.0002,0.1301,1.28,1,-8
OCC,2021-05-18,2021-05-19,2021-05-20,3,477,11.7,False,-0.0943,0.0473,0.0,1.1,-2,-2
RIDE,2021-05-18,2021-06-09,2021-06-17,31,4276,19.0,False,0.3369,-0.0819,0.5952,3.29,-2,0
USFD,2021-05-18,2021-05-18,2021-06-02,16,306,3.8,False,-0.019,0.0175,0.0233,1.07,14,14
AOS,2021-05-19,2021-05-19,2021-06-09,22,377,3.4,False,-0.0036,-0.0026,0.0421,1.1,-5,2
SPCE,2021-05-20,2021-05-24,2021-05-28,9,5130,28.4,False,0.557,0.1614,0.8083,5.07,4,0
F,2021-05-21,2021-05-27,2021-06-17,28,693,11.3,False,0.1914,-0.0074,0.2802,1.77,7,0
NVDA,2021-05-21,2021-06-18,2021-07-23,64,10618,9.3,False,0.2755,0.0493,0.4165,1.86,18,0
CPA,2021-05-22,2021-05-22,2021-06-02,12,310,3.6,False,,,0.0492,0.98,10,6
TELL,2021-05-22,2021-06-03,2021-06-09,19,1354,13.5,False,0.9695,-0.0465,1.0305,3.73,5,-7
RBLX,2021-05-24,2021-05-27,2021-05-28,5,1816,9.9,False,0.1815,-0.038,0.2104,1.69,6,-6
BB,2021-05-26,2021-06-03,2021-06-09,15,9036,81.3,False,0.8487,-0.0453,0.8487,23.22,0,0
SDC,2021-05-26,2021-06-09,2021-06-10,16,835,71.3,False,0.2826,-0.0201,0.2826,1.79,0,0
SNDL,2021-05-26,2021-06-03,2021-06-09,15,7395,29.2,False,0.7014,-0.1163,0.7014,2.1,0,0
AMC,2021-05-27,2021-06-03,2021-06-10,15,113082,10.6,False,1.6247,-0.1661,2.1979,4.48,-1,-1
BBBY,2021-05-27,2021-06-02,2021-06-03,8,1106,102.4,False,0.6675,-0.2781,0.6675,10.52,0,0
BYND,2021-05-27,2021-05-28,2021-05-29,3,890,27.6,False,0.1474,0.0,0.1815,5.1,5,-1
GME,2021-05-27,2021-05-27,2021-06-10,15,143912,2.6,False,0.0477,-0.1328,0.2474,2.06,13,14
NKLA,2021-05-27,2021-05-27,2021-06-17,22,1394,3.8,False,0.1915,0.0981,0.4269,1.24,12,6
AGM,2021-05-28,2021-06-09,2021-06-10,14,454,9.8,False,-0.0202,0.0073,0.0126,0.35,2,-16
GOED,2021-05-28,2021-05-28,2021-06-28,32,313,31.0,False,-0.7002,1.3022,0.0,51.97,-1,0
TLRY,2021-05-28,2021-06-09,2021-06-10,14,9923,15.0,False,0.2481,-0.0644,0.2481,1.89,0,0
WKHS,2021-05-28,2021-06-09,2021-06-16,20,15565,159.6,False,0.7568,-0.1183,0.7568,3.8,0,-6
BERY,2021-06-01,2021-06-03,2021-06-09,9,859,29.2,False,0.0028,-0.0295,0.0079,0.67,-2,5
BRY,2021-06-01,2021-06-03,2021-06-09,9,857,30.5,False,0.0881,-0.0246,0.0943,1.28,1,-2
AHT,2021-06-02,2021-06-08,2021-06-11,10,369,16.8,False,0.2822,0.0271,0.364,2.32,1,1
CLNE,2021-06-02,2021-06-09,2021-06-18,17,29728,286.7,False,0.6074,-0.0952,0.6074,9.37,0,0
CLOV,2021-06-02,2021-06-08,2021-06-11,10,26945,61.7,False,1.8655,-0.3214,1.8655,17.67,0,0
EXPR,2021-06-02,2021-06-02,2021-06-10,9,649,3.4,False,0.3648,-0.232,0.3648,2.31,0,0
GTT,2021-06-02,2021-06-03,2021-06-09,8,356,10.1,False,1.195,-0.2092,1.195,34.23,0,0
NAKD,2021-06-02,2021-06-02,2021-06-09,8,875,14.7,False,0.2896,-0.0543,0.2962,3.4,1,0
NOK,2021-06-02,2021-06-03,2021-06-08,7,4663,11.9,False,0.0559,0.0182,0.0809,1.61,4,-1
ATOS,2021-06-03,2021-06-25,2021-07-02,30,2572,33.9,False,1.1878,-0.377,1.1878,2.38,0,0
BBY,2021-06-03,2021-06-09,2021-06-15,13,404,4.2,False,-0.0284,-0.015,0.0,0.81,-7,9
NGS,2021-06-03,2021-06-04,2021-06-22,20,502,4.2,False,0.027,-0.0208,0.0595,1.08,10,7
RMED,2021-06-03,2021-06-07,2021-06-11,9,446,55.4,False,1.457,-0.349,1.457,5.12,0,0
SENS,2021-06-03,2021-06-11,2021-06-14,12,3708,183.6,False,0.9187,-0.0125,0.9187,8.38,0,-7
AMCX,2021-06-04,2021-06-07,2021-06-25,22,695,5.4,False,0.233,-0.0693,0.2582,1.48,1,-3
BNGO,2021-06-04,2021-06-07,2021-06-09,6,1401,22.2,False,0.3333,-0.075,0.3333,2.03,0,0
FGF,2021-06-04,2021-06-10,2021-06-22,19,1788,2.7,False,0.0305,-0.0421,0.1729,1.03,15,1
MVIS,2021-06-04,2021-06-04,2021-06-10,7,1643,4.7,False,0.1238,0.1151,0.2531,2.01,6,0
NNDM,2021-06-04,2021-06-17,2021-06-28,25,641,11.8,False,0.1197,0.0885,0.2187,1.08,11,6
RNG,2021-06-04,2021-06-04,2021-06-30,27,413,12.9,False,-0.0072,0.1777,0.235,0.63,24,-3
ATEN,2021-06-05,2021-06-07,2021-06-26,22,489,3.0,False,0.021,0.0705,0.142,1.68,24,11
MSGN,2021-06-05,2021-06-07,2021-06-26,22,489,3.0,False,0.0172,-0.0526,0.0172,1.4,0,8
ASO,2021-06-07,2021-06-08,2021-06-17,11,1673,9.9,False,0.0682,-0.0474,0.1237,1.35,3,0
TCBI,2021-06-07,2021-06-09,2021-06-09,3,589,3.8,False,-0.0118,0.0,0.0141,0.71,-1,-2
UONE,2021-06-07,2021-06-11,2021-06-15,9,498,14.8,False,0.5758,-0.1093,0.6041,1.17,3,0
WEN,2021-06-07,2021-06-08,2021-06-09,3,3704,54.9,False,0.2629,-0.1268,0.2629,12.71,0,0
CLVS,2021-06-08,2021-06-09,2021-06-10,3,318,62.6,False,0.1578,-0.0539,0.1578,5.01,0,0
ELF,2021-06-08,2021-06-08,2021-06-16,9,414,2.2,False,0.0164,0.0057,0.0392,0.64,7,-5
FRX,2021-06-08,2021-06-25,2021-06-25,18,418,10.2,False,0.1893,0.0,0.1893,2.7,0,-16
FSR,2021-06-08,2021-06-08,2021-06-11,4,329,4.1,False,0.0385,0.0315,0.073,0.93,1,-5
GEO,2021-06-08,2021-06-09,2021-06-10,3,396,34.4,False,0.445,-0.1989,0.445,16.45,0,0
GOEV,2021-06-08,2021-06-15,2021-06-16,9,1894,42.6,False,0.2416,-0.0769,0.2416,4.44,0,0
MNMD,2021-06-08,2021-06-11,2021-06-16,9,441,4.5,False,0.0077,-0.0485,0.0077,1.51,0,-4
MOVE,2021-06-08,2021-06-09,2021-06-14,7,328,8.9,False,-0.004,0.0384,0.0402,1.77,8,7
TWNK,2021-06-08,2021-06-09,2021-06-14,7,714,66.4,False,0.0151,0.0229,0.0415,1.73,6,0
WISH,2021-06-08,2021-06-09,2021-06-14,7,19711,286.0,False,0.366,0.0632,0.4987,10.05,-1,0
WOOF,2021-06-08,2021-06-14,2021-06-15,8,3390,504.5,False,0.2733,-0.0941,0.2733,4.17,0,0
AMP,2021-06-09,2021-06-15,2021-07-01,23,418,4.6,False,-0.0341,-0.0154,0.0057,1.26,-11,10
BOCH,2021-06-09,2021-06-09,2021-07-06,28,1857,3.8,False,-0.008,-0.0457,0.0053,3.92,16,16
CBSH,2021-06-09,2021-06-09,2021-07-06,28,1856,3.8,False,0.0,-0.0423,0.0079,1.24,-5,14
CHWY,2021-06-09,2021-06-10,2021-06-16,8,1013,5.7,False,-0.0015,-0.0271,0.0,1.95,-2,1
CLF,2021-06-09,2021-06-09,2021-06-15,7,11921,24.3,False,0.1455,-0.0155,0.2057,2.87,2,0
CRSR,2021-06-09,2021-06-14,2021-06-15,7,3922,84.0,False,0.131,-0.0047,0.131,11.48,0,0
DCRC,2021-06-09,2021-06-11,2021-06-16,8,1013,213.0,False,0.1681,-0.1487,0.1681,23.75,0,4
H,2021-06-09,2021-06-09,2021-06-30,22,344,21.7,False,-0.0211,-0.042,0.006,1.59,7,19
HTBK,2021-06-09,2021-06-09,2021-07-06,28,1857,3.8,False,-0.0175,-0.0745,0.0,2.37,-1,16
SPSC,2021-06-09,2021-06-09,2021-07-06,28,1856,3.8,False,-0.0031,0.0733,0.0699,1.3,27,16
SRNE,2021-06-09,2021-06-14,2021-06-17,9,315,14.5,False,0.0886,-0.0835,0.0886,1.38,0,0
STRA,2021-06-09,2021-06-09,2021-06-17,9,340,3.0,False,0.0267,0.0433,0.0992,1.03,12,9
UUUU,2021-06-09,2021-06-09,2021-06-18,10,370,3.2,False,-0.0286,-0.0825,0.0429,0.89,-2,5
UWMC,2021-06-09,2021-06-09,2021-06-18,10,6684,7.6,False,0.0768,-0.0442,0.1049,1.62,2,0
X,2021-06-09,2021-06-11,2021-06-17,9,317,5.3,False,0.0852,-0.1689,0.0852,1.25,0,6
OCGN,2021-06-10,2021-06-10,2021-06-15,6,561,8.5,False,-0.2814,-0.0643,0.1063,1.92,-3,0
PUBM,2021-06-10,2021-06-14,2021-06-17,8,326,16.0,False,0.0968,-0.0207,0.1164,1.38,8,-5
SPRT,2021-06-10,2021-08-27,2021-09-14,97,10868,178.3,False,6.4379,-0.5518,9.2797,17.48,3,0
STLD,2021-06-10,2021-06-16,2021-07-09,30,1113,8.1,False,-0.0357,-0.0114,0.031,0.82,-8,2
NIO,2021-06-11,2021-06-11,2021-06-17,7,1071,4.4,False,0.0683,0.0368,0.1076,0.98,6,7
RAPT,2021-06-14,2021-06-14,2021-07-01,18,304,5.4,False,1.1551,-0.2314,1.1551,22.64,0,0
TRCH,2021-06-14,2021-06-21,2021-06-23,10,1585,76.6,False,2.1795,-0.504,2.1795,26.95,0,0
ARVL,2021-06-15,2021-06-16,2021-06-17,3,519,32.8,False,0.1693,-0.0496,0.1693,3.8,0,0
CTXR,2021-06-15,2021-06-22,2021-07-06,22,779,9.7,False,0.3891,-0.4346,0.5382,4.54,-1,10
XOM,2021-06-15,2021-06-16,2021-07-07,23,1017,5.8,False,0.0327,-0.0576,0.0417,1.02,9,2
BAC,2021-06-16,2021-07-14,2021-07-19,34,838,10.9,False,-0.0611,-0.0497,0.0114,1.33,-33,0
JPM,2021-06-16,2021-07-13,2021-07-14,29,1361,6.9,False,0.003,-0.0034,0.0329,1.44,-32,-25
PRPL,2021-06-17,2021-06-17,2021-06-29,13,579,21.5,False,0.0256,0.0304,0.1243,1.62,7,12
BIG,2021-06-18,2021-06-22,2021-06-22,5,457,207.0,False,0.0563,0.0,0.0563,1.24,0,0
MBAC,2021-06-18,2021-06-26,2021-07-03,16,432,9.6,False,0.0155,-0.0071,0.0155,5.67,-1,-2
BA,2021-06-20,2021-06-20,2021-07-02,13,354,7.2,False,,,0.0557,1.12,4,8
GSAT,2021-06-21,2021-06-22,2021-06-25,5,1211,72.2,False,0.4419,0.0108,0.4574,4.63,3,0
DIS,2021-06-22,2021-07-12,2021-07-16,25,1017,15.3,False,0.0598,-0.0275,0.0598,1.24,0,0
KBH,2021-06-22,2021-06-23,2021-06-24,3,440,280.0,False,0.0074,-0.0673,0.0074,3.84,0,1
LZB,2021-06-24,2021-06-25,2021-06-28,5,450,171.4,False,-0.0011,-0.0063,0.0116,2.52,-1,0
PSFE,2021-06-24,2021-06-25,2021-06-28,5,1558,58.2,False,0.0902,0.0106,0.1018,3.64,3,0
RIG,2021-06-24,2021-06-29,2021-07-09,16,560,13.7,False,0.0789,-0.0344,0.1787,1.8,3,-4
SRNE,2021-06-24,2021-07-01,2021-07-01,8,408,6.8,False,0.2157,0.0,0.2157,1.62,0,0
TSLA,2021-06-24,2021-06-24,2021-06-28,5,4862,3.6,False,0.0354,0.0131,0.049,1.43,4,0
BABA,2021-06-25,2021-06-25,2021-06-28,4,532,3.6,False,0.0463,0.0004,0.0506,1.68,4,0
SPCE,2021-06-25,2021-06-25,2021-07-02,8,4197,8.5,False,0.3887,-0.1962,0.3887,4.6,0,0
IEC,2021-06-27,2021-06-27,2021-07-14,18,416,3.3,False,,,0.0887,1.15,12,10
MRIN,2021-06-28,2021-06-29,2021-07-13,16,1098,163.6,False,3.5407,-0.1671,5.336,6.55,7,0
MU,2021-06-28,2021-06-30,2021-07-02,5,300,17.7,False,0.036,-0.0547,0.036,1.7,0,1
SOFI,2021-06-28,2021-06-29,2021-06-30,3,2838,25.8,False,0.02,0.0159,0.1568,5.38,-6,0
INTC,2021-06-29,2021-06-30,2021-07-05,7,616,3.6,False,-0.0233,0.011,0.0,1.08,-2,0
WNEB,2021-06-29,2021-07-11,2021-07-12,14,724,8.4,False,-0.0279,0.025,0.0036,0.37,-12,-16
XELA,2021-06-29,2021-07-21,2021-08-05,38,3577,49.0,False,0.9864,0.0342,1.9524,27.95,-8,-8
ACQR,2021-06-30,2021-07-04,2021-07-05,6,639,13.9,False,-0.003,0.0,0.001,0.11,-3,5
IHC,2021-06-30,2021-07-04,2021-07-05,6,639,14.0,False,-0.0021,0.0,0.0086,0.86,3,-9
NEGG,2021-06-30,2021-07-07,2021-07-08,9,2061,1194.0,False,5.2162,-0.3222,5.2162,96.74,0,0
VERB,2021-06-30,2021-07-15,2021-07-16,17,324,72.0,False,1.0645,-0.0875,1.0645,22.3,0,0
AMZN,2021-07-06,2021-07-06,2021-07-14,9,1298,4.4,False,0.0469,0.0016,0.0628,1.39,2,0
BABA,2021-07-08,2021-07-08,2021-07-13,6,938,3.3,False,-0.0392,0.0483,0.0325,1.5,7,0
LEGO,2021-07-08,2021-07-10,2021-07-11,4,613,25.2,False,-0.001,0.0,0.0049,0.47,-4,-4
WFC,2021-07-08,2021-07-08,2021-07-14,7,1048,15.1,False,-0.0249,0.0621,0.0369,1.04,7,6
MOD,2021-07-14,2021-07-17,2021-07-18,5,428,19.3,False,-0.1031,0.0,0.0063,0.86,-5,2
NFLX,2021-07-14,2021-07-15,2021-07-22,9,4010,15.9,False,0.0042,-0.0574,0.0134,1.71,-1,6
MRNA,2021-07-15,2021-07-20,2021-07-23,9,1247,29.0,False,0.246,0.135,0.4162,5.34,8,0
PFE,2021-07-19,2021-08-23,2021-08-25,38,4202,25.0,False,0.2374,-0.0485,0.2496,2.23,-6,0
SAVA,2021-07-21,2021-07-30,2021-08-03,14,432,12.8,False,-0.2345,0.2205,0.4896,3.32,-2,0
ATVI,2021-07-22,2021-08-03,2021-08-04,14,430,48.2,False,-0.1244,0.0212,0.0037,2.0,-14,-7
INTC,2021-07-22,2021-07-22,2021-07-27,6,717,3.9,False,-0.0048,-0.0497,0.0,2.12,-1,1
SNAP,2021-07-22,2021-07-23,2021-07-27,6,607,30.6,False,0.23,-0.0513,0.23,3.8,0,0
EDU,2021-07-23,2021-07-23,2021-07-28,6,311,46.5,False,-0.5422,-0.1945,0.0187,14.19,-2,0
TAL,2021-07-23,2021-07-23,2021-07-29,7,617,35.5,False,-0.7076,-0.0217,0.0395,8.76,-2,0
BABA,2021-07-26,2021-07-27,2021-07-28,3,1124,4.6,False,-0.0991,0.0534,0.0364,3.2,-5,0
TSLA,2021-07-26,2021-07-26,2021-08-02,8,5260,3.1,False,0.0221,0.0791,0.1107,1.42,10,7
GTES,2021-07-28,2021-07-28,2021-08-10,14,500,2.7,False,-0.0057,0.0165,0.0538,0.89,9,15
PYPL,2021-07-28,2021-07-28,2021-08-04,8,553,5.0,False,0.005,-0.0877,0.0268,2.07,-5,1
NKLA,2021-07-29,2021-07-29,2021-08-03,6,950,18.4,False,-0.1522,-0.1513,0.0,3.33,-1,5
VALE,2021-07-30,2021-08-18,2021-08-24,26,453,5.6,False,-0.1557,-0.0202,0.0031,1.37,-21,1
SKLZ,2021-08-03,2021-09-01,2021-09-01,30,1463,55.2,False,-0.1407,0.0,0.0,2.39,-30,0
BNTX,2021-08-04,2021-08-09,2021-08-11,8,430,11.0,False,0.2712,-0.1969,0.2712,2.79,0,2
MRNA,2021-08-04,2021-08-09,2021-08-12,9,3201,11.0,False,0.2534,-0.1921,0.2534,1.66,0,2
MVIS,2021-08-04,2021-08-05,2021-08-06,3,620,14.3,False,0.1034,0.1221,0.2751,3.79,4,0
SRNG,2021-08-04,2021-08-05,2021-08-23,20,356,4.6,False,0.0061,0.0,0.0202,4.51,6,4
ETH,2021-08-05,2021-08-05,2021-08-12,8,399,4.7,False,0.021,0.1181,0.1416,1.55,7,5
IEX,2021-08-05,2021-08-20,2021-08-21,17,3308,10.0,False,-0.0242,0.0,0.0088,0.68,-17,-2
MCFE,2021-08-05,2021-08-06,2021-08-12,8,892,50.2,False,0.071,-0.0956,0.0926,4.8,5,5
PLTR,2021-08-09,2021-08-12,2021-08-18,10,2962,8.1,False,0.1407,0.0157,0.1586,2.92,6,0
COIN,2021-08-10,2021-08-10,2021-08-12,3,606,7.0,False,-0.0385,-0.0488,0.0,2.62,-1,1
NUE,2021-08-10,2021-08-10,2021-08-13,4,474,7.6,False,0.0958,0.0683,0.1706,2.36,3,1
UPST,2021-08-10,2021-08-11,2021-08-24,15,991,26.4,False,0.2479,0.2818,0.6268,2.98,16,0
AMAT,2021-08-11,2021-08-20,2021-08-27,17,677,17.9,False,-0.0787,0.0735,0.0332,1.42,-14,0
DASH,2021-08-12,2021-08-13,2021-08-21,10,320,7.7,False,0.0222,-0.055,0.0222,2.58,0,0
PSFE,2021-08-12,2021-08-16,2021-08-17,6,322,14.0,False,-0.1696,-0.0128,0.0539,3.84,-7,0
WISH,2021-08-12,2021-08-13,2021-08-16,5,2226,9.9,False,-0.2319,-0.0901,0.0651,3.81,-4,0
UWMC,2021-08-13,2021-08-16,2021-08-16,4,364,9.4,False,0.0013,0.0,0.055,3.26,-3,0
WMT,2021-08-16,2021-08-19,2021-08-19,4,336,3.1,False,0.0039,0.0,0.0128,1.87,1,-2
NAKD,2021-08-20,2021-08-28,2021-09-07,19,359,11.6,False,0.3282,-0.0607,0.4977,3.18,-2,-2
NVDA,2021-08-23,2021-08-23,2021-08-27,5,1331,4.6,False,0.0549,0.0309,0.0899,1.37,7,-4
BB,2021-08-24,2021-08-25,2021-09-09,17,524,4.7,False,0.0592,-0.0009,0.1519,1.67,7,0
CRWD,2021-08-24,2021-08-31,2021-09-01,9,312,14.7,False,0.1432,-0.0393,0.1651,3.64,-1,-6
GME,2021-08-24,2021-08-24,2021-08-26,3,12957,2.3,False,0.2753,-0.0241,0.3235,4.78,7,0
ASTS,2021-08-25,2021-08-26,2021-09-05,12,744,12.4,False,0.1737,0.1155,0.3114,1.86,7,4
SAVA,2021-08-25,2021-08-25,2021-08-27,3,358,9.6,False,-0.3138,-0.2785,0.0,4.97,-1,2
AFRM,2021-08-27,2021-08-27,2021-08-31,5,465,18.0,False,-0.0297,0.4189,0.4231,7.89,3,3
ATER,2021-08-27,2021-09-23,2021-10-20,55,14282,285.6,False,1.9056,-0.2208,3.3535,14.54,-10,-10
BBIG,2021-08-27,2021-09-01,2021-09-17,22,7910,191.4,False,2.215,-0.1752,2.6928,20.35,8,-2
MMAT,2021-08-27,2021-09-03,2021-09-07,12,899,11.0,False,0.5896,-0.0073,0.5896,3.78,0,0
WKHS,2021-08-27,2021-09-01,2021-09-02,7,1060,6.4,False,-0.0287,0.0175,0.0425,1.69,-1,0
BGFV,2021-08-30,2021-09-01,2021-09-09,11,431,62.2,False,0.3464,-0.0949,0.3464,2.64,0,1
TTCF,2021-08-30,2021-09-03,2021-09-03,5,729,18.9,False,0.0985,0.0,0.1955,1.28,-1,0
VIH,2021-08-30,2021-09-03,2021-09-13,15,1223,143.1,False,0.1194,-0.0914,0.1194,13.74,0,0
WFC,2021-08-31,2021-08-31,2021-09-02,3,447,14.4,False,-0.056,-0.0247,0.0289,3.02,-4,1
CHWY,2021-09-01,2021-09-01,2021-09-03,3,598,9.3,False,-0.0078,-0.1222,0.0225,5.96,-2,1
NFLX,2021-09-02,2021-09-03,2021-09-08,7,585,2.7,False,0.0145,0.0263,0.0423,1.89,4,-1
SII,2021-09-02,2021-09-10,2021-09-16,15,435,35.0,False,0.1301,-0.0034,0.1371,1.12,3,-8
UEC,2021-09-02,2021-09-10,2021-09-16,15,3394,42.5,False,0.2539,0.1059,0.4414,4.21,5,7
RKLB,2021-09-03,2021-09-09,2021-09-10,8,1273,22.0,False,0.7816,-0.098,0.7816,5.61,0,0
CCJ,2021-09-07,2021-09-10,2021-09-14,8,1224,157.5,False,0.1315,-0.0045,0.1454,3.92,5,3
CEI,2021-09-07,2021-09-29,2021-10-08,32,3218,126.3,False,3.1349,-0.5,3.6185,8.17,1,0
CLOV,2021-09-07,2021-09-07,2021-09-09,3,2573,5.3,False,0.2217,-0.138,0.2217,3.45,0,0
REE,2021-09-07,2021-09-14,2021-09-27,21,750,7.2,False,-0.0433,-0.0236,0.0901,1.24,-5,-12
ARC,2021-09-08,2021-09-29,2021-10-08,31,2062,9.0,False,0.0827,-0.0332,0.2338,1.29,-12,-13
LIDR,2021-09-09,2021-09-16,2021-09-16,8,310,157.0,False,0.1815,0.0,0.1815,10.59,0,0
AAPL,2021-09-10,2021-09-10,2021-09-15,6,3690,3.8,False,-0.0331,0.0004,0.017,1.54,-3,0
CS,2021-09-10,2021-09-20,2021-09-24,15,308,4.0,False,-0.1115,0.0511,0.0038,1.73,-7,0
OCGN,2021-09-13,2021-09-13,2021-09-24,12,349,12.6,False,0.158,-0.0906,0.158,2.62,0,0
SDC,2021-09-13,2021-09-17,2021-09-27,15,11258,82.6,False,0.301,-0.1119,0.301,5.59,0,0
PROG,2021-09-14,2021-10-26,2021-11-23,71,22364,142.2,False,3.2442,0.0,4.2016,6.92,24,21
ROAD,2021-09-14,2021-09-20,2021-10-05,22,890,4.4,False,-0.0206,0.0108,0.0289,1.02,-5,-3
IBKR,2021-09-15,2021-10-29,2021-10-30,46,1138,10.9,False,0.1539,0.0,0.23,1.56,5,3
SBUX,2021-09-15,2021-09-15,2021-09-22,8,324,5.7,False,-0.0355,-0.0137,0.004,1.69,-5,0
RBC,2021-09-16,2021-09-16,2021-10-04,19,346,5.6,False,-0.0162,0.0248,0.0142,1.99,13,18
SPIR,2021-09-16,2021-09-22,2021-09-23,8,984,109.5,False,0.8904,-0.2043,0.8904,20.34,0,-1
TELL,2021-09-16,2021-09-27,2021-10-09,24,542,6.8,False,0.1554,-0.1614,0.1554,1.58,0,-10
ASTS,2021-09-17,2021-09-17,2021-09-20,4,396,5.5,False,0.1087,-0.1081,0.1087,3.29,0,0
HSBC,2021-09-17,2021-09-20,2021-09-23,7,338,30.5,False,-0.0345,0.05,0.0396,1.95,7,0
VLTA,2021-09-17,2021-09-17,2021-09-21,5,314,46.1,False,0.0465,-0.0345,0.0465,1.77,0,0
DOW,2021-09-20,2021-09-20,2021-10-13,24,368,8.2,False,-0.0272,0.013,0.0424,1.53,-5,7
FDX,2021-09-21,2021-09-22,2021-09-30,10,373,15.7,False,-0.0866,-0.0427,0.0302,3.22,-6,0
HRC,2021-09-21,2021-09-21,2021-10-07,17,338,3.6,False,-0.0022,0.0057,0.0076,0.59,20,-4
PRTH,2021-09-21,2021-09-29,2021-10-15,25,571,3.2,False,-0.0685,-0.1456,0.0685,0.23,-5,-12
UPST,2021-09-21,2021-09-21,2021-09-23,3,372,5.5,False,0.093,0.0485,0.1461,1.44,2,-4
GOEV,2021-09-22,2021-09-24,2021-09-27,6,2016,48.3,False,0.3513,-0.0796,0.3513,3.74,0,0
MRIN,2021-09-22,2021-09-24,2021-09-27,6,316,33.3,False,0.7944,0.0284,0.8453,15.17,3,-2
SOFI,2021-09-22,2021-09-22,2021-09-29,8,728,5.3,False,0.1101,-0.0493,0.1668,1.63,5,0
KELYA,2021-09-27,2021-09-28,2021-10-20,24,314,8.1,False,0.0109,-0.0184,0.029,0.57,14,3
KELYB,2021-09-27,2021-09-28,2021-10-20,24,313,8.1,False,-0.0076,0.0066,0.0486,0.61,-1,7
NGS,2021-09-27,2021-09-28,2021-10-13,17,570,7.4,False,0.0686,0.1926,0.3708,1.85,14,8
TSLA,2021-09-27,2021-10-25,2021-11-23,58,69495,10.1,False,0.3234,0.0821,0.5882,1.59,10,0
TWTR,2021-09-27,2021-09-28,2021-11-23,58,33516,5.7,False,-0.071,-0.2452,0.0,1.4,-4,29
FAMI,2021-09-28,2021-09-30,2021-10-04,7,1003,130.7,False,0.949,-0.2134,0.949,7.12,0,0
DOLE,2021-09-29,2021-09-30,2021-10-01,3,403,236.0,False,0.1292,-0.0737,0.1292,4.71,0,0
COIN,2021-10-01,2021-11-09,2021-11-10,41,4581,17.1,False,0.5711,-0.0806,0.5711,1.97,0,1
MRK,2021-10-01,2021-10-01,2021-10-04,4,374,63.8,False,0.0837,0.0209,0.1064,5.75,3,0
MRNA,2021-10-01,2021-10-01,2021-10-06,6,353,4.5,False,-0.1137,-0.1134,0.0623,1.6,-4,0
PXD,2021-10-04,2021-10-04,2021-10-11,8,637,2.5,False,0.0246,0.0787,0.1053,1.36,4,4
TLRY,2021-10-04,2021-10-07,2021-10-08,5,1369,12.1,False,-0.0117,-0.0481,0.0126,1.3,-7,0
WISH,2021-10-04,2021-10-04,2021-10-07,4,830,3.9,False,-0.0935,0.068,0.0449,1.24,-5,0
IMCC,2021-10-05,2021-11-15,2021-11-29,56,1677,7.3,False,-0.1413,0.2911,0.1685,3.71,9,16
RIOT,2021-10-06,2021-10-15,2021-10-21,16,461,9.7,False,0.0573,0.0571,0.1936,1.96,5,0
MOD,2021-10-07,2021-10-15,2021-10-15,9,385,24.2,False,0.0513,0.0,0.0686,0.74,-11,-11
LUV,2021-10-10,2021-10-11,2021-10-12,3,352,85.8,False,-0.0417,0.0099,0.0102,1.7,-6,0
OCGN,2021-10-11,2021-10-12,2021-10-15,5,872,17.5,False,0.2885,-0.0494,0.4215,3.66,2,0
NET,2021-10-13,2021-11-04,2021-11-08,27,481,9.8,False,0.3323,0.0443,0.3913,1.08,4,-16
AGC,2021-10-14,2021-11-09,2021-11-12,30,2055,33.9,False,0.5461,0.0494,0.6908,8.0,2,0
HUT,2021-10-15,2021-11-09,2021-11-19,36,553,8.2,False,0.4583,-0.1416,0.5057,1.41,-1,-25
IEX,2021-10-17,2021-10-25,2021-10-26,10,1999,64.9,False,0.0363,-0.0056,0.0446,0.98,3,2
NFLX,2021-10-18,2021-10-19,2021-10-20,3,1013,9.3,False,0.017,-0.0217,0.069,1.92,6,1
SNAP,2021-10-18,2021-10-21,2021-10-25,8,1540,86.0,False,-0.0288,-0.2744,0.0,3.32,-6,1
SHOP,2021-10-19,2021-11-13,2021-11-14,27,3261,25.9,False,0.1395,0.0,0.1539,1.41,6,-16
IBM,2021-10-20,2021-10-28,2021-10-28,9,375,17.7,False,-0.1137,0.0,0.0185,2.54,-13,-7
PINS,2021-10-20,2021-10-20,2021-10-25,6,789,84.6,False,0.1277,-0.1914,0.1277,7.02,0,0
PYPL,2021-10-20,2021-11-09,2021-11-24,36,8120,55.3,False,-0.2439,-0.0813,0.0,3.98,-21,0
DWAC,2021-10-21,2021-10-22,2021-10-26,6,5898,783.2,False,8.4578,-0.3729,8.4578,1415.6,0,-1
GOOG,2021-10-21,2021-10-27,2021-11-05,16,810,5.2,False,0.0282,0.0192,0.0487,1.23,12,0
GOOGL,2021-10-21,2021-10-27,2021-11-09,20,939,6.0,False,0.0314,0.0185,0.0512,1.39,12,0
INTC,2021-10-21,2021-10-22,2021-11-22,33,4987,11.2,False,-0.1067,0.0075,0.0114,1.76,-1,0
PHUN,2021-10-21,2021-10-22,2021-10-25,5,1842,897.0,False,7.3238,-0.1808,7.3238,274.6,0,0
BENE,2021-10-22,2021-10-22,2021-10-25,4,635,259.0,False,0.1563,0.0496,0.2137,777.49,3,0
CLF,2021-10-22,2021-10-22,2021-11-08,18,3488,3.8,False,0.1271,-0.0109,0.2112,1.34,4,0
MARK,2021-10-22,2021-10-25,2021-10-26,5,904,86.7,False,2.4612,-0.3079,2.4612,137.8,0,0
ZEN,2021-10-22,2021-10-29,2021-12-03,43,1464,5.1,False,-0.2405,-0.0483,0.009,2.83,-7,0
CNXN,2021-10-23,2021-10-23,2021-11-02,11,625,2.3,False,,,0.1543,1.51,13,11
RGP,2021-10-23,2021-10-23,2021-11-02,11,626,2.3,False,,,0.0669,0.79,13,12
SBUX,2021-10-24,2021-10-29,2021-11-15,23,638,6.1,False,-0.074,0.0547,0.0206,1.78,7,0
GNUS,2021-10-25,2021-10-26,2021-10-27,3,358,154.0,False,0.3955,-0.1872,0.5149,31.05,-1,-1
METX,2021-10-25,2021-10-26,2021-11-10,17,1162,27.8,False,0.8003,0.0107,1.238,8.32,14,0
SSB,2021-10-25,2021-11-04,2021-11-24,31,1058,6.5,False,0.0214,0.0127,0.058,0.97,11,-7
XPEV,2021-10-25,2021-11-23,2021-12-08,45,489,7.6,False,0.1892,-0.0667,0.2749,1.98,7,0
AMD,2021-10-26,2021-11-08,2021-11-11,17,4954,10.2,False,0.2272,-0.0276,0.2459,1.72,8,0
BRK,2021-10-26,2021-10-27,2021-10-28,3,1057,57.1,False,-0.0077,0.0074,0.0034,1.99,-1,0
CRTX,2021-10-26,2021-11-02,2021-11-04,10,615,58.5,False,-0.7135,-0.0342,0.0024,31.76,-11,-6
MSFT,2021-10-26,2022-01-25,2022-01-26,93,24720,31.2,False,-0.0637,0.0285,0.1135,1.36,-67,1
NVDA,2021-10-26,2021-11-04,2021-11-22,28,10739,28.0,False,0.2864,0.0723,0.4239,2.16,15,0
CHWY,2021-10-27,2021-10-29,2021-10-29,3,384,7.8,False,0.1149,0.0,0.1149,1.58,0,-1
NKLA,2021-10-27,2021-11-04,2021-11-17,22,1173,10.0,False,0.4244,-0.1328,0.4244,1.83,0,0
ZIM,2021-10-27,2021-11-17,2021-11-22,27,2866,11.1,False,0.0736,0.0795,0.1625,1.13,2,0
AAPL,2021-10-28,2021-10-28,2021-11-01,5,3158,4.6,False,0.025,-0.0237,0.025,1.36,0,1
LCID,2021-10-28,2021-10-28,2021-11-01,5,1539,23.4,False,0.3131,0.0296,0.547,7.61,8,0
ON,2021-10-28,2021-11-12,2021-11-22,26,559,4.4,False,0.3154,0.0531,0.4245,1.6,6,-11
RBLX,2021-10-28,2021-11-09,2021-11-10,14,1255,38.1,False,0.3575,-0.1302,0.3575,3.1,0,0
BTBT,2021-10-29,2021-10-29,2021-11-18,21,382,10.0,False,0.4179,-0.3172,0.4179,0.4,0,4
COO,2021-10-29,2021-11-01,2021-11-02,5,351,32.2,False,0.0125,-0.0031,0.0179,1.03,4,-7
FGF,2021-10-29,2021-10-29,2021-11-17,20,877,2.1,False,-0.0103,-0.0155,0.6154,36.2,4,5
GME,2021-10-29,2021-10-29,2021-11-11,14,51211,2.5,False,0.0036,0.1134,0.1957,1.91,10,5
NXPI,2021-10-29,2021-11-01,2021-11-19,22,366,7.4,False,0.0262,0.0786,0.1218,1.17,4,10
CHGG,2021-11-01,2021-11-02,2021-11-04,4,663,282.9,False,-0.4596,-0.0153,0.0559,15.42,-1,0
NYC,2021-11-01,2021-11-04,2021-11-10,10,312,4.6,False,-0.0238,0.0135,0.02,1.44,-7,11
Z,2021-11-01,2021-11-03,2021-11-04,4,2157,49.5,False,-0.3682,0.0307,0.0,7.02,-5,0
ZG,2021-11-01,2021-11-03,2021-11-04,4,2043,48.1,False,-0.377,0.0404,0.0,6.57,-5,0
ATVI,2021-11-02,2021-11-03,2021-11-05,4,404,38.8,False,-0.1588,0.0162,0.0,2.96,-2,0
BGFV,2021-11-02,2021-11-04,2021-11-16,15,1599,42.4,False,0.2431,-0.0626,0.7311,10.88,7,0
SAVA,2021-11-02,2021-11-04,2021-11-05,4,571,24.0,False,0.8304,0.0771,0.9716,7.29,1,0
GPI,2021-11-03,2021-11-12,2021-11-17,15,459,7.7,False,0.0841,-0.0875,0.1074,1.14,4,5
PTON,2021-11-03,2021-11-04,2021-11-05,3,1080,57.2,False,-0.037,-0.3535,0.0387,6.45,-3,1
QCOM,2021-11-03,2021-11-04,2021-11-05,3,312,12.4,False,0.1544,0.0443,0.233,4.17,5,0
REE,2021-11-03,2021-11-12,2021-11-18,16,538,6.8,False,-0.0421,-0.0801,0.0371,2.87,-4,3
BNTX,2021-11-04,2021-11-09,2021-11-10,7,552,22.7,False,-0.2337,0.0399,0.0,2.91,-6,-4
PFE,2021-11-04,2021-11-05,2021-11-06,3,555,13.3,False,0.0846,0.0,0.1196,4.24,6,0
BMRA,2021-11-05,2021-11-05,2021-11-11,7,505,66.4,False,0.1179,-0.069,0.1179,0.57,0,7
DASH,2021-11-08,2021-11-09,2021-11-10,3,603,43.8,False,-0.0336,0.1158,0.238,4.08,3,1
NEGG,2021-11-08,2021-11-08,2021-11-16,9,370,47.0,False,0.5895,-0.0048,0.6225,18.99,7,0
NIO,2021-11-08,2021-11-09,2021-11-22,15,799,5.1,False,-0.039,0.0209,0.0215,1.16,-1,13
PLTR,2021-11-08,2021-11-09,2021-11-11,4,1568,9.8,False,-0.0673,-0.052,0.0288,2.73,-1,0
RIOT,2021-11-08,2021-11-09,2021-11-16,9,623,6.9,False,0.2658,-0.0743,0.4033,1.71,3,0
FUBO,2021-11-09,2021-11-09,2021-11-16,8,343,11.5,False,-0.016,-0.2701,0.0,2.52,-1,1
BYND,2021-11-10,2021-11-10,2021-11-12,3,377,19.0,False,-0.0358,-0.0988,0.0182,3.88,-5,1
DIS,2021-11-10,2021-11-11,2021-12-02,23,2173,7.2,False,-0.0742,-0.092,0.0101,2.19,-3,0
SNDL,2021-11-11,2021-11-12,2021-11-22,12,1405,13.0,False,0.3582,-0.2502,0.3582,2.82,0,0
GGPI,2021-11-12,2021-11-12,2021-11-18,7,632,13.8,False,0.1582,0.0453,0.3861,11.45,4,3
CRWD,2021-11-15,2021-12-01,2021-12-03,19,364,17.5,False,-0.2912,-0.0221,0.0,2.32,-19,-16
GOEV,2021-11-16,2021-11-17,2021-11-30,15,1303,32.5,False,0.2781,0.1083,0.5254,9.15,12,0
JPM,2021-11-16,2021-12-17,2021-12-20,35,1061,11.0,False,-0.0588,-0.018,0.0103,1.6,-24,0
PIPP,2021-11-16,2021-11-17,2021-11-23,8,308,76.0,False,0.0515,0.0,0.1,15.04,1,-1
TALK,2021-11-16,2021-11-16,2021-11-30,15,342,22.3,False,-0.3628,0.0602,0.056,6.85,-5,0
WMT,2021-11-16,2021-11-16,2021-11-26,11,745,3.4,False,-0.0255,0.0121,0.0108,1.83,-5,0
UWMC,2021-11-17,2021-11-19,2021-11-19,3,340,55.1,False,-0.0257,0.0,0.0575,8.57,-7,0
BABA,2021-11-18,2021-12-03,2021-12-06,19,3662,10.9,False,-0.3071,0.104,0.0424,1.93,-17,0
LGVN,2021-11-18,2021-11-24,2021-12-10,23,2812,294.0,False,13.4863,-0.5407,13.4863,472.65,0,-6
FCCY,2021-11-19,2021-11-20,2021-11-22,4,998,77.3,False,-0.0171,0.0291,0.0218,2.24,-5,4
RAVE,2021-11-22,2021-11-23,2021-11-29,8,384,111.0,False,0.1154,-0.1103,0.1769,1.46,1,0
BMTX,2021-11-23,2021-11-26,2021-12-02,10,666,20.1,False,0.123,-0.1266,0.1737,1.34,-8,-8
ISPC,2021-11-23,2021-11-29,2021-11-30,8,1353,384.0,False,1.2995,-0.0955,1.2995,8.14,0,-7
QLGN,2021-11-23,2021-11-29,2021-12-01,9,760,220.0,False,0.264,-0.0759,1.048,26.18,-6,-6
BFRI,2021-11-24,2021-11-29,2021-12-02,9,435,104.0,False,1.6996,-0.2606,2.0038,47.17,-3,-5
ACIU,2021-11-26,2021-11-26,2021-12-14,19,472,7.7,False,-0.0336,-0.0329,0.0,0.3,-2,18
MRNA,2021-11-26,2021-11-30,2021-12-01,6,1666,13.4,False,0.2891,-0.1187,0.3479,2.52,-1,-4
VBIV,2021-11-26,2021-11-26,2021-12-02,7,1387,18.0,False,-0.028,-0.0252,0.0909,5.96,5,5
PTPI,2021-11-27,2021-11-29,2021-12-03,7,885,130.6,False,0.9139,-0.38,0.9139,3.38,0,0
UPS,2021-11-27,2022-02-01,2022-02-03,69,2041,13.9,False,0.1237,-0.0087,0.1306,1.36,1,0
CRM,2021-11-29,2021-11-30,2021-12-01,3,316,16.2,False,0.0026,-0.1174,0.0441,4.3,-1,1
PPSI,2021-11-29,2021-11-30,2021-12-10,12,2995,337.4,False,0.685,-0.1296,0.7983,0.77,8,0
CRTX,2021-11-30,2021-12-01,2021-12-02,3,863,18.6,False,0.1191,0.0122,0.1327,0.77,1,0
ARDX,2021-12-01,2021-12-02,2021-12-06,6,561,171.0,False,0.4912,-0.1882,0.4912,32.3,0,-1
ESSC,2021-12-01,2021-12-14,2021-12-17,17,1866,381.0,False,0.2981,-0.1807,0.7692,22.65,-1,0
CFVI,2021-12-02,2021-12-06,2021-12-09,8,704,176.0,False,0.3019,0.0693,0.5366,914.47,2,-4
DOCU,2021-12-02,2021-12-03,2021-12-04,3,1444,155.8,False,-0.4147,0.0,0.0897,23.59,-4,0
DWAC,2021-12-02,2021-12-08,2021-12-09,8,982,4.1,False,0.4751,-0.1356,0.4751,2.43,0,0
CHWY,2021-12-04,2021-12-09,2021-12-10,7,2206,37.6,False,-0.1019,-0.0806,0.0952,2.35,-10,1
GBNY,2021-12-06,2021-12-06,2021-12-20,15,359,2.5,False,0.0039,0.0181,0.0721,9.23,9,10
LULU,2021-12-06,2021-12-09,2021-12-10,5,351,34.7,False,-0.0431,-0.0176,0.0343,2.54,-7,0
AVCT,2021-12-09,2021-12-22,2021-12-31,23,2263,379.0,False,1.4272,-0.028,1.4951,43.79,5,-12
FDX,2021-12-11,2021-12-16,2021-12-17,7,461,22.0,False,-0.0315,0.0495,0.023,2.04,5,1
AMC,2021-12-13,2021-12-17,2021-12-20,8,2624,3.2,False,0.0612,0.0199,0.1789,2.18,-9,0
RELI,2021-12-13,2021-12-21,2021-12-22,10,403,113.0,False,1.6202,-0.1119,1.6202,10.33,0,0
BFRI,2021-12-21,2021-12-21,2021-12-29,9,815,5.1,False,0.4475,-0.2058,0.7283,0.93,2,0
IINN,2021-12-22,2021-12-30,2021-12-31,10,558,51.7,False,0.4142,-0.1297,0.4142,0.47,0,0
NXTD,2021-12-22,2021-12-27,2021-12-29,8,461,109.0,False,0.8084,-0.3008,0.8084,2.67,0,0
AUVI,2021-12-28,2021-12-28,2022-01-12,16,864,6.2,False,-0.129,-0.3911,0.2092,3.6,-5,6
ISIG,2021-12-28,2021-12-30,2022-01-07,11,303,16.2,False,1.0581,-0.0164,1.1984,1.16,12,-2
RBLX,2021-12-30,2021-12-31,2022-01-19,21,1898,9.7,False,0.0598,-0.2617,0.0788,1.02,-4,24
NES,2021-12-31,2021-12-31,2022-01-11,12,339,44.9,False,0.2614,-0.2039,0.2614,0.69,0,11
ICE,2022-01-03,2022-01-11,2022-01-20,18,405,4.6,False,-0.0352,-0.0442,0.0034,1.3,-13,10
TLRY,2022-01-03,2022-01-10,2022-01-13,11,1403,15.5,False,0.037,-0.0576,0.0512,1.76,-7,0
TSLA,2022-01-03,2022-01-03,2022-01-14,12,15257,3.7,False,0.1353,-0.1252,0.1353,1.28,0,0
TSM,2022-01-03,2022-01-13,2022-01-13,11,758,22.9,False,0.1569,0.0,0.1691,3.21,1,0
AMD,2022-01-04,2022-01-04,2022-01-10,7,1139,2.7,False,-0.0387,-0.086,0.0,1.35,-1,6
BAC,2022-01-04,2022-01-18,2022-01-26,23,443,5.5,False,0.0017,-0.0078,0.0656,1.36,-7,6
BRK,2022-01-04,2022-01-05,2022-02-15,43,1457,6.9,False,0.0286,0.0144,0.0684,1.16,9,19
F,2022-01-04,2022-01-04,2022-01-06,3,458,30.8,False,0.1167,0.0062,0.1236,2.96,2,0
QCOM,2022-01-04,2022-02-02,2022-02-03,31,1142,39.6,False,0.0107,-0.0484,0.0133,1.55,-19,1
WFC,2022-01-04,2022-01-16,2022-01-18,15,550,14.5,False,0.1445,-0.0236,0.1445,1.57,-2,-2
BYND,2022-01-05,2022-01-13,2022-01-14,10,636,36.3,False,0.1495,-0.06,0.1495,2.66,0,-7
UEC,2022-01-05,2022-01-05,2022-01-16,12,488,9.9,False,0.0131,-0.1399,0.0184,1.22,2,0
BRLI,2022-01-07,2022-01-08,2022-02-10,35,1460,2.4,False,0.0005,0.0029,0.0073,2.46,31,34
DISCA,2022-01-07,2022-01-07,2022-02-25,50,1785,3.9,False,0.1687,-0.0605,0.2123,1.62,7,0
LCID,2022-01-07,2022-01-20,2022-01-21,15,1726,8.9,False,0.0131,-0.0251,0.1897,0.84,-9,-13
VIAC,2022-01-07,2022-01-14,2022-01-24,18,413,8.1,False,0.1253,-0.116,0.1253,1.22,0,-7
CSX,2022-01-10,2022-04-06,2022-04-29,110,10588,217.0,False,-0.0757,-0.0095,0.0077,1.58,-7,-75
DASH,2022-01-11,2022-02-16,2022-02-17,38,960,35.2,False,-0.2889,0.1069,0.0764,2.0,-36,1
SBUX,2022-01-11,2022-02-01,2022-02-03,24,1063,11.5,False,-0.0686,-0.0286,0.0482,1.89,-26,-12
XOM,2022-01-11,2022-02-01,2022-02-15,36,904,9.6,False,0.1805,-0.0351,0.2033,1.52,6,0
CCMP,2022-01-12,2022-01-12,2022-01-27,16,414,2.5,False,-0.0016,-0.0754,0.0066,0.72,-5,12
DWAC,2022-01-12,2022-01-18,2022-01-20,9,1071,9.7,False,0.3528,-0.0669,0.3528,4.37,0,0
MP,2022-01-12,2022-01-12,2022-01-27,16,417,2.6,False,0.036,-0.2425,0.036,1.09,0,12
NGS,2022-01-12,2022-02-24,2022-03-10,58,2086,12.8,False,0.0589,0.0714,0.2127,1.47,6,6
PATK,2022-01-12,2022-01-12,2022-01-26,15,332,6.8,False,0.0118,-0.1656,0.0599,1.35,-5,9
BBIG,2022-01-13,2022-01-19,2022-02-09,28,4868,12.6,False,0.5729,-0.2075,0.8021,6.61,-1,-1
SPCE,2022-01-13,2022-01-13,2022-01-19,7,388,13.0,False,-0.1892,-0.0937,0.0016,3.31,-2,0
NFLX,2022-01-14,2022-01-21,2022-01-22,9,5666,51.8,False,-0.2344,0.0,0.0417,5.7,-10,0
PIXY,2022-01-14,2022-01-25,2022-01-27,14,460,19.2,False,0.4762,-0.1742,0.6476,2.94,1,-1
SOFI,2022-01-18,2022-01-20,2022-01-28,11,1876,9.8,False,0.1364,-0.26,0.1364,4.17,0,0
STRA,2022-01-18,2022-02-24,2022-03-17,59,1528,6.4,False,-0.1374,0.2296,0.1217,1.03,25,22
WOW,2022-01-18,2022-01-18,2022-02-10,24,320,4.9,False,-0.0299,-0.0226,0.0169,1.02,-5,8
AMZN,2022-01-21,2022-02-03,2022-02-04,15,4795,38.0,False,-0.0845,0.1354,0.0643,2.22,5,1
WEN,2022-01-21,2022-01-21,2022-02-03,14,636,3.5,False,-0.009,0.0282,0.0455,1.13,-2,3
TCBI,2022-01-22,2022-01-22,2022-02-04,14,739,4.6,False,,,0.1253,0.84,17,-1
DOW,2022-01-24,2022-01-24,2022-02-04,12,341,4.8,False,-0.0018,0.0703,0.0929,1.36,16,3
MTCH,2022-01-24,2022-02-02,2022-02-03,11,872,138.4,False,0.0187,-0.0511,0.0243,1.61,-13,0
MCD,2022-01-25,2022-01-25,2022-02-02,9,330,3.5,False,-0.0116,0.0463,0.0342,1.36,8,2
KEY,2022-01-26,2022-01-28,2022-02-25,31,2692,81.3,False,0.0092,0.0068,0.0823,1.0,11,32
AAPL,2022-01-27,2022-01-27,2022-02-08,13,10686,6.3,False,-0.0029,0.098,0.1039,1.09,13,1
AMD,2022-01-27,2022-02-01,2022-02-02,7,3820,10.0,False,0.0548,0.0512,0.1171,1.72,6,1
SPOT,2022-01-29,2022-02-02,2022-02-07,10,2096,35.7,False,0.1095,-0.1063,0.1771,3.67,-1,1
GOOG,2022-02-01,2022-02-02,2022-02-03,3,1146,14.4,False,0.0909,-0.0364,0.0909,2.15,0,0
GOOGL,2022-02-01,2022-02-02,2022-02-03,3,1092,15.8,False,0.0938,-0.0332,0.0938,2.29,0,0
PYPL,2022-02-01,2022-02-02,2022-02-03,3,3227,27.5,False,-0.229,-0.0624,0.0224,4.95,-1,0
FB,2022-02-02,2022-02-03,2022-02-09,8,467,33.2,False,-0.2547,-0.0242,0.0125,4.78,-1,0
PINS,2022-02-02,2022-02-03,2022-02-04,3,585,26.7,False,-0.1833,0.1118,0.0,2.58,-2,1
SNAP,2022-02-02,2022-02-03,2022-02-04,3,1802,90.6,False,-0.2721,0.5882,0.1967,6.41,6,1
SENS,2022-02-04,2022-02-11,2022-02-11,8,363,15.7,False,-0.1987,0.0,0.2285,2.82,-2,0
CHGG,2022-02-06,2022-02-07,2022-02-08,3,551,177.7,False,0.0365,0.1599,0.2547,3.91,2,1
PFE,2022-02-07,2022-02-08,2022-02-09,3,513,11.0,False,-0.0245,-0.0044,0.0162,1.37,-6,0
RBLX,2022-02-10,2022-02-15,2022-02-16,7,2695,20.2,False,0.04,-0.2651,0.04,1.94,0,1
Z,2022-02-10,2022-02-10,2022-02-18,9,350,5.7,False,-0.0175,0.2464,0.3121,4.49,5,1
ZG,2022-02-10,2022-02-10,2022-02-18,9,333,5.5,False,-0.0126,0.2704,0.3386,3.96,5,1
CCMP,2022-02-11,2022-02-11,2022-02-24,14,491,2.6,False,-0.0234,0.0232,0.0096,0.65,5,18
LMT,2022-02-11,2022-02-24,2022-03-09,27,1194,8.7,False,0.0267,0.134,0.2094,1.56,11,4
MP,2022-02-11,2022-02-11,2022-02-24,14,494,2.6,False,0.0256,0.0954,0.2004,0.79,14,18
MS,2022-02-12,2022-02-18,2022-02-18,7,372,10.6,False,-0.0875,0.0,0.0398,0.91,-9,0
RF,2022-02-15,2022-02-21,2022-02-24,10,531,32.7,False,-0.0334,-0.0262,0.0314,1.0,-6,-4
UPST,2022-02-15,2022-02-15,2022-02-17,3,365,12.9,False,0.0431,0.2797,0.415,3.34,1,1
WAT,2022-02-16,2022-02-16,2022-03-03,16,357,3.4,False,-0.0011,0.006,0.0117,0.87,9,19
PLTR,2022-02-17,2022-02-17,2022-02-24,8,2405,5.9,False,-0.1575,0.0051,0.0143,2.33,-2,0
DKNG,2022-02-18,2022-02-18,2022-02-23,6,513,7.0,False,-0.2162,0.1353,0.0757,2.21,-3,0
CS,2022-02-20,2022-02-21,2022-03-05,14,409,6.1,False,,,0.0202,1.67,-5,15
ACQR,2022-02-21,2022-02-21,2022-03-01,9,319,9.9,False,,,0.0031,2.26,10,9
LNG,2022-02-22,2022-02-22,2022-03-09,16,368,7.1,False,-0.0026,0.1581,0.2035,2.25,10,2
UEC,2022-02-22,2022-03-09,2022-03-21,28,1736,13.1,False,0.7639,-0.0079,0.809,1.89,1,1
CLOV,2022-02-23,2022-02-23,2022-02-28,6,316,7.6,False,-0.0147,0.3532,0.3333,2.39,5,1
NOG,2022-02-24,2022-03-07,2022-03-15,20,519,8.1,False,0.18,-0.0901,0.1935,1.43,-3,11
PXD,2022-02-24,2022-02-24,2022-03-09,14,1482,2.5,False,0.0028,0.0199,0.0754,1.47,6,12
RKT,2022-02-24,2022-03-03,2022-03-04,9,434,12.1,False,0.2617,0.0172,0.2834,1.49,1,-7
TSM,2022-02-24,2022-02-28,2022-03-07,12,377,7.2,False,-0.0767,-0.0721,0.0087,2.15,-6,7
WTI,2022-02-24,2022-03-07,2022-03-15,20,614,7.0,False,0.4169,-0.3039,0.4169,2.62,0,0
FOSL,2022-02-28,2022-02-28,2022-03-12,13,458,7.2,False,-0.0572,-0.3565,0.0132,2.33,9,10
MULN,2022-02-28,2022-03-21,2022-04-11,43,5920,90.1,False,3.6657,-0.1713,3.811,10.68,1,-21
SLI,2022-02-28,2022-04-23,2022-04-24,56,1306,7.1,False,0.0016,0.0,0.4364,0.6,-19,-24
UUUU,2022-02-28,2022-03-08,2022-03-14,15,575,7.8,False,0.2074,-0.0672,0.3338,2.97,2,2
SOFI,2022-03-01,2022-03-01,2022-03-03,3,554,6.0,False,-0.0218,-0.0455,0.0114,1.81,1,1
AAPL,2022-03-02,2022-03-02,2022-03-08,7,4915,3.5,False,0.0206,-0.0548,0.0206,1.08,0,6
CVX,2022-03-02,2022-03-08,2022-03-10,9,389,11.2,False,0.139,0.0017,0.1415,2.3,3,0
OXY,2022-03-02,2022-03-07,2022-03-10,9,491,26.6,False,0.1836,0.0497,0.2424,3.44,3,2
INDO,2022-03-04,2022-03-07,2022-03-10,7,329,19.7,False,2.0446,-0.3507,2.0446,1.6,0,-3
JPM,2022-03-04,2022-03-04,2022-03-17,14,509,3.5,False,-0.0281,0.0428,0.0313,1.15,18,-3
CEI,2022-03-05,2022-03-08,2022-03-11,7,621,26.3,False,0.5897,-0.2602,0.641,7.18,-1,0
CHWY,2022-03-07,2022-03-31,2022-03-31,25,1197,12.4,False,-0.0992,0.0,0.1266,1.24,-2,-1
PATK,2022-03-07,2022-03-17,2022-03-17,11,512,29.1,False,-0.0222,0.0,0.0442,0.78,-15,1
XOM,2022-03-07,2022-03-08,2022-03-11,5,502,7.0,False,0.0439,-0.0326,0.0439,1.63,0,0
TETC,2022-03-08,2022-03-08,2022-03-18,11,310,2.3,False,0.001,0.0021,0.0031,1.16,10,3
AMZN,2022-03-09,2022-03-10,2022-03-11,3,657,6.6,False,0.0794,-0.0088,0.1256,1.37,6,0
ZIM,2022-03-09,2022-03-22,2022-03-29,21,1691,7.2,False,0.0932,-0.043,0.2536,2.34,-6,0
HYMC,2022-03-10,2022-03-15,2022-03-19,10,532,171.0,False,1.4127,-0.1118,1.9841,13.03,-4,-4
BRK,2022-03-11,2022-03-26,2022-04-07,28,1119,5.4,False,0.1048,-0.0356,0.1053,1.49,2,9
KEYS,2022-03-12,2022-03-29,2022-03-29,18,567,249.0,False,0.1316,0.0,0.1316,0.92,0,-11
BABA,2022-03-14,2022-03-16,2022-03-22,9,2284,10.7,False,0.2107,0.0954,0.3521,3.88,7,0
NIO,2022-03-14,2022-03-24,2022-04-04,22,1108,7.3,False,0.3678,0.0851,0.4841,1.63,11,-8
GME,2022-03-17,2022-03-23,2022-04-13,28,132240,3.6,False,0.6233,0.0688,1.1827,4.34,5,0
BBIG,2022-03-21,2022-03-30,2022-04-14,25,1695,8.1,False,0.2581,-0.2179,0.3629,1.35,-1,-9
NILE,2022-03-21,2022-04-10,2022-04-18,29,5788,191.5,False,0.0728,0.1795,0.6914,15.49,-13,-20
IMCC,2022-03-22,2022-04-01,2022-04-05,15,569,8.8,False,0.1406,0.0411,0.2448,4.69,-2,-8
NVDA,2022-03-22,2022-03-24,2022-04-28,38,6175,5.7,False,0.053,-0.2973,0.0719,1.1,5,0
TLRY,2022-03-22,2022-03-25,2022-03-30,9,2942,99.7,False,0.609,-0.0491,0.609,6.41,0,0
AMC,2022-03-23,2022-03-29,2022-04-04,13,4728,7.1,False,0.6123,-0.2082,0.6123,3.1,0,-1
DISCA,2022-03-23,2022-03-24,2022-03-30,8,628,5.4,False,0.0093,-0.0524,0.0179,0.68,1,4
DISCB,2022-03-23,2022-03-24,2022-03-30,8,624,5.5,False,-0.0081,0.015,0.0067,2.95,6,5
DISCK,2022-03-23,2022-03-24,2022-03-30,8,630,5.5,False,0.0056,-0.0509,0.013,0.84,1,-1
FCN,2022-03-23,2022-03-25,2022-03-25,3,993,77.8,False,-0.0228,0.0,0.0193,0.92,5,-7
IEX,2022-03-23,2022-03-23,2022-04-01,10,925,16.2,False,-0.0195,-0.0064,0.0088,1.04,-5,-5
LPL,2022-03-23,2022-03-23,2022-04-05,14,359,2.9,False,-0.0097,-0.0515,0.0365,0.82,6,13
SNDL,2022-03-23,2022-03-25,2022-04-05,14,643,18.8,False,0.3887,-0.2045,0.3887,4.21,0,0
AMTD,2022-03-24,2022-03-24,2022-04-12,20,540,4.1,False,-0.004,-0.0952,0.0672,0.15,1,1
CNXN,2022-03-24,2022-03-25,2022-04-28,36,1703,4.1,False,0.011,-0.0485,0.0461,1.25,4,14
RGP,2022-03-24,2022-03-25,2022-04-28,36,1705,4.1,False,0.0278,0.0365,0.1077,1.02,26,35
GTES,2022-03-25,2022-04-23,2022-04-24,31,2566,109.2,False,-0.175,0.0,0.0137,1.99,-32,-24
GOOG,2022-03-26,2022-03-26,2022-03-31,6,389,3.8,False,,,0.015,0.9,9,-4
NEGG,2022-03-28,2022-04-06,2022-04-11,15,325,80.0,False,0.6783,-0.157,0.6783,14.53,0,-9
ATER,2022-03-29,2022-04-19,2022-04-29,32,10590,106.0,False,1.2852,-0.1231,1.5586,14.92,-1,-6
TWTR,2022-03-29,2022-04-14,2022-04-28,31,42180,7.4,False,0.1524,0.0894,0.3216,5.43,11,-10
WASH,2022-03-29,2022-03-29,2022-04-15,18,400,5.4,False,0.0141,-0.1081,0.0141,0.9,0,9
AMD,2022-03-31,2022-05-03,2022-05-04,35,8416,10.3,False,-0.2356,0.091,0.0336,0.92,-35,1
GFAI,2022-03-31,2022-04-10,2022-04-12,13,565,16.8,False,-0.2308,-0.0083,0.109,0.58,-9,-12
HMHC,2022-03-31,2022-04-06,2022-04-06,7,442,74.5,False,0.0014,0.0,0.0029,1.13,-2,0
THCA,2022-03-31,2022-04-05,2022-04-11,12,382,54.0,False,0.2216,-0.1243,0.2764,16.86,2,-4
SST,2022-04-04,2022-04-08,2022-04-14,11,4109,57.2,False,0.5097,-0.1031,0.7387,12.29,-1,-3
PHM,2022-04-07,2022-04-13,2022-04-18,12,6326,1007.0,False,0.0479,-0.0148,0.0775,1.19,7,-1
SBFM,2022-04-07,2022-04-11,2022-04-19,13,303,25.9,False,-0.248,-0.1332,0.5342,2.56,-4,-6
WMT,2022-04-07,2022-04-07,2022-04-12,6,350,2.9,False,0.01,-0.0211,0.0156,1.14,1,6
NFLX,2022-04-18,2022-04-20,2022-04-21,4,11193,108.3,False,-0.3369,-0.0352,0.0273,12.21,-7,0
DIS,2022-04-19,2022-05-11,2022-05-12,24,1745,26.0,False,-0.1766,-0.0086,0.0323,2.1,-22,-21
MASS,2022-04-20,2022-04-20,2022-05-30,41,620,3.2,False,-0.0005,-0.2078,0.0232,1.49,14,22
PYPL,2022-04-20,2022-04-27,2022-04-28,9,1629,11.8,False,-0.2031,0.1148,0.0,1.7,-8,1
SPOT,2022-04-20,2022-04-27,2022-04-29,10,493,7.6,False,-0.2965,0.0515,0.0,2.94,-8,0
TSLA,2022-04-20,2022-04-20,2022-05-03,14,21911,4.9,False,-0.0496,-0.0695,0.0,1.23,-1,6
GOOGL,2022-04-21,2022-04-26,2022-04-27,7,1227,10.6,False,-0.0733,-0.0367,0.0154,2.12,-7,1
RDBX,2022-04-21,2022-05-02,2022-05-03,13,682,52.6,False,2.3583,-0.2239,2.3583,47.08,0,0
ROKU,2022-04-21,2022-04-28,2022-04-28,8,373,55.4,False,-0.1637,0.0,0.0658,1.62,-9,1
SHOP,2022-04-21,2022-05-05,2022-05-12,22,1742,12.8,False,-0.2132,-0.1442,0.1536,1.89,-16,0
CCMP,2022-04-22,2022-04-22,2022-04-29,8,697,6.6,False,-0.0048,-0.0044,0.0149,0.7,12,-2
DOW,2022-04-22,2022-05-11,2022-05-24,33,671,4.7,False,-0.0391,0.0042,0.0158,1.32,-7,-20
GOOG,2022-04-22,2022-04-26,2022-04-27,6,1271,11.3,False,-0.0435,-0.0375,0.0448,2.15,-7,1
MP,2022-04-22,2022-04-22,2022-04-29,8,699,6.5,False,-0.0299,-0.076,0.1192,0.81,-3,-1
MSFT,2022-04-23,2022-04-26,2022-04-27,5,2664,10.7,False,-0.0139,0.0481,0.0569,1.76,2,1
DWAC,2022-04-25,2022-04-25,2022-04-29,5,593,7.3,False,-0.129,0.4671,0.2778,2.69,4,2
MARK,2022-04-25,2022-04-27,2022-05-02,8,440,15.8,False,-0.0735,0.0407,0.0493,0.96,7,2
KEY,2022-04-27,2022-05-26,2022-05-26,30,2144,74.1,False,0.0005,0.0,0.0402,0.96,-34,5
MCD,2022-04-27,2022-04-28,2022-06-03,38,767,3.4,False,0.0226,-0.0229,0.0231,1.18,6,26
TDOC,2022-04-27,2022-04-28,2022-04-29,3,764,115.0,False,-0.4199,0.0075,0.0483,14.38,-3,0
COKE,2022-04-28,2022-04-28,2022-05-07,10,308,9.9,False,-0.0022,0.0491,0.1126,1.02,14,6
INTC,2022-04-28,2022-04-28,2022-05-04,7,715,3.7,False,0.0358,-0.0064,0.0407,1.63,-3,1
KO,2022-04-28,2022-04-28,2022-05-07,10,314,10.3,False,0.0096,-0.0219,0.0096,1.37,0,-3
RIVN,2022-04-28,2022-05-11,2022-05-12,15,1275,19.5,False,-0.3402,0.1796,0.0865,2.05,-7,-2
CSCO,2022-04-29,2022-05-18,2022-05-20,22,705,51.8,False,-0.0448,-0.1121,0.0259,1.5,-23,1
BRK,2022-05-01,2022-05-06,2022-05-12,12,632,4.4,False,-0.01,-0.0373,0.0303,0.97,-8,-4
BRT,2022-05-01,2022-06-15,2022-06-23,54,676,7.4,False,0.0055,0.0032,0.0576,1.35,-19,-36
Z,2022-05-01,2022-05-01,2022-05-27,27,855,4.0,False,,,0.1085,1.87,3,5
ZG,2022-05-01,2022-05-01,2022-05-27,27,847,4.0,False,,,0.1154,1.79,3,30
DASH,2022-05-04,2022-05-05,2022-05-11,8,399,10.9,False,-0.0762,-0.1865,0.0389,2.75,-3,1
DKNG,2022-05-05,2022-05-05,2022-05-12,8,351,6.3,False,-0.082,-0.2126,0.0,1.5,-1,1
OXY,2022-05-05,2022-05-10,2022-05-17,13,392,9.3,False,-0.0351,0.1436,0.1035,1.3,7,-5
WISH,2022-05-05,2022-05-05,2022-05-12,8,316,2.8,False,-0.1005,-0.1824,0.0,1.3,-1,6
BBIG,2022-05-06,2022-05-06,2022-05-19,14,1140,7.8,False,0.2802,-0.155,0.2802,2.73,0,0
AFRM,2022-05-09,2022-05-12,2022-05-13,5,531,42.8,False,-0.277,0.3143,0.2729,5.35,-8,1
COIN,2022-05-09,2022-05-11,2022-05-13,5,2954,21.0,False,-0.4822,0.2634,0.2546,8.1,-7,0
PLTR,2022-05-09,2022-05-09,2022-05-11,3,936,12.5,False,-0.2131,-0.1005,0.1582,3.13,-5,0
UPST,2022-05-09,2022-05-10,2022-05-11,3,1214,38.9,False,-0.5994,-0.1669,0.1154,4.53,-6,0
RBLX,2022-05-10,2022-05-10,2022-05-12,3,774,14.9,False,-0.0577,0.2324,0.3397,3.88,3,1
LUNA,2022-05-11,2022-05-12,2022-05-16,6,579,77.0,False,-0.0281,0.0869,0.152,1.94,5,4
ASPC,2022-05-12,2022-05-12,2022-05-25,14,362,2.4,False,-0.001,0.001,0.002,4.89,12,11
WMT,2022-05-16,2022-05-18,2022-05-19,4,1608,20.6,False,-0.173,-0.0274,0.0011,3.9,-2,-1
TGT,2022-05-17,2022-05-18,2022-05-19,3,871,94.6,False,-0.2629,-0.0506,0.0022,7.86,-5,0
BBY,2022-05-18,2022-05-24,2022-05-25,8,1335,50.2,False,-0.1305,0.0897,0.022,3.71,-11,0
COST,2022-05-18,2022-05-26,2022-05-26,9,910,29.6,False,-0.052,0.0,0.0139,2.01,-13,-8
ROST,2022-05-18,2022-05-19,2022-05-20,3,367,225.0,False,-0.0039,-0.2247,0.0,5.57,-2,1
ZIM,2022-05-18,2022-05-18,2022-05-23,6,433,4.4,False,-0.0575,0.1375,0.0809,1.74,7,0
JWN,2022-05-23,2022-05-24,2022-05-25,3,480,125.1,False,-0.0236,0.1402,0.254,3.84,3,1
CRM,2022-05-25,2022-05-31,2022-06-01,8,532,25.7,False,0.0211,0.0988,0.2005,1.99,2,1
MSFT,2022-06-02,2022-06-02,2022-06-06,5,881,2.9,False,0.0079,-0.0212,0.0079,0.9,0,0
PHM,2022-06-04,2022-06-04,2022-06-09,6,368,4.6,False,,,0.01,0.59,-2,9
WTI,2022-06-04,2022-06-04,2022-06-23,20,733,3.9,False,,,0.1272,1.49,3,13
TCBI,2022-06-06,2022-06-06,2022-06-23,18,1136,2.7,False,0.0123,-0.068,0.022,1.17,-4,18
UEC,2022-06-07,2022-06-07,2022-07-06,30,447,6.9,False,0.154,-0.337,0.154,0.78,0,0
XOM,2022-06-07,2022-06-08,2022-06-23,17,638,4.2,False,0.0582,-0.1853,0.0582,1.26,0,9
NIO,2022-06-08,2022-06-08,2022-06-29,22,635,6.3,False,0.0372,0.0726,0.2254,1.11,16,7
FOSL,2022-06-09,2022-06-11,2022-06-27,19,550,7.9,False,-0.0793,-0.0815,0.0283,0.75,-4,6
RDBX,2022-06-10,2022-06-13,2022-06-17,8,1621,7.8,False,0.6125,-0.2135,0.6125,1.5,0,-3
ACQR,2022-06-11,2022-07-04,2022-07-05,25,602,15.9,False,-0.001,-0.002,0.001,0.46,-28,-28
UUUU,2022-06-11,2022-06-11,2022-06-27,17,412,5.5,False,,,0.1685,0.91,-4,-4
CELH,2022-06-13,2022-06-13,2022-06-18,6,402,100.5,False,-0.1122,0.0154,0.1203,1.08,-5,10
COIN,2022-06-13,2022-06-13,2022-06-15,3,815,4.9,False,-0.1141,0.0577,0.1787,1.63,-5,0
MSTR,2022-06-13,2022-06-13,2022-06-18,6,460,29.7,False,-0.2518,0.1015,0.1452,2.45,-5,0
ABNB,2022-06-14,2022-06-17,2022-06-18,5,367,10.4,False,0.0057,0.0,0.1697,1.25,-8,6
DIS,2022-06-14,2022-06-14,2022-07-02,19,365,4.4,False,-0.0156,0.0204,0.0793,1.07,-5,14
FDX,2022-06-14,2022-06-23,2022-06-23,10,396,52.7,False,0.1351,0.0,0.2103,2.45,1,-9
REV,2022-06-14,2022-06-22,2022-06-24,11,1199,108.4,False,5.9573,-0.0233,5.9573,134.64,0,-1
ROAD,2022-06-15,2022-06-15,2022-06-22,8,347,2.7,False,0.0194,-0.1093,0.0725,1.37,-5,9
BOOM,2022-06-16,2022-06-21,2022-06-27,12,668,21.6,False,-0.1016,-0.0141,0.068,2.09,-8,3
BOXD,2022-06-22,2022-06-23,2022-06-30,9,307,16.1,False,0.1118,0.0335,0.4969,10.62,4,-1
BIOT,2022-06-23,2022-06-29,2022-07-19,27,397,5.1,False,0.0087,-0.0051,0.0087,0.32,0,16
IOBT,2022-06-23,2022-06-29,2022-07-19,27,397,5.1,False,0.1123,-0.1262,0.1447,0.38,-2,-8
SFT,2022-06-23,2022-06-23,2022-07-04,12,303,41.0,False,0.2397,-0.0136,0.3745,10.25,15,0
APRN,2022-06-24,2022-07-08,2022-07-08,15,758,76.9,False,0.5993,0.0,0.6438,3.36,-3,-3
NFLX,2022-06-24,2022-06-24,2022-06-27,4,496,2.4,False,0.0503,-0.009,0.0503,1.11,0,0
EVFM,2022-06-27,2022-06-28,2022-07-21,25,799,79.0,False,1.8771,-0.0654,2.63,10.21,10,-1
ENDP,2022-06-28,2022-07-05,2022-07-13,16,308,31.5,False,0.3573,-0.2031,0.8533,5.34,-7,-7
AMD,2022-06-29,2022-06-29,2022-07-01,3,618,3.5,False,-0.0345,-0.0554,0.078,1.02,-5,1
BBBY,2022-06-29,2022-07-05,2022-07-06,8,3044,30.4,False,-0.2894,-0.0366,0.072,3.06,-11,2
BBIG,2022-06-30,2022-06-30,2022-07-08,9,406,5.1,False,-0.2995,-0.1667,0.0508,1.24,-2,0
CVNA,2022-06-30,2022-06-30,2022-07-11,12,351,6.9,False,-0.0229,-0.0217,0.3129,1.2,-3,5
AMTD,2022-07-07,2022-08-03,2022-08-04,29,2435,59.8,False,4.4825,-0.312,5.1404,886.42,-1,-1
GME,2022-07-07,2022-07-07,2022-07-14,8,34686,2.8,False,0.1506,0.008,0.2918,1.48,12,0
TWTR,2022-07-08,2022-07-09,2022-07-22,15,14357,6.9,False,-0.051,0.0823,0.0273,2.46,18,2
VERU,2022-07-11,2022-08-11,2022-08-22,43,688,52.1,False,0.202,0.0593,0.7853,1.45,6,0
ASPC,2022-07-12,2022-07-12,2022-08-02,22,538,3.3,False,0.0015,0.008,0.0881,9.31,17,1
MSFT,2022-07-12,2022-07-26,2022-07-28,17,3042,12.2,False,-0.0477,0.0973,0.0614,1.02,3,1
TLRY,2022-07-14,2022-08-17,2022-08-18,36,1605,22.4,False,0.2593,-0.0062,0.3354,1.95,-9,-28
BLK,2022-07-15,2022-07-20,2022-07-21,7,384,4.6,False,0.0783,0.0072,0.0861,1.13,1,-6
AAPL,2022-07-18,2022-07-28,2022-07-29,12,6616,7.7,False,0.0478,0.0328,0.1063,0.98,6,1
GOOG,2022-07-18,2022-07-26,2022-07-27,10,1114,14.0,False,-0.065,0.0774,0.0343,1.09,3,-4
GOOGL,2022-07-18,2022-07-26,2022-07-27,10,809,11.2,False,-0.0605,0.0766,0.0406,1.15,3,1
NFLX,2022-07-18,2022-07-19,2022-07-20,3,2853,17.3,False,0.0662,0.0735,0.1839,3.77,2,1
PRE,2022-07-18,2022-07-21,2022-07-22,5,491,74.3,False,0.0058,0.0018,0.0176,0.3,4,-8
XELA,2022-07-18,2022-07-22,2022-07-26,9,486,12.0,False,0.5204,-0.3946,0.5204,2.67,0,-3
INTC,2022-07-19,2022-07-29,2022-08-02,15,2355,13.7,False,-0.062,-0.0083,0.0491,1.61,-8,0
TBLT,2022-07-19,2022-07-22,2022-08-01,14,1173,50.0,False,1.9776,0.0827,2.2239,3.16,10,0
SNAP,2022-07-20,2022-07-21,2022-07-22,3,1393,137.1,False,0.1555,-0.3908,0.1555,5.65,0,1
TSLA,2022-07-20,2022-07-20,2022-07-22,3,5325,3.5,False,0.008,0.1,0.1193,1.24,7,1
IEX,2022-07-22,2022-07-29,2022-07-30,9,537,13.8,False,0.0836,0.0,0.0949,1.14,6,-2
SIGA,2022-07-23,2022-07-29,2022-08-05,14,1161,33.3,False,0.4137,0.3554,0.9161,4.48,7,-4
WMT,2022-07-25,2022-07-25,2022-07-27,3,1469,18.4,False,-0.0014,-0.0411,0.0026,3.08,-4,1
SNDL,2022-07-26,2022-07-26,2022-08-19,25,443,19.0,False,-0.2334,0.2719,0.1355,1.85,-5,20
META,2022-07-27,2022-07-27,2022-07-29,3,548,8.6,False,0.0655,-0.0618,0.0655,2.03,0,1
BABA,2022-07-29,2022-08-04,2022-08-04,7,345,5.1,False,-0.031,0.0,0.0222,1.74,-8,-6
HKD,2022-07-29,2022-08-02,2022-08-04,7,3359,1439.0,False,8.3278,-0.5235,8.3278,0.39,0,-5
AMD,2022-08-01,2022-08-02,2022-08-04,4,1870,12.5,False,0.051,0.0465,0.0999,1.45,2,1
REV,2022-08-01,2022-08-02,2022-08-08,8,690,17.1,False,0.9888,-0.0574,0.9888,5.39,0,-1
HOOD,2022-08-02,2022-08-03,2022-08-25,24,5059,4.0,False,0.1405,-0.0485,0.2179,1.39,12,0
AMC,2022-08-04,2022-08-05,2022-08-23,20,9885,16.3,False,0.218,-0.3217,0.3981,2.06,6,3
BLK,2022-08-04,2022-08-04,2022-08-10,7,404,4.3,False,0.0079,0.042,0.0945,0.94,11,-1
COIN,2022-08-04,2022-08-04,2022-08-10,7,1168,6.3,False,0.1001,0.0589,0.213,1.86,4,0
CVNA,2022-08-04,2022-08-05,2022-08-11,8,373,9.7,False,0.3461,0.067,0.5642,1.74,11,0
FUBO,2022-08-04,2022-08-16,2022-08-17,14,1364,467.9,False,1.1747,-0.1559,1.1747,4.34,0,0
BBBY,2022-08-05,2022-08-18,2022-08-31,27,88965,129.8,False,2.0163,-0.4863,2.7528,9.62,-1,-2
ARC,2022-08-06,2022-08-06,2022-08-19,14,508,2.8,False,,,0.0903,1.28,6,16
JXN,2022-08-06,2022-08-26,2022-08-26,21,1298,62.4,False,0.146,0.0,0.2586,1.22,-8,-16
RJAC,2022-08-06,2022-08-26,2022-08-26,21,1291,63.1,False,-0.004,0.0,0.0,0.04,-21,-17
BBY,2022-08-07,2022-08-08,2022-08-31,25,1901,27.3,False,0.0283,-0.0999,0.1122,1.11,8,22
BB,2022-08-08,2022-08-16,2022-09-09,33,415,5.5,False,0.04,-0.1425,0.04,0.94,0,0
CLOV,2022-08-08,2022-08-08,2022-08-24,17,459,10.7,False,0.0429,-0.1382,0.0429,1.78,0,0
WISH,2022-08-08,2022-08-16,2022-08-22,15,402,6.1,False,-0.0112,-0.2316,0.0335,1.44,-8,0
ASTS,2022-08-09,2022-08-11,2022-08-19,11,620,23.7,False,0.4397,0.1306,0.845,4.81,5,0
BNGO,2022-08-10,2022-08-11,2022-08-12,3,380,138.9,False,0.4956,0.0651,0.5929,6.48,1,0
NVTA,2022-08-10,2022-08-10,2022-08-12,3,571,321.0,False,2.7686,-0.3778,2.7686,16.4,0,0
APRN,2022-08-15,2022-08-22,2022-09-22,39,4077,102.5,False,0.6115,-0.298,1.0551,5.36,17,8
BBIG,2022-08-16,2022-08-18,2022-08-20,5,501,13.7,False,,-0.2,,6.89,0,-1
PRTY,2022-08-16,2022-08-17,2022-08-30,15,1793,116.2,False,0.5032,-0.1568,0.5032,4.79,0,0
WEBR,2022-08-16,2022-08-19,2022-08-19,4,1049,212.7,False,0.214,0.0,0.3717,13.76,-1,-1
ZIM,2022-08-17,2022-08-17,2022-09-23,38,1114,7.3,False,-0.0601,-0.4801,0.0189,2.35,-5,0
CHWY,2022-08-18,2022-08-19,2022-08-21,4,416,15.9,False,-0.1134,0.0,0.0365,0.97,-3,7
STRA,2022-08-18,2022-08-31,2022-08-31,14,599,10.9,False,-0.0793,0.0,0.0107,0.95,-12,1
TWTR,2022-08-18,2022-08-18,2022-09-09,23,21554,6.0,False,-0.003,-0.0381,0.0116,0.96,-3,5
CBSH,2022-08-19,2022-08-23,2022-09-01,14,374,3.5,False,-0.0377,-0.0282,0.0034,1.26,-7,1
FGF,2022-08-19,2022-08-19,2022-08-25,7,309,2.3,False,-0.0063,-0.0696,0.0314,1.58,3,-1
HTBK,2022-08-19,2022-08-23,2022-09-01,14,374,3.5,False,-0.0401,-0.0281,0.0123,0.97,-7,-8
OXY,2022-08-19,2022-08-19,2022-08-29,11,597,11.1,False,0.0988,0.0557,0.16,2.27,10,0
SPSC,2022-08-19,2022-08-23,2022-09-01,14,374,3.5,False,-0.0432,-0.0545,0.012,0.67,-7,9
SKY,2022-08-20,2022-08-31,2022-09-06,18,703,14.4,False,-0.1039,-0.0334,0.0957,0.82,-16,-5
AVYA,2022-08-23,2022-08-25,2022-09-07,16,601,41.3,False,0.8974,0.3355,1.6464,2.21,12,-2
BOOM,2022-08-24,2022-08-24,2022-08-29,6,449,15.5,False,-0.0079,0.0088,0.0442,0.85,1,9
NVDA,2022-08-24,2022-09-01,2022-09-02,10,3308,9.0,False,-0.1888,-0.0208,0.0426,1.43,-7,0
UEC,2022-08-24,2022-08-30,2022-09-09,17,1073,20.2,False,0.2316,-0.0177,0.2316,1.88,0,-6
LNG,2022-08-25,2022-09-05,2022-09-14,21,349,8.0,False,-0.0543,0.0727,0.0145,1.3,9,11
GSAT,2022-08-26,2022-09-07,2022-09-08,14,931,115.8,False,0.0899,-0.1893,0.1058,5.39,-1,0
POW,2022-08-26,2022-09-07,2022-09-21,27,447,4.9,False,0.0025,0.0025,0.0051,1.64,7,-7
AVCT,2022-08-29,2022-09-23,2022-10-04,37,2302,24.7,False,1.311,-0.4834,2.1442,8.35,-23,-25
META,2022-08-31,2022-10-26,2022-10-31,62,5739,69.1,False,-0.174,-0.2824,0.0763,1.79,-47,1
SLI,2022-08-31,2022-09-20,2022-09-22,23,623,6.6,False,-0.0735,-0.0694,0.0809,0.99,-25,-4
SBUX,2022-09-03,2022-09-13,2022-09-15,13,316,3.9,False,0.0591,0.0499,0.1177,2.2,1,1
TCBI,2022-09-05,2022-09-07,2022-10-06,32,1083,4.1,False,0.0338,0.0454,0.0993,1.51,27,-1
DWAC,2022-09-06,2022-09-06,2022-09-08,3,501,22.3,False,-0.1144,0.0551,0.0,4.47,-4,0
NIO,2022-09-06,2022-09-07,2022-09-22,17,325,4.6,False,-0.0141,0.0498,0.2391,1.41,6,5
PXD,2022-09-06,2022-09-06,2022-09-08,3,368,2.6,False,-0.0115,-0.0208,0.0286,0.94,6,-5
AAPL,2022-09-07,2022-09-07,2022-09-12,6,3294,4.8,False,0.0093,0.0479,0.0576,1.28,5,9
SPR,2022-09-07,2022-09-07,2022-09-23,17,373,11.6,False,0.0382,-0.1903,0.0851,1.5,5,9
STRA,2022-09-07,2022-09-07,2022-09-13,7,491,6.5,False,0.0135,0.0127,0.0569,1.24,5,9
NFLX,2022-09-13,2022-09-16,2022-09-17,5,1462,16.4,False,0.0152,0.0,0.03,2.1,3,-1
HKD,2022-09-14,2022-09-14,2022-09-16,3,735,11.7,False,3.1178,-0.4298,3.1178,57.23,0,7
BYND,2022-09-19,2022-09-20,2022-09-21,3,304,25.6,False,-0.1236,-0.0081,0.1006,2.39,-6,1
MSFT,2022-09-20,2022-09-22,2022-09-30,11,1499,3.7,False,-0.0145,-0.0335,0.0191,1.23,13,-6
SAVA,2022-09-20,2022-09-22,2022-09-28,9,353,17.0,False,0.6851,-0.1414,0.6851,4.57,0,0
Z,2022-09-21,2022-10-18,2022-10-21,31,664,3.2,False,-0.1101,0.0177,0.0563,0.85,-32,-32
ZG,2022-09-21,2022-10-18,2022-10-21,31,661,3.2,False,-0.1074,0.0159,0.0528,0.76,-32,-32
CS,2022-09-23,2022-10-03,2022-10-04,12,3033,191.4,False,-0.1486,0.1222,0.1125,1.91,-14,4
DOW,2022-09-23,2022-09-23,2022-10-07,15,316,4.8,False,-0.0194,0.0116,0.044,0.9,-4,5
ELS,2022-09-24,2022-09-24,2022-10-11,18,319,3.4,False,,,0.0271,1.62,-5,6
BLK,2022-09-29,2022-10-13,2022-10-13,15,616,4.0,False,-0.0331,0.0,0.01,1.09,-9,0
GTES,2022-10-04,2022-10-04,2022-11-12,40,733,2.8,False,0.0367,0.1396,0.1824,1.33,42,2
TWTR,2022-10-04,2022-10-04,2022-10-07,4,5093,4.5,False,0.2224,-0.0542,0.2224,4.64,0,1
AMD,2022-10-07,2022-10-07,2022-10-11,5,1153,6.6,False,-0.1387,-0.0139,0.0013,1.61,-2,0
PYPL,2022-10-08,2022-10-10,2022-10-11,4,1808,52.1,False,-0.0627,-0.0169,0.0471,1.47,-4,0
TSM,2022-10-08,2022-10-13,2022-10-24,17,412,11.6,False,-0.0449,-0.08,0.0678,1.65,-8,0
MMAT,2022-10-09,2022-10-13,2022-10-14,6,449,142.5,False,0.3837,-0.0232,0.5597,7.2,-1,0
INTC,2022-10-11,2022-10-11,2022-10-16,6,816,3.2,False,-0.0063,0.0347,0.0786,1.14,-5,2
ON,2022-10-11,2022-10-16,2022-10-21,11,382,13.3,False,-0.0672,0.1369,0.1343,0.98,-10,-9
MCD,2022-10-13,2022-10-30,2022-11-03,22,478,6.1,False,0.158,-0.0057,0.1744,1.13,9,-17
YELL,2022-10-14,2022-10-21,2022-11-04,22,611,6.3,False,-0.0812,-0.2273,0.0371,1.31,11,13
SHOP,2022-10-17,2022-10-27,2022-10-27,11,319,8.7,False,0.3085,0.0,0.335,1.16,5,0
ABNB,2022-10-18,2022-10-18,2022-10-20,3,558,14.8,False,0.0124,-0.008,0.0296,0.83,3,7
SNAP,2022-10-18,2022-10-20,2022-10-21,4,1132,126.0,False,0.0189,-0.2808,0.0255,4.06,-1,1
MULN,2022-10-19,2022-10-25,2022-11-19,32,783,13.9,False,1.348,-0.4698,1.4954,3.31,1,-6
BABA,2022-10-24,2022-10-24,2022-10-26,3,537,20.3,False,-0.1251,0.0849,0.0,4.56,-3,0
AMZN,2022-10-25,2022-10-27,2022-10-28,4,1535,33.8,False,-0.0739,-0.068,0.0065,2.1,-2,1
GOOG,2022-10-25,2022-10-26,2022-11-04,11,1216,13.4,False,-0.0791,-0.0856,0.019,1.92,-1,0
GOOGL,2022-10-25,2022-10-26,2022-10-27,3,704,13.0,False,-0.074,-0.0285,0.0191,2.32,-1,0
MSFT,2022-10-25,2022-10-25,2022-10-28,4,1807,8.2,False,0.0138,-0.059,0.0138,1.76,0,1
SPOT,2022-10-25,2022-11-05,2022-11-07,14,329,10.4,False,-0.2494,0.0336,0.0252,1.61,-11,-10
SKYX,2022-10-26,2022-11-01,2022-11-18,24,1147,4.4,False,-0.1417,-0.2159,0.0,1.17,-7,16
SOFI,2022-10-31,2022-11-01,2022-11-02,3,315,32.7,False,0.0514,-0.1065,0.0514,3.3,0,0
Z,2022-11-01,2022-11-01,2022-11-09,9,322,5.4,False,0.0039,0.0374,0.2288,1.46,10,2
ZG,2022-11-01,2022-11-01,2022-11-09,9,320,5.4,False,0.001,0.0287,0.2118,1.68,10,2
COIN,2022-11-03,2022-11-03,2022-11-27,25,3343,17.5,False,-0.0809,-0.2065,0.0913,2.09,-3,5
CVNA,2022-11-03,2022-11-07,2022-11-11,9,1060,14.8,False,-0.4514,0.6076,0.1344,3.24,-6,-3
ASTS,2022-11-04,2022-11-14,2022-11-18,15,1018,56.3,False,0.2866,-0.174,0.4219,2.83,-3,0
DWAC,2022-11-07,2022-11-07,2022-11-20,14,909,18.6,False,0.6648,-0.2653,0.6648,8.91,0,0
PLTR,2022-11-07,2022-11-07,2022-11-16,10,450,6.4,False,-0.1148,0.1481,0.0605,1.55,4,0
AMC,2022-11-08,2022-11-08,2022-11-16,9,1028,5.2,False,0.0544,0.3399,0.4916,1.79,7,6
BRC,2022-11-09,2022-11-09,2022-11-19,11,375,8.8,False,-0.0146,0.0317,0.029,0.66,8,9
NEGG,2022-11-11,2022-11-11,2022-12-22,42,699,4.9,False,0.1893,-0.3383,0.1953,0.76,4,-2
CNXN,2022-11-14,2022-11-14,2022-11-22,9,339,3.5,False,0.002,0.0843,0.0976,1.24,9,-4
RGP,2022-11-14,2022-11-14,2022-11-22,9,339,3.5,False,0.0103,0.0484,0.0592,0.91,8,1
TGT,2022-11-14,2022-11-16,2022-11-16,3,313,78.0,False,-0.103,0.0,0.0327,4.8,-1,0
ICE,2022-11-20,2022-12-02,2022-12-26,37,797,13.0,False,0.0484,-0.0589,0.0511,0.75,-1,14
COSM,2022-11-21,2022-11-29,2022-12-08,18,1269,36.9,False,4.3423,-0.5634,4.3423,5.85,0,-6
COMS,2022-11-23,2022-12-01,2022-12-17,25,474,17.0,False,0.6222,-0.2146,1.1333,4.4,4,0
TCDA,2022-11-25,2022-11-30,2022-12-08,14,459,33.3,False,0.2435,-0.0087,0.4756,0.94,-2,-2
AAPL,2022-11-28,2022-11-29,2022-12-01,4,4208,6.5,False,-0.0469,0.0506,0.02,1.02,-6,1
TLRY,2022-12-02,2022-12-05,2022-12-06,5,377,10.6,False,0.1223,-0.1325,0.1223,2.95,0,0
CVNA,2022-12-07,2022-12-07,2022-12-09,3,1121,11.7,False,-0.4292,0.3185,0.2027,3.69,-5,0
BKNG,2022-12-12,2022-12-12,2022-12-27,16,444,5.9,False,0.0297,-0.0393,0.0297,1.06,0,4
GTES,2022-12-15,2022-12-28,2022-12-28,14,642,8.0,False,-0.023,0.0,0.0159,1.65,-15,-12
TSLA,2022-12-15,2022-12-28,2023-01-06,23,42227,5.5,False,-0.2812,0.0031,0.0703,1.91,-16,6
HOOD,2022-12-20,2022-12-20,2022-12-23,4,850,4.6,False,-0.0122,-0.0185,0.0573,0.79,-5,-4
CAT,2022-12-21,2023-01-31,2023-01-31,42,707,11.0,False,0.0729,0.0,0.125,1.15,-4,0
TRKA,2022-12-21,2023-01-24,2023-02-06,48,1042,18.6,False,0.7709,0.2834,1.3627,2.36,10,13
AMC,2022-12-22,2022-12-22,2022-12-27,6,758,10.1,False,-0.0736,-0.1792,0.0,1.21,-1,0
LUV,2022-12-27,2022-12-27,2022-12-29,3,458,82.8,False,-0.0596,-0.0165,0.0,2.79,-4,1
BABA,2023-01-04,2023-01-17,2023-01-17,14,1107,41.1,False,0.2523,0.0,0.3031,1.42,3,-13
MSFT,2023-01-04,2023-01-24,2023-01-25,22,4562,22.6,False,0.0103,-0.0059,0.0358,1.22,3,1
BBBY,2023-01-05,2023-01-13,2023-01-18,14,5695,34.5,False,0.5187,0.0765,1.1743,17.03,-1,-1
HKD,2023-01-05,2023-01-05,2023-01-09,5,818,143.7,False,1.995,-0.5032,1.995,80.1,0,0
PRTY,2023-01-06,2023-01-11,2023-01-17,12,370,49.2,False,-0.2088,0.3223,0.2622,18.69,-1,0
APRN,2023-01-13,2023-01-17,2023-02-13,32,1775,8.7,False,0.1257,-0.0428,0.7049,2.61,20,-4
GS,2023-01-16,2023-01-18,2023-01-28,13,376,4.5,False,-0.0666,0.0132,0.0,3.06,-5,-1
GNS,2023-01-19,2023-01-20,2023-01-25,7,1179,209.2,False,5.0504,0.2654,8.169,108.95,10,-1
GOOG,2023-01-20,2023-02-02,2023-02-15,27,1766,12.1,False,0.1586,-0.1075,0.1586,1.82,0,7
GOOGL,2023-01-20,2023-02-02,2023-02-16,28,1553,11.0,False,0.1579,-0.1135,0.1579,1.8,0,7
HLBZ,2023-01-20,2023-01-23,2023-01-26,7,1072,187.9,False,2.4606,-0.3258,2.4606,24.82,0,0
NVDA,2023-01-23,2023-02-23,2023-03-01,38,7947,22.9,False,0.3265,-0.0408,0.3392,1.24,8,0
AMD,2023-01-24,2023-01-31,2023-02-02,10,1610,23.0,False,-0.018,0.1751,0.1539,1.48,2,1
NVOS,2023-01-24,2023-01-26,2023-02-03,11,785,142.9,False,0.1418,-0.0561,0.1418,3.76,0,-2
WMT,2023-01-24,2023-01-24,2023-02-03,11,358,2.5,False,0.0027,-0.0092,0.0142,0.99,8,-4
INTC,2023-01-26,2023-01-27,2023-02-01,7,1630,23.9,False,-0.0519,0.0323,0.0209,2.33,7,0
NGS,2023-01-26,2023-01-26,2023-03-08,42,1222,4.3,False,0.0122,-0.0492,0.0297,0.41,1,8
PXD,2023-01-26,2023-01-26,2023-03-09,43,2285,2.6,False,0.0033,-0.1476,0.0221,1.91,-3,29
LCID,2023-01-27,2023-01-27,2023-01-30,4,624,113.6,False,0.43,-0.087,0.43,5.75,0,0
CVNA,2023-01-30,2023-02-02,2023-02-03,5,1691,21.8,False,0.834,0.014,0.8597,3.7,1,0
SNAP,2023-01-30,2023-01-31,2023-02-01,3,615,78.5,False,0.0596,-0.1029,0.1063,3.1,6,1
META,2023-01-31,2023-02-02,2023-02-03,4,1263,22.1,False,0.2836,-0.0119,0.303,2.86,5,0
PYPL,2023-01-31,2023-02-09,2023-02-10,11,885,32.9,False,-0.0153,0.0303,0.0919,1.45,-7,1
MARA,2023-02-02,2023-02-02,2023-02-21,20,551,5.3,False,0.0638,-0.1088,0.0638,0.86,0,14
MASS,2023-02-02,2023-02-10,2023-02-23,22,383,6.8,False,0.0764,-0.0069,0.1304,0.87,-8,18
SBUX,2023-02-02,2023-02-05,2023-02-05,4,446,26.7,False,-0.0517,0.0,0.0,1.96,-4,-2
NSC,2023-02-13,2023-02-16,2023-02-22,10,363,60.7,False,-0.0519,-0.0349,0.0165,2.12,-8,1
PLTR,2023-02-13,2023-02-13,2023-02-15,3,729,17.7,False,0.0133,0.3285,0.3462,4.0,2,1
SI,2023-02-14,2023-02-15,2023-02-16,3,456,13.6,False,0.5173,-0.2227,0.5173,3.11,0,0
DKNG,2023-02-15,2023-02-16,2023-02-17,3,350,28.0,False,0.0729,0.1533,0.2373,3.09,1,1
AMC,2023-02-27,2023-02-28,2023-03-01,3,619,7.6,False,0.1516,-0.0798,0.2274,2.25,-1,-1
TRKA,2023-02-27,2023-03-07,2023-03-09,11,2980,20.2,False,0.8361,-0.3652,1.5098,6.72,-1,0
CRM,2023-03-01,2023-03-01,2023-03-03,3,407,46.2,False,0.0229,0.114,0.1405,2.98,1,1
NVOS,2023-03-06,2023-03-07,2023-03-08,3,462,11.3,False,0.5728,-0.0497,0.5728,7.06,0,0
BAC,2023-03-09,2023-03-13,2023-03-27,19,901,51.1,False,-0.1244,-0.0007,0.047,3.55,-7,0
CS,2023-03-09,2023-03-15,2023-03-21,13,4849,68.4,False,-0.2552,-0.5518,0.0345,6.88,-9,0
JPM,2023-03-09,2023-03-10,2023-03-21,13,2076,31.0,False,-0.0301,-0.0232,0.0364,3.4,-4,3
VLY,2023-03-09,2023-03-10,2023-03-14,6,2541,101.2,False,-0.0746,-0.0408,0.0414,4.69,-4,3
BLK,2023-03-10,2023-03-10,2023-03-19,10,333,3.6,False,-0.025,0.0026,0.057,2.03,-4,7
FRC,2023-03-10,2023-03-20,2023-03-27,18,7020,1183.0,False,-0.8731,0.1346,0.2714,61.73,-14,1
WAL,2023-03-10,2023-03-13,2023-03-16,7,559,225.0,False,-0.5811,0.4131,0.2089,49.73,-7,0
WFC,2023-03-10,2023-03-15,2023-03-20,11,1065,31.6,False,-0.0554,-0.0353,0.1337,3.03,-9,-2
MKSI,2023-03-11,2023-03-13,2023-03-31,21,406,4.2,False,-0.0054,0.0185,0.064,0.87,-7,4
NATI,2023-03-11,2023-03-13,2023-03-31,21,407,4.1,False,-0.0169,0.0735,0.061,1.06,21,10
AMTD,2023-03-13,2023-03-15,2023-03-28,16,369,3.0,False,-0.0255,-0.0196,0.0701,1.47,-7,14
BRLI,2023-03-13,2023-03-20,2023-04-02,21,450,3.1,False,0.0046,0.0023,0.0175,0.29,7,9
GS,2023-03-13,2023-03-13,2023-03-23,11,394,7.1,False,-0.0371,-0.0021,0.066,1.74,-5,2
PACW,2023-03-13,2023-03-13,2023-03-22,10,361,55.0,False,-0.2105,0.0379,1.1603,14.66,-5,3
SCHW,2023-03-13,2023-03-13,2023-03-24,12,703,92.8,False,-0.1157,0.026,0.2981,5.63,-5,0
DB,2023-03-15,2023-03-24,2023-03-25,11,814,159.9,False,-0.1696,0.0,0.0,3.71,-10,0
GME,2023-03-15,2023-03-22,2023-04-05,22,36254,5.5,False,0.4116,-0.0754,0.4181,3.06,2,0
UBS,2023-03-15,2023-03-19,2023-03-21,7,2916,255.8,False,-0.0895,0.1566,0.053,6.54,2,1
AMD,2023-03-16,2023-03-16,2023-03-23,8,776,5.8,False,0.0772,0.0381,0.1182,1.65,7,0
PXMD,2023-03-23,2023-03-29,2023-04-04,13,580,27.7,False,0.3068,-0.0957,0.4716,0.43,-9,-7
BABA,2023-03-28,2023-03-28,2023-03-30,3,370,14.9,False,0.1426,0.0506,0.2004,3.55,2,0
XOM,2023-04-02,2023-04-03,2023-05-02,31,302,8.2,False,0.059,-0.0519,0.0792,0.86,25,0
BLK,2023-04-06,2023-04-06,2023-04-14,9,436,5.1,False,0.0005,0.0532,0.0645,0.82,11,8
NFLX,2023-04-17,2023-04-18,2023-04-19,3,1670,27.1,False,-0.0146,-0.0317,0.0223,2.47,-5,1
BKNG,2023-04-18,2023-04-19,2023-05-11,24,380,8.1,False,0.0001,-0.0074,0.0149,1.25,13,16
TSLA,2023-04-19,2023-04-19,2023-04-21,3,4426,6.3,False,-0.0202,-0.0859,0.0148,1.19,-2,1
MSFT,2023-04-20,2023-04-26,2023-04-27,8,2323,11.0,False,0.024,0.032,0.0652,1.45,2,0
AMZN,2023-04-21,2023-04-27,2023-04-28,8,1147,31.9,False,0.0579,-0.0398,0.0579,1.89,0,0
BBBY,2023-04-23,2023-04-24,2023-04-28,6,1821,8.9,False,-0.3567,-0.4322,0.5809,1.68,-5,-5
FRC,2023-04-24,2023-04-24,2023-04-28,5,5501,14.0,False,0.122,-0.7806,0.122,4.17,0,1
PACW,2023-04-25,2023-05-03,2023-05-05,11,1454,93.2,False,-0.4329,-0.1028,0.0,4.44,-9,2
CMA,2023-04-26,2023-05-04,2023-05-05,10,365,34.5,False,-0.2334,0.1676,0.0742,1.97,-13,0
INTC,2023-04-26,2023-04-27,2023-04-28,3,655,10.9,False,0.0339,0.0402,0.0755,1.52,1,1
SOFI,2023-04-28,2023-05-01,2023-05-02,5,322,29.6,False,-0.0974,-0.1033,0.0281,3.89,-3,0
WFC,2023-04-29,2023-04-29,2023-05-07,9,310,5.1,False,,,0.0428,1.4,-5,5
CHGG,2023-05-01,2023-05-02,2023-05-03,3,442,236.0,False,-0.495,0.12,0.02,10.94,-6,0
HOOD,2023-05-01,2023-05-02,2023-05-03,3,1639,13.5,False,-0.0441,-0.0095,0.0068,1.08,6,-5
JPM,2023-05-01,2023-05-01,2023-05-04,4,1140,13.3,False,0.0214,-0.0501,0.0214,1.26,0,0
AMD,2023-05-02,2023-05-02,2023-05-10,9,1881,15.2,False,0.0025,0.0791,0.086,1.92,13,2
WAL,2023-05-02,2023-05-04,2023-05-05,4,934,50.1,False,-0.5005,0.4923,0.0417,6.18,-7,0
CVNA,2023-05-04,2023-05-04,2023-05-11,8,455,15.6,False,0.0184,0.6611,0.86,4.98,6,1
NVOS,2023-05-05,2023-05-08,2023-05-25,21,393,9.4,False,0.2519,-0.3205,0.2519,1.26,0,3
PLTR,2023-05-08,2023-05-08,2023-05-11,4,501,18.7,False,0.0445,0.2765,0.3414,5.16,2,1
PYPL,2023-05-08,2023-05-09,2023-05-13,6,1240,34.0,False,-0.1209,-0.064,0.0073,3.97,-1,0
ABNB,2023-05-09,2023-05-09,2023-05-11,3,432,37.1,False,0.0113,-0.1249,0.0113,4.02,0,1
DIS,2023-05-10,2023-05-10,2023-05-18,9,338,17.6,False,-0.0102,-0.073,0.0077,2.65,-2,1
PHM,2023-05-11,2023-05-17,2023-05-31,21,1529,34.5,False,0.0251,-0.0492,0.0347,0.88,1,14
WMT,2023-05-17,2023-05-18,2023-06-05,20,643,5.3,False,0.0113,-0.011,0.0221,1.55,22,0
NVDA,2023-05-18,2023-05-25,2023-05-31,14,13532,17.4,False,0.2585,-0.0038,0.3291,2.0,5,0
AVGO,2023-05-23,2023-06-01,2023-06-01,10,512,126.8,False,0.1645,0.0,0.1981,3.66,-6,-2
CRM,2023-05-30,2023-05-31,2023-06-01,3,430,43.1,False,0.0369,-0.0469,0.0369,3.34,0,1
TGT,2023-05-31,2023-06-01,2023-06-20,21,539,8.8,False,-0.02,0.0119,0.038,2.08,-6,-1
NIO,2023-06-02,2023-06-09,2023-06-16,15,377,13.2,False,0.0252,0.216,0.2984,1.6,6,0
COIN,2023-06-05,2023-06-06,2023-06-07,3,549,32.1,False,-0.2005,0.032,0.0,3.22,-4,0
DOCU,2023-06-05,2023-06-08,2023-06-09,5,310,81.0,False,0.0176,-0.025,0.0292,4.48,-2,1
MVIS,2023-06-05,2023-06-07,2023-06-08,4,907,32.1,False,0.5418,0.0106,0.558,5.05,1,0
TIO,2023-06-06,2023-06-12,2023-06-17,12,304,19.8,False,-0.622,0.3278,0.2353,2.13,-11,-6
GME,2023-06-07,2023-06-07,2023-06-15,9,10982,3.9,False,0.0575,-0.0486,0.0915,3.83,6,1
ADBE,2023-06-08,2023-06-15,2023-06-16,9,1379,51.8,False,0.1735,0.0087,0.1837,2.1,1,1
TSLA,2023-06-08,2023-07-19,2023-07-21,44,25806,7.9,False,0.297,-0.1073,0.3062,1.1,-1,-28
ORCL,2023-06-09,2023-06-12,2023-06-13,5,572,55.3,False,0.0833,0.0021,0.1774,3.48,3,0
NKLA,2023-06-13,2023-06-15,2023-06-16,4,456,39.0,False,0.827,-0.15,0.8792,4.65,6,0
BLK,2023-06-14,2023-06-21,2023-06-21,8,374,16.5,False,-0.0001,0.0,0.0321,1.12,-6,-5
SPCE,2023-06-15,2023-06-29,2023-06-29,15,1360,31.3,False,-0.0386,0.0,0.3659,5.24,-9,-13
FXLV,2023-06-22,2023-06-23,2023-06-24,3,480,14.9,False,-0.0838,0.0,0.0,5.12,-2,0
APTM,2023-06-26,2023-06-26,2023-07-17,22,378,3.5,False,0.0048,0.0,0.0097,4.27,1,10
RIVN,2023-06-29,2023-07-07,2023-07-13,15,1946,73.3,False,0.6872,0.0332,0.7698,3.29,5,0
META,2023-07-05,2023-07-26,2023-07-27,23,1843,11.0,False,0.0439,0.044,0.138,1.46,2,1
DAL,2023-07-10,2023-07-13,2023-07-14,5,509,29.0,False,-0.0036,-0.0256,0.0163,1.29,-2,0
COIN,2023-07-11,2023-07-13,2023-07-14,4,675,13.9,False,0.3176,-0.0158,0.3564,2.43,6,0
RKLB,2023-07-11,2023-07-18,2023-07-19,9,627,28.7,False,0.3116,0.0128,0.3283,1.72,1,0
CVNA,2023-07-12,2023-07-19,2023-07-20,9,2365,22.3,False,0.5687,-0.1625,0.5687,1.9,0,0
GOOG,2023-07-13,2023-07-25,2023-07-26,14,617,18.2,False,0.0265,0.0559,0.1128,1.26,6,-4
GOOGL,2023-07-13,2023-07-25,2023-07-26,14,519,13.5,False,0.0276,0.0578,0.116,1.46,6,-4
PYPL,2023-07-13,2023-07-18,2023-07-19,7,1005,5.3,False,0.0535,-0.002,0.0535,0.7,0,3
UPS,2023-07-13,2023-07-25,2023-07-26,14,707,16.9,False,-0.0097,-0.0016,0.0099,0.91,-1,0
DIS,2023-07-17,2023-07-18,2023-07-24,8,361,4.8,False,-0.0301,0.0076,0.0209,1.57,-5,-1
UPST,2023-07-17,2023-08-08,2023-08-10,25,811,26.4,False,0.1122,-0.3807,0.5493,1.71,-7,1
MSFT,2023-07-18,2023-07-25,2023-07-27,10,3285,13.0,False,0.0152,-0.0577,0.0398,1.99,-7,-4
NFLX,2023-07-18,2023-07-19,2023-07-20,3,1599,18.8,False,0.0612,-0.0841,0.0612,3.41,0,1
SIRI,2023-07-20,2023-07-20,2023-07-24,5,416,49.4,False,0.4226,-0.2318,0.4226,5.44,0,1
AMC,2023-07-21,2023-07-24,2023-07-25,5,1333,37.7,False,0.351,-0.1248,0.351,6.74,0,0
OPY,2023-07-21,2023-07-23,2023-08-01,12,333,14.2,False,-0.001,-0.0877,0.0074,0.29,-5,5
SNAP,2023-07-24,2023-07-25,2023-07-26,3,474,55.3,False,-0.0181,-0.1423,0.029,2.81,-6,1
SPOT,2023-07-24,2023-07-26,2023-07-26,3,486,34.2,False,-0.1315,0.0,0.0473,5.59,-7,-1
TUP,2023-07-24,2023-07-28,2023-08-04,12,1293,151.6,False,2.4222,0.5487,4.9778,43.54,4,-1
DISH,2023-07-25,2023-07-26,2023-07-28,4,976,255.8,False,-0.0696,0.0789,0.0219,1.7,5,0
RTX,2023-07-25,2023-07-25,2023-07-28,4,728,78.3,False,-0.1022,0.0028,0.0015,5.92,-5,0
TLRY,2023-07-26,2023-07-27,2023-08-01,7,418,20.1,False,0.2738,0.1121,0.506,3.59,4,-1
ENPH,2023-07-27,2023-07-27,2023-08-07,12,324,12.8,False,-0.0378,-0.1879,0.0352,1.83,-2,1
PLTR,2023-07-28,2023-07-31,2023-08-01,5,753,14.6,False,0.2285,0.0076,0.2378,2.16,1,0
YELL,2023-07-31,2023-08-01,2023-08-12,13,738,18.3,False,4.517,-0.5231,4.517,10.49,0,0
AMD,2023-08-01,2023-08-01,2023-08-03,3,1733,13.4,False,0.028,-0.0378,0.028,2.11,0,1
TTOO,2023-08-01,2023-08-03,2023-08-11,11,1271,54.0,False,1.3729,-0.0346,3.0075,2.24,12,0
PYPL,2023-08-02,2023-08-03,2023-08-09,8,1716,6.6,False,-0.1503,-0.0337,0.0038,1.95,-3,0
RAD,2023-08-02,2023-08-04,2023-08-09,8,829,34.2,False,0.5765,-0.0522,0.6647,14.44,4,-2
AAPL,2023-08-03,2023-08-03,2023-08-07,5,3941,8.5,False,-0.0073,-0.0644,0.0201,1.84,-3,1
WE,2023-08-09,2023-08-10,2023-08-11,3,537,206.8,False,-0.1187,0.1038,0.0682,27.46,-6,0
EBET,2023-08-10,2023-08-16,2023-08-21,12,536,139.0,False,1.1919,-0.2454,1.1919,7.52,0,0
NYC,2023-08-11,2023-09-06,2023-09-08,29,367,10.1,False,-0.1014,0.0115,0.0364,0.64,-30,-8
NVDA,2023-08-14,2023-08-23,2023-08-25,12,12255,14.4,False,0.1532,-0.0233,0.2058,1.63,7,1
Z,2023-08-14,2023-08-14,2023-08-28,15,380,9.3,False,-0.0007,-0.103,0.0,1.02,-3,2
ZG,2023-08-14,2023-08-14,2023-09-03,21,445,9.3,False,0.0,-0.0658,0.0,1.01,-3,2
WMT,2023-08-16,2023-08-17,2023-08-23,8,576,8.4,False,-0.0219,0.0155,0.0127,1.87,-6,0
JXN,2023-08-17,2023-08-24,2023-08-25,9,1166,69.3,False,0.0086,0.0021,0.1718,0.82,5,5
NVAX,2023-08-22,2023-09-06,2023-09-14,24,512,37.6,False,0.2069,-0.1797,0.2069,1.85,0,0
IMCC,2023-08-30,2023-09-11,2023-09-20,22,1085,25.7,False,-0.036,-0.2029,0.1742,5.0,-6,1
INTC,2023-09-04,2023-09-04,2023-09-21,18,940,6.3,False,,,0.0615,1.45,8,11
ABNB,2023-09-05,2023-09-06,2023-09-07,3,386,25.6,False,0.0684,0.0106,0.1116,2.95,6,-1
GME,2023-09-06,2023-09-06,2023-09-20,15,8102,2.7,False,-0.025,-0.0656,0.0,1.53,-1,9
AAPL,2023-09-07,2023-09-12,2023-09-14,8,4811,8.4,False,-0.0361,-0.0032,0.0371,1.46,-7,-5
CGC,2023-09-11,2023-09-11,2023-09-20,10,547,45.4,False,0.8137,-0.484,0.8137,2.78,0,0
ORCL,2023-09-11,2023-09-11,2023-09-13,3,362,30.6,False,0.0031,-0.1174,0.0031,4.5,0,1
TSLA,2023-09-11,2023-09-11,2023-09-18,8,3786,4.2,False,0.1009,-0.0303,0.1108,1.09,3,0
RIVN,2023-09-27,2023-10-05,2023-10-06,10,423,24.3,False,-0.1792,0.0356,0.0907,2.81,-6,0
LMT,2023-10-07,2023-10-09,2023-10-17,11,539,31.5,False,0.0893,0.0105,0.1209,2.16,10,0
TSLA,2023-10-18,2023-10-18,2023-10-20,3,3115,4.3,False,-0.0478,-0.1265,0.0,1.28,-1,1
ENPH,2023-10-19,2023-10-26,2023-11-02,15,485,20.8,False,-0.2234,-0.1795,0.0436,2.41,-9,1
INTC,2023-10-23,2023-10-26,2023-10-27,5,312,10.3,False,-0.0687,0.0929,0.0679,2.02,6,1
GOOG,2023-10-24,2023-10-25,2023-10-26,3,347,23.1,False,-0.0814,-0.0255,0.0161,2.04,-1,0
MSFT,2023-10-24,2023-10-24,2023-10-26,3,1043,7.9,False,0.0037,-0.008,0.0345,1.92,1,1
AMZN,2023-10-25,2023-10-26,2023-10-27,3,611,16.0,False,-0.0699,0.0683,0.0657,2.0,6,1
SBUX,2023-11-02,2023-11-15,2023-11-19,18,329,6.5,False,0.1607,-0.0043,0.1736,1.52,1,-13
BABA,2023-11-15,2023-11-16,2023-11-21,7,316,17.2,False,-0.0568,-0.0021,0.0382,3.08,-1,0
NEGG,2023-11-16,2023-12-05,2023-12-06,21,948,66.1,False,0.265,-0.0435,0.8,4.42,-4,-1
SAVE,2023-11-17,2023-11-17,2023-12-05,19,438,11.1,False,0.1906,0.0998,0.4923,1.43,17,18
BBY,2023-11-20,2023-11-26,2023-11-27,8,415,35.4,False,0.0189,-0.0022,0.0762,1.6,5,-5
NVDA,2023-11-20,2023-11-21,2023-11-22,3,3088,8.3,False,0.0131,-0.0246,0.0225,1.49,-1,1
COIN,2023-11-28,2023-12-04,2023-12-07,10,625,5.5,False,0.178,-0.0347,0.2242,1.51,4,0
GME,2023-11-29,2023-12-07,2023-12-08,10,7030,3.6,False,0.2128,-0.0495,0.2587,5.6,-3,-8
HOOD,2023-11-29,2024-03-27,2024-03-28,121,15300,13.7,False,1.316,0.006,1.3299,1.74,1,-42
BETS,2023-12-01,2023-12-05,2023-12-06,6,347,56.7,False,0.2362,0.0448,1.5609,10.36,-1,0
META,2023-12-01,2023-12-07,2023-12-11,11,446,10.1,False,-0.0017,-0.004,0.0362,1.08,-9,8
MARA,2023-12-04,2023-12-28,2024-01-04,32,3096,43.0,False,1.0518,-0.0655,1.2679,1.86,-1,1
AMD,2023-12-07,2023-12-07,2023-12-12,6,623,7.3,False,0.0989,0.072,0.1911,2.27,8,0
GOOG,2023-12-07,2023-12-07,2023-12-29,23,418,4.9,False,0.0534,0.0179,0.0867,1.3,19,8
GOOGL,2023-12-07,2023-12-07,2023-12-25,19,309,5.0,False,0.0531,0.0333,0.0884,1.36,19,0
FSR,2023-12-08,2023-12-08,2023-12-20,13,508,6.1,False,0.1156,-0.1341,0.1156,0.9,0,0
PFE,2023-12-13,2023-12-13,2023-12-24,12,400,9.1,False,-0.0672,0.0653,0.0073,2.31,15,0
FDX,2023-12-15,2023-12-20,2023-12-24,10,1689,156.3,False,-0.1188,0.0072,0.0088,4.54,-2,0
NIO,2023-12-18,2023-12-18,2024-01-05,19,499,7.3,False,0.0464,-0.0347,0.1817,1.45,10,0
UPS,2023-12-20,2023-12-24,2023-12-24,5,318,18.7,False,-0.0209,0.0,0.0082,1.05,-9,-9
INTC,2023-12-26,2023-12-26,2023-12-31,6,609,6.9,False,0.0521,-0.005,0.0575,1.05,1,0
FGF,2024-01-03,2024-01-03,2024-01-25,23,425,2.4,False,-0.1125,-0.0423,0.0,0.82,-5,1
ZIM,2024-01-04,2024-01-12,2024-01-16,13,840,16.5,False,0.0979,-0.0111,0.19,1.86,-7,-7
BA,2024-01-06,2024-01-06,2024-01-10,5,2902,105.4,False,,,0.0111,4.07,-4,2
NVDA,2024-01-08,2024-02-21,2024-02-23,47,52600,42.1,False,0.3743,0.1681,0.6109,1.45,5,1
SAVE,2024-01-08,2024-01-16,2024-01-24,17,2076,34.7,False,-0.5013,-0.1035,0.0233,13.67,-8,2
BLK,2024-01-11,2024-01-11,2024-01-18,8,388,4.7,False,0.0003,0.0033,0.0165,1.11,8,5
ICE,2024-01-12,2024-01-31,2024-01-31,20,436,13.8,False,0.0044,0.0,0.0233,0.74,1,-23
UEC,2024-01-12,2024-01-12,2024-01-18,7,378,13.3,False,0.1212,0.0193,0.1544,2.18,4,0
BABA,2024-01-14,2024-02-07,2024-02-07,25,1880,22.2,False,0.0251,0.0,0.0889,1.37,-1,0
AMD,2024-01-16,2024-01-30,2024-01-31,16,7147,20.2,False,0.174,-0.0254,0.2304,2.03,-5,-11
DWAC,2024-01-16,2024-01-22,2024-01-24,9,1102,387.4,False,1.8689,-0.2322,1.9301,87.02,1,0
MASS,2024-01-16,2024-03-21,2024-03-25,70,885,7.8,True,-0.1134,-0.048,0.0683,0.71,-59,5
MSFT,2024-01-16,2024-01-30,2024-01-31,16,3366,14.4,False,0.0518,-0.0269,0.0586,1.28,3,1
TSLA,2024-01-16,2024-01-25,2024-02-06,22,16774,8.9,False,-0.1657,0.0135,0.0381,1.12,-14,0
TSM,2024-01-17,2024-01-18,2024-01-29,13,328,12.3,False,0.1117,0.0349,0.1533,2.92,8,0
ICU,2024-01-18,2024-01-24,2024-01-26,9,552,21.3,False,0.3443,-0.0441,0.3803,3.04,5,0
SLI,2024-01-18,2024-01-19,2024-02-02,16,414,7.6,False,-0.1176,0.1583,0.1397,1.15,18,12
PYPL,2024-01-19,2024-01-25,2024-01-26,8,2418,27.9,False,-0.0222,0.0176,0.0601,1.96,-6,-3
SMCI,2024-01-19,2024-02-16,2024-02-23,36,16447,911.9,False,1.5794,0.0706,2.2237,5.04,-1,0
NFLX,2024-01-22,2024-01-23,2024-01-29,8,2197,25.3,False,0.0191,0.1699,0.1922,3.18,6,1
ROAD,2024-01-24,2024-01-24,2024-02-23,31,412,2.8,False,0.0033,0.1121,0.2028,1.61,15,7
GOOG,2024-01-25,2024-01-30,2024-02-02,9,495,17.2,False,0.018,-0.0621,0.0299,1.61,-1,1
SOFI,2024-01-25,2024-01-29,2024-01-30,6,894,40.1,False,0.2116,-0.083,0.2116,3.11,0,0
TCBI,2024-01-26,2024-01-31,2024-02-02,8,535,12.8,False,-0.027,-0.0121,0.0231,1.14,-9,-6
SBUX,2024-01-28,2024-01-30,2024-02-01,5,536,21.5,False,0.0138,-0.0075,0.0309,2.3,7,1
AMZN,2024-01-30,2024-02-01,2024-02-02,4,1032,13.2,False,-0.0123,0.0787,0.0654,1.59,1,1
GOOGL,2024-01-30,2024-01-30,2024-02-15,17,547,9.4,False,-0.0134,-0.0574,0.0,1.42,-1,1
WEN,2024-01-30,2024-02-27,2024-05-03,95,2426,4.6,True,-0.0665,0.101,0.0381,1.1,59,64
NYCB,2024-01-31,2024-02-07,2024-02-12,13,658,159.0,False,-0.5684,0.0915,0.0058,13.48,-9,0
RKLB,2024-02-01,2024-02-27,2024-02-28,28,615,31.4,False,-0.0289,-0.0255,0.0598,2.66,-29,-26
LLY,2024-02-02,2024-02-05,2024-02-08,7,923,37.2,False,0.0693,0.0417,0.125,2.01,8,1
MCD,2024-02-02,2024-02-06,2024-02-10,9,450,11.8,False,-0.0451,0.0169,0.0,1.64,-5,-1
PLTR,2024-02-02,2024-02-06,2024-02-09,8,2234,44.7,False,0.3393,0.1148,0.5426,5.03,8,0
SPOT,2024-02-02,2024-02-02,2024-02-06,5,647,49.9,False,0.016,0.0425,0.0999,2.65,5,4
SNAP,2024-02-05,2024-02-06,2024-02-07,3,800,112.7,False,0.0235,-0.3461,0.0235,4.68,0,1
ARM,2024-02-06,2024-02-08,2024-02-15,10,3516,127.1,False,0.5544,0.1738,1.0332,8.36,4,4
DIS,2024-02-06,2024-02-07,2024-02-08,3,502,26.5,False,0.0258,0.115,0.1437,2.96,1,1
AFRM,2024-02-07,2024-02-08,2024-02-09,3,955,113.9,False,0.1333,-0.1089,0.1333,2.24,0,1
PINS,2024-02-07,2024-02-08,2024-02-09,3,704,144.6,False,-0.008,-0.0945,0.0,3.13,-2,1
DKNG,2024-02-08,2024-02-15,2024-02-16,9,1273,69.4,False,0.0437,0.0025,0.0462,1.41,1,1
SHOP,2024-02-08,2024-02-13,2024-02-13,6,529,26.6,False,-0.0938,0.0,0.0652,2.31,-4,0
AMAT,2024-02-09,2024-02-15,2024-02-16,8,642,194.2,False,0.0792,0.0635,0.1477,1.59,1,1
ANET,2024-02-09,2024-02-12,2024-02-13,5,383,224.3,False,0.0181,-0.0547,0.0238,3.33,-3,0
CSCO,2024-02-09,2024-02-14,2024-02-15,7,574,30.0,False,0.0066,-0.0243,0.0066,1.53,0,1
DDOG,2024-02-09,2024-02-09,2024-02-16,8,385,5.6,False,0.0263,-0.0383,0.0358,1.76,5,4
CELH,2024-02-13,2024-02-29,2024-02-29,17,883,36.4,False,0.3776,0.0,0.4657,1.46,4,0
LUNR,2024-02-13,2024-02-23,2024-02-26,14,3169,276.6,False,0.8094,-0.3462,1.0736,12.62,-3,0
COIN,2024-02-14,2024-02-15,2024-02-16,3,749,19.1,False,0.1801,0.0884,0.2844,2.22,1,1
BRK,2024-02-15,2024-02-26,2024-03-24,39,822,7.0,False,0.0239,0.0125,0.0556,1.34,31,0
SOUN,2024-02-15,2024-02-29,2024-03-01,16,4396,588.9,False,2.2905,-0.1867,2.2905,13.94,0,-2
WMT,2024-02-16,2024-02-20,2024-02-27,12,813,8.1,False,0.0388,0.0165,0.0565,2.37,8,3
PANW,2024-02-20,2024-02-21,2024-03-06,16,2556,47.8,False,-0.285,0.0645,0.0013,4.77,-6,0
CRWD,2024-02-21,2024-03-05,2024-03-06,15,1527,101.4,False,-0.0808,0.1076,0.0184,2.24,2,1
IOVA,2024-02-21,2024-02-28,2024-02-28,8,324,43.8,False,0.4489,0.0,0.4522,2.91,-1,-7
RIVN,2024-02-21,2024-02-21,2024-02-23,3,566,17.3,False,-0.0315,-0.3457,0.0258,3.7,-5,1
CVNA,2024-02-22,2024-02-22,2024-02-28,7,1235,46.4,False,0.0609,0.44,0.6794,3.19,8,1
WBD,2024-02-22,2024-02-23,2024-03-11,19,373,13.9,False,-0.1003,0.0534,0.0334,1.71,-3,0
BMBL,2024-02-26,2024-02-27,2024-02-28,3,1115,608.0,False,0.0053,-0.148,0.0122,3.59,-6,1
CRM,2024-02-26,2024-02-28,2024-02-28,3,366,52.6,False,0.0238,0.0,0.0822,2.1,2,1
MARA,2024-02-26,2024-02-28,2024-02-29,4,2082,22.0,False,0.2935,-0.1653,0.2935,1.91,0,0
BYND,2024-02-27,2024-02-27,2024-02-29,3,746,82.8,False,0.0094,0.4215,0.4349,10.82,2,1
BBAI,2024-02-28,2024-03-01,2024-03-08,10,2061,400.0,False,0.0058,-0.2572,0.2587,5.81,3,3
BETS,2024-02-28,2024-02-28,2024-03-06,8,399,29.7,False,0.7189,-0.3505,0.7189,6.73,0,0
MSTR,2024-02-28,2024-03-14,2024-03-19,21,2838,29.3,False,0.9234,-0.1547,1.0445,2.97,1,-9
DELL,2024-02-29,2024-03-01,2024-03-02,3,493,63.3,False,0.3361,0.0,0.3361,9.04,0,0
GDC,2024-02-29,2024-03-05,2024-03-19,20,434,3.0,False,0.0103,-0.3147,0.0667,0.64,-4,8
RILY,2024-02-29,2024-03-04,2024-03-15,16,470,11.3,False,0.0945,-0.1568,0.2404,1.34,2,0
ANF,2024-03-01,2024-03-06,2024-03-06,6,536,20.0,False,0.0566,0.0,0.0954,2.49,-1,0
AVGO,2024-03-01,2024-03-07,2024-03-07,7,1027,52.5,False,0.0819,0.0,0.0819,1.83,0,1
COST,2024-03-01,2024-03-07,2024-03-08,8,1204,63.8,False,0.0561,-0.0764,0.0561,1.91,0,1
GTLB,2024-03-01,2024-03-04,2024-03-05,5,434,270.0,False,0.0326,-0.2099,0.0326,5.66,0,1
MRVL,2024-03-01,2024-03-07,2024-03-07,7,1130,207.3,False,0.1874,0.0,0.1874,1.61,0,1
TGT,2024-03-01,2024-03-05,2024-03-05,5,472,98.7,False,0.1024,0.0,0.1348,3.52,1,0
AAPL,2024-03-04,2024-03-05,2024-03-11,8,5438,3.7,False,-0.0531,0.0155,0.0098,1.34,-6,-5
INTC,2024-03-04,2024-03-07,2024-03-13,10,2467,4.4,False,0.0532,-0.0633,0.0532,1.22,0,8
TSM,2024-03-04,2024-03-08,2024-03-19,16,7298,40.2,False,0.0931,-0.0786,0.1143,1.61,-1,0
EVA,2024-03-05,2024-03-06,2024-03-14,10,352,35.8,False,0.8117,-0.4736,0.8117,3.14,0,0
NFLX,2024-03-05,2024-03-06,2024-03-12,8,447,4.2,False,-0.0295,0.0224,0.0057,0.8,-5,9
ORCL,2024-03-07,2024-03-11,2024-03-12,6,961,60.1,False,0.0166,0.1175,0.136,2.89,1,1
BA,2024-03-11,2024-03-12,2024-03-18,8,3837,63.5,False,-0.0718,-0.0239,0.0229,1.9,-5,0
PATH,2024-03-12,2024-03-13,2024-03-14,3,478,61.2,False,0.0137,-0.0688,0.0224,2.64,-1,1
TSLA,2024-03-14,2024-03-14,2024-03-18,5,3258,2.9,False,-0.0412,0.0695,0.0489,1.11,-3,0
FDX,2024-03-15,2024-03-21,2024-03-21,7,542,100.3,False,0.0365,0.0,0.1309,1.69,5,1
TLRY,2024-03-17,2024-04-09,2024-04-09,24,1402,64.9,False,0.1879,0.0,0.6474,3.47,-6,-18
DWAC,2024-03-19,2024-03-22,2024-03-25,7,4062,101.4,False,0.0384,0.3522,0.4041,5.61,3,3
KULR,2024-03-21,2024-04-02,2024-04-15,26,876,17.7,False,2.3508,-0.173,2.841,7.02,9,-8
CGC,2024-03-22,2024-04-03,2024-04-08,18,511,39.5,False,1.3882,-0.0698,1.3882,8.74,0,-12
IMCC,2024-03-22,2024-04-04,2024-04-09,19,607,12.4,False,2.7216,-0.2796,2.7216,14.7,0,-13
GME,2024-03-26,2024-03-26,2024-04-22,28,14473,4.5,False,0.0251,-0.3542,0.0251,1.6,0,1
NKLA,2024-03-26,2024-03-28,2024-04-01,7,527,41.3,False,0.3986,-0.0096,0.3986,1.74,0,-1
AZZ,2024-03-27,2024-04-02,2024-04-25,30,934,45.5,False,-0.0008,-0.0426,0.0832,1.38,21,24
PHAT,2024-03-31,2024-04-14,2024-05-05,36,608,56.0,False,-0.0452,-0.0099,0.1347,0.88,-5,-9
GES,2024-04-01,2024-04-01,2024-04-03,3,330,154.0,False,0.0613,-0.0596,0.0613,1.27,0,0
RILY,2024-04-01,2024-04-03,2024-04-03,3,473,14.3,False,0.0846,0.0,0.2456,0.75,5,-6
ALCC,2024-04-02,2024-04-08,2024-04-09,8,840,386.7,False,0.3177,-0.1178,0.3177,8.48,0,0
BB,2024-04-03,2024-04-03,2024-04-23,21,371,6.3,False,0.0036,0.0285,0.1393,0.84,8,1
SPOT,2024-04-03,2024-04-09,2024-04-11,9,342,9.4,False,0.1156,0.0094,0.1511,1.78,-4,-6
NFLX,2024-04-10,2024-04-18,2024-04-19,10,2194,49.4,False,-0.0124,-0.0909,0.0291,1.93,-13,1
SMCI,2024-04-19,2024-04-19,2024-04-22,4,842,8.0,False,-0.2314,0.0047,0.0515,2.47,-3,0
AGBA,2024-04-22,2024-04-22,2024-05-10,19,319,20.8,False,1.0,0.416,2.2,2.34,14,0
TSLA,2024-04-22,2024-04-23,2024-04-30,9,14964,6.6,False,-0.0161,0.2668,0.3196,1.53,6,6
IBRX,2024-04-23,2024-04-29,2024-05-06,14,894,139.2,False,0.8198,-0.1313,0.8522,5.27,4,0
GOOG,2024-04-24,2024-04-25,2024-04-26,3,699,22.0,False,-0.0123,0.0997,0.0861,2.05,1,1
MSFT,2024-04-24,2024-04-25,2024-04-26,3,2084,18.8,False,-0.0209,0.0182,0.0037,1.56,-1,0
SNAP,2024-04-24,2024-04-25,2024-04-26,3,351,37.4,False,0.0009,0.2763,0.3924,3.98,6,1
AMZN,2024-04-25,2024-04-30,2024-05-01,7,1329,16.0,False,-0.009,0.0229,0.0686,1.81,6,1
INTC,2024-04-25,2024-04-25,2024-04-29,5,1288,5.4,False,0.0177,-0.1068,0.0177,1.57,0,1
PYPL,2024-04-26,2024-04-30,2024-04-30,5,402,18.7,False,0.0596,0.0,0.0596,2.68,0,0
SOFI,2024-04-26,2024-04-29,2024-04-29,4,558,32.0,False,-0.0718,0.0,0.0369,3.11,-3,0
SBUX,2024-04-30,2024-05-01,2024-05-02,3,1041,40.1,False,-0.1573,0.0066,0.0018,4.47,-1,0
CVNA,2024-05-01,2024-05-01,2024-05-07,7,1089,56.5,False,0.0503,0.3395,0.483,3.2,5,1
BA,2024-05-02,2024-05-02,2024-05-09,8,1521,8.6,False,0.0431,0.0134,0.0571,0.91,7,4
COIN,2024-05-02,2024-05-02,2024-05-06,5,383,8.2,False,0.0893,-0.0084,0.0893,1.36,0,1
PLTR,2024-05-03,2024-05-06,2024-05-07,5,1384,41.2,False,0.118,-0.1511,0.118,3.88,0,0
BRK,2024-05-04,2024-06-03,2024-06-04,32,1770,114.8,False,0.0466,-0.0217,0.0466,1.0,0,1
OCC,2024-05-04,2024-05-15,2024-05-17,14,301,29.6,False,-0.041,-0.0214,0.0512,1.41,-6,5
CAT,2024-05-06,2024-06-03,2024-06-08,34,1886,27.7,False,-0.016,-0.0073,0.0772,0.98,-14,-3
AMC,2024-05-08,2024-05-14,2024-05-15,8,5097,111.4,False,1.1473,-0.2,1.1473,13.04,0,0
HOOD,2024-05-08,2024-05-14,2024-06-20,44,9230,5.5,False,0.0017,0.2059,0.3174,2.45,29,3
NVAX,2024-05-10,2024-05-10,2024-05-15,6,323,113.0,False,0.9866,0.4527,2.3087,24.15,10,0
BB,2024-05-13,2024-05-14,2024-05-15,3,531,30.3,False,0.1966,-0.0692,0.1966,8.92,0,0
ELS,2024-05-13,2024-05-13,2024-06-15,34,376,4.1,False,-0.0054,0.0043,0.0301,0.8,4,2
GME,2024-05-13,2024-06-07,2024-06-18,37,105897,22.8,False,0.6163,-0.1247,1.7921,7.96,-24,0
RDDT,2024-05-13,2024-06-03,2024-06-14,33,86273,9.3,False,0.0424,0.0921,0.2316,1.29,9,-17
FFIE,2024-05-14,2024-05-17,2024-05-22,9,4373,1087.0,False,15.8852,0.0874,28.5082,12.19,3,-3
HOLO,2024-05-14,2024-06-04,2024-06-12,30,947,42.5,False,-0.01,-0.303,0.615,2.52,-21,-21
SNDL,2024-05-14,2024-05-14,2024-05-16,3,462,28.0,False,0.0917,0.0115,0.1042,1.99,2,0
UBS,2024-05-14,2024-05-25,2024-05-28,15,1350,72.5,False,0.0401,0.0,0.0741,0.6,6,6
CSCO,2024-05-15,2024-06-06,2024-06-07,24,455,13.7,False,-0.0556,-0.0084,0.0147,1.5,-22,-21
ASTS,2024-05-16,2024-05-17,2024-05-21,6,323,58.5,False,0.8996,0.0374,1.2092,15.69,3,-1
GWAV,2024-05-16,2024-05-22,2024-05-23,8,935,97.4,False,0.3177,0.1244,1.6421,16.74,-2,-6
BNED,2024-05-17,2024-05-22,2024-05-23,7,385,173.0,False,5.3448,-0.3007,5.3448,5.78,0,0
LULU,2024-05-20,2024-06-05,2024-06-06,18,1053,110.2,False,-0.0797,0.0479,0.0355,2.66,-21,1
BDRX,2024-05-21,2024-05-21,2024-05-23,3,421,148.3,False,0.8346,-0.5279,0.8346,11.94,0,0
NVDA,2024-05-22,2024-06-20,2024-07-11,51,70990,8.8,False,0.3711,-0.0258,0.4214,1.0,-2,-28
DELL,2024-05-23,2024-05-30,2024-05-31,9,799,144.4,False,0.1498,-0.1787,0.2127,4.91,-1,1
CAVA,2024-05-24,2024-05-28,2024-05-30,7,581,40.8,False,0.0619,0.1305,0.2004,3.91,2,1
ON,2024-05-28,2024-05-28,2024-06-26,30,483,4.1,False,0.015,-0.0744,0.0504,0.84,15,24
SMFL,2024-05-28,2024-05-30,2024-05-31,4,378,56.2,False,0.9446,-0.4221,0.9446,13.51,0,0
CRM,2024-05-29,2024-05-30,2024-05-31,3,1039,132.4,False,-0.192,0.0754,0.0091,9.08,-6,0
CRWD,2024-05-30,2024-06-04,2024-06-05,7,683,89.8,False,-0.1257,0.1198,0.0717,3.17,6,1
HPE,2024-05-30,2024-06-04,2024-06-05,7,529,113.7,False,-0.0319,0.1068,0.1326,3.87,6,1
ORCL,2024-05-30,2024-06-11,2024-06-13,15,385,20.5,False,0.0011,0.1289,0.1689,2.18,7,1
BACK,2024-06-03,2024-06-03,2024-06-06,4,350,10.7,False,0.0334,-0.0646,0.0334,0.45,0,-4
MS,2024-06-03,2024-06-04,2024-06-06,4,484,46.8,False,-0.0129,0.0028,0.0,0.89,-4,-4
BLK,2024-06-05,2024-06-05,2024-06-20,16,523,9.1,False,0.0046,-0.0077,0.0174,0.87,19,-5
GRND,2024-06-05,2024-06-14,2024-06-17,13,1171,84.1,False,0.0867,-0.0227,0.0867,2.08,0,0
FGF,2024-06-07,2024-06-07,2024-06-20,14,511,3.5,False,-0.0254,-0.087,0.0424,0.56,-4,6
AAPL,2024-06-10,2024-06-11,2024-06-18,9,8392,10.6,False,0.0521,0.0345,0.1005,2.25,6,10
AVGO,2024-06-10,2024-06-13,2024-06-25,16,1562,40.3,False,0.1936,-0.0585,0.3002,2.59,4,8
LLY,2024-06-10,2024-07-18,2024-07-19,40,892,12.2,False,-0.0013,0.0101,0.1182,1.25,-3,0
TSLA,2024-06-13,2024-06-13,2024-06-17,5,3631,5.3,False,0.0292,0.0272,0.0573,1.46,4,0
ARM,2024-06-14,2024-06-18,2024-06-26,13,592,5.3,False,0.1017,-0.054,0.1017,1.74,0,0
MU,2024-06-17,2024-06-26,2024-06-27,11,590,38.2,False,0.0071,-0.0712,0.0855,2.76,-8,1
CSCO,2024-06-18,2024-06-19,2024-06-21,4,304,4.9,False,0.0061,0.0287,0.037,1.85,6,2
HPE,2024-06-18,2024-06-18,2024-06-20,3,729,10.1,False,0.0083,-0.0165,0.0083,1.48,0,3
CMG,2024-06-25,2024-07-09,2024-07-10,16,416,7.3,False,-0.1001,0.0143,0.0311,1.15,-13,-19
AMZN,2024-06-26,2024-08-01,2024-08-05,41,4588,12.1,False,-0.0122,-0.1252,0.0733,1.32,-30,1
CHWY,2024-06-27,2024-07-01,2024-07-01,5,2792,60.5,False,-0.127,0.0,0.0292,3.31,-6,-4
NKE,2024-06-27,2024-06-28,2024-07-01,5,832,77.5,False,-0.1987,0.0194,0.0331,7.34,-4,0
MAXN,2024-07-02,2024-07-12,2024-07-20,19,802,31.2,False,-0.5672,-0.0922,1.0408,40.18,-15,-7
SIRI,2024-07-03,2024-07-08,2024-07-18,16,360,11.8,False,0.0484,0.0646,0.2548,0.94,7,-3
META,2024-07-05,2024-07-31,2024-08-01,28,2066,18.9,False,-0.0689,0.0482,0.0587,1.47,-26,1
MSTR,2024-07-05,2024-08-05,2024-08-08,35,622,4.4,False,0.0053,0.0389,0.3825,1.05,-14,-21
JPM,2024-07-07,2024-07-11,2024-07-17,11,342,8.1,False,0.013,0.0454,0.059,1.15,6,1
SBUX,2024-07-08,2024-07-19,2024-07-20,13,367,8.4,False,0.0423,0.0,0.0423,1.25,0,0
LHX,2024-07-18,2024-07-21,2024-07-24,7,479,30.9,False,-0.0146,0.0101,0.0211,0.95,4,5
COIN,2024-07-19,2024-08-01,2024-08-05,18,455,4.7,False,-0.0883,-0.109,0.1368,1.23,-10,4
CRWD,2024-07-19,2024-07-19,2024-07-23,5,5096,262.9,False,-0.111,-0.1183,0.1,6.68,-4,3
MSFT,2024-07-19,2024-07-30,2024-07-31,13,4004,13.0,False,-0.0396,-0.0108,0.0309,1.34,-15,1
SERV,2024-07-19,2024-07-25,2024-07-31,13,309,43.0,False,3.6122,0.4444,6.3726,120.83,4,-6
SKYX,2024-07-19,2024-08-05,2024-08-13,26,691,5.6,False,-0.1078,0.1209,0.1961,0.49,-7,-6
GOOG,2024-07-22,2024-07-23,2024-07-26,5,768,14.5,False,0.0235,-0.0813,0.0235,1.75,0,1
GOOGL,2024-07-23,2024-07-23,2024-07-25,3,634,16.4,False,0.0007,-0.0798,0.0007,2.17,0,1
DIS,2024-07-24,2024-08-07,2024-08-09,17,484,14.4,False,-0.0548,0.0029,0.0528,1.48,-19,0
ASTS,2024-07-25,2024-08-15,2024-08-21,28,8008,49.6,False,1.3473,0.162,1.8892,3.16,4,0
GDC,2024-07-28,2024-07-28,2024-08-15,19,397,3.5,False,,,0.6585,1.09,18,22
AMD,2024-07-30,2024-07-30,2024-08-07,9,4475,9.7,False,-0.0094,-0.0706,0.0338,1.48,1,1
LUMN,2024-07-30,2024-08-06,2024-08-08,10,895,332.0,False,1.5773,0.076,2.4175,10.83,1,0
NVDA,2024-07-30,2024-07-30,2024-08-08,10,14971,3.1,False,-0.0704,0.012,0.0487,1.71,1,6
SBUX,2024-07-30,2024-07-30,2024-08-02,4,348,7.7,False,0.0098,-0.0008,0.0366,1.38,1,-5
ARM,2024-07-31,2024-07-31,2024-08-05,6,554,10.8,False,0.0843,-0.2339,0.1206,2.13,-5,1
AAPL,2024-08-01,2024-08-01,2024-08-06,6,4729,7.0,False,-0.0168,-0.051,0.0,1.71,-1,4
HIMS,2024-08-01,2024-08-05,2024-08-08,8,711,14.3,False,-0.1601,-0.1115,0.0221,2.68,-7,-4
INTC,2024-08-01,2024-08-02,2024-08-05,5,10843,30.4,False,-0.3012,-0.0638,0.0029,3.34,-4,0
HOOD,2024-08-05,2024-08-05,2024-08-08,4,1789,8.6,False,-0.0817,0.0798,0.1504,2.75,-5,3
PLTR,2024-08-05,2024-08-05,2024-08-16,12,1125,11.6,False,-0.0263,0.3317,0.3153,1.64,16,1
RKLB,2024-08-08,2024-08-16,2024-08-22,15,3706,101.4,False,0.4323,0.0427,0.5699,4.05,3,0
WMT,2024-08-08,2024-08-15,2024-08-21,14,1010,17.6,False,0.0937,0.0281,0.1363,1.39,11,0
CSCO,2024-08-13,2024-08-14,2024-08-15,3,359,26.6,False,0.0129,0.068,0.1199,1.63,6,1
SBUX,2024-08-13,2024-08-13,2024-08-15,3,1599,27.7,False,0.245,-0.0106,0.245,5.41,0,0
CLOV,2024-08-14,2024-08-19,2024-08-22,9,1386,97.2,False,0.59,0.0566,0.75,3.88,2,0
JXN,2024-08-15,2024-08-23,2024-08-23,9,1194,65.9,False,0.029,0.0,0.0581,0.81,-7,-7
SIRI,2024-08-15,2024-08-21,2024-08-28,14,416,7.8,False,0.1237,-0.0092,0.1306,0.89,9,-6
LUNR,2024-08-16,2024-08-20,2024-08-22,7,1852,314.5,False,0.3966,-0.0617,0.3966,12.36,0,0
CAVA,2024-08-21,2024-08-22,2024-08-23,3,355,50.4,False,0.0384,0.1963,0.2809,5.02,4,1
UEC,2024-08-22,2024-09-02,2024-09-03,13,335,12.6,False,0.0377,-0.0975,0.0655,0.94,-10,4
BA,2024-08-24,2024-08-24,2024-08-27,4,981,6.9,False,,,0.0267,0.56,-5,-4
CHWY,2024-08-26,2024-08-28,2024-08-28,3,493,18.2,False,0.0757,0.0,0.0757,3.72,0,0
NVDA,2024-08-28,2024-08-28,2024-09-03,7,11019,4.1,False,-0.021,-0.1402,0.0083,1.16,-5,6
DLTR,2024-08-29,2024-09-04,2024-09-05,8,429,140.0,False,-0.3271,0.0772,0.0221,5.88,-9,0
AVGO,2024-09-04,2024-09-05,2024-09-06,3,632,23.7,False,0.0002,-0.1036,0.0656,1.83,-6,1
ORCL,2024-09-05,2024-09-09,2024-09-16,12,827,47.8,False,-0.0061,0.2176,0.2102,3.86,7,1
GME,2024-09-10,2024-09-11,2024-09-13,4,5525,4.7,False,-0.1489,0.0005,0.0,2.33,-2,0
DJT,2024-09-11,2024-09-11,2024-09-25,15,1332,8.0,False,-0.1047,-0.1529,0.0,2.53,-1,14
INTC,2024-09-16,2024-09-16,2024-09-23,8,3416,3.2,False,0.0636,0.0789,0.2167,2.28,10,4
QCOM,2024-09-20,2024-09-20,2024-09-23,4,421,44.3,False,-0.0287,-0.0175,0.0,2.43,-1,0
BABA,2024-09-24,2024-10-02,2024-10-09,16,1332,21.5,False,0.2793,-0.0639,0.3045,3.13,5,-6
NFLX,2024-09-24,2024-10-17,2024-10-18,25,1370,42.2,False,-0.0251,0.1109,0.0946,1.37,4,1
META,2024-09-25,2024-10-04,2024-10-09,15,491,5.7,False,0.0579,-0.0091,0.0579,1.05,0,-14
RKLB,2024-09-25,2024-09-27,2024-10-08,14,1248,7.1,False,0.2885,-0.0378,0.2912,1.59,7,0
MSTR,2024-09-27,2024-11-21,2024-11-26,61,12675,238.1,False,1.3935,-0.1097,1.8547,2.58,-1,0
NIO,2024-09-27,2024-09-30,2024-10-08,12,715,19.3,False,0.1557,-0.0659,0.2474,1.75,2,0
CLOV,2024-10-02,2024-10-03,2024-10-04,3,358,24.1,False,0.4388,0.01,0.4532,3.52,1,0
CELH,2024-10-07,2024-10-10,2024-10-16,10,434,14.8,False,0.154,-0.0324,0.154,2.39,0,0
HOOD,2024-10-09,2024-10-30,2024-10-31,23,3571,12.9,False,0.1015,-0.1673,0.1015,1.26,0,1
AMD,2024-10-10,2024-10-29,2024-10-30,21,2807,24.5,False,-0.0279,-0.1062,0.0104,1.26,-21,1
DJT,2024-10-14,2024-10-15,2024-10-16,3,931,7.8,False,0.0704,0.1552,0.2381,3.35,6,0
SOFI,2024-10-14,2024-10-29,2024-10-30,17,676,22.8,False,0.162,0.0716,0.2453,1.77,1,0
ASML,2024-10-15,2024-10-15,2024-10-17,3,777,87.2,False,-0.1626,-0.0408,0.0,7.74,-1,1
DRUG,2024-10-15,2024-10-15,2024-10-21,7,686,240.0,False,14.4578,0.2476,18.8795,29.86,9,0
TSM,2024-10-15,2024-10-17,2024-10-17,3,668,45.7,False,0.0709,0.0,0.0709,2.88,0,0
LHX,2024-10-16,2024-11-06,2024-11-07,23,1193,21.9,False,0.0455,-0.0064,0.0771,1.18,5,-12
OKLO,2024-10-16,2024-10-21,2024-10-29,14,853,22.9,False,0.915,0.1134,1.1322,6.26,8,0
SMR,2024-10-16,2024-10-16,2024-10-21,6,323,18.1,False,0.4001,-0.0058,0.4001,4.02,0,0
UEC,2024-10-16,2024-10-16,2024-10-20,5,628,15.7,False,0.0845,0.0628,0.1526,2.49,2,1
MCD,2024-10-21,2024-10-22,2024-10-23,3,554,29.5,False,-0.0059,-0.0512,0.0,3.89,-4,1
SAVE,2024-10-21,2024-10-23,2024-10-31,11,328,11.5,False,1.0952,-0.2208,1.0952,4.13,0,-2
ACHR,2024-10-22,2024-12-02,2024-12-05,45,7397,157.3,False,1.3856,0.0493,2.1275,3.1,-3,0
BA,2024-10-23,2024-10-24,2024-10-28,6,464,3.6,False,-0.0293,-0.0291,0.0,1.53,-2,5
CVNA,2024-10-23,2024-10-30,2024-10-31,9,1050,37.2,False,0.0505,0.1929,0.2532,1.84,1,1
COIN,2024-10-28,2024-11-11,2024-11-21,25,1777,21.9,False,0.5814,-0.0895,0.5871,1.95,7,0
DJT,2024-10-28,2024-11-06,2024-11-08,12,5438,12.1,False,-0.0769,-0.1125,0.3225,3.09,-8,0
GOOGL,2024-10-28,2024-10-29,2024-10-31,4,470,9.2,False,0.0267,0.0084,0.0556,2.33,1,1
GOOG,2024-10-29,2024-10-29,2024-10-31,3,472,10.1,False,0.0166,0.0091,0.0463,2.75,1,1
META,2024-10-29,2024-10-30,2024-10-31,3,723,16.7,False,0.0236,-0.0409,0.0262,2.2,-1,0
RDDT,2024-10-29,2025-02-13,2025-07-02,247,217559,4.6,True,1.5722,-0.2225,1.8267,1.88,-6,-106
AMZN,2024-10-30,2024-10-31,2024-11-01,3,699,9.0,False,-0.0232,0.0619,0.0852,2.33,6,1
SKYX,2024-10-30,2024-10-30,2024-11-21,23,499,2.3,False,-0.0148,-0.266,0.0444,0.61,-5,13
SMCI,2024-10-30,2024-10-30,2024-11-06,8,2801,20.8,False,-0.3268,-0.3136,0.0,2.97,-1,0
INTC,2024-10-31,2024-10-31,2024-11-04,5,2131,9.6,False,-0.035,0.0465,0.1762,2.33,7,1
HIMS,2024-11-04,2024-11-05,2024-11-29,26,938,7.9,False,0.0138,0.561,0.666,2.06,29,9
PLTR,2024-11-04,2024-11-05,2024-11-25,22,3628,7.6,False,0.2197,0.2644,0.6002,2.15,24,0
GME,2024-11-06,2024-11-06,2024-11-29,24,11301,2.5,False,0.0048,0.2576,0.3436,2.58,21,5
IONQ,2024-11-06,2024-11-07,2024-12-20,45,1095,7.3,False,0.4404,1.009,1.9042,1.8,47,0
MP,2024-11-06,2024-11-26,2024-11-27,22,401,4.0,False,0.0881,0.0291,0.1322,1.2,3,-20
ASTS,2024-11-07,2024-11-14,2024-11-15,9,1683,13.1,False,0.1901,-0.0959,0.2385,1.64,-1,-1
FGF,2024-11-07,2024-12-14,2024-12-20,44,982,2.5,False,0.6277,-0.0844,1.4323,2.09,-15,-40
LUNR,2024-11-07,2024-11-14,2024-11-15,9,3074,50.1,False,0.2385,0.2141,0.5206,3.24,5,0
MARA,2024-11-11,2024-11-12,2024-11-13,3,567,35.9,False,0.3106,-0.1399,0.3106,2.14,0,-1
RKLB,2024-11-11,2024-11-13,2024-11-14,4,2194,23.1,False,0.3938,-0.0781,0.5174,4.21,6,0
QUBT,2024-11-14,2025-01-08,2025-01-16,64,4216,59.3,False,2.7256,0.0979,8.6541,7.67,-21,-55
WMT,2024-11-18,2024-11-19,2024-11-21,4,1085,17.7,False,0.0279,0.0207,0.0838,1.98,7,0
NVDA,2024-11-20,2024-11-20,2024-11-27,8,6571,4.3,False,-0.0076,-0.0723,0.0,1.37,-1,1
RCAT,2024-11-20,2024-11-25,2024-12-04,15,447,33.3,False,1.0274,-0.127,1.4831,6.32,4,-5
KULR,2024-11-22,2024-12-02,2024-12-06,15,864,18.7,False,2.3813,-0.0922,2.3813,14.84,0,-7
IOBT,2024-11-25,2024-11-25,2024-12-31,37,724,4.0,False,0.0595,0.2267,0.3844,0.52,32,-4
RGTI,2024-11-25,2025-01-08,2025-01-15,52,3302,183.2,False,4.7701,0.0896,10.4943,10.07,-6,7
OPTT,2024-11-26,2024-12-02,2024-12-03,8,414,74.8,False,2.9106,-0.4714,2.9106,46.72,0,0
CABA,2024-11-28,2024-12-02,2024-12-02,5,426,166.0,False,0.3721,0.0,0.3721,8.6,0,0
RXRX,2024-11-29,2024-12-02,2024-12-10,12,359,15.4,False,0.1881,-0.0158,0.2962,2.06,7,7
INTC,2024-12-02,2024-12-02,2024-12-12,11,2257,4.0,False,-0.005,-0.1316,0.0,1.59,-3,3
AAPL,2024-12-03,2024-12-03,2024-12-20,18,2708,2.9,False,0.0128,0.0488,0.0777,1.18,21,17
UNH,2024-12-04,2024-12-04,2024-12-18,15,1086,132.1,False,0.0092,-0.1818,0.0092,2.65,0,13
SOUN,2024-12-05,2024-12-05,2024-12-19,15,1214,11.2,False,0.3133,0.4145,1.1433,2.5,15,1
AVGO,2024-12-06,2024-12-13,2024-12-17,12,2091,72.7,False,0.3187,0.0686,0.4665,3.0,3,7
PLTR,2024-12-06,2024-12-06,2024-12-16,11,2594,3.5,False,0.0622,-0.0077,0.1208,1.27,14,14
AMD,2024-12-09,2025-02-04,2025-02-05,59,16426,25.3,False,-0.1377,-0.0627,0.039,1.42,-62,1
GOOG,2024-12-10,2024-12-11,2024-12-23,14,1120,7.9,False,0.1107,-0.0037,0.1189,1.66,5,9
GOOGL,2024-12-10,2024-12-11,2024-12-19,10,711,5.8,False,0.1142,-0.0353,0.1214,1.61,5,0
ADBE,2024-12-11,2024-12-12,2024-12-13,3,330,34.0,False,-0.1324,-0.0188,0.0108,4.27,-6,0
LAES,2024-12-16,2024-12-16,2025-01-21,37,468,13.5,False,0.4,1.049,4.1886,2.49,11,-4
MU,2024-12-16,2024-12-18,2024-12-20,5,301,17.6,False,0.0137,-0.1326,0.0595,3.33,-1,1
RCAT,2024-12-16,2024-12-16,2024-12-31,16,852,7.1,False,0.2697,0.2297,0.712,2.03,14,0
CTM,2024-12-19,2024-12-26,2025-01-08,21,2143,26.3,False,3.6,-0.1739,7.6,11.04,4,0
MVST,2024-12-19,2025-01-10,2025-01-11,24,1320,50.1,False,1.0435,0.0,1.3913,1.46,-11,0
POET,2024-12-19,2024-12-26,2025-01-04,17,305,19.3,False,0.5714,-0.1107,0.5714,1.52,0,0
TLRY,2024-12-20,2024-12-23,2024-12-27,8,855,48.8,False,0.2328,0.0,0.2759,1.73,3,0
AMPX,2024-12-26,2025-01-01,2025-01-14,20,412,9.3,False,0.4737,0.2179,1.0211,2.35,5,-2
BBAI,2024-12-26,2024-12-26,2025-01-08,14,595,7.3,False,0.193,-0.2539,0.2895,1.22,4,0
KULR,2024-12-26,2024-12-26,2025-01-03,9,2016,8.5,False,0.4035,-0.3083,0.4035,1.16,0,0
LODE,2024-12-26,2024-12-30,2025-01-02,8,1912,19.4,False,1.0872,-0.1597,1.0872,7.64,0,0
RVSN,2024-12-26,2024-12-31,2025-01-16,22,3251,397.0,False,3.588,-0.455,4.349,9.92,-1,-4
OPTT,2024-12-27,2024-12-30,2025-01-08,13,1982,12.8,False,0.9422,0.2159,2.5533,1.68,7,0
REKR,2024-12-27,2024-12-30,2025-01-11,16,531,45.2,False,0.8235,-0.0215,1.3627,16.7,7,0
HOLO,2024-12-30,2024-12-31,2025-01-02,4,311,36.1,False,1.0542,0.1765,1.6708,18.98,-1,-1
LPSN,2024-12-30,2024-12-31,2025-01-03,5,474,65.2,False,0.588,0.0921,0.7342,15.05,3,0
CRKN,2024-12-31,2024-12-31,2025-01-21,22,556,11.1,False,0.0252,-0.2053,0.031,5.72,-4,17
XTIA,2024-12-31,2025-01-07,2025-01-08,9,877,93.2,False,1.8886,-0.5574,1.8886,7.53,0,0
OTLY,2025-01-01,2025-01-02,2025-01-09,9,401,64.7,False,0.0863,-0.054,0.1406,1.8,1,0
CVNA,2025-01-02,2025-01-03,2025-01-16,15,2911,28.7,False,-0.1288,0.3091,0.1424,2.64,18,0
MSFT,2025-01-03,2025-01-03,2025-01-06,4,542,2.9,False,0.0114,0.0106,0.0221,0.89,3,3
KSS,2025-01-05,2025-01-06,2025-01-15,11,348,13.8,False,-0.0085,-0.0843,0.0,0.83,-3,7
ARBE,2025-01-06,2025-01-07,2025-01-10,5,647,191.0,False,0.4297,-0.0053,0.5209,64.67,-1,-1
DJT,2025-01-06,2025-01-13,2025-01-23,18,3777,58.1,False,0.2395,-0.2181,0.2395,1.86,0,0
FUBO,2025-01-06,2025-01-07,2025-01-08,3,506,289.0,False,2.7917,-0.0201,2.7917,32.54,0,-1
META,2025-01-06,2025-01-29,2025-01-30,25,2364,22.3,False,0.1188,0.0155,0.1647,1.32,6,1
RIME,2025-01-06,2025-01-07,2025-01-08,3,659,128.4,False,1.0359,-0.2727,1.0359,2.3,0,0
SKYX,2025-01-06,2025-01-22,2025-02-26,52,1468,3.4,False,0.2097,0.0267,0.6532,1.67,15,15
TSM,2025-01-06,2025-01-16,2025-01-16,11,654,25.2,False,0.0296,0.0,0.0546,1.69,-10,0
GCTK,2025-01-08,2025-01-08,2025-01-15,8,1095,240.8,False,-0.1045,-0.4308,0.8923,57.16,-5,5
IONQ,2025-01-08,2025-01-08,2025-01-15,8,379,7.9,False,-0.39,0.3021,0.0298,2.71,-2,0
AAPL,2025-01-16,2025-01-30,2025-01-31,16,6342,8.5,False,-0.0012,-0.0067,0.0063,1.46,-1,1
DAWN,2025-01-16,2025-01-16,2025-02-13,29,334,7.5,False,0.0447,-0.0153,0.1129,0.81,12,-3
INTC,2025-01-17,2025-01-30,2025-02-01,16,4347,6.6,False,0.0173,-0.029,0.1113,1.56,-8,-13
ICE,2025-01-21,2025-01-21,2025-05-22,122,1695,10.3,False,0.0175,0.1468,0.1974,1.23,126,78
ORCL,2025-01-21,2025-01-22,2025-01-27,7,1101,58.4,False,0.144,-0.1408,0.158,4.19,1,0
RKLB,2025-01-21,2025-01-21,2025-01-24,4,761,5.5,False,0.3029,-0.0291,0.3154,2.17,2,0
VST,2025-01-21,2025-01-27,2025-01-31,11,398,22.2,False,-0.1977,0.2258,0.1231,2.58,-4,0
AMZN,2025-01-22,2025-02-06,2025-02-07,17,1792,15.5,False,0.0352,-0.0405,0.0492,1.41,-2,1
OKLO,2025-01-22,2025-02-07,2025-02-08,18,1315,11.7,False,0.7757,0.0,0.7757,2.15,0,-11
SBUX,2025-01-26,2025-01-28,2025-01-29,4,490,24.4,False,0.0162,0.0814,0.1031,3.06,2,1
ASML,2025-01-27,2025-01-29,2025-01-29,3,445,16.0,False,-0.0268,0.0,0.0471,2.76,-7,0
AVGO,2025-01-27,2025-01-27,2025-02-05,10,621,5.1,False,-0.174,0.1478,0.0,1.67,-3,0
BABA,2025-01-27,2025-01-29,2025-01-31,5,666,29.1,False,0.085,0.0219,0.1526,3.54,1,0
GDC,2025-01-27,2025-04-11,2025-04-23,87,2876,9.7,False,0.6121,-0.2256,0.6788,3.73,-17,-46
MSFT,2025-01-27,2025-01-29,2025-01-31,5,2145,8.7,False,-0.0039,-0.0617,0.0071,1.82,-1,1
NBIS,2025-01-27,2025-02-20,2025-02-24,29,1862,18.9,False,0.1094,-0.2169,0.153,2.46,-2,-24
NVDA,2025-01-27,2025-01-27,2025-01-31,5,16527,12.3,False,-0.1697,0.0139,0.0323,2.48,-4,0
DEI,2025-01-28,2025-01-31,2025-02-12,16,971,14.7,False,0.0251,-0.0768,0.0251,1.12,0,5
TSLA,2025-01-29,2025-01-29,2025-02-13,16,18510,4.9,False,-0.0226,-0.0852,0.0213,1.13,-5,13
HIMS,2025-01-31,2025-02-24,2025-02-25,26,2133,50.9,False,0.5109,-0.2232,1.0241,3.35,-5,-3
MP,2025-02-01,2025-02-02,2025-02-17,17,465,3.9,False,,,0.1621,1.49,8,2
COST,2025-02-03,2025-03-06,2025-03-07,33,486,6.7,False,0.0477,-0.0607,0.099,1.1,-21,1
ELF,2025-02-03,2025-02-06,2025-02-07,5,380,26.2,False,-0.1143,-0.1962,0.0715,4.72,-7,1
PLTR,2025-02-03,2025-02-04,2025-02-12,10,6484,17.9,False,0.2587,0.1306,0.4445,1.79,10,0
GOOG,2025-02-04,2025-02-04,2025-02-07,4,1168,11.6,False,0.025,-0.099,0.025,1.85,0,1
GOOGL,2025-02-04,2025-02-04,2025-02-18,15,1567,8.7,False,0.0256,-0.1096,0.0256,1.29,0,1
UBER,2025-02-04,2025-02-05,2025-02-12,9,567,12.2,False,-0.0418,0.2306,0.1932,1.96,8,2
BB,2025-02-05,2025-02-19,2025-02-19,15,345,14.8,False,0.2684,0.0,0.3139,1.43,-1,5
BBAI,2025-02-05,2025-02-05,2025-02-14,10,1648,16.2,False,0.4481,0.2686,0.9919,4.82,8,0
CYN,2025-02-05,2025-02-11,2025-02-11,7,1633,156.0,False,1.2958,0.0,2.8028,45.42,-11,-1
SMCI,2025-02-05,2025-02-19,2025-02-26,22,6572,36.2,False,1.0662,-0.1517,1.0662,4.07,0,0
BYD,2025-02-06,2025-03-18,2025-04-02,56,2861,23.9,False,-0.1133,-0.0035,0.0396,1.13,-27,20
CELH,2025-02-07,2025-02-20,2025-02-21,15,1100,68.9,False,0.1626,0.2777,0.4854,2.49,1,1
COIN,2025-02-12,2025-02-13,2025-02-14,3,682,16.0,False,0.1169,-0.0798,0.1169,1.87,0,1
HOOD,2025-02-12,2025-02-12,2025-02-14,3,1342,5.0,False,0.0482,0.1676,0.2238,2.54,2,1
MRNA,2025-02-13,2025-02-14,2025-02-24,12,301,4.6,False,0.0804,0.0276,0.1757,1.33,5,0
CNSP,2025-02-14,2025-02-14,2025-02-18,5,468,228.0,False,0.2987,0.0179,0.3219,19.19,4,0
SOBR,2025-02-14,2025-02-18,2025-02-19,6,1101,230.0,False,0.2252,0.0,0.3069,3.85,3,0
GME,2025-02-18,2025-02-18,2025-02-25,8,3936,2.6,False,-0.0011,-0.0945,0.0015,1.08,2,-4
LUNR,2025-02-18,2025-02-18,2025-02-28,11,2006,5.2,False,0.0331,-0.2807,0.0331,1.08,0,0
RIVN,2025-02-18,2025-02-20,2025-02-21,4,447,21.6,False,-0.0299,-0.047,0.0292,1.87,-2,1
WMT,2025-02-19,2025-02-20,2025-02-25,7,1284,11.9,False,-0.0633,0.0049,0.0025,2.21,-6,0
BRK,2025-02-22,2025-04-04,2025-04-14,52,1653,8.7,False,0.0331,0.069,0.1223,1.39,-2,-16
MTX,2025-02-25,2025-03-04,2025-03-06,10,554,12.4,False,-0.046,0.0237,0.0195,1.06,-12,-7
PHX,2025-02-25,2025-03-04,2025-03-06,10,551,12.4,False,-0.055,-0.0132,0.05,0.85,-12,-6
STRA,2025-03-02,2025-03-07,2025-03-12,11,757,6.7,False,0.0348,-0.041,0.2162,1.86,-9,-8
CTM,2025-03-03,2025-03-03,2025-03-05,3,479,11.2,False,0.1574,0.152,0.4074,3.64,1,0
CBSH,2025-03-04,2025-03-05,2025-03-11,8,306,7.7,False,-0.0318,-0.0508,0.0035,1.39,-5,5
HTBK,2025-03-04,2025-03-05,2025-03-11,8,306,7.7,False,-0.0354,-0.0625,0.0153,0.9,-5,-6
SPSC,2025-03-04,2025-03-05,2025-03-11,8,306,7.4,False,0.0139,-0.0547,0.0139,0.7,0,9
RGTI,2025-03-05,2025-03-06,2025-03-14,10,311,6.2,False,0.0827,0.3184,0.4275,0.93,8,8
NFLX,2025-03-07,2025-03-07,2025-03-11,5,316,4.3,False,-0.0168,0.0045,0.0933,1.89,-2,-1
TSLA,2025-03-10,2025-03-11,2025-04-09,31,68698,6.1,False,-0.1222,0.1805,0.097,1.61,14,29
ADBE,2025-03-12,2025-03-12,2025-03-14,3,315,39.8,False,0.0114,-0.1,0.0363,2.93,-5,1
QBTS,2025-03-13,2025-03-14,2025-03-20,8,377,14.1,False,0.744,-0.1438,0.921,3.01,3,0
NWTG,2025-03-17,2025-04-07,2025-04-08,23,547,22.8,False,-0.06,-0.1028,0.4,5.6,-25,-7
CBSH,2025-03-20,2025-03-20,2025-03-24,5,365,9.7,False,-0.0144,0.0194,0.0082,2.47,5,1
DASH,2025-03-20,2025-03-23,2025-03-24,5,336,10.0,False,-0.0002,0.0439,0.0475,4.73,2,-2
HTBK,2025-03-20,2025-03-20,2025-03-24,5,365,9.7,False,-0.0144,0.0157,0.001,0.74,4,1
SPSC,2025-03-20,2025-03-20,2025-03-24,5,365,9.7,False,-0.003,0.0548,0.0589,1.21,7,1
GME,2025-03-25,2025-03-26,2025-04-17,24,14975,5.8,False,0.1074,-0.0557,0.1074,5.02,0,1
GPI,2025-03-27,2025-03-27,2025-04-10,15,311,5.1,False,-0.041,0.0155,0.0277,1.33,-2,7
ASPC,2025-03-28,2025-03-28,2025-03-31,4,2802,121.7,False,0.0,-0.001,0.003,0.01,7,-1
ATGL,2025-03-28,2025-03-28,2025-03-31,4,2802,121.4,False,-0.1175,0.0701,0.1658,0.48,6,-2
WMT,2025-03-28,2025-04-09,2025-04-12,16,1934,7.0,False,0.0464,0.0357,0.1063,1.22,5,0
LHX,2025-03-29,2025-03-29,2025-04-22,25,1438,7.2,False,,,0.0719,1.4,16,11
JPM,2025-03-31,2025-03-31,2025-04-16,17,437,6.3,False,0.0101,-0.064,0.0337,1.3,-5,4
BLK,2025-04-01,2025-04-07,2025-04-11,11,383,4.5,False,-0.1363,0.075,0.0227,1.21,-11,2
APLD,2025-04-02,2025-04-03,2025-04-17,16,886,6.4,False,-0.0706,-0.3021,0.0246,1.7,-1,12
DAY,2025-04-02,2025-04-07,2025-04-10,9,524,6.8,False,-0.1217,0.0562,0.0165,0.95,-5,-3
NXPI,2025-04-02,2025-04-13,2025-04-14,13,877,25.8,False,-0.1116,0.0104,0.0193,1.84,-11,-4
NYC,2025-04-02,2025-04-08,2025-05-08,37,576,3.8,False,0.0079,-0.0004,0.0984,0.95,7,7
AAPL,2025-04-03,2025-04-09,2025-04-14,12,7724,8.9,False,-0.1118,0.0185,0.0,2.43,-7,0
ACIU,2025-04-03,2025-04-09,2025-04-17,15,442,8.6,False,-0.1862,-0.0327,0.0,0.92,-7,-2
CNL,2025-04-03,2025-04-09,2025-04-23,21,525,5.7,False,0.0154,0.1334,0.2522,1.35,7,-5
DOW,2025-04-03,2025-04-04,2025-04-10,8,400,8.3,False,-0.1917,-0.0323,0.0009,2.5,-4,5
MP,2025-04-03,2025-04-09,2025-04-24,22,2172,6.9,False,-0.0537,0.0924,0.0966,3.28,5,5
MSFT,2025-04-03,2025-04-03,2025-04-09,7,781,2.7,False,-0.0236,0.0466,0.0219,1.88,6,4
OBK,2025-04-03,2025-04-09,2025-04-19,17,437,10.0,False,-0.093,-0.0215,0.0076,1.55,-9,15
ON,2025-04-03,2025-04-13,2025-04-16,14,692,13.4,False,-0.1395,-0.0235,0.0,1.88,-11,-4
PB,2025-04-03,2025-04-07,2025-04-23,21,674,5.6,False,-0.1054,0.0513,0.0,1.27,-5,16
PENG,2025-04-03,2025-04-09,2025-04-10,8,612,107.0,False,-0.0482,-0.0658,0.0,2.31,-7,-6
UPC,2025-04-03,2025-04-07,2025-04-23,21,695,3.1,False,0.0842,0.233,1.0877,6.05,21,21
VS,2025-04-03,2025-04-09,2025-04-23,21,590,3.4,False,-0.1408,0.2429,0.0777,1.27,13,1
WNEB,2025-04-03,2025-04-16,2025-04-23,21,404,4.5,False,-0.0989,0.0815,0.0,1.06,-14,-7
BABA,2025-04-07,2025-04-09,2025-04-16,10,603,7.8,False,-0.1009,0.0188,0.1137,1.97,-7,0
MTX,2025-04-07,2025-04-15,2025-04-24,18,1189,12.9,False,0.0178,0.0359,0.1307,1.0,-13,14
PHX,2025-04-07,2025-04-15,2025-04-24,18,1191,12.9,False,0.0028,0.0972,0.1086,1.19,13,-6
SXTP,2025-04-07,2025-04-08,2025-04-22,16,358,4.1,False,0.6215,-0.0697,0.9492,271.14,7,0
WAT,2025-04-07,2025-04-09,2025-04-25,19,382,6.3,False,0.0357,0.0041,0.1161,1.23,-7,0
GXO,2025-04-08,2025-04-09,2025-05-06,29,612,5.3,False,0.0413,0.0639,0.1638,0.83,29,0
SUNE,2025-04-08,2025-04-15,2025-04-16,9,611,59.2,False,-0.18,-0.522,4.28,6.81,-12,0
DJT,2025-04-09,2025-04-09,2025-04-11,3,906,11.8,False,0.2167,-0.0681,0.2167,2.31,0,0
FRGT,2025-04-09,2025-05-02,2025-05-12,34,578,10.2,False,1.7013,-0.3894,1.7013,171.09,0,0
MKSI,2025-04-09,2025-04-09,2025-04-30,22,377,3.6,False,0.2453,-0.0418,0.2901,1.22,23,-5
STRA,2025-04-09,2025-04-09,2025-04-13,5,369,3.4,False,0.0564,-0.0448,0.0564,1.28,0,5
BULL,2025-04-10,2025-04-14,2025-04-15,6,937,487.0,False,4.4983,-0.3498,4.4983,121.29,0,0
GOLD,2025-04-11,2025-04-16,2025-04-24,14,305,7.6,False,0.0733,-0.06,0.0733,1.12,0,-5
BA,2025-04-15,2025-04-15,2025-04-24,10,966,13.6,False,-0.0236,0.1334,0.1445,0.91,13,8
NFLX,2025-04-15,2025-04-17,2025-04-22,8,1636,16.0,False,0.0448,0.0692,0.1828,1.63,8,4
NVDA,2025-04-15,2025-04-16,2025-04-17,3,3716,3.4,False,-0.0562,-0.0287,0.0135,0.94,-1,-6
HTZ,2025-04-16,2025-04-17,2025-04-21,6,407,168.0,False,1.2575,-0.0498,1.3699,12.53,7,0
LLY,2025-04-17,2025-05-12,2025-05-15,29,480,19.0,False,0.0281,-0.0295,0.2232,1.43,-12,-11
ASTS,2025-04-20,2025-04-20,2025-05-13,24,474,10.2,False,,,0.1612,1.03,22,12
TSLA,2025-04-22,2025-04-22,2025-04-25,4,13765,4.3,False,0.046,0.1974,0.2836,0.91,7,3
GOOG,2025-04-24,2025-04-24,2025-04-30,7,972,7.6,False,0.0238,-0.0036,0.0528,0.96,11,1
WOLF,2025-04-24,2025-04-28,2025-05-13,20,1820,16.9,False,0.607,-0.063,0.7354,1.45,4,4
AMZN,2025-04-29,2025-05-01,2025-05-02,4,1001,12.8,False,0.0133,-0.0012,0.0133,0.97,0,1
HIMS,2025-04-29,2025-05-06,2025-05-14,16,1088,29.3,False,0.737,0.2355,1.27,3.46,10,0
META,2025-04-29,2025-04-30,2025-05-01,3,563,11.7,False,-0.0013,0.0423,0.0901,1.12,5,1
KIDZ,2025-05-01,2025-05-02,2025-05-05,5,344,137.0,False,5.2435,-0.1212,5.2435,78.26,0,-1
PLTR,2025-05-02,2025-05-05,2025-05-06,5,2224,15.1,False,0.0651,-0.1205,0.0695,1.29,-3,1
CVNA,2025-05-07,2025-05-07,2025-05-19,13,558,7.3,False,0.0014,0.1776,0.1805,1.3,7,1
GOOG,2025-05-07,2025-05-07,2025-05-14,8,1623,11.3,False,-0.0751,0.0917,0.0162,1.61,12,0
NBIS,2025-05-07,2025-05-20,2025-05-21,15,358,60.5,False,0.5631,-0.0056,0.5631,2.22,0,0
COIN,2025-05-08,2025-05-15,2025-05-16,9,723,26.9,False,0.2436,0.0901,0.3556,3.93,1,1
KULR,2025-05-13,2025-05-14,2025-06-06,25,427,7.0,False,0.0662,-0.2671,0.0662,1.88,0,0
UNH,2025-05-13,2025-05-15,2025-05-21,9,11099,56.5,False,-0.2756,0.1044,0.018,6.72,-7,0
CRWV,2025-05-14,2025-06-04,2025-06-05,23,2442,80.1,False,1.5782,-0.172,1.5782,5.0,0,-14
WMT,2025-05-15,2025-05-17,2025-05-18,4,3187,20.6,False,0.0146,0.0,0.0146,2.29,-1,-2
MCO,2025-05-16,2025-05-17,2025-05-19,4,707,242.0,False,0.0032,0.0065,0.0098,0.69,2,-5
QUBT,2025-05-16,2025-06-11,2025-06-18,34,697,12.6,False,1.053,0.0063,1.2965,4.02,5,0
QBTS,2025-05-20,2025-05-20,2025-05-27,8,531,21.4,False,0.2593,0.0598,0.4479,3.38,2,0
BULL,2025-05-22,2025-05-22,2025-06-04,14,809,5.1,False,0.0723,-0.1748,0.0723,1.27,0,6
BYD,2025-05-26,2025-05-27,2025-06-11,17,652,6.0,False,0.0315,-0.0016,0.0315,0.94,0,6
RKLB,2025-05-27,2025-06-09,2025-06-10,15,1031,15.1,False,0.166,-0.0833,0.166,1.51,0,0
AVGO,2025-05-28,2025-06-05,2025-06-06,10,649,39.5,False,0.103,-0.05,0.1079,1.57,-1,0
APLD,2025-06-02,2025-06-04,2025-06-09,8,616,9.5,False,0.94,-0.0174,1.0293,4.96,2,-2
LULU,2025-06-03,2025-06-05,2025-06-06,4,434,75.3,False,0.0242,-0.198,0.0379,3.88,-1,1
ASTS,2025-06-04,2025-06-24,2025-06-30,27,1961,15.3,False,1.1136,-0.1219,1.1136,1.93,0,-15
TSLA,2025-06-05,2025-06-05,2025-06-11,7,10730,6.0,False,-0.1426,0.1466,0.0368,1.69,-2,0
HOOD,2025-06-06,2025-06-06,2025-06-13,8,1679,4.5,False,0.0327,-0.0304,0.0805,1.16,12,0
ICE,2025-06-08,2025-07-03,2025-07-11,34,857,7.3,False,0.0248,-0.0142,0.0268,0.73,-3,-13
ADBE,2025-06-10,2025-06-12,2025-06-13,4,334,47.4,False,-0.0062,-0.0532,0.0016,2.07,-6,1
INTC,2025-06-10,2025-06-10,2025-06-17,8,534,5.9,False,0.0781,-0.058,0.0781,1.53,0,0
NCNA,2025-06-10,2025-06-11,2025-06-12,3,366,9.6,False,1.1654,-0.0788,1.1654,5.3,0,-1
HCTI,2025-06-11,2025-06-12,2025-06-17,7,467,20.0,False,3.1667,-0.2633,3.1667,4.4,0,0
ORCL,2025-06-11,2025-06-13,2025-06-16,6,549,16.6,False,0.2126,-0.0191,0.2126,4.36,0,-1
TMC,2025-06-11,2025-06-18,2025-06-26,16,372,15.2,False,0.592,0.0637,0.7665,1.88,7,0
LMT,2025-06-13,2025-06-13,2025-06-22,10,445,26.9,False,0.0366,-0.0327,0.0366,1.74,0,-2
AMD,2025-06-16,2025-06-16,2025-07-02,17,2419,7.0,False,0.0881,0.096,0.238,1.85,11,0
COIN,2025-06-18,2025-06-18,2025-07-02,15,748,5.8,False,0.1632,0.2003,0.4775,2.75,8,0
GOOG,2025-06-23,2025-06-30,2025-07-01,9,1171,4.5,False,0.0576,-0.0027,0.0764,1.45,3,-3
BBAI,2025-06-24,2025-08-11,2025-08-12,50,1837,34.3,False,0.6962,-0.158,0.9665,1.21,-25,-40
HOOD,2025-06-30,2025-06-30,2025-07-03,4,1750,3.8,False,0.1277,0.0082,0.1801,2.55,2,1
SOFI,2025-06-30,2025-07-08,2025-07-18,19,539,9.3,False,0.1612,0.0932,0.2858,1.12,9,-8
BURU,2025-07-01,2025-07-21,2025-07-22,22,784,13.9,False,-0.0998,-0.0187,0.1427,0.26,-19,-24
WOLF,2025-07-01,2025-07-07,2025-07-09,9,359,17.7,False,4.7924,-0.1255,5.319,7.91,1,-6
CLBR,2025-07-07,2025-07-07,2025-07-16,10,912,4.7,False,0.0601,-1.0,0.0898,2.88,8,8
IXHL,2025-07-10,2025-07-24,2025-07-31,22,4616,68.7,False,6.3789,-0.6411,6.3789,5.92,0,-9
MP,2025-07-10,2025-07-10,2025-08-08,30,968,5.1,False,0.5062,0.6432,1.5108,2.01,34,0
NBIS,2025-07-14,2025-07-14,2025-07-31,18,432,4.8,False,0.1727,0.0477,0.2454,1.12,22,0
OPEN,2025-07-14,2025-07-21,2025-07-24,11,4189,305.1,False,3.1207,-0.2461,3.1207,6.47,0,0
RKLB,2025-07-14,2025-07-17,2025-07-23,10,1607,8.5,False,0.3151,-0.0425,0.3167,1.13,1,0
CTM,2025-07-15,2025-08-08,2025-08-18,35,855,10.4,False,0.0079,-0.1562,0.1732,1.61,-21,-21
NVDA,2025-07-15,2025-07-15,2025-07-17,3,2293,5.4,False,0.0404,0.0135,0.0544,1.0,2,0
PEW,2025-07-15,2025-07-16,2025-07-17,3,1056,662.0,False,-0.2264,-0.2287,0.0165,5.32,-1,0
UUUU,2025-07-15,2025-08-06,2025-08-08,25,668,10.8,False,0.3809,-0.0134,0.4322,1.21,-9,-27
ABAT,2025-07-17,2025-07-17,2025-07-25,9,305,39.9,False,0.1292,0.3369,0.6124,4.28,7,8
CVNA,2025-07-17,2025-07-21,2025-07-24,8,600,5.8,False,-0.0287,-0.0463,0.0,0.86,-5,-5
LCID,2025-07-17,2025-07-23,2025-07-23,7,518,84.5,False,0.345,0.0,0.3668,2.85,-1,-6
AIRE,2025-07-21,2025-07-21,2025-07-24,4,412,261.0,False,3.4721,-0.4671,3.4721,30.35,0,0
CLOV,2025-07-21,2025-07-23,2025-07-23,3,864,291.5,False,0.1599,0.0,0.1599,1.07,0,0
KSS,2025-07-21,2025-07-22,2025-07-23,3,2132,228.4,False,0.4969,-0.1423,0.4969,11.88,0,0
OPTT,2025-07-21,2025-07-24,2025-07-25,5,702,44.7,False,0.0481,-0.1483,0.1667,2.4,-1,-7
PUMP,2025-07-21,2025-07-23,2025-08-08,19,372,8.1,False,0.0776,-0.2111,0.1182,1.48,6,7
RAYA,2025-07-21,2025-07-23,2025-07-24,4,855,381.0,False,-0.9415,0.1587,0.0065,64.35,-7,-2
RKT,2025-07-21,2025-07-23,2025-07-23,3,3097,685.9,False,0.1587,0.0,0.1587,3.45,0,0
WEN,2025-07-21,2025-07-23,2025-07-23,3,585,40.9,False,0.0812,0.0,0.0812,1.37,0,0
GLXY,2025-07-22,2025-07-23,2025-07-29,8,338,20.9,False,0.1304,-0.1376,0.1617,1.37,1,-2
NCNA,2025-07-22,2025-07-22,2025-08-11,21,791,10.1,False,0.0392,-0.5783,0.1686,1.03,3,3
AVGO,2025-07-23,2025-07-23,2025-08-07,16,355,5.6,False,0.0183,0.0707,0.1229,0.94,20,8
GOOGL,2025-07-23,2025-07-23,2025-07-31,9,1165,7.4,False,-0.0058,0.0088,0.0271,1.17,7,1
HCTI,2025-07-23,2025-07-24,2025-07-25,3,1001,45.5,False,1.8579,0.2615,2.6053,9.74,1,0
APLD,2025-07-24,2025-07-31,2025-08-01,9,400,7.1,False,0.2022,-0.0472,0.3623,1.29,5,0
OKLO,2025-07-24,2025-08-11,2025-08-13,21,473,8.4,False,0.073,0.0774,0.2556,1.13,-6,-18
UNH,2025-07-24,2025-07-29,2025-08-06,14,5595,9.8,False,-0.1075,-0.0586,0.0,2.05,-6,0
BMNR,2025-07-25,2025-07-25,2025-07-29,5,324,10.4,False,-0.0467,-0.196,0.0,1.53,-1,-1
MBOT,2025-07-26,2025-07-26,2025-08-14,20,306,9.6,False,,,0.0539,1.37,19,2
NVNI,2025-07-27,2025-07-29,2025-08-01,6,756,101.4,False,0.5334,-0.0379,0.6372,29.58,-1,-1
SMCI,2025-07-28,2025-08-05,2025-08-06,10,790,21.7,False,0.0512,-0.1829,0.1146,1.73,-6,1
AMD,2025-07-29,2025-08-05,2025-08-11,14,4932,11.6,False,0.0037,-0.0116,0.062,1.69,8,1
GME,2025-07-29,2025-07-29,2025-07-31,3,1804,2.7,False,-0.0187,-0.0044,0.0239,1.01,-5,2
LLY,2025-07-29,2025-08-07,2025-08-08,11,581,74.4,False,-0.207,-0.0237,0.0057,2.85,-13,0
NVO,2025-07-29,2025-07-29,2025-08-08,11,1063,36.7,False,-0.2183,-0.053,0.0391,5.94,-4,0
MSFT,2025-07-30,2025-07-30,2025-08-01,3,1506,9.7,False,0.0013,0.0212,0.045,2.15,5,1
PANW,2025-07-30,2025-08-18,2025-08-18,20,549,61.9,False,-0.0912,0.0,0.055,3.19,-21,-19
AAPL,2025-07-31,2025-08-06,2025-08-08,9,4886,8.2,False,0.0201,0.0755,0.1161,1.84,7,2
AMZN,2025-07-31,2025-07-31,2025-08-06,7,1199,13.1,False,0.017,-0.0504,0.017,2.29,0,1
COIN,2025-07-31,2025-07-31,2025-08-11,12,503,5.5,False,0.0007,-0.1539,0.0053,1.21,-3,1
BTAI,2025-08-04,2025-08-04,2025-08-18,15,460,54.7,False,0.854,1.2323,3.9635,5.89,8,-3
PLTR,2025-08-04,2025-08-04,2025-08-12,9,3222,7.7,False,0.0414,0.1638,0.212,1.4,8,1
ONDS,2025-08-06,2025-08-12,2025-08-18,13,319,9.3,False,0.3974,-0.0653,0.4625,2.13,10,1
INTC,2025-08-07,2025-08-07,2025-08-26,20,6774,7.9,False,-0.0314,0.2317,0.2401,2.0,12,8
NBIS,2025-08-07,2025-08-07,2025-08-13,7,374,7.8,False,0.1855,0.0815,0.3674,2.1,5,0
CGTX,2025-08-12,2025-08-25,2025-08-28,17,640,10.1,False,2.7033,-0.2201,2.7033,3.74,0,-12
CRWV,2025-08-12,2025-08-14,2025-08-20,9,1115,9.7,False,-0.2881,-0.0802,0.0642,3.07,-2,1
JACS,2025-08-18,2025-08-22,2025-08-22,5,1281,27.7,False,0.0019,0.0,0.0039,8.11,-2,-3
JXN,2025-08-18,2025-08-22,2025-08-22,5,1281,27.7,False,0.0427,0.0,0.0434,0.83,4,4
RBLX,2025-08-18,2025-08-18,2025-08-21,4,380,8.6,False,0.0222,-0.0425,0.0804,1.11,-5,-3
WMT,2025-08-20,2025-08-21,2025-08-22,3,680,13.5,False,-0.0329,-0.0115,0.0126,2.35,-1,0
CBRL,2025-08-21,2025-08-27,2025-08-27,7,377,96.0,False,0.0561,0.0,0.0561,4.7,0,0
NVDA,2025-08-27,2025-08-27,2025-08-29,3,5000,7.3,False,-0.0009,-0.0409,0.0,1.57,-1,1
IREN,2025-08-28,2025-10-07,2025-10-24,58,2793,55.4,False,1.7591,0.0198,2.1116,2.03,7,-39
AVGO,2025-09-02,2025-09-05,2025-09-05,4,831,30.2,False,0.1261,0.0,0.2427,2.09,5,0
GOOG,2025-09-02,2025-09-03,2025-09-09,8,1047,5.6,False,0.0823,0.0383,0.1304,1.82,9,0
GOOGL,2025-09-02,2025-09-03,2025-10-09,38,2690,4.8,False,0.0834,0.0471,0.1964,1.25,16,0
LDI,2025-09-08,2025-09-17,2025-09-18,11,1802,432.0,False,0.5779,-0.0987,0.5779,6.83,0,-9
NBIS,2025-09-08,2025-09-09,2025-09-10,3,1089,31.2,False,0.462,-0.0243,0.462,4.93,0,0
ORCL,2025-09-08,2025-09-10,2025-09-11,4,3205,111.3,False,0.4104,-0.0623,0.4104,6.19,0,0
AAPL,2025-09-09,2025-09-09,2025-09-11,3,1347,6.3,False,-0.0148,-0.0184,0.008,1.41,-5,1
ASST,2025-09-09,2025-09-10,2025-09-22,14,560,26.7,False,0.5178,-0.4932,0.6717,4.88,1,0
GME,2025-09-09,2025-09-10,2025-09-18,10,6825,8.4,False,0.0495,0.062,0.1542,2.4,13,0
RZLV,2025-09-09,2025-10-01,2025-10-13,35,1124,7.7,False,0.0952,0.0791,0.671,2.45,-16,0
AIRE,2025-09-10,2025-09-12,2025-09-15,6,355,45.8,False,1.9,-0.1103,1.9,8.91,0,-1
HOOD,2025-09-10,2025-09-10,2025-09-12,3,1253,4.7,False,-0.0088,-0.0207,0.0012,0.97,7,-2
RDDT,2025-09-10,2025-10-22,2025-11-25,77,80605,4.2,True,-0.1796,0.1088,0.127,0.94,-34,9
ATCH,2025-09-11,2025-09-18,2025-09-29,19,3351,104.1,False,4.6686,-0.3778,6.8488,22.58,-1,6
NFLX,2025-09-11,2025-10-21,2025-10-22,42,2050,23.1,False,-0.0051,-0.1007,0.0125,1.45,-42,1
OPEN,2025-09-11,2025-09-11,2025-09-17,7,763,5.2,False,0.7952,-0.0295,0.7952,1.5,0,0
TSLA,2025-09-12,2025-09-15,2025-10-07,26,11086,6.2,False,0.1118,0.0562,0.2458,1.41,16,-3
GPUS,2025-09-15,2025-09-29,2025-09-29,15,785,292.0,False,0.2162,0.0,0.4595,41.99,4,-3
OKLO,2025-09-15,2025-09-19,2025-09-25,11,1502,55.2,False,0.635,-0.1191,0.7247,2.56,4,0
BBAI,2025-09-16,2025-09-23,2025-09-24,9,323,20.2,False,0.5697,-0.0501,0.5697,3.07,0,0
DVLT,2025-09-16,2025-09-19,2025-09-29,14,1537,280.0,False,0.3488,1.5482,3.5726,28.17,13,4
NUAI,2025-09-17,2025-09-26,2025-09-30,14,1950,406.0,False,2.9149,0.0,4.3191,11.15,3,-3
NVNI,2025-09-17,2025-09-30,2025-10-02,16,877,30.2,False,0.2576,-0.5745,1.2121,9.01,-8,2
QBTS,2025-09-17,2025-10-23,2025-10-24,38,524,32.6,False,0.6365,0.0512,1.3593,2.27,-8,-36
SNAP,2025-09-17,2025-09-22,2025-09-23,7,741,20.6,False,0.1021,-0.0129,0.1021,2.34,0,3
CYCU,2025-09-18,2025-09-25,2025-09-26,9,350,64.7,False,1.467,-0.3066,1.467,1.62,0,0
STRA,2025-09-18,2025-10-15,2025-11-07,51,1163,3.6,False,-0.0271,-0.0464,0.0506,0.97,-13,-26
GAP,2025-09-19,2025-09-19,2025-10-27,39,487,13.4,False,-0.033,0.0723,0.0591,0.7,39,0
QUBT,2025-09-19,2025-10-23,2025-10-25,37,1238,16.3,False,-0.1313,-0.0257,0.3417,2.84,-20,-20
YAAS,2025-09-19,2025-09-24,2025-09-26,8,354,94.0,False,0.4066,-0.3672,0.4066,11.85,0,0
KVUE,2025-09-22,2025-09-22,2025-09-25,4,338,63.2,False,-0.0747,-0.0471,0.0,2.19,-5,0
PLUG,2025-09-22,2025-10-03,2025-10-09,18,577,42.5,False,0.7477,-0.0079,0.8945,3.47,3,0
LAC,2025-09-23,2025-09-24,2025-10-03,11,878,215.0,False,0.8212,0.5042,1.7394,21.8,9,0
SLI,2025-09-23,2025-09-24,2025-10-01,9,433,33.1,False,0.0984,0.1012,0.327,3.74,12,1
ABAT,2025-09-24,2025-10-15,2025-10-17,24,875,75.5,False,1.1671,-0.4581,1.7433,4.25,-1,1
DFLI,2025-09-24,2025-09-29,2025-10-03,10,3717,341.2,False,1.2699,1.8811,5.5398,35.13,4,3
MTX,2025-09-24,2025-10-14,2025-10-16,23,1383,45.5,False,-0.0383,0.0007,0.017,0.71,-25,-25
UUUU,2025-09-24,2025-10-14,2025-10-22,29,1705,15.0,False,0.5735,-0.1331,0.5735,2.29,0,0
CIFR,2025-09-25,2025-09-25,2025-10-16,22,564,13.5,False,-0.1754,0.6055,0.4873,1.62,20,0
IBM,2025-09-25,2025-09-25,2025-10-13,19,352,5.9,False,0.052,-0.015,0.0985,1.29,12,0
PSTV,2025-09-25,2025-10-06,2025-10-08,14,1528,86.5,False,1.2006,-0.1609,1.2006,13.68,0,-11
ROAD,2025-09-26,2025-10-15,2025-10-15,20,309,3.2,False,-0.0933,0.0,0.0688,0.93,-23,-22
BURU,2025-09-29,2025-10-03,2025-10-09,11,3600,166.1,False,0.7992,1.0704,4.275,12.23,5,5
TCBI,2025-10-01,2025-10-03,2025-10-22,22,336,4.7,False,0.0022,-0.0318,0.0247,1.33,4,13
FEMY,2025-10-02,2025-10-06,2025-10-09,8,828,225.0,False,1.2355,-0.2265,1.2355,11.1,0,0
ONDS,2025-10-02,2025-10-06,2025-10-15,14,405,3.9,False,0.4583,-0.1079,0.5404,1.26,2,-4
SHOT,2025-10-02,2025-10-03,2025-10-06,5,936,150.3,False,0.3221,0.0265,0.5125,7.77,5,3
USAR,2025-10-02,2025-10-13,2025-10-15,14,539,45.7,False,1.101,-0.1293,1.101,5.57,0,-3
MOBX,2025-10-03,2025-10-06,2025-10-07,5,468,192.3,False,0.2248,-0.0818,0.2248,6.92,0,-3
PLTR,2025-10-03,2025-10-03,2025-10-13,11,1150,2.7,False,-0.0747,0.0239,0.0,1.0,-1,0
AMD,2025-10-06,2025-10-06,2025-10-08,3,2978,29.5,False,0.2371,0.1563,0.4305,3.98,2,0
CRML,2025-10-06,2025-10-06,2025-10-15,10,402,29.4,False,0.4524,0.9603,2.7556,13.24,8,0
PYPL,2025-10-06,2025-10-10,2025-10-16,11,436,7.3,False,0.0085,-0.0543,0.0994,1.41,-2,-3
PCSA,2025-10-07,2025-10-08,2025-10-09,3,697,58.6,False,0.7165,-0.18,0.7165,25.38,0,-1
POET,2025-10-07,2025-10-08,2025-10-10,4,2333,132.0,False,0.4451,-0.1725,0.4451,12.2,0,0
SCWO,2025-10-07,2025-10-09,2025-10-10,4,1562,649.0,False,0.8152,0.1412,1.1212,108.22,-1,-1
UAMY,2025-10-07,2025-10-13,2025-10-27,21,653,26.9,False,1.0655,-0.4273,1.1595,2.83,1,1
ASTS,2025-10-08,2025-10-08,2025-10-15,8,892,6.0,False,0.0863,0.1784,0.2801,1.48,7,0
BULL,2025-10-08,2025-10-08,2025-10-14,7,588,5.1,False,-0.0109,-0.0735,0.1086,3.96,-5,0
GOLD,2025-10-08,2025-10-17,2025-11-04,28,624,12.4,False,0.0033,-0.0498,0.0731,0.66,-1,7
PATH,2025-10-08,2025-10-09,2025-10-10,3,1157,30.5,False,0.249,-0.0789,0.249,3.15,0,0
RKLB,2025-10-08,2025-10-10,2025-10-15,8,668,6.4,False,0.0447,0.078,0.1262,1.21,5,0
YYAI,2025-10-08,2025-10-08,2025-10-13,6,828,281.0,False,0.0722,-0.1192,12.9444,32.83,-2,0
MP,2025-10-10,2025-10-12,2025-10-16,7,416,6.2,False,0.0837,0.0702,0.3646,2.72,2,-2
WWR,2025-10-13,2025-10-14,2025-10-17,5,324,37.2,False,0.7576,-0.408,0.7576,3.75,0,0
BRK,2025-10-14,2025-11-02,2025-11-26,44,936,6.4,False,-0.0303,0.0728,0.0434,1.02,11,1
BYND,2025-10-14,2025-10-22,2025-10-24,11,12632,1636.8,False,2.4589,-0.3897,2.4976,59.08,-1,0
HOOD,2025-10-20,2025-10-20,2025-10-22,3,987,4.0,False,0.0453,-0.0632,0.1228,0.89,7,2
AIRE,2025-10-21,2025-10-22,2025-10-23,3,1026,297.2,False,0.5826,0.3819,1.187,15.32,1,0
DNUT,2025-10-21,2025-10-22,2025-10-23,3,431,77.4,False,0.2362,0.0199,0.2761,15.82,5,0
GOOG,2025-10-21,2025-10-29,2025-10-30,10,1385,9.7,False,0.0706,0.0245,0.1054,1.35,5,1
NOK,2025-10-23,2025-10-28,2025-10-29,7,814,80.5,False,0.4,-0.0566,0.4,3.85,0,0
ASST,2025-10-24,2025-10-27,2025-10-28,5,1715,130.2,False,0.8977,-0.122,0.8977,21.93,0,0
FGL,2025-10-28,2025-11-04,2025-11-10,14,316,43.3,False,0.4669,-0.1375,0.4794,7.95,1,-7
MSAI,2025-10-28,2025-10-31,2025-11-03,7,604,216.0,False,1.0257,0.2692,1.5711,12.43,3,0
MSFT,2025-10-28,2025-10-29,2025-11-07,11,2671,9.0,False,0.0189,-0.0826,0.0198,1.65,-1,1
NVDA,2025-10-28,2025-11-19,2025-11-26,30,27463,12.3,False,-0.026,-0.0336,0.0812,1.36,-21,2
UNH,2025-10-28,2025-10-28,2025-11-03,7,766,8.1,False,0.0051,-0.0926,0.0051,1.59,0,0
GOOGL,2025-10-29,2025-10-29,2025-10-31,3,518,4.6,False,0.0265,0.0241,0.063,1.81,7,1
META,2025-10-29,2025-10-30,2025-11-25,28,7961,23.3,False,-0.1131,-0.0454,0.0003,2.32,-1,0
DASH,2025-10-30,2025-10-31,2025-11-06,8,305,15.9,False,-0.0439,-0.2277,0.0,2.39,-2,6
MSTR,2025-10-30,2025-12-01,2025-12-02,34,3433,16.1,False,-0.3775,0.0578,0.0736,1.68,-35,0
SNAP,2025-10-31,2025-11-05,2025-11-07,8,625,8.5,False,-0.0395,0.1247,0.1961,1.15,7,1
PLTR,2025-11-03,2025-11-04,2025-11-05,3,2161,11.6,False,-0.0485,-0.0149,0.0335,2.06,-1,0
PFE,2025-11-04,2025-11-04,2025-11-25,22,309,6.7,False,-0.0146,0.0584,0.0491,1.63,8,0
Z,2025-11-04,2025-11-04,2025-11-14,11,640,22.7,False,-0.022,-0.0579,0.0042,1.05,-4,-4
ZG,2025-11-04,2025-11-04,2025-11-14,11,636,23.2,False,-0.0213,-0.0388,0.006,1.23,7,-4
DUOL,2025-11-05,2025-11-06,2025-11-10,6,337,45.0,False,-0.2606,-0.0049,0.0328,5.15,-6,0
NVO,2025-11-05,2025-11-06,2025-11-11,7,485,6.4,False,-0.0361,0.0568,0.0417,2.38,6,0
CRWV,2025-11-10,2025-11-11,2025-11-14,5,861,13.1,False,-0.1502,-0.1248,0.1001,2.34,-6,0
NBIS,2025-11-11,2025-11-11,2025-11-14,4,1286,4.2,False,-0.0703,-0.1827,0.0121,2.32,-4,0
BMNR,2025-11-17,2025-11-21,2025-12-10,24,329,4.2,False,-0.2442,0.5538,0.1794,1.6,-9,3
AVGO,2025-11-24,2025-12-11,2025-12-17,24,2325,36.1,False,0.1945,-0.1977,0.2139,1.84,-1,8
INTC,2025-11-28,2025-11-28,2025-12-04,7,650,4.0,False,0.1019,-0.0015,0.1888,1.36,5,4
SMX,2025-11-28,2025-12-05,2025-12-08,11,602,123.2,False,18.0793,-0.5909,18.0793,3.2,0,-9
ADBE,2025-12-04,2025-12-10,2025-12-11,8,340,7.5,False,0.05,0.0213,0.0907,1.76,2,1
ASTS,2025-12-04,2025-12-04,2025-12-11,8,440,7.0,False,0.1825,0.1666,0.3794,1.6,7,0
CVNA,2025-12-05,2025-12-08,2025-12-12,8,1055,23.5,False,0.1232,0.0172,0.1852,2.12,3,0
NFLX,2025-12-05,2025-12-05,2025-12-10,6,2952,24.3,False,-0.0289,-0.0751,0.0594,2.39,-3,0
WBD,2025-12-05,2025-12-05,2025-12-10,6,652,34.8,False,0.0628,0.1323,0.2217,3.67,7,0
FLWS,2025-12-09,2025-12-09,2025-12-16,8,399,80.3,False,0.328,-0.0628,0.328,4.3,0,0
LULU,2025-12-10,2025-12-11,2025-12-12,3,317,21.2,False,0.0259,0.096,0.1404,3.45,6,1
ORCL,2025-12-10,2025-12-11,2025-12-17,8,3274,17.6,False,-0.1024,-0.1025,0.0067,2.3,-1,0
RKLB,2025-12-11,2025-12-22,2025-12-26,16,1875,11.8,False,0.3482,-0.089,0.3482,1.64,0,-3
TLRY,2025-12-12,2025-12-12,2025-12-19,8,336,27.5,False,0.4413,-0.0815,0.6536,8.36,4,0
TSLA,2025-12-15,2025-12-16,2025-12-22,8,5351,6.6,False,0.0674,-0.0023,0.0674,1.36,0,-1
MU,2025-12-17,2025-12-17,2026-01-08,23,873,9.1,False,-0.0301,0.4501,0.4875,1.4,26,1
ASTS,2025-12-24,2026-01-16,2026-01-22,30,3661,13.6,False,0.3513,0.0052,0.3584,1.46,6,0
SLS,2025-12-29,2026-01-05,2026-01-07,10,752,23.0,False,0.7422,-0.192,0.7422,3.67,0,-3
ONDS,2025-12-31,2026-01-08,2026-02-05,37,1473,5.3,False,0.5584,-0.3947,0.5584,1.5,0,8
PLTR,2026-01-02,2026-02-02,2026-02-05,35,3815,10.7,False,-0.1687,-0.1201,0.0362,1.43,-35,2
SNDK,2026-01-02,2026-01-30,2026-02-05,35,4951,230.0,False,1.4275,-0.0001,1.9299,2.54,4,0
TSM,2026-01-02,2026-01-15,2026-01-15,14,413,19.4,False,0.1242,0.0,0.1267,1.58,1,0
NOEM,2026-01-03,2026-01-03,2026-06-06,155,1860,5.4,True,,,0.0155,2.34,125,32
STRA,2026-01-03,2026-01-20,2026-02-05,34,814,3.7,False,0.0659,-0.0448,0.0984,1.21,2,-13
UEC,2026-01-03,2026-01-26,2026-02-06,35,777,9.0,False,0.3997,-0.1215,0.5362,1.13,2,3
MTX,2026-01-04,2026-01-19,2026-02-05,33,901,8.9,False,0.0976,0.0672,0.1925,0.96,22,11
OKLO,2026-01-05,2026-01-09,2026-01-11,7,529,11.8,False,0.3536,0.0,0.3536,2.15,0,0
RDW,2026-01-05,2026-01-27,2026-01-27,23,304,12.4,False,0.5725,0.0,0.5725,2.19,0,0
UUUU,2026-01-05,2026-01-28,2026-02-04,31,752,11.9,False,0.6619,-0.2273,0.6619,2.27,0,0
AAPL,2026-01-06,2026-01-29,2026-02-05,31,5855,13.8,False,-0.0336,0.0683,0.0406,1.4,8,1
AMD,2026-01-06,2026-02-04,2026-02-05,31,3064,17.8,False,-0.0945,-0.0384,0.1746,1.63,-12,0
SOFI,2026-01-06,2026-01-06,2026-01-16,11,350,7.1,False,-0.0786,-0.0315,0.0,1.24,-1,0
APLD,2026-01-07,2026-01-07,2026-01-09,3,502,13.4,False,-0.0231,0.2747,0.2627,2.84,5,1
ICE,2026-01-07,2026-01-24,2026-01-29,23,2029,30.7,False,0.0417,0.0125,0.0548,1.18,2,10
INTC,2026-01-07,2026-01-22,2026-01-23,17,3285,23.8,False,0.3566,-0.1703,0.3566,2.47,0,1
META,2026-01-12,2026-01-28,2026-01-29,18,2461,12.8,False,0.024,0.104,0.1305,1.48,1,1
PYPL,2026-01-12,2026-02-03,2026-02-04,24,2304,86.3,False,-0.2768,-0.0161,0.0147,1.76,-27,0
ADBE,2026-01-13,2026-01-13,2026-01-21,9,346,7.8,False,-0.0541,-0.0507,0.0348,1.8,-5,3
JPM,2026-01-13,2026-01-13,2026-02-05,24,577,6.5,False,-0.0419,-0.0024,0.0163,1.38,-5,1
IBRX,2026-01-14,2026-01-16,2026-01-23,10,1153,192.2,False,0.9574,0.1685,1.6028,7.68,6,4
POET,2026-01-14,2026-01-14,2026-01-23,10,339,4.2,False,0.1331,-0.1459,0.1723,2.18,7,8
NFLX,2026-01-20,2026-01-20,2026-01-23,4,1877,9.1,False,-0.0084,-0.0131,0.0006,2.61,-5,1
EXE,2026-01-21,2026-01-21,2026-02-08,19,362,3.2,False,0.0453,0.0079,0.0731,1.0,9,19
MSFT,2026-01-21,2026-01-29,2026-02-12,23,9808,26.1,False,-0.0462,-0.073,0.0596,2.39,-1,0
BNAI,2026-01-23,2026-01-26,2026-01-30,8,332,37.0,False,6.1686,-0.6013,6.2748,0.97,2,-5
GME,2026-01-26,2026-02-03,2026-02-10,16,7278,4.3,False,0.0666,0.0122,0.1244,2.21,-1,-8
RDDT,2026-01-27,2026-02-06,2026-02-13,18,16086,2.9,False,-0.3455,-0.0013,0.0246,2.08,-14,0
TSLA,2026-01-28,2026-01-29,2026-02-05,9,5494,6.1,False,-0.0333,-0.0465,0.0421,1.12,-6,1
WDC,2026-01-28,2026-01-29,2026-02-04,8,470,24.5,False,0.1019,-0.0323,0.1487,2.01,5,1
BULL,2026-01-29,2026-01-29,2026-02-11,14,431,4.2,False,-0.038,-0.1499,0.0092,1.12,-3,7
GTES,2026-01-29,2026-01-31,2026-02-06,9,435,19.6,False,0.0026,0.1646,0.1764,1.56,9,4
ORCL,2026-01-29,2026-02-02,2026-02-09,12,941,7.9,False,-0.0737,-0.0217,0.0558,1.86,-7,7
APP,2026-01-30,2026-02-11,2026-02-12,14,417,26.6,False,-0.1975,-0.1968,0.0,2.0,-13,1
UPC,2026-01-30,2026-02-05,2026-02-16,18,319,3.6,False,-0.0433,-0.2814,0.0889,0.94,-2,-2
WEN,2026-01-30,2026-02-03,2026-03-12,42,942,6.0,False,0.0078,-0.0733,0.0777,1.65,16,15
MSTR,2026-01-31,2026-02-05,2026-02-06,7,2151,20.9,False,-0.2854,0.2611,0.0793,1.78,-9,0
HOOD,2026-02-02,2026-02-10,2026-02-13,12,3723,5.9,False,-0.1395,-0.1125,0.0394,2.46,-13,1
SMCI,2026-02-02,2026-02-03,2026-02-04,3,478,26.0,False,0.0192,0.1378,0.181,1.91,3,1
CRM,2026-02-03,2026-02-25,2026-02-26,24,928,15.8,False,-0.0904,0.0403,0.0155,1.7,-27,1
GOOG,2026-02-03,2026-02-04,2026-02-06,4,1244,13.0,False,-0.0335,-0.0307,0.0,1.78,-2,1
WMT,2026-02-03,2026-02-19,2026-02-27,25,1548,9.0,False,0.0065,0.0247,0.0792,0.61,-6,0
AVGO,2026-02-04,2026-02-04,2026-02-06,3,308,6.4,False,-0.0383,0.0807,0.0737,1.53,5,0
GOOGL,2026-02-04,2026-02-04,2026-02-11,8,969,9.4,False,-0.0196,-0.0663,0.0117,1.81,-2,1
COIN,2026-02-05,2026-02-12,2026-02-13,9,601,18.9,False,-0.1633,0.1646,0.1141,1.98,-10,1
HIMS,2026-02-05,2026-02-09,2026-02-10,6,662,23.9,False,-0.2078,-0.1081,0.0836,4.38,-7,0
DOW,2026-02-06,2026-02-12,2026-02-24,19,966,37.9,False,0.067,-0.049,0.1111,0.82,-1,-8
WBD,2026-02-17,2026-02-27,2026-02-27,11,385,15.7,False,0.0064,0.0,0.0414,1.19,-3,0
NVO,2026-02-23,2026-02-23,2026-02-25,3,379,11.3,False,-0.1643,-0.0371,0.0382,2.96,-5,0
NVDA,2026-02-25,2026-02-25,2026-02-27,3,5122,9.4,False,0.0141,-0.0939,0.0141,1.8,0,1
RBNE,2026-02-26,2026-03-02,2026-03-10,13,371,11.2,False,-0.1005,-0.4469,0.0176,10.73,-3,0
YCY,2026-02-28,2026-03-09,2026-03-12,13,618,19.0,False,-0.005,0.001,0.0,0.02,-13,-13
EONR,2026-03-02,2026-03-09,2026-03-18,17,1403,177.6,False,0.8519,0.3,2.5417,91.08,4,0
LNG,2026-03-02,2026-03-19,2026-03-19,18,707,93.0,False,0.1957,0.0,0.2496,2.23,5,0
TPET,2026-03-02,2026-03-03,2026-03-12,11,406,71.0,False,3.6429,-0.0923,3.6429,108.89,0,-1
MOBX,2026-03-03,2026-03-03,2026-03-10,8,537,58.5,False,5.3277,-0.3259,5.3277,16.9,0,0
NGS,2026-03-03,2026-03-19,2026-04-06,35,819,9.5,False,0.0188,-0.0418,0.0276,1.21,6,-2
ORCL,2026-03-06,2026-03-10,2026-03-11,6,1271,16.9,False,-0.0348,0.0918,0.0538,1.87,1,1
TCBI,2026-03-06,2026-03-24,2026-04-07,33,757,5.5,False,-0.0063,0.0317,0.065,0.88,16,-4
WTI,2026-03-06,2026-04-02,2026-04-07,33,1500,21.4,False,0.121,0.073,0.2811,2.69,-3,-24
STRA,2026-03-09,2026-03-09,2026-03-16,8,601,7.8,False,-0.0034,-0.0355,0.0206,0.98,-4,-5
MU,2026-03-16,2026-03-18,2026-03-19,4,453,10.5,False,0.0835,-0.0378,0.0835,1.74,0,1
NBIS,2026-03-16,2026-03-16,2026-03-18,3,490,7.4,False,0.1496,-0.0869,0.1496,3.27,0,1
ICE,2026-03-21,2026-03-21,2026-03-26,6,336,8.8,False,,,0.0193,0.92,-5,-1
DJT,2026-03-23,2026-03-31,2026-04-21,30,715,4.1,False,0.0816,0.0582,0.1958,0.88,17,-12
GME,2026-03-24,2026-03-24,2026-03-31,8,1925,2.6,False,-0.0096,0.0101,0.0143,1.4,9,7
INTC,2026-03-31,2026-04-24,2026-05-12,43,10960,56.6,False,1.0039,0.4612,2.1425,1.69,17,0
UEC,2026-03-31,2026-04-08,2026-04-17,18,991,10.1,False,0.115,0.0723,0.2109,0.71,8,-9
TSLA,2026-04-02,2026-04-22,2026-04-23,22,6021,9.8,False,0.0164,-0.0356,0.0508,1.16,-5,-7
PLTR,2026-04-08,2026-04-10,2026-04-13,6,1407,18.2,False,-0.1467,0.0337,0.0,2.1,-3,0
AMZN,2026-04-09,2026-04-29,2026-04-30,22,1582,13.4,False,0.1889,0.0077,0.2364,1.26,6,1
CAR,2026-04-13,2026-04-23,2026-04-29,17,2948,296.2,False,-0.236,-0.2094,1.3804,3.33,-2,0
ASTS,2026-04-14,2026-04-20,2026-04-20,7,1022,20.1,False,-0.1816,0.0,0.0,2.05,-7,0
BULL,2026-04-14,2026-04-15,2026-05-08,25,596,5.7,False,0.2254,0.0866,0.3883,1.57,20,6
HIMS,2026-04-15,2026-04-21,2026-04-23,9,300,6.6,False,0.3933,-0.0541,0.4518,2.22,-1,-5
HOOD,2026-04-15,2026-04-28,2026-04-30,16,2173,6.9,False,0.0377,-0.1119,0.1541,1.53,-8,1
AMD,2026-04-16,2026-04-24,2026-04-27,12,2135,27.3,False,0.3475,-0.0379,0.3968,1.51,7,0
ADBE,2026-04-17,2026-04-21,2026-04-29,13,456,5.4,False,-0.0039,-0.0146,0.0314,1.13,1,2
MSTR,2026-04-17,2026-04-20,2026-05-10,24,663,6.8,False,0.1468,0.0982,0.3156,1.11,21,-3
IPGP,2026-04-19,2026-04-19,2026-06-03,46,602,8.2,False,,,0.0069,1.73,1,16
MRVL,2026-04-19,2026-04-27,2026-04-28,10,385,20.6,False,0.1326,-0.0315,0.1852,1.24,-4,-7
AAPL,2026-04-20,2026-04-30,2026-05-01,12,3195,11.8,False,0.0041,0.0324,0.0639,1.16,6,0
POET,2026-04-20,2026-04-27,2026-04-28,9,1733,230.5,False,0.095,0.0101,1.0799,7.8,-3,0
ON,2026-04-23,2026-05-11,2026-06-11,50,1631,8.0,False,0.2051,0.0813,0.505,1.52,23,-6
NVDA,2026-04-24,2026-05-20,2026-06-02,40,20471,17.9,False,0.1194,-0.0029,0.1808,1.15,-6,9
NXPI,2026-04-24,2026-06-02,2026-06-09,47,1145,7.3,False,0.3419,-0.081,0.3795,1.47,-7,-34
QCOM,2026-04-24,2026-04-29,2026-04-30,7,406,78.8,False,0.1646,0.1512,0.3927,4.04,6,1
GOOGL,2026-04-27,2026-04-29,2026-05-06,10,783,12.0,False,0.0161,0.1375,0.1638,1.36,9,1
SEGG,2026-04-28,2026-05-28,2026-05-29,32,805,8.0,False,0.7559,0.0305,1.5696,2.24,-10,-30
GOOG,2026-04-29,2026-04-29,2026-05-05,7,849,12.7,False,-0.0005,0.1064,0.1426,1.52,9,1
NOK,2026-04-29,2026-05-13,2026-05-14,16,874,17.9,False,0.3018,-0.017,0.3018,1.38,0,-14
JPM,2026-04-30,2026-05-01,2026-05-02,3,311,15.0,False,0.0104,0.0,0.0183,0.89,5,-1
SNDK,2026-04-30,2026-05-05,2026-05-15,16,5014,7.4,False,0.3215,0.0009,0.4681,1.09,3,-4
XRX,2026-04-30,2026-05-04,2026-05-05,6,519,185.0,False,0.6561,0.0154,0.7707,10.42,4,-4
EBAY,2026-05-01,2026-05-04,2026-05-13,13,636,124.0,False,0.0565,0.0337,0.1222,1.71,11,0
GME,2026-05-01,2026-05-12,2026-05-15,15,16695,17.4,False,-0.1034,-0.0349,0.0633,2.04,-11,-8
SOUN,2026-05-01,2026-05-04,2026-05-08,8,1008,50.5,False,0.1897,-0.0623,0.2098,1.85,3,-3
CHWY,2026-05-04,2026-05-12,2026-05-13,10,322,32.1,False,-0.1034,-0.0546,0.0164,1.3,-13,-4
AMD,2026-05-05,2026-05-05,2026-05-08,4,2801,10.5,False,0.0402,0.2813,0.3433,1.6,6,1
MU,2026-05-05,2026-05-27,2026-06-09,36,3728,17.9,False,0.6106,0.0081,0.8728,1.44,7,9
SMCI,2026-05-05,2026-05-05,2026-05-08,4,364,17.5,False,-0.0032,0.2709,0.2668,2.5,3,1
IREN,2026-05-06,2026-05-07,2026-05-08,3,390,31.1,False,0.0385,0.0765,0.118,2.4,1,4
RKLB,2026-05-07,2026-05-08,2026-05-14,8,1613,13.1,False,0.246,0.2568,0.5659,1.86,6,0
CSCO,2026-05-09,2026-05-13,2026-05-15,7,633,55.3,False,0.0549,0.1604,0.231,2.4,5,1
RDDT,2026-05-12,2026-05-12,2026-06-04,24,22424,2.7,False,-0.0449,0.2072,0.153,1.03,23,8
NBIS,2026-05-13,2026-05-13,2026-05-15,3,637,8.5,False,0.1572,0.0611,0.2347,1.93,1,0
SLS,2026-05-13,2026-05-20,2026-06-01,20,415,15.6,False,0.7184,0.0111,0.7835,3.28,9,-7
CXAI,2026-05-20,2026-06-04,2026-06-09,21,503,109.0,False,0.5089,-0.1216,0.5089,12.66,0,0
INTU,2026-05-20,2026-05-20,2026-05-22,3,328,79.5,False,-0.0395,-0.1667,0.0086,5.35,-2,1
QUBT,2026-05-21,2026-05-21,2026-06-04,15,360,9.1,False,0.1935,-0.0193,0.296,1.47,11,1
UEC,2026-05-21,2026-05-21,2026-05-29,9,439,9.4,False,0.0275,0.0511,0.211,0.8,12,-2
BB,2026-05-22,2026-05-26,2026-06-04,14,438,7.7,False,0.2662,0.228,0.5549,2.49,9,9
DELL,2026-05-22,2026-05-28,2026-06-01,11,965,71.5,False,0.2542,0.4697,0.8432,3.62,4,1
RDW,2026-05-22,2026-05-27,2026-06-12,22,596,15.4,False,0.5635,-0.37,0.6873,1.7,1,0
CRSR,2026-05-26,2026-05-28,2026-05-29,4,1385,698.2,False,0.5519,0.0159,0.5766,9.25,1,0
LUNR,2026-05-26,2026-05-26,2026-05-29,4,697,18.2,False,-0.0889,0.2573,0.1945,2.56,2,0
LFVN,2026-05-27,2026-06-05,2026-06-17,22,769,17.5,False,0.4387,-0.3922,0.544,4.97,3,-3
MRVL,2026-05-27,2026-06-03,2026-06-05,10,2946,57.1,False,0.4484,-0.1266,0.5194,2.99,1,0
HPE,2026-05-28,2026-06-01,2026-06-02,6,1217,211.6,False,0.2634,0.1947,0.5094,5.81,1,1
HUBC,2026-05-28,2026-05-29,2026-06-03,7,445,146.0,False,1.4623,1.4904,5.1321,16.13,5,0
ONDS,2026-05-28,2026-05-28,2026-06-03,7,326,11.5,False,0.2269,-0.1238,0.2574,1.99,5,0
SKYX,2026-05-28,2026-05-28,2026-06-12,16,373,2.2,False,0.009,-0.0536,0.1261,0.59,5,13
SPCE,2026-05-28,2026-06-01,2026-06-02,6,8191,786.4,False,0.9842,-0.3896,0.9842,12.43,0,0
ASTS,2026-05-29,2026-05-29,2026-06-02,5,1374,5.4,False,-0.1479,0.042,0.0,1.45,-1,0
AVGO,2026-05-29,2026-06-03,2026-06-05,8,3458,77.4,False,0.1234,-0.1951,0.1289,2.65,-1,1
CRWD,2026-05-29,2026-06-03,2026-06-04,7,322,20.4,False,0.1142,-0.0381,0.1657,1.72,-2,1
IBM,2026-05-29,2026-06-01,2026-06-03,6,601,13.3,False,0.2127,-0.0462,0.246,2.88,1,0
ORCL,2026-05-29,2026-06-10,2026-06-11,14,1872,32.8,False,-0.012,-0.0853,0.2182,1.71,-9,1
WMT,2026-05-30,2026-05-31,2026-06-05,7,594,8.2,False,,,0.0418,1.37,10,-2
GOOG,2026-06-01,2026-06-01,2026-06-04,4,580,4.4,False,-0.0102,-0.0089,0.0257,1.78,-4,-3
GOOGL,2026-06-01,2026-06-02,2026-06-04,4,405,3.7,False,-0.0486,0.0286,0.0257,1.64,-5,1
MSTR,2026-06-02,2026-06-04,2026-06-08,7,664,8.0,False,-0.1363,-0.0168,0.0622,1.87,-6,1
ADBE,2026-06-11,2026-06-11,2026-06-14,4,907,19.7,False,-0.0625,-0.0676,0.0497,4.11,-3,1
HOOD,2026-06-12,2026-06-12,2026-06-17,6,1348,6.6,False,0.0104,0.1289,0.1726,1.5,6,5
TSLA,2026-06-12,2026-06-12,2026-06-17,6,2935,4.4,False,0.0182,-0.0247,0.0301,1.01,3,0
NFLX,2026-06-16,2026-06-22,2026-06-30,15,1378,5.8,False,-0.1076,-0.0203,0.0,1.77,-7,-4
WDC,2026-06-16,2026-06-18,2026-06-30,15,500,18.4,False,0.1418,-0.1441,0.1418,2.08,0,8
INTC,2026-06-18,2026-06-18,2026-06-22,5,791,3.3,False,0.1064,0.0519,0.1638,1.4,4,0
MSFT,2026-06-18,2026-06-25,2026-06-30,13,7910,3.9,False,-0.0688,0.0572,0.055,1.81,-10,1
GOOG,2026-06-22,2026-06-22,2026-06-25,4,501,4.8,False,-0.0508,-0.0189,0.0,1.07,-4,4
GOOGL,2026-06-22,2026-06-22,2026-06-30,9,653,5.5,False,-0.0499,0.022,0.0,1.53,-4,4
WEN,2026-06-24,2026-06-24,2026-06-30,7,6537,118.1,False,0.2556,0.0547,0.3243,10.38,6,0
SLS,2026-06-25,2026-06-29,2026-06-30,6,401,12.7,False,0.6848,-0.0447,0.6848,2.74,0,0
